0.00326	291.74
0.003409	291.483333
0.003429	290.776
0.003418	290.432857
0.003437	289.921111
0.003442	289.532727
0.003432	289.902308
0.003453	290.537333
0.003448	291.069412
0.003448	291.604211
0.003454	291.760476
0.003463	292.06087
0.003461	291.896
0.003462	292.067037
0.003465	292.240345
0.003464	292.481935
0.003468	292.709091
0.003474	292.844571
0.003477	292.955676
0.003476	293.268718
0.003477	293.543415
0.003479	293.704651
0.003487	294.172222
0.003492	294.498936
0.003494	294.756122
0.003498	295.093922
0.003499	295.188491
0.003499	295.333818
0.003505	295.546491
0.003502	295.709492
0.003508	295.847049
0.00351	296.040952
0.003511	296.338769
0.003516	296.488657
0.003518	296.802319
0.003523	297.10338
0.003527	297.365616
0.003527	297.608133
0.003531	297.797662
0.003533	297.969241
0.003538	298.227778
0.003541	298.549759
0.003546	298.788118
0.003551	299.178966
0.003555	299.423596
0.003558	299.709451
0.003563	300.129785
0.003566	300.442421
0.00357	300.736907
0.003573	301.01596
0.003577	301.29505
0.00358	301.598835
0.003584	301.802667
0.003588	302.06243
0.00359	302.376789
0.003593	302.668739
0.003595	302.93177
0.003596	303.171739
0.003601	303.442137
0.003602	303.67916
0.003607	304.057025
0.003611	304.359268
0.003613	304.6152
0.003617	304.927795
0.003621	305.138217
0.003625	305.389542
0.003627	305.64203
0.00363	305.874222
0.003634	306.180876
0.003634	306.387482
0.003637	306.622979
0.003641	306.874685
0.003643	307.134621
0.003645	307.367687
0.003648	307.617047
0.003652	307.925033
0.003657	308.204967
0.003658	308.453484
0.00366	308.712484
0.003662	308.959623
0.003666	309.15559
0.003668	309.382883
0.00367	309.585455
0.003675	309.785449
0.003677	310.06071
0.003681	310.372924
0.003684	310.575549
0.003686	310.776229
0.003687	311.03661
0.003689	311.282849
0.003693	311.556519
0.003695	311.784317
0.003697	311.985297
0.003701	312.228396
0.003702	312.432593
0.003704	312.685288
0.003707	312.877565
0.003711	313.120564
0.003716	313.365685
0.003717	313.587889
0.003718	313.828856
0.003722	314.187734
0.003724	314.365171
0.003725	314.52343
0.003727	314.682679
0.003727	314.843175
0.003729	314.97939
0.003731	315.156372
0.003731	315.307558
0.003733	315.437169
0.003734	315.608959
0.003735	315.737085
0.003737	315.935867
0.003739	316.136652
0.00374	316.325721
0.003742	316.501126
0.003745	316.687768
0.003747	316.87417
0.003748	317.03654
0.00375	317.191841
0.003751	317.34195
0.003752	317.482634
0.003754	317.683429
0.003756	317.844089
0.003758	318.016747
0.00376	318.198606
0.00376	318.342055
0.003763	318.475608
0.003766	318.651751
0.003768	318.830116
0.003771	319.036667
0.003772	319.243384
0.003774	319.467358
0.003775	319.642509
0.003778	319.857621
0.00378	320.057712
0.003782	320.252601
0.003784	320.425636
0.003786	320.604838
0.003788	320.781326
0.00379	320.999288
0.003791	321.190848
0.003794	321.40586
0.003797	321.661951
0.003799	321.849308
0.003801	322.076942
0.003803	322.297509
0.003806	322.518339
0.003809	322.718384
0.003811	322.961137
0.003813	323.136578
0.003816	323.357525
0.003818	323.570328
0.00382	323.770195
0.003822	323.974401
0.003825	324.205691
0.003827	324.407923
0.003829	324.605841
0.003832	324.817066
0.003834	325.026238
0.003836	325.234174
0.003838	325.432446
0.003841	325.677846
0.003843	325.916911
0.003844	326.140456
0.003847	326.370302
0.00385	326.604985
0.003852	326.821104
0.003855	327.049881
0.003858	327.28767
0.003861	327.521056
0.003864	327.744636
0.003866	327.964116
0.003868	328.195389
0.003871	328.443926
0.003875	328.692707
0.003876	328.901898
0.003879	329.112732
0.003882	329.339916
0.003884	329.545599
0.003887	329.771662
0.003889	329.998017
0.003891	330.209397
0.003894	330.450027
0.003896	330.684092
0.003899	330.897358
0.003902	331.116193
0.003904	331.336827
0.003906	331.539204
0.003908	331.746253
0.00391	331.95832
0.003913	332.165065
0.003915	332.360831
0.003917	332.569406
0.003919	332.806658
0.003922	333.016419
0.003924	333.218677
0.003927	333.452127
0.00393	333.686071
0.003932	333.941604
0.003935	334.172743
0.003937	334.372953
0.00394	334.615704
0.003942	334.837764
0.003945	335.059022
0.003946	335.276131
0.003949	335.501501
0.003951	335.704145
0.003954	335.92283
0.003956	336.12327
0.003958	336.330499
0.00396	336.578274
0.003962	336.766424
0.003965	337.004075
0.003967	337.236014
0.003969	337.442413
0.003971	337.669792
0.003974	337.895333
0.003976	338.077895
0.003979	338.311048
0.003981	338.535556
0.003983	338.745914
0.003986	338.952809
0.003988	339.154743
0.00399	339.37196
0.003992	339.582062
0.003994	339.796313
0.003996	340.012505
0.003998	340.245339
0.004	340.472832
0.004002	340.68102
0.004005	340.91676
0.004008	341.155892
0.00401	341.369358
0.004012	341.594883
0.004015	341.826157
0.004017	342.043658
0.004019	342.267074
0.004022	342.496646
0.004025	342.720981
0.004027	342.948628
0.004029	343.146605
0.004031	343.370557
0.004034	343.589322
0.004036	343.804683
0.004038	343.996843
0.00404	344.219047
0.004042	344.410303
0.004045	344.638089
0.004047	344.860942
0.004049	345.070758
0.004052	345.297634
0.004054	345.508257
0.004057	345.71568
0.004059	345.932908
0.004061	346.142896
0.004064	346.344795
0.004066	346.54132
0.004068	346.782282
0.004071	346.991908
0.004073	347.211862
0.004075	347.441243
0.004078	347.647676
0.00408	347.874004
0.004082	348.091361
0.004084	348.309906
0.004087	348.501745
0.00409	348.712953
0.004091	348.91486
0.004094	349.114063
0.004096	349.320684
0.004099	349.532394
0.004101	349.753486
0.004103	349.946143
0.004106	350.147559
0.004108	350.347096
0.004111	350.578553
0.004112	350.777261
0.004115	350.986086
0.004117	351.198801
0.004119	351.394474
0.004122	351.613073
0.004124	351.834973
0.004127	352.057707
0.00413	352.286643
0.004132	352.503538
0.004135	352.715462
0.004137	352.945061
0.004139	353.171144
0.004142	353.386736
0.004144	353.61969
0.004147	353.822985
0.004149	354.04294
0.004151	354.248399
0.004154	354.453684
0.004156	354.669052
0.004159	354.890202
0.004161	355.098941
0.004163	355.305863
0.004166	355.524457
0.004168	355.744725
0.004171	355.951874
0.004173	356.179587
0.004175	356.40402
0.004178	356.62225
0.00418	356.833421
0.004182	357.049641
0.004185	357.245724
0.004187	357.452755
0.004189	357.675137
0.004192	357.876023
0.004195	358.101268
0.004198	358.311696
0.0042	358.521547
0.004202	358.737822
0.004205	358.949731
0.004208	359.16
0.00421	359.387291
0.004213	359.59157
0.004215	359.799077
0.004218	360.006396
0.00422	360.19196
0.004222	360.392434
0.004225	360.623555
0.004227	360.829938
0.004229	361.044731
0.004232	361.275513
0.004234	361.509878
0.004237	361.715251
0.004239	361.939499
0.004242	362.158533
0.004244	362.390739
0.004247	362.611729
0.004249	362.822789
0.004252	363.047608
0.004254	363.285291
0.004257	363.49844
0.004259	363.71163
0.004262	363.940118
0.004265	364.179337
0.004267	364.402717
0.00427	364.60202
0.004272	364.82327
0.004274	365.033566
0.004277	365.247054
0.00428	365.467511
0.004282	365.687893
0.004285	365.904259
0.004287	366.107389
0.00429	366.329413
0.004292	366.546662
0.004295	366.760782
0.004298	366.980284
0.0043	367.196563
0.004302	367.415966
0.004305	367.645767
0.004307	367.872356
0.00431	368.09228
0.004313	368.318954
0.004315	368.543658
0.004318	368.760583
0.00432	368.981549
0.004322	369.196966
0.004325	369.411981
0.004328	369.62701
0.00433	369.854282
0.004333	370.072469
0.004335	370.293469
0.004338	370.519796
0.00434	370.743302
0.004343	370.959676
0.004345	371.180471
0.004348	371.403289
0.00435	371.637644
0.004353	371.861535
0.004355	372.084501
0.004358	372.297756
0.00436	372.523735
0.004363	372.732761
0.004365	372.954993
0.004368	373.184744
0.00437	373.388191
0.004373	373.609725
0.004375	373.823729
0.004378	374.055046
0.004381	374.287393
0.004383	374.51934
0.004386	374.749703
0.004388	374.977066
0.00439	375.201784
0.004393	375.437964
0.004396	375.663448
0.004397	375.893656
0.0044	376.113609
0.004403	376.365539
0.004405	376.587484
0.004407	376.81087
0.00441	377.03917
0.004412	377.259398
0.004415	377.46403
0.004417	377.69799
0.00442	377.933176
0.004422	378.159217
0.004425	378.391499
0.004428	378.612311
0.00443	378.839692
0.004433	379.076285
0.004436	379.304442
0.004439	379.538911
0.004441	379.776313
0.004444	380.00447
0.004447	380.221628
0.004449	380.462461
0.004452	380.684184
0.004454	380.906984
0.004457	381.14071
0.004459	381.374754
0.004462	381.592874
0.004465	381.825424
0.004467	382.042801
0.00447	382.273187
0.004473	382.502372
0.004475	382.723314
0.004478	382.948985
0.004481	383.172214
0.004483	383.395899
0.004486	383.623822
0.004488	383.856538
0.00449	384.08755
0.004493	384.305623
0.004496	384.549872
0.004498	384.794623
0.004501	385.026
0.004504	385.262976
0.004506	385.478159
0.004509	385.690517
0.004511	385.917595
0.004513	386.130914
0.004516	386.349339
0.004518	386.567998
0.004521	386.795255
0.004523	387.017157
0.004526	387.244
0.004528	387.473134
0.004531	387.691114
0.004533	387.917901
0.004535	388.144983
0.004538	388.376246
0.004541	388.608941
0.004543	388.82941
0.004546	389.049467
0.004548	389.275847
0.00455	389.491227
0.004553	389.715491
0.004555	389.933729
0.004558	390.157355
0.004561	390.381972
0.004563	390.602514
0.004566	390.839029
0.004568	391.059782
0.004571	391.303029
0.004573	391.53636
0.004576	391.751232
0.004578	391.972006
0.004581	392.214661
0.004583	392.445059
0.004586	392.671597
0.004588	392.88877
0.004591	393.126414
0.004594	393.365378
0.004596	393.59255
0.004599	393.830042
0.004602	394.065651
0.004604	394.304583
0.004607	394.534247
0.00461	394.780715
0.004612	395.020315
0.004615	395.256115
0.004617	395.504566
0.00462	395.73073
0.004622	395.953184
0.004625	396.188276
0.004627	396.421295
0.00463	396.657932
0.004632	396.896151
0.004635	397.130463
0.004637	397.37185
0.00464	397.596205
0.004643	397.835169
0.004645	398.08095
0.004648	398.318145
0.00465	398.553927
0.004653	398.786863
0.004656	399.016282
0.004658	399.247907
0.004661	399.487962
0.004663	399.729466
0.004666	399.966613
0.004669	400.190341
0.004671	400.421882
0.004674	400.652743
0.004677	400.881391
0.004679	401.117998
0.004682	401.338999
0.004684	401.584444
0.004687	401.81957
0.00469	402.042292
0.004692	402.275275
0.004694	402.485355
0.004697	402.71021
0.004699	402.943514
0.004702	403.171602
0.004705	403.392553
0.004707	403.624625
0.004709	403.859139
0.004712	404.094755
0.004715	404.317147
0.004717	404.54985
0.00472	404.771782
0.004722	405.008829
0.004725	405.240931
0.004728	405.472533
0.00473	405.703063
0.004733	405.93963
0.004735	406.16989
0.004738	406.40957
0.00474	406.635646
0.004743	406.86974
0.004746	407.107257
0.004748	407.34033
0.004751	407.571321
0.004753	407.802312
0.004756	408.046446
0.004759	408.287347
0.004761	408.513053
0.004763	408.755315
0.004766	408.981021
0.004769	409.213814
0.004771	409.438619
0.004773	409.664905
0.004776	409.893193
0.004779	410.128168
0.004781	410.358248
0.004784	410.585015
0.004786	410.811972
0.004789	411.028989
0.004791	411.252953
0.004794	411.483303
0.004796	411.712853
0.004798	411.940891
0.004801	412.17044
0.004804	412.403003
0.004806	412.643584
0.004808	412.875175
0.004811	413.107888
0.004813	413.336877
0.004816	413.574835
0.004819	413.79977
0.004821	414.032653
0.004824	414.264014
0.004826	414.492352
0.004828	414.723363
0.004831	414.960911
0.004834	415.187017
0.004836	415.423764
0.004839	415.661622
0.004841	415.88997
0.004844	416.124434
0.004846	416.351441
0.004849	416.582152
0.004851	416.814685
0.004853	417.044815
0.004856	417.276677
0.004858	417.507227
0.004861	417.736336
0.004863	417.973183
0.004866	418.2097
0.004868	418.445606
0.004871	418.683614
0.004873	418.920741
0.004876	419.146757
0.004878	419.37034
0.004881	419.597788
0.004883	419.83034
0.004886	420.058759
0.004888	420.281181
0.00489	420.510741
0.004893	420.739419
0.004895	420.96952
0.004898	421.187568
0.0049	421.412132
0.004902	421.637377
0.004905	421.865766
0.004907	422.096907
0.00491	422.314004
0.004912	422.534424
0.004914	422.756727
0.004917	422.97967
0.004919	423.211441
0.004922	423.441642
0.004924	423.672302
0.004927	423.904344
0.004929	424.135666
0.004932	424.367007
0.004934	424.600641
0.004936	424.833714
0.004939	425.061011
0.004941	425.283493
0.004944	425.50996
0.004946	425.738799
0.004949	425.971692
0.004951	426.19986
0.004954	426.426967
0.004956	426.66016
0.004959	426.882262
0.004961	427.102052
0.004964	427.328118
0.004966	427.555746
0.004969	427.796396
0.004971	428.020991
0.004974	428.244645
0.004976	428.478038
0.004979	428.708008
0.004981	428.941041
0.004983	429.174515
0.004986	429.403173
0.004988	429.632753
0.004991	429.865035
0.004993	430.10025
0.004996	430.336667
0.004998	430.562923
0.005	430.784374
0.005003	431.014775
0.005005	431.24962
0.005008	431.47998
0.00501	431.703634
0.005013	431.922933
0.005015	432.148509
0.005018	432.384905
0.005021	432.616326
0.005023	432.848829
0.005025	433.084104
0.005028	433.313493
0.00503	433.548288
0.005033	433.77991
0.005035	434.013894
0.005038	434.243924
0.00504	434.461862
0.005043	434.697157
0.005045	434.92033
0.005047	435.148148
0.00505	435.379229
0.005052	435.597558
0.005055	435.832863
0.005057	436.023784
0.005059	436.240541
0.005062	436.466136
0.005064	436.696366
0.005067	436.914194
0.005069	437.148438
0.005071	437.388488
0.005074	437.6103
0.005076	437.839329
0.005079	438.068418
0.005081	438.297157
0.005083	438.540571
0.005086	438.76966
0.005088	439.001091
0.005091	439.225445
0.005093	439.453704
0.005096	439.678178
0.005098	439.913534
0.005101	440.159189
0.005104	440.402232
0.005106	440.634985
0.005109	440.874505
0.005111	441.095676
0.005114	441.313904
0.005116	441.552943
0.005119	441.782913
0.005121	442.006016
0.005124	442.243263
0.005126	442.475676
0.005129	442.71005
0.005131	442.93983
0.005133	443.163904
0.005136	443.395345
0.005138	443.635956
0.005141	443.863093
0.005143	444.086587
0.005146	444.321041
0.005148	444.544955
0.005151	444.778318
0.005153	445.013043
0.005155	445.245696
0.005157	445.477017
0.00516	445.714725
0.005163	445.9404
0.005165	446.176837
0.005167	446.418258
0.00517	446.643393
0.005172	446.842903
0.005175	447.086066
0.005177	447.322362
0.00518	447.55981
0.005182	447.795425
0.005185	448.024184
0.005187	448.258438
0.00519	448.502202
0.005193	448.7396
0.005195	448.977668
0.005198	449.221271
0.0052	449.463143
0.005203	449.697818
0.005205	449.931481
0.005208	450.178358
0.005211	450.417778
0.005214	450.668238
0.005216	450.911001
0.005219	451.148819
0.005222	451.395676
0.005224	451.640861
0.005227	451.884034
0.00523	452.127127
0.005232	452.365185
0.005235	452.598709
0.005237	452.835385
0.00524	453.069029
0.005243	453.305766
0.005245	453.54966
0.005248	453.783984
0.00525	454.02023
0.005253	454.259029
0.005256	454.497828
0.005258	454.728178
0.005261	454.964615
0.005263	455.205846
0.005266	455.454254
0.005269	455.697367
0.005271	455.943443
0.005274	456.17975
0.005277	456.424014
0.005279	456.663133
0.005282	456.900721
0.005284	457.142192
0.005287	457.388519
0.00529	457.634975
0.005292	457.876226
0.005295	458.118629
0.005297	458.361832
0.0053	458.603313
0.005302	458.861912
0.005305	459.108128
0.005308	459.356306
0.00531	459.602012
0.005313	459.842412
0.005315	460.092012
0.005317	460.337608
0.00532	460.582883
0.005323	460.840911
0.005325	461.079339
0.005328	461.317558
0.005331	461.561291
0.005333	461.804024
0.005336	462.048759
0.005338	462.296326
0.005341	462.544474
0.005344	462.787247
0.005346	463.031201
0.005349	463.279389
0.005351	463.51958
0.005354	463.772252
0.005357	464.015616
0.005359	464.275716
0.005362	464.52027
0.005364	464.76037
0.005367	465.013654
0.00537	465.266436
0.005373	465.509489
0.005375	465.747628
0.005378	465.995235
0.005381	466.242472
0.005383	466.487397
0.005386	466.732943
0.005388	466.969039
0.005391	467.205696
0.005393	467.445646
0.005396	467.690941
0.005398	467.938318
0.005401	468.180671
0.005403	468.418629
0.005406	468.65955
0.005408	468.904114
0.005411	469.144364
0.005413	469.386016
0.005416	469.631241
0.005418	469.875606
0.005421	470.121572
0.005423	470.365325
0.005426	470.625716
0.005429	470.877157
0.005431	471.130791
0.005434	471.367297
0.005437	471.610971
0.005439	471.857608
0.005442	472.101542
0.005445	472.352482
0.005447	472.602673
0.00545	472.841522
0.005452	473.076316
0.005455	473.3198
0.005458	473.566496
0.00546	473.818959
0.005463	474.067337
0.005466	474.321021
0.005468	474.5697
0.005471	474.813824
0.005473	475.04995
0.005476	475.29953
0.005479	475.546617
0.005481	475.788719
0.005484	476.035365
0.005486	476.287437
0.005489	476.517878
0.005491	476.753363
0.005494	476.999109
0.005497	477.247107
0.005499	477.501752
0.005502	477.747568
0.005505	477.995836
0.005507	478.232753
0.00551	478.477427
0.005512	478.724104
0.005515	478.974695
0.005517	479.225485
0.00552	479.463944
0.005522	479.71971
0.005525	479.965445
0.005528	480.208448
0.00553	480.457678
0.005533	480.698749
0.005535	480.939029
0.005538	481.186887
0.00554	481.436907
0.005543	481.686807
0.005545	481.944695
0.005548	482.193043
0.005551	482.436947
0.005553	482.672983
0.005555	482.909059
0.005558	483.154374
0.00556	483.420951
0.005563	483.663984
0.005566	483.916126
0.005569	484.172873
0.005571	484.418248
0.005574	484.666607
0.005576	484.919339
0.005579	485.165876
0.005582	485.412583
0.005584	485.6601
0.005587	485.909009
0.005589	486.152462
0.005592	486.40015
0.005595	486.655315
0.005597	486.897257
0.0056	487.149369
0.005602	487.399219
0.005605	487.644434
0.005608	487.901031
0.00561	488.155616
0.005613	488.399139
0.005615	488.644765
0.005618	488.89988
0.00562	489.149309
0.005623	489.401742
0.005626	489.652342
0.005629	489.907187
0.005631	490.157998
0.005634	490.409259
0.005636	490.652172
0.005639	490.897648
0.005642	491.155726
0.005644	491.41958
0.005647	491.686817
0.00565	491.951502
0.005653	492.200631
0.005655	492.446617
0.005657	492.689019
0.00566	492.933574
0.005662	493.185526
0.005665	493.443894
0.005668	493.691602
0.00567	493.938188
0.005673	494.188428
0.005675	494.433163
0.005677	494.685966
0.00568	494.923343
0.005683	495.161522
0.005685	495.409379
0.005688	495.662112
0.00569	495.910891
0.005693	496.173173
0.005696	496.424945
0.005698	496.667778
0.005701	496.917187
0.005703	497.170691
0.005706	497.416907
0.005708	497.658378
0.005711	497.919289
0.005714	498.165876
0.005716	498.415586
0.005719	498.661702
0.005722	498.905636
0.005724	499.169439
0.005727	499.427578
0.005729	499.675475
0.005732	499.92961
0.005735	500.184715
0.005737	500.44013
0.00574	500.705556
0.005742	500.955455
0.005745	501.206557
0.005748	501.477117
0.005751	501.736126
0.005753	501.980561
0.005756	502.236406
0.005759	502.494284
0.005761	502.737397
0.005764	502.994595
0.005767	503.251481
0.005769	503.497908
0.005772	503.745045
0.005774	503.998198
0.005777	504.25003
0.005779	504.51953
0.005782	504.784565
0.005785	505.038198
0.005787	505.295816
0.00579	505.554424
0.005793	505.815205
0.005796	506.07026
0.005798	506.328979
0.005801	506.584605
0.005803	506.836296
0.005806	507.07999
0.005808	507.346747
0.005811	507.631922
0.005814	507.894545
0.005817	508.144985
0.005819	508.403644
0.005822	508.671662
0.005825	508.923574
0.005827	509.183073
0.00583	509.440931
0.005833	509.686777
0.005835	509.942242
0.005838	510.192963
0.005841	510.442703
0.005843	510.705155
0.005846	510.973764
0.005848	511.214845
0.005851	511.461331
0.005853	511.703363
0.005856	511.945756
0.005858	512.204414
0.005861	512.460881
0.005863	512.708899
0.005866	512.962162
0.005868	513.216927
0.005871	513.460761
0.005873	513.718879
0.005876	513.964414
0.005878	514.212603
0.005881	514.470591
0.005883	514.716607
0.005886	514.966647
0.005889	515.22965
0.005891	515.482973
0.005894	515.73022
0.005896	515.97956
0.005899	516.230981
0.005901	516.480871
0.005904	516.736066
0.005907	516.992593
0.005909	517.251942
0.005912	517.498148
0.005914	517.754705
0.005917	518.007437
0.00592	518.266647
0.005922	518.522462
0.005925	518.776937
0.005927	519.030731
0.00593	519.288549
0.005933	519.556697
0.005936	519.813283
0.005938	520.066136
0.00594	520.311932
0.005943	520.562863
0.005946	520.816326
0.005948	521.074334
0.005951	521.327588
0.005954	521.573774
0.005956	521.838028
0.005959	522.102062
0.005962	522.372733
0.005964	522.639489
0.005967	522.901752
0.00597	523.16973
0.005972	523.433664
0.005974	523.697988
0.005977	523.966707
0.00598	524.22989
0.005982	524.502963
0.005985	524.761822
0.005988	525.018118
0.00599	525.275425
0.005993	525.540511
0.005995	525.798929
0.005998	526.067317
0.006001	526.326246
0.006003	526.587938
0.006006	526.854224
0.006009	527.117898
0.006011	527.385526
0.006014	527.641562
0.006017	527.90961
0.006019	528.176767
0.006022	528.445155
0.006025	528.717237
0.006027	528.981802
0.00603	529.23966
0.006033	529.513884
0.006035	529.785696
0.006038	530.053423
0.006041	530.319079
0.006043	530.584114
0.006046	530.848018
0.006049	531.122422
0.006051	531.383263
0.006054	531.658248
0.006057	531.921021
0.006059	532.177548
0.006062	532.440721
0.006064	532.713233
0.006067	532.987878
0.00607	533.262252
0.006072	533.52995
0.006075	533.805475
0.006077	534.087107
0.00608	534.361271
0.006083	534.624535
0.006085	534.893994
0.006088	535.166927
0.006091	535.437738
0.006094	535.706236
0.006096	535.971161
0.006099	536.22969
0.006101	536.486587
0.006104	536.761451
0.006107	537.041221
0.006109	537.305876
0.006112	537.584575
0.006115	537.851261
0.006117	538.121101
0.00612	538.388278
0.006122	538.654124
0.006125	538.925145
0.006127	539.186517
0.00613	539.453704
0.006133	539.720711
0.006136	539.991471
0.006138	540.268128
0.00614	540.537097
0.006143	540.801732
0.006146	541.068639
0.006149	541.32954
0.006151	541.592452
0.006154	541.859499
0.006156	542.116997
0.006159	542.385185
0.006162	542.659169
0.006164	542.929229
0.006167	543.193504
0.00617	543.465145
0.006173	543.740991
0.006175	544.008118
0.006178	544.287357
0.006181	544.565495
0.006184	544.839009
0.006186	545.106446
0.006189	545.384054
0.006191	545.654274
0.006194	545.942222
0.006197	546.224815
0.0062	546.497377
0.006202	546.772472
0.006205	547.043303
0.006208	547.315856
0.00621	547.589029
0.006213	547.860821
0.006216	548.130681
0.006219	548.41031
0.006221	548.672713
0.006224	548.934494
0.006226	549.204965
0.006229	549.480711
0.006232	549.748849
0.006235	550.020801
0.006238	550.292012
0.00624	550.564094
0.006243	550.828498
0.006245	551.104434
0.006248	551.378619
0.00625	551.658328
0.006253	551.935806
0.006256	552.209429
0.006258	552.473594
0.006261	552.740981
0.006263	553.013003
0.006266	553.293624
0.006269	553.565125
0.006271	553.827017
0.006273	554.105305
0.006276	554.384034
0.006279	554.652482
0.006281	554.925766
0.006284	555.194374
0.006286	555.464034
0.006289	555.735295
0.006291	556.002833
0.006294	556.267788
0.006296	556.542122
0.006299	556.817518
0.006302	557.092412
0.006304	557.373894
0.006307	557.643423
0.006309	557.912923
0.006312	558.191161
0.006315	558.478158
0.006318	558.753534
0.00632	559.041161
0.006323	559.332002
0.006326	559.601792
0.006328	559.887387
0.006331	560.156036
0.006333	560.427898
0.006336	560.706897
0.006339	560.992773
0.006341	561.263303
0.006344	561.534084
0.006347	561.796847
0.006349	562.070821
0.006352	562.355986
0.006355	562.623744
0.006358	562.891742
0.00636	563.177307
0.006363	563.453273
0.006366	563.712563
0.006368	563.989229
0.006371	564.264755
0.006373	564.535896
0.006376	564.811311
0.006379	565.093764
0.006381	565.362212
0.006384	565.636416
0.006387	565.918378
0.006389	566.176977
0.006392	566.462603
0.006394	566.731742
0.006397	566.997928
0.0064	567.284284
0.006402	567.565996
0.006405	567.848769
0.006408	568.133844
0.00641	568.411702
0.006413	568.690921
0.006415	568.964905
0.006418	569.235135
0.00642	569.501922
0.006423	569.784144
0.006426	570.088719
0.006428	570.367227
0.006431	570.648118
0.006434	570.931942
0.006436	571.203153
0.006439	571.48046
0.006441	571.767628
0.006444	572.049189
0.006447	572.335105
0.006449	572.614314
0.006452	572.894675
0.006455	573.179499
0.006457	573.458769
0.00646	573.744364
0.006463	574.029109
0.006465	574.315215
0.006468	574.59029
0.006471	574.861762
0.006473	575.138368
0.006476	575.421882
0.006479	575.706156
0.006482	575.986957
0.006484	576.269109
0.006487	576.545245
0.006489	576.820641
0.006492	577.096837
0.006495	577.391331
0.006497	577.669139
0.0065	577.944615
0.006502	578.23036
0.006505	578.507027
0.006507	578.783043
0.00651	579.065696
0.006513	579.348468
0.006515	579.623133
0.006518	579.895866
0.006521	580.167457
0.006523	580.440611
0.006525	580.721882
0.006528	581.00963
0.006531	581.290881
0.006534	581.58036
0.006536	581.866376
0.006539	582.156637
0.006541	582.448398
0.006544	582.729309
0.006547	583.004725
0.00655	583.28978
0.006552	583.573624
0.006555	583.855095
0.006557	584.133774
0.00656	584.410621
0.006563	584.692242
0.006565	584.983083
0.006568	585.263874
0.006571	585.538388
0.006574	585.816887
0.006576	586.098599
0.006579	586.381311
0.006581	586.652673
0.006584	586.927297
0.006587	587.213493
0.00659	587.503073
0.006592	587.775926
0.006595	588.058268
0.006598	588.331632
0.0066	588.614354
0.006603	588.893113
0.006606	589.174605
0.006608	589.453594
0.006611	589.735756
0.006614	590.022352
0.006617	590.297538
0.006619	590.584294
0.006622	590.871331
0.006625	591.154434
0.006627	591.451021
0.00663	591.738679
0.006633	592.022613
0.006635	592.305355
0.006638	592.588699
0.006641	592.882823
0.006643	593.169429
0.006646	593.452643
0.006648	593.742743
0.006651	594.025145
0.006653	594.308909
0.006656	594.585596
0.006659	594.871321
0.006661	595.144935
0.006664	595.424054
0.006667	595.71025
0.00667	595.993183
0.006672	596.271101
0.006675	596.557197
0.006678	596.84046
0.00668	597.125165
0.006683	597.403524
0.006685	597.681271
0.006688	597.957287
0.006691	598.246717
0.006693	598.532372
0.006696	598.821341
0.006699	599.105646
0.006702	599.395095
0.006705	599.681542
0.006707	599.94988
0.00671	600.223564
0.006713	600.515055
0.006715	600.798158
0.006718	601.085165
0.006721	601.373253
0.006724	601.66038
0.006726	601.948048
0.006729	602.246336
0.006732	602.539099
0.006735	602.826817
0.006737	603.122803
0.00674	603.407127
0.006743	603.693924
0.006746	603.984384
0.006748	604.259269
0.006751	604.544975
0.006754	604.837067
0.006757	605.126837
0.006759	605.408238
0.006762	605.699099
0.006764	605.995886
0.006767	606.272703
0.00677	606.564655
0.006772	606.839219
0.006775	607.123564
0.006777	607.411722
0.00678	607.697457
0.006783	607.986917
0.006785	608.270711
0.006788	608.548999
0.006791	608.837708
0.006793	609.131582
0.006796	609.413714
0.006799	609.705465
0.006801	610.011542
0.006804	610.296857
0.006807	610.572322
0.006809	610.863213
0.006812	611.155185
0.006815	611.443874
0.006818	611.736376
0.00682	612.018018
0.006823	612.30976
0.006825	612.597898
0.006828	612.872432
0.006831	613.158188
0.006833	613.456717
0.006836	613.749059
0.006839	614.029229
0.006841	614.324955
0.006844	614.612212
0.006846	614.894434
0.006849	615.183934
0.006851	615.472492
0.006854	615.758208
0.006856	616.048298
0.006859	616.344074
0.006862	616.623584
0.006864	616.926126
0.006867	617.223554
0.00687	617.497047
0.006873	617.786006
0.006875	618.07972
0.006878	618.372442
0.006881	618.655245
0.006884	618.934314
0.006886	619.215395
0.006889	619.505566
0.006892	619.797457
0.006895	620.089219
0.006897	620.383544
0.0069	620.671672
0.006902	620.941922
0.006905	621.231471
0.006908	621.515616
0.00691	621.800531
0.006913	622.086276
0.006916	622.384715
0.006918	622.661331
0.006921	622.954905
0.006924	623.254535
0.006926	623.545946
0.006929	623.851331
0.006932	624.152943
0.006934	624.437067
0.006936	624.74041
0.006939	625.032152
0.006942	625.313453
0.006945	625.615395
0.006948	625.926016
0.006951	626.222492
0.006953	626.514965
0.006956	626.817167
0.006959	627.112883
0.006961	627.42008
0.006964	627.721011
0.006967	628.014394
0.006969	628.308488
0.006972	628.59975
0.006975	628.894144
0.006977	629.205195
0.00698	629.498078
0.006983	629.793724
0.006986	630.097477
0.006989	630.391031
0.006991	630.672392
0.006994	630.968649
0.006996	631.251191
0.006999	631.552172
0.007002	631.851782
0.007004	632.127317
0.007007	632.415806
0.00701	632.71952
0.007013	633.011742
0.007016	633.304224
0.007018	633.616717
0.007021	633.905065
0.007024	634.193183
0.007027	634.486647
0.007029	634.778038
0.007032	635.073864
0.007034	635.366056
0.007037	635.66958
0.00704	635.971221
0.007042	636.265626
0.007045	636.562472
0.007048	636.857518
0.00705	637.16043
0.007053	637.442362
0.007056	637.752132
0.007058	638.047077
0.007061	638.341822
0.007064	638.626486
0.007067	638.922543
0.007069	639.211151
0.007072	639.507948
0.007075	639.811672
0.007078	640.119249
0.00708	640.421732
0.007083	640.714334
0.007086	640.993974
0.007088	641.300761
0.007091	641.593473
0.007094	641.891512
0.007096	642.196496
0.007099	642.498048
0.007102	642.806847
0.007104	643.097187
0.007107	643.391732
0.007109	643.69979
0.007112	643.995996
0.007115	644.295205
0.007118	644.60038
0.00712	644.89035
0.007123	645.184114
0.007126	645.475115
0.007128	645.774284
0.007131	646.081131
0.007134	646.364765
0.007136	646.671732
0.007139	646.970791
0.007142	647.256216
0.007144	647.556537
0.007147	647.8496
0.00715	648.143283
0.007153	648.445325
0.007155	648.744665
0.007158	649.032513
0.007161	649.315275
0.007163	649.611952
0.007166	649.906496
0.007169	650.206937
0.007172	650.51041
0.007174	650.82039
0.007177	651.116406
0.00718	651.413954
0.007182	651.704695
0.007185	652.004565
0.007188	652.297267
0.00719	652.583764
0.007193	652.896486
0.007196	653.199189
0.007198	653.496567
0.007201	653.79999
0.007204	654.095455
0.007207	654.393003
0.007209	654.698208
0.007212	655.002813
0.007215	655.290771
0.007217	655.581111
0.00722	655.868709
0.007223	656.156897
0.007225	656.453814
0.007228	656.760881
0.007231	657.058799
0.007233	657.363594
0.007236	657.665556
0.007239	657.966236
0.007241	658.275245
0.007244	658.578789
0.007247	658.882913
0.007249	659.184645
0.007252	659.473964
0.007254	659.774515
0.007257	660.073283
0.00726	660.378519
0.007262	660.67026
0.007265	660.965746
0.007268	661.279469
0.00727	661.5804
0.007273	661.887177
0.007276	662.179159
0.007278	662.478649
0.007281	662.772703
0.007283	663.064835
0.007286	663.359209
0.007289	663.657858
0.007291	663.961972
0.007294	664.263183
0.007297	664.588589
0.0073	664.893233
0.007302	665.201512
0.007305	665.506066
0.007308	665.808809
0.007311	666.113854
0.007313	666.411151
0.007316	666.710941
0.007318	667.021181
0.007321	667.315696
0.007323	667.614164
0.007326	667.91978
0.007329	668.221271
0.007331	668.50997
0.007334	668.812492
0.007336	669.123073
0.007339	669.43005
0.007342	669.721892
0.007345	670.02007
0.007347	670.325526
0.00735	670.626877
0.007353	670.929259
0.007355	671.222032
0.007358	671.525826
0.007361	671.818118
0.007363	672.114545
0.007366	672.416206
0.007369	672.712953
0.007372	673.028929
0.007375	673.331231
0.007378	673.642482
0.00738	673.953704
0.007383	674.255776
0.007386	674.549349
0.007388	674.862272
0.007391	675.173874
0.007394	675.481051
0.007396	675.792543
0.007399	676.111552
0.007402	676.417327
0.007405	676.718378
0.007408	677.021942
0.00741	677.323343
0.007413	677.6301
0.007416	677.928769
0.007419	678.228779
0.007421	678.527447
0.007424	678.821632
0.007427	679.122482
0.00743	679.43959
0.007432	679.745686
0.007436	680.056897
0.007438	680.358008
0.007441	680.660781
0.007444	680.967578
0.007446	681.276226
0.007449	681.56958
0.007451	681.864755
0.007454	682.171772
0.007457	682.475405
0.00746	682.780721
0.007463	683.08971
0.007465	683.390641
0.007468	683.685275
0.007471	683.988188
0.007474	684.292723
0.007476	684.591171
0.007479	684.891692
0.007482	685.185455
0.007485	685.486717
0.007487	685.774294
0.00749	686.067958
0.007492	686.365946
0.007495	686.67016
0.007498	686.980591
0.007501	687.272032
0.007503	687.579169
0.007506	687.88
0.007509	688.173463
0.007511	688.485726
0.007514	688.787357
0.007517	689.083183
0.00752	689.391251
0.007523	689.6999
0.007525	690.001001
0.007528	690.29965
0.007531	690.616557
0.007534	690.927357
0.007536	691.234945
0.007539	691.541602
0.007542	691.845766
0.007545	692.148048
0.007547	692.453103
0.00755	692.744414
0.007553	693.045866
0.007556	693.357988
0.007558	693.66045
0.007561	693.98007
0.007564	694.292733
0.007567	694.607347
0.00757	694.926797
0.007573	695.238378
0.007575	695.542503
0.007578	695.86009
0.007581	696.173964
0.007584	696.475676
0.007587	696.794685
0.00759	697.117377
0.007592	697.420591
0.007595	697.722603
0.007597	698.017858
0.0076	698.326256
0.007603	698.632212
0.007606	698.935235
0.007609	699.244094
0.007612	699.567117
0.007614	699.866707
0.007617	700.167407
0.00762	700.47034
0.007622	700.773774
0.007625	701.070511
0.007628	701.38014
0.007631	701.688779
0.007634	702.00011
0.007637	702.313303
0.00764	702.618168
0.007642	702.921642
0.007645	703.240861
0.007648	703.556086
0.007651	703.858929
0.007654	704.165155
0.007656	704.469329
0.007659	704.779209
0.007662	705.092573
0.007665	705.394595
0.007668	705.688939
0.00767	705.995596
0.007673	706.296567
0.007676	706.605415
0.007679	706.933974
0.007682	707.240951
0.007685	707.552573
0.007688	707.861331
0.007691	708.160641
0.007693	708.46966
0.007696	708.775506
0.007699	709.125105
0.007702	709.457097
0.007705	709.784214
0.007708	710.105465
0.00771	710.421161
0.007713	710.737878
0.007716	711.042112
0.007719	711.362963
0.007722	711.687127
0.007725	712.010751
0.007727	712.337938
0.00773	712.640561
0.007733	712.954605
0.007736	713.276597
0.007739	713.586627
0.007742	713.894525
0.007744	714.22019
0.007747	714.529439
0.00775	714.832182
0.007752	715.14047
0.007755	715.45035
0.007758	715.755075
0.007761	716.072933
0.007764	716.395736
0.007766	716.695175
0.007769	717.006967
0.007772	717.321041
0.007775	717.626557
0.007778	717.937528
0.007781	718.254304
0.007784	718.556276
0.007786	718.864965
0.007789	719.185526
0.007792	719.49953
0.007795	719.822382
0.007798	720.147768
0.0078	720.453954
0.007803	720.774695
0.007807	721.099109
0.007809	721.412913
0.007812	721.722993
0.007815	722.03967
0.007817	722.341201
0.00782	722.657638
0.007823	722.966877
0.007826	723.275275
0.007829	723.588839
0.007832	723.918008
0.007835	724.21964
0.007838	724.541932
0.007841	724.863093
0.007844	725.184875
0.007847	725.511491
0.00785	725.829319
0.007852	726.141231
0.007855	726.466887
0.007858	726.783854
0.007861	727.097708
0.007864	727.427457
0.007867	727.737277
0.00787	728.058609
0.007873	728.377868
0.007875	728.691411
0.007878	729.004494
0.007881	729.321582
0.007883	729.635756
0.007886	729.953353
0.007889	730.275195
0.007892	730.581942
0.007894	730.875095
0.007897	731.18963
0.0079	731.513493
0.007903	731.842653
0.007905	732.174054
0.007908	732.48958
0.007911	732.804685
0.007914	733.126046
0.007917	733.447668
0.00792	733.771662
0.007923	734.092923
0.007925	734.416436
0.007928	734.745576
0.007931	735.061101
0.007934	735.374535
0.007937	735.687037
0.007939	735.998438
0.007942	736.32023
0.007945	736.637357
0.007948	736.963604
0.007951	737.272012
0.007954	737.586557
0.007956	737.908739
0.007959	738.223514
0.007962	738.548679
0.007965	738.868008
0.007968	739.176166
0.007971	739.500851
0.007974	739.817427
0.007977	740.13971
0.00798	740.4602
0.007982	740.766376
0.007985	741.093684
0.007988	741.404434
0.007991	741.720931
0.007994	742.03
0.007997	742.325976
0.008	742.646607
0.008002	742.956046
0.008005	743.281962
0.008008	743.598148
0.008011	743.916547
0.008014	744.237788
0.008017	744.552753
0.008019	744.86029
0.008022	745.175475
0.008025	745.494515
0.008028	745.814044
0.00803	746.127598
0.008033	746.453574
0.008036	746.761481
0.008039	747.091081
0.008042	747.417157
0.008045	747.724444
0.008047	748.044515
0.00805	748.367558
0.008053	748.686376
0.008056	749.006126
0.008059	749.336396
0.008062	749.656446
0.008064	749.969099
0.008067	750.29984
0.00807	750.620911
0.008073	750.94039
0.008076	751.259399
0.008079	751.571562
0.008082	751.886036
0.008085	752.204985
0.008088	752.526717
0.00809	752.847427
0.008093	753.165385
0.008096	753.47966
0.008099	753.795866
0.008102	754.114364
0.008105	754.427938
0.008108	754.737888
0.008111	755.043584
0.008113	755.356196
0.008116	755.662793
0.008119	755.986847
0.008122	756.308769
0.008125	756.63043
0.008127	756.946597
0.00813	757.264104
0.008133	757.582943
0.008136	757.912643
0.008139	758.236687
0.008141	758.563924
0.008144	758.884004
0.008147	759.202142
0.00815	759.528929
0.008152	759.839499
0.008155	760.166256
0.008158	760.487648
0.008162	760.816286
0.008164	761.146366
0.008167	761.463243
0.00817	761.791802
0.008173	762.111421
0.008176	762.428068
0.008179	762.755295
0.008181	763.085435
0.008184	763.397908
0.008187	763.717077
0.00819	764.048859
0.008193	764.365235
0.008196	764.684234
0.008199	765.003714
0.008202	765.311291
0.008204	765.625586
0.008207	765.943844
0.00821	766.258749
0.008213	766.582633
0.008216	766.90033
0.008218	767.21975
0.008221	767.547077
0.008224	767.872833
0.008227	768.201071
0.00823	768.52049
0.008233	768.845706
0.008235	769.169099
0.008238	769.496446
0.008241	769.813634
0.008244	770.128458
0.008247	770.453514
0.008249	770.769109
0.008252	771.088699
0.008255	771.415105
0.008258	771.730701
0.008261	772.061471
0.008264	772.381502
0.008267	772.698629
0.008269	773.013764
0.008272	773.333313
0.008275	773.657257
0.008278	773.977898
0.00828	774.298739
0.008283	774.62046
0.008286	774.942713
0.008289	775.268268
0.008292	775.593864
0.008294	775.898138
0.008297	776.22038
0.0083	776.552613
0.008303	776.876767
0.008306	777.197187
0.008309	777.520821
0.008311	777.830681
0.008314	778.147958
0.008317	778.478909
0.00832	778.790681
0.008323	779.118779
0.008325	779.445325
0.008328	779.770881
0.008331	780.100711
0.008334	780.427437
0.008337	780.754815
0.00834	781.076797
0.008343	781.404494
0.008346	781.737027
0.008348	782.046967
0.008351	782.363213
0.008354	782.672693
0.008357	782.996557
0.00836	783.324695
0.008362	783.631111
0.008365	783.964334
0.008368	784.291562
0.008371	784.602943
0.008374	784.933463
0.008377	785.257718
0.00838	785.574404
0.008383	785.903784
0.008386	786.23014
0.008389	786.562623
0.008391	786.889309
0.008394	787.205475
0.008397	787.476276
0.0084	787.788909
0.008402	788.104244
0.008405	788.426827
0.008408	788.749019
0.008411	789.073634
0.008414	789.384715
0.008417	789.716527
0.00842	790.048118
0.008423	790.364845
0.008426	790.688178
0.008429	791.012563
0.008432	791.343744
0.008434	791.684254
0.008437	792.001461
0.00844	792.317447
0.008443	792.649269
0.008446	792.974254
0.008449	793.297608
0.008452	793.627077
0.008454	793.934545
0.008457	794.254815
0.00846	794.566797
0.008463	794.877568
0.008465	795.199469
0.008468	795.526206
0.008471	795.842092
0.008474	796.156947
0.008476	796.488949
0.008479	796.807988
0.008482	797.125255
0.008485	797.451922
0.008488	797.775796
0.008491	798.102192
0.008494	798.426877
0.008496	798.737958
0.008499	799.06001
0.008501	799.38001
0.008505	799.708919
0.008507	800.033814
0.00851	800.353223
0.008513	800.667017
0.008516	800.993744
0.008519	801.341181
0.008522	801.665485
0.008525	802.005896
0.008528	802.330871
0.00853	802.63004
0.008533	802.96029
0.008536	803.288448
0.008539	803.607648
0.008542	803.92992
0.008545	804.259139
0.008547	804.572813
0.00855	804.903924
0.008553	805.245065
0.008556	805.561902
0.008559	805.897267
0.008562	806.225866
0.008565	806.538168
0.008567	806.856977
0.00857	807.192152
0.008573	807.525656
0.008576	807.86974
0.008579	808.201051
0.008582	808.528318
0.008585	808.854264
0.008588	809.19037
0.008591	809.523333
0.008594	809.853674
0.008596	810.187077
0.008599	810.504234
0.008602	810.841371
0.008605	811.172102
0.008608	811.493273
0.008611	811.826977
0.008613	812.168378
0.008616	812.496336
0.008619	812.831702
0.008623	813.167798
0.008625	813.499449
0.008628	813.83958
0.008631	814.172272
0.008634	814.502593
0.008637	814.84035
0.00864	815.169059
0.008642	815.506486
0.008645	815.841461
0.008648	816.162623
0.008651	816.495075
0.008654	816.827748
0.008657	817.153023
0.00866	817.481251
0.008662	817.822993
0.008665	818.151912
0.008668	818.475806
0.008671	818.806747
0.008674	819.144264
0.008677	819.474605
0.00868	819.814925
0.008683	820.159069
0.008686	820.503073
0.008688	820.848288
0.008691	821.170671
0.008694	821.495385
0.008697	821.813504
0.008699	822.145115
0.008702	822.474264
0.008705	822.808018
0.008708	823.13982
0.008711	823.477387
0.008714	823.805475
0.008717	824.122733
0.008719	824.447107
0.008722	824.778919
0.008725	825.107297
0.008728	825.443924
0.008731	825.768218
0.008734	826.107197
0.008737	826.436727
0.00874	826.774414
0.008742	827.097417
0.008745	827.421021
0.008748	827.753994
0.008751	828.084354
0.008754	828.414414
0.008757	828.733834
0.008759	829.047508
0.008762	829.369399
0.008765	829.696767
0.008768	830.019399
0.008771	830.365566
0.008773	830.698579
0.008776	831.022212
0.008779	831.358288
0.008782	831.692663
0.008785	832.027958
0.008788	832.358849
0.008791	832.682743
0.008794	833.008559
0.008797	833.340561
0.008799	833.678619
0.008803	834.021582
0.008805	834.357838
0.008808	834.693954
0.008812	835.026617
0.008814	835.361311
0.008817	835.689419
0.00882	836.013053
0.008823	836.331872
0.008826	836.664635
0.008829	836.997347
0.008832	837.322833
0.008835	837.644204
0.008837	837.970751
0.008841	838.297678
0.008843	838.63
0.008846	838.967588
0.008849	839.307618
0.008852	839.626657
0.008855	839.964054
0.008858	840.291141
0.00886	840.618468
0.008863	840.953904
0.008866	841.285836
0.008869	841.602342
0.008872	841.934384
0.008874	842.262763
0.008878	842.594364
0.00888	842.927818
0.008883	843.248659
0.008886	843.567067
0.008889	843.897047
0.008892	844.215055
0.008894	844.534565
0.008897	844.865586
0.0089	845.198498
0.008903	845.527357
0.008906	845.860571
0.008909	846.192202
0.008911	846.513423
0.008914	846.837928
0.008917	847.16018
0.00892	847.491081
0.008923	847.830951
0.008926	848.167217
0.008928	848.504675
0.008931	848.826997
0.008934	849.156206
0.008937	849.487097
0.00894	849.816456
0.008943	850.134705
0.008946	850.459259
0.008948	850.783604
0.008951	851.106196
0.008954	851.437367
0.008957	851.768699
0.00896	852.106567
0.008963	852.426677
0.008965	852.753213
0.008968	853.070791
0.008971	853.405225
0.008974	853.730981
0.008977	854.063644
0.00898	854.404645
0.008983	854.738058
0.008986	855.058258
0.008989	855.391121
0.008992	855.720581
0.008994	856.043013
0.008997	856.381041
0.009	856.722272
0.009003	857.045676
0.009006	857.371502
0.009009	857.70006
0.009012	858.03037
0.009015	858.358338
0.009018	858.686226
0.009021	859.018198
0.009024	859.350921
0.009027	859.676647
0.00903	860.001942
0.009033	860.349049
0.009036	860.67972
0.009039	861.007307
0.009041	861.339289
0.009045	861.672112
0.009048	862.006036
0.009051	862.353213
0.009054	862.693994
0.009057	863.027137
0.00906	863.362482
0.009062	863.688689
0.009065	864.010671
0.009068	864.338128
0.009071	864.666316
0.009074	865.002863
0.009077	865.33958
0.00908	865.672152
0.009083	865.992372
0.009085	866.323994
0.009088	866.647437
0.009091	866.963694
0.009094	867.295856
0.009097	867.606637
0.0091	867.925235
0.009103	868.258378
0.009106	868.588839
0.009108	868.906567
0.009112	869.241912
0.009115	869.576076
0.009118	869.911712
0.009121	870.241842
0.009123	870.566897
0.009126	870.906977
0.009129	871.241572
0.009132	871.566326
0.009135	871.904985
0.009138	872.257628
0.009141	872.60008
0.009144	872.942162
0.009147	873.28027
0.00915	873.609239
0.009153	873.958408
0.009156	874.300701
0.009159	874.634935
0.009162	874.963023
0.009165	875.319169
0.009168	875.657888
0.009171	875.999109
0.009174	876.341892
0.009177	876.671051
0.00918	877.001191
0.009183	877.343564
0.009186	877.678008
0.009189	878.017247
0.009192	878.349019
0.009195	878.683954
0.009198	879.018559
0.009201	879.366707
0.009204	879.707758
0.009207	880.02967
0.00921	880.374585
0.009213	880.704384
0.009216	881.041451
0.009218	881.389349
0.009222	881.723634
0.009225	882.059359
0.009227	882.386867
0.00923	882.712793
0.009233	883.05036
0.009236	883.377417
0.009239	883.696106
0.009242	884.083854
0.009245	884.424535
0.009248	884.770641
0.009251	885.105746
0.009254	885.442412
0.009257	885.770911
0.009259	886.103864
0.009262	886.41951
0.009265	886.738418
0.009268	887.061411
0.009271	887.391612
0.009274	887.723173
0.009276	888.062873
0.009279	888.386567
0.009282	888.693153
0.009285	889.014735
0.009288	889.342242
0.009291	889.658839
0.009294	889.992262
0.009297	890.331271
0.009299	890.668288
0.009302	891.007668
0.009305	891.342302
0.009308	891.682723
0.009311	892.03009
0.009314	892.355345
0.009316	892.676356
0.009319	893.011491
0.009322	893.337407
0.009325	893.654875
0.009328	893.977227
0.009331	894.301572
0.009334	894.633614
0.009336	894.969269
0.009339	895.307487
0.009342	895.641752
0.009345	895.978098
0.009348	896.306256
0.00935	896.634565
0.009353	896.965275
0.009356	897.296476
0.009359	897.634044
0.009361	897.981652
0.009364	898.327157
0.009367	898.662142
0.00937	898.998498
0.009373	899.335716
0.009376	899.693534
0.009378	900.045796
0.009381	900.377678
0.009384	900.702583
0.009387	901.04998
0.00939	901.383654
0.009393	901.724304
0.009395	902.052683
0.009398	902.385395
0.009401	902.723674
0.009404	903.06033
0.009406	903.398979
0.009409	903.744875
0.009412	904.090571
0.009415	904.420751
0.009418	904.755065
0.009421	905.106817
0.009424	905.43044
0.009427	905.761622
0.00943	906.089279
0.009432	906.424084
0.009435	906.763774
0.009438	907.097788
0.009441	907.434885
0.009444	907.785526
0.009447	908.125766
0.00945	908.475666
0.009453	908.818549
0.009456	909.163113
0.009459	909.505866
0.009462	909.864244
0.009465	910.194645
0.009468	910.536216
0.009471	910.884164
0.009474	911.228338
0.009476	911.570821
0.009479	911.923834
0.009482	912.265195
0.009485	912.597397
0.009488	912.94038
0.009491	913.279459
0.009494	913.614174
0.009497	913.957157
0.0095	914.297808
0.009503	914.6304
0.009506	914.975906
0.009509	915.319289
0.009512	915.670591
0.009515	916.015856
0.009517	916.343143
0.00952	916.683373
0.009523	917.013944
0.009526	917.353554
0.009529	917.687868
0.009532	918.008318
0.009535	918.325756
0.009538	918.656136
0.009541	918.990641
0.009544	919.332072
0.009547	919.678529
0.00955	920.005175
0.009553	920.334404
0.009556	920.681031
0.009559	921.026346
0.009561	921.357938
0.009564	921.689289
0.009567	922.027538
0.00957	922.364084
0.009573	922.707728
0.009576	923.054975
0.009579	923.40024
0.009582	923.747648
0.009585	924.081922
0.009588	924.418639
0.009591	924.755125
0.009594	925.090541
0.009597	925.433353
0.0096	925.776196
0.009603	926.113814
0.009606	926.448519
0.009609	926.7898
0.009611	927.120741
0.009614	927.444464
0.009617	927.786537
0.00962	928.136256
0.009623	928.482442
0.009626	928.827908
0.009629	929.177808
0.009631	929.522432
0.009634	929.866857
0.009637	930.209249
0.00964	930.554945
0.009643	930.89957
0.009646	931.236346
0.009649	931.578969
0.009652	931.926777
0.009655	932.269339
0.009658	932.598388
0.009661	932.944424
0.009664	933.293453
0.009667	933.633263
0.00967	933.971171
0.009673	934.312002
0.009676	934.652132
0.009679	934.985245
0.009682	935.325395
0.009685	935.657868
0.009688	935.996557
0.009691	936.347948
0.009694	936.694174
0.009696	937.031702
0.009699	937.3797
0.009702	937.728989
0.009705	938.07992
0.009708	938.441421
0.009711	938.79968
0.009714	939.134034
0.009717	939.480691
0.00972	939.83011
0.009723	940.16993
0.009726	940.510581
0.009729	940.84017
0.009732	941.180741
0.009735	941.51956
0.009738	941.876356
0.009741	942.217327
0.009744	942.5703
0.009748	942.916216
0.00975	943.257367
0.009753	943.607698
0.009757	943.95048
0.00976	944.280871
0.009762	944.627277
0.009766	944.967427
0.009769	945.311131
0.009772	945.667327
0.009775	946.005856
0.009778	946.336316
0.00978	946.674965
0.009784	947.022452
0.009786	947.35038
0.00979	947.708258
0.009793	948.048979
0.009796	948.391932
0.009799	948.729429
0.009802	949.066416
0.009805	949.40034
0.009808	949.733493
0.009811	950.063053
0.009814	950.407397
0.009817	950.748859
0.00982	951.083323
0.009823	951.425816
0.009826	951.778048
0.009829	952.117297
0.009832	952.45998
0.009835	952.804464
0.009838	953.154304
0.009841	953.52043
0.009844	953.872733
0.009847	954.223483
0.00985	954.569049
0.009853	954.913143
0.009855	955.243914
0.009859	955.60041
0.009862	955.965285
0.009865	956.317267
0.009868	956.673133
0.009871	957.025465
0.009874	957.378318
0.009877	957.735776
0.00988	958.078909
0.009883	958.427538
0.009886	958.774595
0.00989	959.117427
0.009893	959.453904
0.009895	959.812292
0.009898	960.157728
0.009901	960.502723
0.009904	960.845506
0.009908	961.18958
0.00991	961.531552
0.009913	961.887808
0.009916	962.227487
0.009919	962.583103
0.009922	962.934474
0.009925	963.279079
0.009928	963.625976
0.009931	963.991642
0.009934	964.326356
0.009937	964.684985
0.00994	965.027648
0.009943	965.361832
0.009946	965.704454
0.00995	966.052803
0.009953	966.405676
0.009956	966.7504
0.009959	967.079229
0.009962	967.412743
0.009965	967.762412
0.009968	968.11014
0.009971	968.465556
0.009974	968.804765
0.009976	969.144114
0.00998	969.489449
0.009983	969.833253
0.009986	970.183263
0.009989	970.527017
0.009992	970.87958
0.009995	971.231201
0.009998	971.567207
0.010001	971.916967
0.010004	972.265636
0.010008	972.612783
0.01001	972.955996
0.010014	973.305546
0.010017	973.661672
0.01002	974.021281
0.010023	974.3704
0.010026	974.719199
0.010028	975.06032
0.010031	975.391311
0.010034	975.727437
0.010037	976.086456
0.010041	976.439419
0.010044	976.786036
0.010047	977.135846
0.01005	977.485115
0.010053	977.82958
0.010056	978.156997
0.010059	978.505946
0.010062	978.851171
0.010065	979.21967
0.010068	979.572723
0.010071	979.927377
0.010074	980.27038
0.010077	980.617688
0.01008	980.978018
0.010084	981.332703
0.010087	981.69018
0.01009	982.042062
0.010093	982.392913
0.010096	982.738869
0.010099	983.085986
0.010102	983.444975
0.010105	983.798529
0.010108	984.145766
0.010111	984.486276
0.010114	984.834224
0.010117	985.178398
0.010121	985.534214
0.010124	985.877518
0.010127	986.230571
0.01013	986.572883
0.010133	986.930571
0.010135	987.283884
0.010139	987.636346
0.010142	987.991031
0.010145	988.337698
0.010148	988.692993
0.010151	989.040641
0.010154	989.390941
0.010157	989.751441
0.01016	990.095225
0.010163	990.451692
0.010166	990.808438
0.010169	991.163744
0.010172	991.516797
0.010175	991.871682
0.010178	992.212412
0.010181	992.562793
0.010184	992.906887
0.010187	993.247447
0.01019	993.606396
0.010193	993.955405
0.010196	994.30042
0.010199	994.666186
0.010202	995.023103
0.010206	995.373564
0.010208	995.714144
0.010211	996.079229
0.010215	996.435726
0.010218	996.782152
0.010221	997.13957
0.010224	997.493774
0.010227	997.84982
0.01023	998.186446
0.010233	998.54014
0.010236	998.901722
0.010239	999.267628
0.010242	999.618078
0.010245	999.964575
0.010248	1000.314825
0.010251	1000.67023
0.010254	1001.027147
0.010257	1001.376987
0.01026	1001.726977
0.010263	1002.078038
0.010266	1002.432763
0.010269	1002.788769
0.010272	1003.147477
0.010275	1003.48951
0.010277	1003.830511
0.01028	1004.178118
0.010284	1004.530611
0.010286	1004.873944
0.010289	1005.230791
0.010293	1005.578158
0.010295	1005.931982
0.010298	1006.292482
0.010301	1006.652813
0.010304	1007.010921
0.010307	1007.371101
0.010311	1007.727648
0.010314	1008.103323
0.010317	1008.461972
0.01032	1008.805215
0.010323	1009.167027
0.010326	1009.5202
0.010329	1009.875566
0.010332	1010.239159
0.010335	1010.598529
0.010338	1010.964344
0.010341	1011.318258
0.010345	1011.683664
0.010348	1012.038909
0.010351	1012.390661
0.010354	1012.751652
0.010357	1013.105205
0.01036	1013.464915
0.010363	1013.838408
0.010366	1014.20034
0.010369	1014.55979
0.010372	1014.926717
0.010375	1015.287608
0.010379	1015.659109
0.010382	1016.012953
0.010385	1016.366226
0.010388	1016.73024
0.010391	1017.094394
0.010394	1017.445325
0.010397	1017.791992
0.010401	1018.15954
0.010404	1018.517327
0.010407	1018.877778
0.01041	1019.23951
0.010413	1019.591111
0.010416	1019.948839
0.010419	1020.324825
0.010422	1020.691542
0.010425	1021.05036
0.010428	1021.405796
0.010432	1021.766867
0.010435	1022.11988
0.010438	1022.47034
0.010441	1022.833554
0.010444	1023.193664
0.010447	1023.54979
0.01045	1023.911562
0.010453	1024.272893
0.010456	1024.63027
0.010459	1024.987197
0.010462	1025.335766
0.010465	1025.691802
0.010468	1026.036136
0.010471	1026.376647
0.010474	1026.718729
0.010477	1027.068989
0.01048	1027.419239
0.010483	1027.76969
0.010486	1028.115576
0.010489	1028.474675
0.010492	1028.846977
0.010495	1029.206857
0.010499	1029.563253
0.010502	1029.931572
0.010505	1030.303073
0.010508	1030.658408
0.010511	1031.013944
0.010514	1031.377808
0.010517	1031.744665
0.01052	1032.095666
0.010523	1032.45048
0.010526	1032.815746
0.010529	1033.174535
0.010532	1033.544605
0.010535	1033.919319
0.010538	1034.291011
0.010541	1034.645325
0.010545	1034.995095
0.010548	1035.36033
0.010551	1035.725225
0.010554	1036.082322
0.010557	1036.440821
0.010559	1036.789339
0.010562	1037.134915
0.010565	1037.493984
0.010568	1037.84991
0.010571	1038.211912
0.010574	1038.572102
0.010578	1038.931381
0.010581	1039.290921
0.010583	1039.657447
0.010587	1040.021411
0.01059	1040.392833
0.010593	1040.745986
0.010596	1041.093263
0.010599	1041.451902
0.010602	1041.813453
0.010605	1042.177588
0.010608	1042.552963
0.010612	1042.927758
0.010615	1043.292723
0.010618	1043.645696
0.010621	1043.999289
0.010624	1044.353273
0.010627	1044.703393
0.01063	1045.077487
0.010633	1045.438769
0.010636	1045.784685
0.01064	1046.144765
0.010643	1046.496246
0.010645	1046.847317
0.010649	1047.20956
0.010652	1047.567087
0.010655	1047.925956
0.010658	1048.274474
0.010661	1048.62998
0.010664	1048.981932
0.010667	1049.338158
0.01067	1049.694174
0.010673	1050.042973
0.010676	1050.402392
0.010679	1050.764515
0.010682	1051.136637
0.010685	1051.507818
0.010688	1051.873634
0.010691	1052.23983
0.010694	1052.602833
0.010697	1052.97001
0.0107	1053.330691
0.010703	1053.698729
0.010706	1054.056677
0.010709	1054.429169
0.010713	1054.79958
0.010716	1055.148539
0.010719	1055.508789
0.010722	1055.865706
0.010725	1056.22951
0.010728	1056.584695
0.010731	1056.95002
0.010734	1057.30014
0.010737	1057.653714
0.01074	1058.02048
0.010743	1058.362773
0.010746	1058.729419
0.010749	1059.102653
0.010753	1059.471121
0.010756	1059.835325
0.010759	1060.19018
0.010762	1060.531391
0.010764	1060.887798
0.010767	1061.247477
0.01077	1061.610511
0.010773	1061.981441
0.010776	1062.344304
0.010779	1062.723874
0.010782	1063.086817
0.010785	1063.451572
0.010788	1063.813233
0.010791	1064.171011
0.010795	1064.522803
0.010798	1064.895005
0.0108	1065.258178
0.010804	1065.62023
0.010807	1065.988048
0.01081	1066.352923
0.010813	1066.708278
0.010816	1067.060691
0.01082	1067.417107
0.010823	1067.774585
0.010826	1068.148599
0.010828	1068.532613
0.010832	1068.903023
0.010835	1069.24977
0.010838	1069.607628
0.010841	1069.968028
0.010844	1070.325816
0.010847	1070.685586
0.010849	1071.041662
0.010852	1071.395305
0.010855	1071.745666
0.010858	1072.103944
0.010861	1072.46956
0.010865	1072.842322
0.010868	1073.215205
0.010871	1073.577848
0.010874	1073.95033
0.010877	1074.318999
0.01088	1074.692813
0.010883	1075.064404
0.010886	1075.429349
0.010889	1075.800581
0.010892	1076.16976
0.010895	1076.518789
0.010898	1076.873534
0.0109	1077.222112
0.010903	1077.575676
0.010906	1077.947097
0.010909	1078.303443
0.010912	1078.658999
0.010915	1079.03017
0.010918	1079.395566
0.010922	1079.759449
0.010924	1080.112022
0.010928	1080.475646
0.010931	1080.836416
0.010934	1081.207808
0.010937	1081.575536
0.01094	1081.93998
0.010943	1082.312132
0.010946	1082.664484
0.010949	1083.018909
0.010952	1083.372983
0.010955	1083.732302
0.010958	1084.088218
0.010961	1084.470881
0.010965	1084.844585
0.010967	1085.201892
0.010971	1085.563023
0.010974	1085.920761
0.010977	1086.284855
0.01098	1086.661001
0.010983	1087.015586
0.010986	1087.379109
0.010989	1087.749299
0.010992	1088.10032
0.010995	1088.471331
0.010998	1088.851632
0.011001	1089.218929
0.011005	1089.57975
0.011008	1089.95953
0.011011	1090.319319
0.011014	1090.685345
0.011017	1091.057568
0.01102	1091.42974
0.011023	1091.801622
0.011027	1092.176537
0.011029	1092.539099
0.011033	1092.912262
0.011036	1093.2703
0.011039	1093.632723
0.011042	1094.006697
0.011045	1094.383564
0.011048	1094.755495
0.011051	1095.142322
0.011054	1095.51969
0.011057	1095.89033
0.01106	1096.259499
0.011063	1096.635315
0.011066	1096.99971
0.011069	1097.369219
0.011072	1097.736366
0.011075	1098.104214
0.011079	1098.490531
0.011082	1098.87019
0.011085	1099.241291
0.011088	1099.608699
0.011091	1099.984224
0.011094	1100.345465
0.011097	1100.707578
0.0111	1101.066026
0.011104	1101.425646
0.011107	1101.805175
0.01111	1102.164505
0.011113	1102.531822
0.011116	1102.895095
0.011119	1103.253824
0.011122	1103.628098
0.011125	1103.99957
0.011128	1104.375175
0.011131	1104.744775
0.011134	1105.112563
0.011138	1105.473954
0.01114	1105.844024
0.011144	1106.211051
0.011147	1106.561441
0.011149	1106.922753
0.011153	1107.298889
0.011156	1107.665225
0.011159	1108.053343
0.011162	1108.439459
0.011166	1108.805105
0.011169	1109.170521
0.011172	1109.548228
0.011175	1109.906176
0.011178	1110.275345
0.011181	1110.636717
0.011184	1110.990981
0.011187	1111.354855
0.01119	1111.7403
0.011193	1112.11015
0.011197	1112.480871
0.0112	1112.840871
0.011203	1113.204695
0.011206	1113.589169
0.011209	1113.966947
0.011212	1114.352993
0.011215	1114.732633
0.011219	1115.095626
0.011222	1115.465976
0.011225	1115.8303
0.011228	1116.21001
0.011231	1116.583163
0.011234	1116.955986
0.011237	1117.324675
0.01124	1117.681922
0.011243	1118.063253
0.011246	1118.434815
0.01125	1118.796406
0.011252	1119.166266
0.011256	1119.531852
0.011259	1119.903483
0.011262	1120.281051
0.011265	1120.644735
0.011268	1121.003303
0.011271	1121.366697
0.011274	1121.751381
0.011277	1122.113974
0.011281	1122.497568
0.011284	1122.882983
0.011287	1123.256727
0.01129	1123.630771
0.011293	1123.99049
0.011296	1124.35966
0.011299	1124.739299
0.011303	1125.104595
0.011305	1125.466296
0.011309	1125.83963
0.011312	1126.205075
0.011315	1126.576987
0.011317	1126.93971
0.011321	1127.318168
0.011324	1127.68976
0.011327	1128.065365
0.01133	1128.44016
0.011333	1128.815065
0.011337	1129.208719
0.01134	1129.57035
0.011343	1129.936717
0.011346	1130.312603
0.011349	1130.693403
0.011352	1131.06968
0.011355	1131.436206
0.011358	1131.798719
0.011361	1132.162172
0.011365	1132.528669
0.011368	1132.901001
0.011371	1133.277528
0.011374	1133.703824
0.011378	1134.100921
0.011381	1134.489029
0.011384	1134.862933
0.011387	1135.237758
0.01139	1135.611111
0.011393	1135.998679
0.011396	1136.365235
0.011399	1136.735095
0.011402	1137.105255
0.011405	1137.477087
0.011408	1137.851682
0.011411	1138.211491
0.011414	1138.578318
0.011417	1138.948919
0.011421	1139.318258
0.011424	1139.698168
0.011427	1140.073243
0.01143	1140.451291
0.011433	1140.812282
0.011437	1141.196827
0.01144	1141.57022
0.011443	1141.947918
0.011446	1142.32015
0.011449	1142.696306
0.011453	1143.067918
0.011456	1143.441792
0.011459	1143.820841
0.011462	1144.193504
0.011465	1144.570681
0.011468	1144.950581
0.011471	1145.332202
0.011475	1145.713754
0.011478	1146.094935
0.011481	1146.473003
0.011485	1146.856176
0.011488	1147.229199
0.011491	1147.596066
0.011494	1147.962162
0.011497	1148.333483
0.0115	1148.69972
0.011503	1149.080681
0.011507	1149.454254
0.01151	1149.823243
0.011513	1150.200661
0.011516	1150.586426
0.01152	1150.968849
0.011523	1151.346436
0.011526	1151.725886
0.011529	1152.106266
0.011533	1152.490701
0.011536	1152.873423
0.011539	1153.24972
0.011542	1153.627998
0.011545	1153.999439
0.011548	1154.37034
0.011552	1154.75991
0.011555	1155.134545
0.011558	1155.508759
0.011562	1155.891972
0.011565	1156.27007
0.011568	1156.645085
0.011572	1157.021692
0.011575	1157.394925
0.011578	1157.771682
0.011581	1158.144705
0.011585	1158.535856
0.011588	1158.904775
0.011591	1159.280571
0.011595	1159.659149
0.011598	1160.038789
0.011601	1160.424334
0.011605	1160.81018
0.011608	1161.185435
0.011611	1161.577157
0.011615	1161.951782
0.011618	1162.315055
0.011621	1162.67954
0.011624	1163.044935
0.011627	1163.415786
0.01163	1163.79021
0.011634	1164.16039
0.011637	1164.543784
0.01164	1164.929389
0.011644	1165.312703
0.011647	1165.698168
0.01165	1166.082933
0.011653	1166.456316
0.011657	1166.836256
0.01166	1167.209079
0.011663	1167.592162
0.011666	1167.978458
0.01167	1168.355846
0.011673	1168.728318
0.011676	1169.10965
0.011679	1169.477878
0.011683	1169.856026
0.011686	1170.23997
0.011689	1170.616637
0.011692	1170.984154
0.011695	1171.322803
0.011698	1171.673824
0.011701	1172.034575
0.011705	1172.405806
0.011708	1172.775576
0.011711	1173.151091
0.011714	1173.514434
0.011717	1173.89003
0.011721	1174.272052
0.011724	1174.648759
0.011727	1175.024274
0.011731	1175.397918
0.011734	1175.78032
0.011737	1176.17035
0.011741	1176.554825
0.011744	1176.936466
0.011747	1177.318368
0.01175	1177.706026
0.011754	1178.075726
0.011757	1178.446507
0.01176	1178.813794
0.011764	1179.193223
0.011767	1179.57047
0.01177	1179.945395
0.011773	1180.317057
0.011776	1180.708238
0.01178	1181.082743
0.011783	1181.461832
0.011786	1181.842272
0.011789	1182.212953
0.011792	1182.588438
0.011795	1182.951602
0.011799	1183.322012
0.011802	1183.694985
0.011805	1184.071491
0.011808	1184.443453
0.011811	1184.821141
0.011815	1185.205045
0.011818	1185.585786
0.011821	1185.974585
0.011825	1186.34999
0.011828	1186.723133
0.011831	1187.094204
0.011834	1187.464374
0.011837	1187.824024
0.01184	1188.196266
0.011843	1188.558308
0.011847	1188.931682
0.01185	1189.305516
0.011853	1189.673764
0.011856	1190.044695
0.01186	1190.424074
0.011863	1190.796226
0.011866	1191.177938
0.011869	1191.553073
0.011872	1191.92982
0.011875	1192.306577
0.011878	1192.688448
0.011882	1193.06983
0.011885	1193.456907
0.011889	1193.828488
0.011892	1194.217678
0.011895	1194.586977
0.011899	1194.956386
0.011902	1195.324685
0.011905	1195.716116
0.011908	1196.105766
0.011912	1196.488168
0.011915	1196.861762
0.011918	1197.248919
0.011921	1197.643193
0.011925	1198.033904
0.011928	1198.414104
0.011932	1198.811542
0.011935	1199.210991
0.011938	1199.596597
0.011941	1199.977327
0.011945	1200.367077
0.011948	1200.732462
0.011951	1201.115355
0.011955	1201.502813
0.011958	1201.892973
0.011962	1202.288098
0.011965	1202.672332
0.011968	1203.039019
0.011971	1203.412713
0.011974	1203.799379
0.011978	1204.185846
0.011981	1204.56019
0.011984	1204.936016
0.011987	1205.31957
0.01199	1205.694044
0.011993	1206.07969
0.011997	1206.474805
0.012	1206.84994
0.012003	1207.229299
0.012006	1207.60958
0.01201	1207.97959
0.012013	1208.371962
0.012016	1208.756216
0.012019	1209.142973
0.012022	1209.518298
0.012025	1209.903774
0.012028	1210.290671
0.012032	1210.669169
0.012035	1211.04957
0.012038	1211.431351
0.012041	1211.814875
0.012044	1212.203333
0.012047	1212.592803
0.01205	1212.973834
0.012053	1213.35014
0.012057	1213.729149
0.01206	1214.11977
0.012063	1214.512432
0.012067	1214.902022
0.01207	1215.287447
0.012074	1215.678739
0.012077	1216.064054
0.01208	1216.458899
0.012083	1216.845716
0.012086	1217.22994
0.01209	1217.609189
0.012093	1217.98964
0.012096	1218.368238
0.012099	1218.753524
0.012102	1219.136406
0.012106	1219.515425
0.012109	1219.884294
0.012112	1220.253013
0.012115	1220.637878
0.012118	1221.0302
0.012122	1221.41994
0.012125	1221.81005
0.012128	1222.199419
0.012131	1222.589249
0.012135	1222.986126
0.012138	1223.364454
0.012141	1223.731762
0.012144	1224.118539
0.012147	1224.502823
0.012151	1224.888308
0.012154	1225.276717
0.012157	1225.67039
0.01216	1226.066156
0.012164	1226.471772
0.012166	1226.807007
0.012169	1227.16973
0.012172	1227.542252
0.012175	1227.916296
0.012179	1228.294505
0.012182	1228.677167
0.012185	1229.052823
0.012188	1229.425255
0.012191	1229.79016
0.012194	1230.158168
0.012197	1230.547888
0.012201	1230.938689
0.012204	1231.3098
0.012207	1231.679459
0.012209	1232.064585
0.012213	1232.453694
0.012216	1232.837067
0.012219	1233.205445
0.012222	1233.581662
0.012225	1233.964885
0.012229	1234.348959
0.012232	1234.718298
0.012235	1235.08971
0.012238	1235.467518
0.012241	1235.846196
0.012244	1236.218609
0.012248	1236.59992
0.012251	1236.963834
0.012254	1237.337598
0.012257	1237.704565
0.01226	1238.075776
0.012263	1238.461622
0.012267	1238.845786
0.01227	1239.227708
0.012272	1239.597508
0.012276	1239.977568
0.012279	1240.341191
0.012282	1240.724024
0.012285	1241.104174
0.012289	1241.486967
0.012292	1241.878959
0.012295	1242.251001
0.012298	1242.64025
0.012301	1243.025536
0.012304	1243.403714
0.012307	1243.798148
0.012311	1244.201912
0.012314	1244.534835
0.012317	1244.909009
0.01232	1245.277287
0.012323	1245.656967
0.012327	1246.047738
0.01233	1246.44977
0.012334	1246.852563
0.012337	1247.253023
0.012341	1247.64971
0.012344	1248.044094
0.012347	1248.438388
0.01235	1248.831101
0.012353	1249.208509
0.012357	1249.605325
0.01236	1250.005345
0.012364	1250.409269
0.012367	1250.81986
0.012371	1251.230741
0.012374	1251.621622
0.012377	1252.006026
0.01238	1252.384414
0.012384	1252.77008
0.012387	1253.160581
0.012391	1253.543493
0.012394	1253.92002
0.012397	1254.324254
0.0124	1254.727237
0.012403	1255.105676
0.012407	1255.493423
0.01241	1255.89015
0.012414	1256.295105
0.012417	1256.681321
0.01242	1257.057778
0.012424	1257.443143
0.012427	1257.836386
0.01243	1258.218058
0.012433	1258.607447
0.012437	1258.997958
0.01244	1259.399049
0.012444	1259.795686
0.012447	1260.185506
0.01245	1260.562092
0.012454	1260.938739
0.012457	1261.327738
0.01246	1261.707397
0.012464	1262.094995
0.012467	1262.486927
0.01247	1262.863604
0.012473	1263.243914
0.012477	1263.634354
0.01248	1264.027518
0.012483	1264.416196
0.012486	1264.797097
0.012489	1265.183213
0.012493	1265.588679
0.012496	1265.986947
0.0125	1266.373534
0.012503	1266.766186
0.012507	1267.158739
0.01251	1267.536817
0.012513	1267.933554
0.012516	1268.321251
0.012519	1268.697608
0.012522	1269.076837
0.012526	1269.466937
0.012529	1269.859209
0.012532	1270.267858
0.012536	1270.663333
0.012539	1271.055866
0.012542	1271.449259
0.012546	1271.822983
0.012549	1272.196336
0.012552	1272.578118
0.012555	1272.956326
0.012559	1273.333063
0.012562	1273.728028
0.012565	1274.103103
0.012569	1274.474104
0.012572	1274.866016
0.012575	1275.252913
0.012579	1275.647157
0.012582	1276.050501
0.012585	1276.430771
0.012588	1276.815195
0.012592	1277.217007
0.012595	1277.624845
0.012598	1278.015175
0.012602	1278.40965
0.012605	1278.793163
0.012608	1279.186957
0.012612	1279.582503
0.012615	1279.974314
0.012618	1280.363744
0.012622	1280.754194
0.012625	1281.135365
0.012628	1281.532503
0.012632	1281.94047
0.012635	1282.337708
0.012638	1282.740901
0.012641	1283.138539
0.012645	1283.528308
0.012648	1283.938498
0.012651	1284.348488
0.012654	1284.739069
0.012658	1285.148999
0.012661	1285.537918
0.012664	1285.912743
0.012667	1286.317297
0.012671	1286.70966
0.012674	1287.097668
0.012677	1287.483123
0.012681	1287.880521
0.012684	1288.266807
0.012687	1288.663614
0.01269	1289.056436
0.012694	1289.428889
0.012697	1289.812613
0.0127	1290.206787
0.012704	1290.596176
0.012707	1290.996436
0.01271	1291.392012
0.012714	1291.77953
0.012717	1292.180711
0.01272	1292.576116
0.012723	1292.961091
0.012727	1293.356016
0.01273	1293.742022
0.012733	1294.125165
0.012737	1294.521702
0.012741	1294.917578
0.012744	1295.315816
0.012747	1295.705385
0.01275	1296.091642
0.012754	1296.480661
0.012757	1296.863844
0.01276	1297.242332
0.012764	1297.632272
0.012767	1298.023734
0.01277	1298.416587
0.012774	1298.814945
0.012777	1299.204825
0.01278	1299.594745
0.012783	1299.99026
0.012787	1300.391942
0.01279	1300.798889
0.012793	1301.195425
0.012797	1301.592152
0.0128	1301.988739
0.012804	1302.378348
0.012807	1302.771331
0.01281	1303.166757
0.012814	1303.566446
0.012817	1303.972543
0.01282	1304.378438
0.012824	1304.792302
0.012827	1305.192933
0.01283	1305.594184
0.012834	1305.995636
0.012837	1306.381481
0.01284	1306.778248
0.012844	1307.181872
0.012847	1307.572893
0.01285	1307.961241
0.012853	1308.365265
0.012856	1308.748448
0.012859	1309.139459
0.012863	1309.553063
0.012866	1309.946026
0.012869	1310.345355
0.012873	1310.73983
0.012876	1311.143263
0.01288	1311.548098
0.012883	1311.945906
0.012886	1312.334665
0.012889	1312.731321
0.012893	1313.133223
0.012896	1313.530641
0.012899	1313.933333
0.012902	1314.323173
0.012906	1314.707678
0.012909	1315.111031
0.012912	1315.508188
0.012915	1315.904004
0.012919	1316.306547
0.012922	1316.708158
0.012926	1317.106446
0.012929	1317.493954
0.012932	1317.886306
0.012935	1318.250801
0.012938	1318.628258
0.012941	1319.02007
0.012945	1319.40976
0.012948	1319.806216
0.012951	1320.202442
0.012954	1320.602372
0.012957	1321.003123
0.012961	1321.398889
0.012964	1321.798529
0.012967	1322.205816
0.012971	1322.61029
0.012974	1323.002593
0.012978	1323.405265
0.012981	1323.806777
0.012985	1324.202102
0.012988	1324.598408
0.012991	1324.994775
0.012995	1325.383974
0.012998	1325.765305
0.013001	1326.152793
0.013005	1326.54979
0.013008	1326.951101
0.013011	1327.341461
0.013014	1327.723954
0.013018	1328.118959
0.013021	1328.517868
0.013025	1328.907467
0.013028	1329.292012
0.013031	1329.662753
0.013034	1330.050701
0.013037	1330.438288
0.01304	1330.821552
0.013043	1331.21986
0.013047	1331.612903
0.01305	1332.003534
0.013054	1332.394104
0.013057	1332.788689
0.01306	1333.19005
0.013064	1333.595986
0.013067	1333.996306
0.013071	1334.392032
0.013074	1334.804194
0.013078	1335.203153
0.013081	1335.598128
0.013084	1336.005916
0.013088	1336.413634
0.013091	1336.789039
0.013094	1337.184354
0.013098	1337.573473
0.013101	1337.974705
0.013104	1338.374835
0.013108	1338.766667
0.013111	1339.153584
0.013114	1339.558699
0.013118	1339.958178
0.013121	1340.368068
0.013124	1340.771792
0.013128	1341.163574
0.013131	1341.543353
0.013134	1341.924124
0.013137	1342.330511
0.013141	1342.742132
0.013144	1343.135826
0.013148	1343.531351
0.013151	1343.938378
0.013154	1344.338769
0.013158	1344.731091
0.013161	1345.136016
0.013164	1345.524004
0.013168	1345.921001
0.013171	1346.333093
0.013174	1346.735405
0.013177	1347.126627
0.01318	1347.531111
0.013184	1347.931231
0.013187	1348.326877
0.01319	1348.732733
0.013194	1349.139439
0.013197	1349.543013
0.013201	1349.949429
0.013204	1350.357207
0.013208	1350.75989
0.013211	1351.168809
0.013215	1351.572543
0.013218	1351.968619
0.013221	1352.367407
0.013224	1352.758308
0.013228	1353.169039
0.013231	1353.579329
0.013235	1353.967958
0.013238	1354.34011
0.013241	1354.740651
0.013245	1355.13976
0.013248	1355.546987
0.013252	1355.95001
0.013255	1356.344515
0.013258	1356.748378
0.013262	1357.149069
0.013265	1357.554444
0.013269	1357.952182
0.013272	1358.347578
0.013276	1358.735395
0.013279	1359.128509
0.013282	1359.525816
0.013286	1359.920981
0.013289	1360.331522
0.013293	1360.71971
0.013296	1361.108879
0.013299	1361.515275
0.013303	1361.923824
0.013306	1362.317017
0.01331	1362.717568
0.013313	1363.112973
0.013317	1363.51988
0.01332	1363.916376
0.013323	1364.293123
0.013327	1364.695796
0.01333	1365.088118
0.013333	1365.471642
0.013337	1365.872302
0.01334	1366.279309
0.013343	1366.684695
0.013347	1367.076657
0.01335	1367.4696
0.013354	1367.865405
0.013357	1368.262873
0.01336	1368.664144
0.013364	1369.075125
0.013367	1369.478509
0.013371	1369.88043
0.013375	1370.274164
0.013378	1370.663213
0.013381	1371.054314
0.013385	1371.46023
0.013388	1371.845536
0.013392	1372.24981
0.013395	1372.647668
0.013399	1373.063594
0.013402	1373.457257
0.013405	1373.855636
0.013409	1374.255395
0.013412	1374.649499
0.013415	1375.05031
0.013419	1375.451101
0.013422	1375.855215
0.013425	1376.25985
0.013429	1376.655906
0.013432	1377.056707
0.013435	1377.461171
0.013439	1377.858238
0.013443	1378.255165
0.013446	1378.642753
0.013449	1379.028799
0.013453	1379.422533
0.013456	1379.823333
0.01346	1380.226817
0.013463	1380.610941
0.013466	1381.007037
0.01347	1381.405275
0.013473	1381.802222
0.013477	1382.204565
0.01348	1382.595936
0.013483	1382.99028
0.013487	1383.379209
0.01349	1383.775956
0.013494	1384.175776
0.013497	1384.577027
0.013501	1384.966256
0.013504	1385.351051
0.013508	1385.741051
0.013511	1386.127848
0.013515	1386.533273
0.013518	1386.918108
0.013521	1387.306036
0.013525	1387.709139
0.013528	1388.088769
0.013531	1388.483544
0.013535	1388.884424
0.013539	1389.285836
0.013542	1389.678048
0.013545	1390.062212
0.013549	1390.457868
0.013552	1390.836767
0.013555	1391.246086
0.013559	1391.651832
0.013562	1392.037718
0.013565	1392.436486
0.013569	1392.814194
0.013572	1393.198549
0.013576	1393.59
0.013579	1393.974454
0.013582	1394.36032
0.013585	1394.76011
0.013589	1395.157608
0.013592	1395.565716
0.013596	1395.987978
0.013599	1396.386446
0.013602	1396.777748
0.013606	1397.176907
0.013609	1397.587738
0.013613	1397.992623
0.013616	1398.394985
0.01362	1398.801291
0.013623	1399.206907
0.013626	1399.609389
0.01363	1400.011031
0.013633	1400.40999
0.013637	1400.807237
0.01364	1401.207748
0.013643	1401.62044
0.013647	1402.025686
0.01365	1402.42969
0.013653	1402.847678
0.013657	1403.264845
0.013661	1403.67985
0.013664	1404.070971
0.013667	1404.450791
0.01367	1404.84027
0.013674	1405.255946
0.013677	1405.658428
0.01368	1406.058649
0.013684	1406.469339
0.013687	1406.868859
0.01369	1407.264865
0.013694	1407.675005
0.013697	1408.083874
0.013701	1408.48049
0.013704	1408.880581
0.013707	1409.285335
0.013711	1409.674915
0.013714	1410.071552
0.013718	1410.466517
0.013721	1410.862873
0.013724	1411.271431
0.013728	1411.674464
0.013731	1412.082813
0.013734	1412.487297
0.013738	1412.895836
0.013741	1413.284585
0.013745	1413.690871
0.013748	1414.075866
0.013751	1414.461872
0.013755	1414.856016
0.013758	1415.256086
0.013762	1415.664835
0.013765	1416.073123
0.013768	1416.477167
0.013772	1416.875085
0.013775	1417.275205
0.013778	1417.674935
0.013782	1418.081481
0.013785	1418.502362
0.013789	1418.915045
0.013792	1419.333243
0.013795	1419.742082
0.013799	1420.146476
0.013802	1420.55043
0.013806	1420.954935
0.013809	1421.345786
0.013812	1421.742192
0.013816	1422.154284
0.013819	1422.551451
0.013823	1422.952022
0.013826	1423.364575
0.01383	1423.772803
0.013833	1424.18951
0.013837	1424.596627
0.01384	1424.998448
0.013843	1425.415175
0.013847	1425.823373
0.01385	1426.216827
0.013853	1426.623443
0.013857	1427.02036
0.013861	1427.418839
0.013864	1427.833774
0.013867	1428.24004
0.013871	1428.637077
0.013874	1429.054414
0.013877	1429.457778
0.013881	1429.867097
0.013884	1430.278418
0.013888	1430.662142
0.013891	1431.069499
0.013895	1431.47992
0.013898	1431.874414
0.013901	1432.289229
0.013905	1432.712152
0.013908	1433.103423
0.013911	1433.514474
0.013915	1433.934434
0.013919	1434.336527
0.013922	1434.744154
0.013925	1435.138579
0.013929	1435.520841
0.013932	1435.921111
0.013935	1436.335315
0.013939	1436.737097
0.013942	1437.131922
0.013945	1437.542402
0.013949	1437.934464
0.013952	1438.347808
0.013956	1438.757387
0.013959	1439.163183
0.013963	1439.574464
0.013966	1439.975856
0.01397	1440.371221
0.013973	1440.74956
0.013977	1441.176236
0.01398	1441.581131
0.013984	1441.993483
0.013987	1442.398428
0.01399	1442.804645
0.013994	1443.225576
0.013997	1443.634805
0.014001	1444.031361
0.014004	1444.434304
0.014007	1444.841752
0.014011	1445.262132
0.014014	1445.684655
0.014018	1446.103684
0.014022	1446.512022
0.014025	1446.921702
0.014028	1447.316116
0.014032	1447.712472
0.014035	1448.09956
0.014039	1448.498268
0.014042	1448.886597
0.014046	1449.295796
0.014049	1449.712132
0.014052	1450.118198
0.014056	1450.522462
0.01406	1450.922382
0.014063	1451.32027
0.014066	1451.72035
0.014069	1452.105065
0.014073	1452.513794
0.014076	1452.92967
0.014079	1453.336396
0.014083	1453.731281
0.014086	1454.138769
0.01409	1454.545796
0.014093	1454.956246
0.014097	1455.373263
0.014101	1455.769479
0.014104	1456.177678
0.014108	1456.58962
0.014112	1456.997087
0.014115	1457.426587
0.014119	1457.848468
0.014122	1458.263383
0.014126	1458.664074
0.014129	1459.055626
0.014132	1459.442292
0.014136	1459.84019
0.014139	1460.254965
0.014143	1460.654855
0.014146	1461.052753
0.01415	1461.441071
0.014153	1461.842513
0.014157	1462.244074
0.01416	1462.64956
0.014164	1463.052452
0.014167	1463.467337
0.014171	1463.875516
0.014175	1464.291842
0.014178	1464.714795
0.014182	1465.124925
0.014185	1465.536016
0.014188	1465.943704
0.014192	1466.328699
0.014195	1466.719419
0.014199	1467.136266
0.014202	1467.540811
0.014205	1467.939199
0.014209	1468.35031
0.014212	1468.760761
0.014216	1469.179379
0.014219	1469.586627
0.014223	1469.987578
0.014226	1470.395536
0.014229	1470.804735
0.014233	1471.221001
0.014236	1471.63046
0.01424	1472.04009
0.014243	1472.431481
0.014247	1472.818468
0.01425	1473.221351
0.014254	1473.628138
0.014257	1474.036617
0.014261	1474.435325
0.014264	1474.828789
0.014268	1475.234034
0.014271	1475.639099
0.014274	1476.04036
0.014278	1476.453073
0.014281	1476.851682
0.014285	1477.245966
0.014288	1477.644875
0.014292	1478.048268
0.014295	1478.43996
0.014298	1478.855085
0.014302	1479.256226
0.014305	1479.64988
0.014308	1480.036176
0.014312	1480.431632
0.014315	1480.828619
0.014319	1481.230961
0.014322	1481.633774
0.014326	1482.045155
0.014329	1482.456406
0.014333	1482.853564
0.014336	1483.254074
0.01434	1483.663173
0.014343	1484.055936
0.014346	1484.447167
0.01435	1484.841101
0.014353	1485.244214
0.014357	1485.648939
0.01436	1486.064004
0.014364	1486.464084
0.014367	1486.864855
0.014371	1487.265976
0.014374	1487.663263
0.014378	1488.072042
0.014381	1488.46983
0.014384	1488.864995
0.014388	1489.258939
0.014391	1489.657898
0.014395	1490.065445
0.014398	1490.473233
0.014402	1490.870921
0.014405	1491.273083
0.014409	1491.678408
0.014412	1492.078228
0.014416	1492.47981
0.014419	1492.886807
0.014423	1493.283954
0.014427	1493.673894
0.01443	1494.077908
0.014433	1494.472773
0.014437	1494.882953
0.01444	1495.294214
0.014444	1495.707397
0.014447	1496.107878
0.014451	1496.510581
0.014454	1496.918428
0.014457	1497.312292
0.014461	1497.715986
0.014464	1498.095656
0.014467	1498.47958
0.014471	1498.894815
0.014474	1499.306366
0.014478	1499.70953
0.014481	1500.136136
0.014485	1500.537618
0.014488	1500.948539
0.014492	1501.358589
0.014496	1501.774174
0.014499	1502.169089
0.014503	1502.575445
0.014506	1502.980511
0.01451	1503.38993
0.014513	1503.80013
0.014517	1504.198388
0.01452	1504.597007
0.014523	1504.992292
0.014527	1505.403273
0.01453	1505.82007
0.014534	1506.224615
0.014537	1506.636246
0.014541	1507.038348
0.014544	1507.445245
0.014548	1507.845025
0.014551	1508.259249
0.014555	1508.677788
0.014559	1509.080661
0.014562	1509.482743
0.014565	1509.890531
0.014569	1510.293023
0.014573	1510.701972
0.014576	1511.107908
0.01458	1511.520991
0.014583	1511.928478
0.014587	1512.327017
0.01459	1512.736446
0.014594	1513.146336
0.014597	1513.542022
0.014601	1513.942573
0.014604	1514.357538
0.014608	1514.76966
0.014611	1515.1901
0.014615	1515.61045
0.014619	1516.007387
0.014622	1516.416887
0.014626	1516.829269
0.014629	1517.242082
0.014633	1517.65995
0.014637	1518.084214
0.01464	1518.484985
0.014644	1518.890811
0.014648	1519.30041
0.014651	1519.718408
0.014655	1520.131852
0.014658	1520.525405
0.014662	1520.926827
0.014665	1521.341902
0.014669	1521.762012
0.014672	1522.187497
0.014676	1522.604464
0.014679	1523.003483
0.014683	1523.416517
0.014686	1523.834515
0.01469	1524.242032
0.014693	1524.653253
0.014697	1525.068378
0.0147	1525.477397
0.014704	1525.8901
0.014707	1526.298839
0.014711	1526.692803
0.014714	1527.08977
0.014718	1527.494875
0.014721	1527.901802
0.014725	1528.314084
0.014729	1528.731652
0.014732	1529.147197
0.014736	1529.565766
0.01474	1529.983243
0.014744	1530.402663
0.014747	1530.826046
0.014751	1531.242352
0.014755	1531.653423
0.014758	1532.071341
0.014762	1532.474004
0.014765	1532.875506
0.014769	1533.294044
0.014772	1533.704925
0.014776	1534.121361
0.014779	1534.533293
0.014783	1534.941041
0.014786	1535.358408
0.01479	1535.774865
0.014794	1536.191852
0.014797	1536.604274
0.014801	1537.023504
0.014805	1537.430501
0.014808	1537.841602
0.014812	1538.251161
0.014816	1538.657868
0.014819	1539.063273
0.014823	1539.476216
0.014826	1539.880881
0.01483	1540.290821
0.014833	1540.696657
0.014837	1541.10985
0.01484	1541.525546
0.014844	1541.937658
0.014848	1542.353614
0.014851	1542.778739
0.014855	1543.200851
0.014859	1543.611652
0.014862	1544.016727
0.014866	1544.433644
0.014869	1544.829139
0.014872	1545.225686
0.014876	1545.618569
0.014879	1546.014875
0.014883	1546.421672
0.014886	1546.822823
0.01489	1547.226036
0.014894	1547.649409
0.014898	1548.08984
0.014901	1548.491762
0.014905	1548.901502
0.014908	1549.302663
0.014912	1549.714254
0.014915	1550.124114
0.014919	1550.529159
0.014922	1550.943403
0.014925	1551.353744
0.014929	1551.768729
0.014932	1552.184845
0.014936	1552.596767
0.014939	1552.999159
0.014943	1553.404685
0.014946	1553.81951
0.01495	1554.22026
0.014954	1554.630961
0.014957	1555.037317
0.014961	1555.431552
0.014964	1555.83036
0.014967	1556.237848
0.014971	1556.642903
0.014974	1557.052683
0.014978	1557.466787
0.014982	1557.878368
0.014985	1558.28958
0.014989	1558.697237
0.014993	1559.106056
0.014996	1559.521972
0.015	1559.937558
0.015003	1560.315455
0.015006	1560.696126
0.015009	1561.083544
0.015013	1561.488028
0.015017	1561.901662
0.01502	1562.314334
0.015024	1562.723123
0.015027	1563.133864
0.01503	1563.53022
0.015034	1563.939179
0.015037	1564.345846
0.01504	1564.738869
0.015044	1565.161812
0.015048	1565.572352
0.015051	1565.974735
0.015055	1566.371632
0.015058	1566.779079
0.015062	1567.209019
0.015066	1567.63029
0.015069	1568.046747
0.015073	1568.4597
0.015076	1568.874675
0.01508	1569.287207
0.015084	1569.693634
0.015087	1570.101251
0.015091	1570.491892
0.015094	1570.884244
0.015097	1571.29024
0.015101	1571.703794
0.015104	1572.123283
0.015108	1572.527568
0.015112	1572.945345
0.015115	1573.354525
0.015119	1573.75974
0.015122	1574.174484
0.015126	1574.591431
0.015129	1575.006637
0.015133	1575.42003
0.015136	1575.832222
0.01514	1576.249359
0.015144	1576.668999
0.015148	1577.083063
0.015151	1577.47985
0.015154	1577.906026
0.015158	1578.338258
0.015162	1578.752843
0.015165	1579.150661
0.015169	1579.565245
0.015173	1579.998579
0.015176	1580.415806
0.01518	1580.831061
0.015183	1581.243764
0.015187	1581.664815
0.015191	1582.082773
0.015194	1582.496016
0.015198	1582.904665
0.015201	1583.313784
0.015205	1583.731942
0.015208	1584.156076
0.015212	1584.588829
0.015216	1585.005606
0.015219	1585.432883
0.015223	1585.853764
0.015227	1586.26997
0.01523	1586.687998
0.015234	1587.108458
0.015237	1587.541702
0.015241	1587.96958
0.015244	1588.384234
0.015248	1588.804815
0.015252	1589.228659
0.015256	1589.648308
0.015259	1590.062072
0.015263	1590.477668
0.015267	1590.893163
0.01527	1591.304114
0.015274	1591.71956
0.015278	1592.131552
0.015281	1592.543003
0.015284	1592.966276
0.015288	1593.384374
0.015292	1593.800571
0.015295	1594.214014
0.015299	1594.624364
0.015302	1595.035896
0.015306	1595.457407
0.01531	1595.85959
0.015313	1596.257237
0.015316	1596.651071
0.01532	1597.047518
0.015323	1597.444875
0.015327	1597.857367
0.01533	1598.259069
0.015334	1598.669199
0.015337	1599.082903
0.015341	1599.496887
0.015344	1599.91029
0.015348	1600.321131
0.015352	1600.727708
0.015355	1601.125616
0.015358	1601.539329
0.015362	1601.947878
0.015366	1602.354655
0.015369	1602.761341
0.015373	1603.162753
0.015376	1603.568799
0.01538	1603.983874
0.015384	1604.391612
0.015387	1604.81015
0.015391	1605.223914
0.015395	1605.608539
0.015398	1606.015746
0.015402	1606.426046
0.015405	1606.839209
0.015409	1607.272212
0.015413	1607.683203
0.015417	1608.126837
0.01542	1608.550771
0.015424	1608.971812
0.015427	1609.386406
0.015431	1609.806266
0.015435	1610.225045
0.015438	1610.635325
0.015442	1611.048799
0.015446	1611.453023
0.01545	1611.868919
0.015453	1612.284795
0.015457	1612.692563
0.015461	1613.110591
0.015464	1613.545095
0.015468	1613.95032
0.015471	1614.365195
0.015475	1614.785345
0.015479	1615.18973
0.015482	1615.601742
0.015486	1616.028028
0.015489	1616.432432
0.015493	1616.851071
0.015497	1617.271842
0.0155	1617.685596
0.015503	1618.102162
0.015507	1618.510981
0.015511	1618.931371
0.015514	1619.347828
0.015518	1619.771141
0.015521	1620.194505
0.015525	1620.616857
0.015529	1621.032833
0.015532	1621.445185
0.015536	1621.863283
0.015539	1622.278549
0.015543	1622.688238
0.015547	1623.102042
0.01555	1623.513473
0.015554	1623.925185
0.015557	1624.345796
0.015561	1624.748488
0.015565	1625.152853
0.015568	1625.568088
0.015572	1625.982743
0.015576	1626.395736
0.015579	1626.816286
0.015583	1627.221962
0.015587	1627.681341
0.015591	1628.120541
0.015595	1628.554264
0.015598	1628.974204
0.015602	1629.394194
0.015605	1629.818819
0.015609	1630.235095
0.015612	1630.656667
0.015616	1631.086456
0.01562	1631.523684
0.015624	1631.927658
0.015627	1632.339459
0.015631	1632.768799
0.015635	1633.194054
0.015638	1633.603674
0.015642	1634.00986
0.015646	1634.44003
0.015649	1634.851471
0.015653	1635.276747
0.015657	1635.696947
0.01566	1636.11988
0.015664	1636.54034
0.015668	1636.962523
0.015671	1637.38004
0.015675	1637.797257
0.015679	1638.216717
0.015682	1638.628699
0.015686	1639.057678
0.01569	1639.478348
0.015693	1639.907848
0.015697	1640.347467
0.015701	1640.758569
0.015704	1641.172613
0.015708	1641.591081
0.015712	1642.024204
0.015716	1642.451271
0.01572	1642.879109
0.015723	1643.296186
0.015727	1643.714945
0.015731	1644.139269
0.015735	1644.557377
0.015738	1644.981822
0.015742	1645.397447
0.015746	1645.816406
0.015749	1646.237788
0.015753	1646.66031
0.015757	1647.077918
0.01576	1647.498619
0.015764	1647.912312
0.015767	1648.329189
0.015771	1648.753904
0.015774	1649.167207
0.015778	1649.584414
0.015781	1649.99011
0.015785	1650.413493
0.015788	1650.844505
0.015792	1651.278108
0.015796	1651.688048
0.0158	1652.11
0.015803	1652.540791
0.015807	1652.967928
0.015811	1653.396847
0.015814	1653.803564
0.015818	1654.20046
0.015821	1654.595676
0.015825	1655.015716
0.015829	1655.44049
0.015832	1655.868929
0.015836	1656.284494
0.01584	1656.702002
0.015843	1657.126807
0.015847	1657.545255
0.01585	1657.952262
0.015854	1658.368739
0.015858	1658.791441
0.015861	1659.21043
0.015865	1659.634124
0.015868	1660.04008
0.015872	1660.463263
0.015876	1660.887768
0.015879	1661.307978
0.015883	1661.73008
0.015887	1662.153504
0.015891	1662.558929
0.015894	1662.976246
0.015898	1663.395055
0.015902	1663.811471
0.015905	1664.218048
0.015909	1664.629219
0.015912	1665.046326
0.015916	1665.451572
0.01592	1665.89045
0.015923	1666.305045
0.015927	1666.719389
0.015931	1667.14956
0.015934	1667.55983
0.015938	1667.975235
0.015942	1668.387518
0.015945	1668.792182
0.015949	1669.20965
0.015953	1669.603373
0.015956	1669.991101
0.01596	1670.403824
0.015963	1670.821291
0.015967	1671.235646
0.01597	1671.653674
0.015974	1672.076456
0.015978	1672.473974
0.015982	1672.886807
0.015985	1673.309479
0.015989	1673.726356
0.015992	1674.136056
0.015996	1674.540621
0.016	1674.951431
0.016003	1675.361241
0.016007	1675.771882
0.01601	1676.191381
0.016014	1676.623794
0.016018	1677.038128
0.016021	1677.45996
0.016025	1677.882462
0.016028	1678.305275
0.016032	1678.718138
0.016036	1679.137387
0.016039	1679.561752
0.016043	1679.976567
0.016047	1680.404705
0.01605	1680.82048
0.016054	1681.230621
0.016057	1681.652462
0.016061	1682.066987
0.016065	1682.477888
0.016068	1682.880811
0.016072	1683.300881
0.016075	1683.731902
0.016079	1684.16031
0.016083	1684.582302
0.016087	1684.995816
0.01609	1685.4099
0.016094	1685.81025
0.016097	1686.228148
0.016101	1686.641712
0.016104	1687.051662
0.016108	1687.471942
0.016112	1687.89002
0.016115	1688.305806
0.016119	1688.711552
0.016123	1689.124204
0.016126	1689.536787
0.01613	1689.94973
0.016133	1690.362152
0.016137	1690.772963
0.016141	1691.187918
0.016144	1691.606006
0.016148	1692.01975
0.016152	1692.435015
0.016155	1692.850971
0.016159	1693.271351
0.016162	1693.687067
0.016166	1694.111782
0.01617	1694.541351
0.016173	1694.970801
0.016177	1695.396897
0.016181	1695.828238
0.016185	1696.242963
0.016188	1696.667648
0.016192	1697.083363
0.016196	1697.500561
0.016199	1697.928699
0.016203	1698.344204
0.016206	1698.752703
0.01621	1699.183273
0.016214	1699.605516
0.016217	1700.037638
0.016221	1700.467067
0.016224	1700.890861
0.016228	1701.314935
0.016232	1701.732382
0.016236	1702.14972
0.016239	1702.564204
0.016243	1702.988509
0.016246	1703.406917
0.01625	1703.825065
0.016254	1704.245626
0.016257	1704.657287
0.016261	1705.07035
0.016265	1705.489029
0.016269	1705.907157
0.016272	1706.318749
0.016276	1706.721321
0.01628	1707.132913
0.016283	1707.542132
0.016287	1707.961702
0.01629	1708.3702
0.016294	1708.773974
0.016297	1709.197457
0.016301	1709.614915
0.016305	1710.034565
0.016309	1710.45034
0.016312	1710.858318
0.016315	1711.262452
0.016319	1711.666026
0.016323	1712.073003
0.016326	1712.484114
0.01633	1712.898338
0.016334	1713.316026
0.016337	1713.725686
0.016341	1714.122903
0.016345	1714.530961
0.016348	1714.951902
0.016352	1715.35997
0.016356	1715.785145
0.01636	1716.208378
0.016363	1716.618408
0.016367	1717.035035
0.016371	1717.451331
0.016374	1717.868539
0.016378	1718.287397
0.016381	1718.697297
0.016385	1719.105115
0.016389	1719.522372
0.016393	1719.938148
0.016396	1720.32982
0.0164	1720.753694
0.016403	1721.165355
0.016407	1721.586647
0.016411	1722.015495
0.016415	1722.431121
0.016418	1722.865616
0.016422	1723.275095
0.016426	1723.687628
0.016429	1724.112202
0.016433	1724.542913
0.016437	1724.967868
0.016441	1725.408639
0.016444	1725.852022
0.016448	1726.296807
0.016452	1726.725666
0.016456	1727.153393
0.01646	1727.576977
0.016463	1728.005946
0.016467	1728.43011
0.016471	1728.846787
0.016475	1729.272412
0.016478	1729.69008
0.016482	1730.1002
0.016485	1730.446567
0.016488	1730.841221
0.016492	1731.248328
0.016495	1731.643814
0.016499	1732.047648
0.016502	1732.457217
0.016506	1732.871762
0.01651	1733.289429
0.016513	1733.716567
0.016517	1734.139219
0.01652	1734.556597
0.016524	1734.962843
0.016528	1735.383604
0.016531	1735.791461
0.016535	1736.21
0.016538	1736.625185
0.016542	1737.035796
0.016546	1737.446226
0.016549	1737.866557
0.016553	1738.296747
0.016557	1738.724474
0.016561	1739.151552
0.016565	1739.567698
0.016568	1739.986096
0.016572	1740.402533
0.016575	1740.816106
0.016579	1741.230511
0.016582	1741.642062
0.016586	1742.050801
0.016589	1742.454775
0.016593	1742.863754
0.016597	1743.266206
0.0166	1743.673594
0.016604	1744.089049
0.016607	1744.48965
0.01661	1744.892122
0.016614	1745.312002
0.016618	1745.723253
0.016621	1746.138038
0.016624	1746.548068
0.016628	1746.96035
0.016632	1747.380861
0.016635	1747.805656
0.016639	1748.203984
0.016642	1748.611862
0.016646	1749.025005
0.01665	1749.43988
0.016653	1749.850511
0.016657	1750.268859
0.016661	1750.693223
0.016664	1751.106026
0.016668	1751.514855
0.016671	1751.932973
0.016675	1752.334565
0.016678	1752.737017
0.016682	1753.150951
0.016685	1753.569069
0.016689	1753.964915
0.016692	1754.390831
0.016696	1754.807027
0.0167	1755.218719
0.016703	1755.624975
0.016707	1756.051421
0.016711	1756.4601
0.016714	1756.864224
0.016718	1757.282142
0.016722	1757.685315
0.016725	1758.080731
0.016728	1758.495596
0.016732	1758.915886
0.016735	1759.326847
0.016739	1759.724545
0.016742	1760.120621
0.016746	1760.534074
0.01675	1760.948438
0.016753	1761.36017
0.016756	1761.771652
0.01676	1762.183684
0.016764	1762.592432
0.016767	1763.017958
0.016771	1763.443443
0.016775	1763.855095
0.016778	1764.266547
0.016781	1764.657618
0.016785	1765.066396
0.016789	1765.480851
0.016792	1765.881151
0.016796	1766.298098
0.016799	1766.708959
0.016802	1767.112272
0.016806	1767.532052
0.016809	1767.955035
0.016813	1768.355826
0.016816	1768.766507
0.01682	1769.175546
0.016823	1769.583714
0.016827	1770.003894
0.016831	1770.418639
0.016834	1770.822382
0.016838	1771.231982
0.016841	1771.628448
0.016845	1772.044114
0.016848	1772.471391
0.016852	1772.881251
0.016855	1773.301401
0.016859	1773.731351
0.016863	1774.145195
0.016866	1774.558999
0.01687	1774.982402
0.016873	1775.393283
0.016877	1775.802693
0.016881	1776.21
0.016884	1776.616406
0.016887	1777.031592
0.016891	1777.446176
0.016895	1777.851522
0.016898	1778.257107
0.016902	1778.674384
0.016905	1779.088298
0.016909	1779.504354
0.016912	1779.916026
0.016916	1780.326196
0.01692	1780.746056
0.016923	1781.156246
0.016927	1781.573403
0.01693	1781.99002
0.016934	1782.401101
0.016937	1782.794865
0.016941	1783.205475
0.016944	1783.613393
0.016947	1784.00983
0.016951	1784.418579
0.016955	1784.817147
0.016958	1785.239249
0.016962	1785.659219
0.016965	1786.061722
0.016969	1786.476376
0.016972	1786.887558
0.016976	1787.292613
0.016979	1787.715285
0.016983	1788.134595
0.016987	1788.551522
0.01699	1788.973794
0.016994	1789.38968
0.016997	1789.808318
0.017001	1790.231261
0.017005	1790.646336
0.017008	1791.06978
0.017012	1791.487207
0.017016	1791.907788
0.01702	1792.329489
0.017023	1792.76044
0.017027	1793.195766
0.01703	1793.630881
0.017034	1794.039289
0.017037	1794.468579
0.017041	1794.901792
0.017045	1795.329259
0.017048	1795.762232
0.017052	1796.182312
0.017055	1796.615195
0.017059	1797.036697
0.017063	1797.462402
0.017066	1797.877888
0.01707	1798.303834
0.017073	1798.735025
0.017077	1799.162332
0.01708	1799.587127
0.017084	1799.991802
0.017087	1800.405275
0.017091	1800.828899
0.017094	1801.249249
0.017098	1801.687227
0.017102	1802.103383
0.017105	1802.519459
0.017109	1802.934555
0.017113	1803.345806
0.017117	1803.784965
0.01712	1804.206076
0.017124	1804.627808
0.017127	1805.057387
0.017131	1805.4797
0.017135	1805.897948
0.017138	1806.308729
0.017141	1806.717518
0.017145	1807.127427
0.017148	1807.546436
0.017152	1807.975335
0.017155	1808.402102
0.017159	1808.817227
0.017163	1809.233163
0.017166	1809.643403
0.01717	1810.052242
0.017173	1810.461441
0.017177	1810.866316
0.017181	1811.282563
0.017184	1811.698579
0.017188	1812.09993
0.017191	1812.500881
0.017195	1812.898619
0.017198	1813.31039
0.017202	1813.726426
0.017205	1814.144505
0.017209	1814.552943
0.017213	1814.951291
0.017216	1815.37988
0.01722	1815.813734
0.017224	1816.235235
0.017228	1816.655746
0.017232	1817.071211
0.017235	1817.489109
0.017239	1817.912392
0.017242	1818.333924
0.017246	1818.764004
0.017249	1819.183313
0.017253	1819.592963
0.017256	1820.007858
0.01726	1820.441061
0.017264	1820.860721
0.017267	1821.285195
0.017271	1821.701782
0.017274	1822.120621
0.017278	1822.541932
0.017282	1822.948098
0.017285	1823.358168
0.017289	1823.781802
0.017293	1824.192232
0.017296	1824.598168
0.0173	1825.027197
0.017303	1825.445015
0.017307	1825.87033
0.01731	1826.293333
0.017314	1826.717297
0.017318	1827.141031
0.017321	1827.552783
0.017325	1827.96982
0.017329	1828.392573
0.017333	1828.831471
0.017336	1829.256296
0.01734	1829.665375
0.017344	1830.08958
0.017347	1830.493453
0.017351	1830.916987
0.017355	1831.337918
0.017358	1831.763343
0.017362	1832.19003
0.017366	1832.610931
0.017369	1833.02978
0.017373	1833.452462
0.017377	1833.877327
0.01738	1834.286306
0.017384	1834.707798
0.017387	1835.135836
0.017391	1835.545566
0.017394	1835.968338
0.017398	1836.376927
0.017402	1836.796246
0.017405	1837.220511
0.017409	1837.632853
0.017412	1838.022452
0.017416	1838.466857
0.017419	1838.882813
0.017423	1839.313223
0.017427	1839.744645
0.01743	1840.16034
0.017433	1840.561792
0.017437	1840.990951
0.017441	1841.4196
0.017444	1841.842963
0.017448	1842.267277
0.017452	1842.680641
0.017455	1843.118188
0.017459	1843.533924
0.017462	1843.937207
0.017466	1844.365546
0.017469	1844.770581
0.017473	1845.16994
0.017477	1845.595516
0.01748	1846.017027
0.017484	1846.424765
0.017487	1846.841882
0.017491	1847.253353
0.017495	1847.666276
0.017499	1848.094575
0.017502	1848.515045
0.017506	1848.93003
0.017509	1849.355305
0.017513	1849.767738
0.017517	1850.172382
0.01752	1850.594244
0.017524	1851.01031
0.017527	1851.415285
0.017531	1851.827658
0.017534	1852.240671
0.017538	1852.653864
0.017541	1853.080891
0.017545	1853.51024
0.017549	1853.908979
0.017552	1854.326967
0.017556	1854.735666
0.017559	1855.154404
0.017563	1855.570801
0.017566	1855.988589
0.01757	1856.402302
0.017574	1856.823423
0.017577	1857.248408
0.017581	1857.672903
0.017584	1858.087978
0.017588	1858.503043
0.017592	1858.925205
0.017595	1859.343233
0.017599	1859.75048
0.017602	1860.174635
0.017606	1860.606667
0.017609	1861.032262
0.017613	1861.463934
0.017617	1861.894555
0.01762	1862.303273
0.017624	1862.708649
0.017627	1863.116957
0.017631	1863.53023
0.017634	1863.962783
0.017638	1864.396066
0.017642	1864.818989
0.017646	1865.256837
0.01765	1865.672372
0.017653	1866.097437
0.017657	1866.521512
0.017661	1866.952482
0.017664	1867.370501
0.017668	1867.790831
0.017671	1868.205115
0.017675	1868.614755
0.017678	1869.040991
0.017682	1869.45042
0.017685	1869.863824
0.017689	1870.292703
0.017692	1870.692142
0.017696	1871.123003
0.0177	1871.557828
0.017703	1871.996446
0.017707	1872.435425
0.017711	1872.865375
0.017715	1873.275235
0.017718	1873.699119
0.017722	1874.108218
0.017726	1874.533944
0.017729	1874.968959
0.017733	1875.389039
0.017736	1875.817578
0.01774	1876.251451
0.017744	1876.67975
0.017748	1877.1098
0.017751	1877.543644
0.017755	1877.957107
0.017758	1878.36968
0.017762	1878.794264
0.017766	1879.208268
0.017769	1879.623844
0.017773	1880.062432
0.017777	1880.50019
0.01778	1880.933504
0.017784	1881.367077
0.017788	1881.806046
0.017792	1882.227728
0.017795	1882.62974
0.017799	1883.017077
0.017802	1883.433724
0.017806	1883.864885
0.01781	1884.288498
0.017813	1884.712262
0.017817	1885.125375
0.017821	1885.547127
0.017824	1885.978388
0.017828	1886.405085
0.017832	1886.841261
0.017835	1887.266406
0.017839	1887.686396
0.017843	1888.102122
0.017846	1888.53033
0.01785	1888.96014
0.017853	1889.386887
0.017857	1889.809059
0.017861	1890.240981
0.017865	1890.667047
0.017868	1891.09033
0.017872	1891.514054
0.017876	1891.943934
0.01788	1892.37967
0.017884	1892.793904
0.017887	1893.221942
0.017891	1893.643584
0.017894	1894.076366
0.017898	1894.512673
0.017902	1894.945726
0.017906	1895.378559
0.017909	1895.814735
0.017913	1896.232442
0.017916	1896.657357
0.01792	1897.075586
0.017923	1897.502513
0.017927	1897.931381
0.017931	1898.352793
0.017934	1898.766266
0.017938	1899.207668
0.017942	1899.642833
0.017945	1900.071101
0.017949	1900.487457
0.017953	1900.916436
0.017956	1901.344114
0.01796	1901.772342
0.017964	1902.201261
0.017967	1902.618248
0.017971	1903.024084
0.017974	1903.448388
0.017978	1903.87955
0.017982	1904.312653
0.017985	1904.746426
0.017989	1905.165506
0.017992	1905.593834
0.017996	1906.022923
0.018	1906.445065
0.018003	1906.871922
0.018007	1907.306657
0.01801	1907.740741
0.018014	1908.164034
0.018017	1908.582573
0.018021	1909.015626
0.018025	1909.45032
0.018028	1909.881231
0.018032	1910.306557
0.018036	1910.718088
0.018039	1911.124505
0.018043	1911.54986
0.018046	1911.969279
0.01805	1912.384965
0.018054	1912.81016
0.018058	1913.248488
0.018061	1913.694224
0.018065	1914.131321
0.018068	1914.562873
0.018072	1914.986346
0.018075	1915.415295
0.018079	1915.820761
0.018083	1916.251211
0.018086	1916.665786
0.01809	1917.092783
0.018093	1917.51006
0.018097	1917.937087
0.018101	1918.353584
0.018104	1918.772903
0.018108	1919.196787
0.018111	1919.616887
0.018115	1920.03989
0.018119	1920.477518
0.018123	1920.907367
0.018126	1921.322933
0.01813	1921.745616
0.018133	1922.154004
0.018137	1922.567317
0.018141	1922.995666
0.018144	1923.414535
0.018148	1923.855485
0.018151	1924.277297
0.018155	1924.696306
0.018158	1925.12026
0.018162	1925.549399
0.018166	1925.982342
0.018169	1926.412573
0.018173	1926.833954
0.018176	1927.253544
0.01818	1927.681932
0.018184	1928.121642
0.018187	1928.554825
0.018191	1928.973604
0.018194	1929.388539
0.018198	1929.816446
0.018202	1930.23042
0.018205	1930.636897
0.018209	1931.057087
0.018212	1931.475826
0.018216	1931.885976
0.01822	1932.321932
0.018223	1932.735315
0.018227	1933.15995
0.01823	1933.58024
0.018233	1933.984484
0.018237	1934.40994
0.018241	1934.853594
0.018244	1935.262883
0.018248	1935.672513
0.018251	1936.082503
0.018255	1936.494094
0.018258	1936.916366
0.018262	1937.339359
0.018266	1937.75013
0.018269	1938.171912
0.018272	1938.578088
0.018276	1938.997087
0.01828	1939.43028
0.018284	1939.85013
0.018287	1940.281111
0.018291	1940.715526
0.018295	1941.144224
0.018298	1941.560651
0.018302	1941.987467
0.018305	1942.404274
0.018309	1942.821822
0.018312	1943.254334
0.018316	1943.676436
0.01832	1944.101081
0.018323	1944.532773
0.018327	1944.945826
0.01833	1945.312032
0.018333	1945.704935
0.018337	1946.122673
0.01834	1946.552042
0.018344	1946.97031
0.018347	1947.365205
0.018351	1947.782122
0.018354	1948.205335
0.018358	1948.627357
0.018361	1949.055475
0.018365	1949.476076
0.018368	1949.879159
0.018372	1950.294805
0.018376	1950.718428
0.018379	1951.126386
0.018382	1951.546106
0.018386	1951.965415
0.01839	1952.402813
0.018393	1952.813734
0.018397	1953.232442
0.0184	1953.645966
0.018404	1954.065395
0.018408	1954.484545
0.018411	1954.908629
0.018414	1955.337718
0.018418	1955.75982
0.018422	1956.173574
0.018425	1956.607087
0.018429	1957.032252
0.018433	1957.457447
0.018436	1957.87966
0.01844	1958.303994
0.018443	1958.731732
0.018447	1959.156456
0.018451	1959.578108
0.018454	1959.994404
0.018458	1960.409239
0.018461	1960.81959
0.018465	1961.234805
0.018469	1961.661141
0.018472	1962.087347
0.018476	1962.512442
0.018479	1962.936577
0.018483	1963.360511
0.018486	1963.788408
0.01849	1964.191852
0.018494	1964.592412
0.018497	1964.986196
0.018501	1965.430611
0.018504	1965.848679
0.018508	1966.275636
0.018512	1966.691692
0.018515	1967.109359
0.018519	1967.545355
0.018523	1967.952032
0.018526	1968.37017
0.01853	1968.79046
0.018533	1969.199339
0.018537	1969.616907
0.018541	1970.05038
0.018544	1970.45985
0.018548	1970.874424
0.018551	1971.317618
0.018555	1971.737918
0.018559	1972.162573
0.018562	1972.6001
0.018566	1973.023453
0.018569	1973.471552
0.018573	1973.905175
0.018577	1974.336967
0.018581	1974.763664
0.018584	1975.18972
0.018588	1975.611722
0.018591	1976.037548
0.018595	1976.469179
0.018599	1976.907017
0.018602	1977.34008
0.018606	1977.791722
0.01861	1978.226046
0.018614	1978.6697
0.018618	1979.0997
0.018621	1979.52033
0.018625	1979.952072
0.018629	1980.380991
0.018632	1980.810511
0.018636	1981.25007
0.01864	1981.676957
0.018644	1982.102833
0.018647	1982.548539
0.018651	1982.974334
0.018655	1983.396426
0.018659	1983.828488
0.018663	1984.270631
0.018666	1984.705045
0.01867	1985.144835
0.018674	1985.575936
0.018677	1986.000841
0.018681	1986.432152
0.018685	1986.860601
0.018688	1987.316066
0.018692	1987.772943
0.018696	1988.207608
0.018699	1988.643203
0.018703	1989.078579
0.018707	1989.494745
0.018711	1989.934715
0.018714	1990.364585
0.018718	1990.788318
0.018721	1991.210681
0.018725	1991.642803
0.018728	1992.0701
0.018732	1992.496927
0.018736	1992.925105
0.018739	1993.348188
0.018743	1993.778609
0.018746	1994.211021
0.01875	1994.630671
0.018753	1995.054334
0.018757	1995.484374
0.018761	1995.915516
0.018764	1996.334895
0.018768	1996.753493
0.018772	1997.189489
0.018775	1997.63994
0.018779	1998.067908
0.018782	1998.480921
0.018786	1998.908098
0.018789	1999.32981
0.018793	1999.750601
0.018797	2000.170921
0.0188	2000.595315
0.018803	2001.017838
0.018807	2001.441261
0.01881	2001.865165
0.018814	2002.293123
0.018818	2002.712543
0.018821	2003.126997
0.018824	2003.559489
0.018828	2003.977608
0.018831	2004.39992
0.018835	2004.831892
0.018839	2005.255786
0.018842	2005.688619
0.018846	2006.113994
0.01885	2006.537077
0.018853	2006.968098
0.018857	2007.385836
0.01886	2007.797668
0.018863	2008.226837
0.018867	2008.658879
0.01887	2009.083223
0.018874	2009.51006
0.018878	2009.924765
0.018881	2010.341341
0.018885	2010.767888
0.018889	2011.185926
0.018892	2011.612092
0.018896	2012.04031
0.018899	2012.463363
0.018903	2012.883804
0.018906	2013.303163
0.01891	2013.721632
0.018914	2014.16016
0.018917	2014.595105
0.018921	2015.024234
0.018925	2015.474895
0.018928	2015.913624
0.018932	2016.332653
0.018935	2016.750831
0.018939	2017.188318
0.018943	2017.613604
0.018946	2018.055235
0.01895	2018.497778
0.018954	2018.926947
0.018957	2019.358519
0.018961	2019.785896
0.018965	2020.23
0.018968	2020.661111
0.018972	2021.096496
0.018976	2021.535155
0.01898	2021.972232
0.018983	2022.417347
0.018987	2022.846677
0.01899	2023.272302
0.018994	2023.705936
0.018997	2024.138609
0.019001	2024.577307
0.019005	2025.015566
0.019008	2025.454765
0.019012	2025.884174
0.019016	2026.30962
0.01902	2026.73023
0.019023	2027.178478
0.019026	2027.578268
0.01903	2028.003113
0.019034	2028.442583
0.019038	2028.875225
0.019041	2029.297347
0.019045	2029.725796
0.019048	2030.158979
0.019052	2030.592092
0.019055	2031.023894
0.019059	2031.453504
0.019062	2031.88041
0.019066	2032.306567
0.019069	2032.73015
0.019073	2033.152903
0.019076	2033.588408
0.01908	2034.011662
0.019083	2034.425005
0.019087	2034.865946
0.019091	2035.306056
0.019094	2035.731341
0.019098	2036.164314
0.019102	2036.591141
0.019105	2037.013704
0.019109	2037.437928
0.019113	2037.869259
0.019116	2038.304755
0.01912	2038.723544
0.019124	2039.162412
0.019128	2039.597217
0.019131	2040.020831
0.019135	2040.456186
0.019139	2040.887197
0.019142	2041.311251
0.019146	2041.733313
0.019149	2042.144164
0.019153	2042.577387
0.019156	2042.99978
0.01916	2043.41999
0.019163	2043.859359
0.019167	2044.298839
0.019171	2044.738008
0.019175	2045.183123
0.019178	2045.61989
0.019182	2046.041411
0.019185	2046.468709
0.019189	2046.888298
0.019193	2047.316657
0.019196	2047.751572
0.0192	2048.188759
0.019204	2048.627828
0.019207	2049.068899
0.019211	2049.506336
0.019215	2049.933023
0.019218	2050.378148
0.019222	2050.821982
0.019226	2051.252352
0.019229	2051.686757
0.019233	2052.132753
0.019236	2052.5503
0.01924	2052.958709
0.019243	2053.379229
0.019247	2053.809059
0.019251	2054.244114
0.019254	2054.657938
0.019258	2055.090681
0.019261	2055.524605
0.019265	2055.956927
0.019269	2056.382583
0.019272	2056.803113
0.019276	2057.226296
0.019279	2057.654845
0.019283	2058.090721
0.019287	2058.525876
0.01929	2058.965896
0.019294	2059.38029
0.019298	2059.808529
0.019301	2060.235045
0.019305	2060.654795
0.019308	2061.086346
0.019312	2061.516216
0.019316	2061.956096
0.019319	2062.38036
0.019323	2062.802152
0.019326	2063.231902
0.01933	2063.664695
0.019334	2064.094244
0.019337	2064.502993
0.01934	2064.924645
0.019344	2065.353173
0.019347	2065.773413
0.019351	2066.205926
0.019354	2066.625215
0.019358	2067.045526
0.019361	2067.466486
0.019365	2067.89007
0.019368	2068.312262
0.019372	2068.75041
0.019376	2069.16955
0.019379	2069.606306
0.019383	2070.044154
0.019387	2070.515265
0.019391	2070.948408
0.019394	2071.381572
0.019398	2071.78973
0.019401	2072.23018
0.019405	2072.661612
0.019409	2073.09007
0.019412	2073.514264
0.019416	2073.931642
0.01942	2074.358629
0.019423	2074.792963
0.019427	2075.217678
0.01943	2075.640851
0.019433	2076.064595
0.019437	2076.493924
0.019441	2076.930811
0.019444	2077.352653
0.019448	2077.765155
0.019451	2078.214214
0.019455	2078.657037
0.019458	2079.074795
0.019462	2079.505506
0.019466	2079.937237
0.019469	2080.353093
0.019473	2080.776747
0.019476	2081.205495
0.01948	2081.623033
0.019484	2082.043934
0.019487	2082.458659
0.019491	2082.885526
0.019494	2083.317147
0.019498	2083.734344
0.019502	2084.159079
0.019505	2084.592653
0.019509	2085.03031
0.019513	2085.463043
0.019516	2085.894945
0.01952	2086.318188
0.019524	2086.738328
0.019527	2087.161441
0.019531	2087.574555
0.019534	2087.985385
0.019538	2088.416026
0.019542	2088.844164
0.019545	2089.281692
0.019549	2089.706356
0.019552	2090.129369
0.019556	2090.580621
0.01956	2091.019149
0.019563	2091.446016
0.019567	2091.867568
0.019571	2092.291261
0.019574	2092.710811
0.019577	2093.134334
0.019581	2093.562492
0.019585	2093.995966
0.019588	2094.424725
0.019592	2094.85022
0.019596	2095.29024
0.019599	2095.745215
0.019603	2096.176346
0.019607	2096.622062
0.019611	2097.062032
0.019615	2097.493944
0.019618	2097.92977
0.019622	2098.374995
0.019626	2098.812022
0.019629	2099.237117
0.019633	2099.673814
0.019637	2100.097808
0.01964	2100.533473
0.019644	2100.968609
0.019648	2101.417077
0.019651	2101.844515
0.019655	2102.261582
0.019658	2102.687928
0.019662	2103.125876
0.019666	2103.551181
0.019669	2103.974855
0.019673	2104.413023
0.019677	2104.83967
0.01968	2105.260881
0.019684	2105.687477
0.019687	2106.108969
0.019691	2106.541161
0.019695	2106.975385
0.019698	2107.423413
0.019702	2107.852543
0.019706	2108.292232
0.019709	2108.716977
0.019713	2109.138539
0.019717	2109.568378
0.01972	2109.994855
0.019724	2110.424655
0.019728	2110.863273
0.019732	2111.293273
0.019735	2111.716767
0.019739	2112.153143
0.019742	2112.576667
0.019745	2113.00974
0.019749	2113.456056
0.019753	2113.890551
0.019757	2114.335796
0.019761	2114.77002
0.019764	2115.198959
0.019768	2115.641261
0.019771	2116.079339
0.019775	2116.497187
0.019779	2116.918188
0.019782	2117.345646
0.019786	2117.764815
0.019789	2118.189439
0.019793	2118.615145
0.019796	2119.053093
0.0198	2119.483704
0.019803	2119.905085
0.019807	2120.335836
0.019811	2120.78003
0.019814	2121.204404
0.019818	2121.638889
0.019822	2122.063864
0.019825	2122.485806
0.019828	2122.898909
0.019832	2123.320931
0.019836	2123.754074
0.019839	2124.18994
0.019843	2124.62029
0.019847	2125.053353
0.01985	2125.486947
0.019854	2125.92015
0.019858	2126.342322
0.019861	2126.775786
0.019865	2127.207928
0.019868	2127.643393
0.019872	2128.090671
0.019876	2128.533574
0.019879	2128.977387
0.019883	2129.411401
0.019887	2129.846707
0.01989	2130.283293
0.019894	2130.717628
0.019898	2131.173994
0.019902	2131.622242
0.019905	2132.072563
0.019909	2132.503183
0.019912	2132.939269
0.019916	2133.404675
0.01992	2133.855125
0.019924	2134.305295
0.019928	2134.748088
0.019932	2135.188248
0.019935	2135.63014
0.019939	2136.070611
0.019943	2136.513594
0.019946	2136.956647
0.01995	2137.395546
0.019954	2137.824454
0.019958	2138.261812
0.019961	2138.700731
0.019965	2139.137277
0.019968	2139.578368
0.019972	2140.032643
0.019976	2140.481612
0.01998	2140.927598
0.019984	2141.369389
0.019987	2141.798398
0.019991	2142.234414
0.019995	2142.672513
0.019998	2143.113003
0.020002	2143.572452
0.020006	2144.005926
0.02001	2144.447057
0.020013	2144.902152
0.020017	2145.352733
0.020021	2145.797818
0.020024	2146.233313
0.020028	2146.684004
0.020032	2147.124585
0.020035	2147.551481
0.020039	2147.987718
0.020043	2148.432042
0.020046	2148.851652
0.02005	2149.272523
0.020054	2149.697638
0.020057	2150.130721
0.020061	2150.577718
0.020065	2151.016787
0.020068	2151.453303
0.020072	2151.889389
0.020075	2152.325485
0.020079	2152.753173
0.020082	2153.188879
0.020086	2153.623303
0.02009	2154.132833
0.020094	2154.605766
0.020098	2155.057357
0.020102	2155.528529
0.020105	2155.979029
0.020109	2156.419319
0.020113	2156.854364
0.020116	2157.282913
0.02012	2157.710831
0.020124	2158.150891
0.020128	2158.592513
0.020131	2159.033113
0.020135	2159.475435
0.020139	2159.92042
0.020142	2160.352683
0.020145	2160.792492
0.020149	2161.24047
0.020153	2161.695335
0.020157	2162.141361
0.02016	2162.557668
0.020164	2162.983624
0.020167	2163.424064
0.020171	2163.859279
0.020174	2164.28969
0.020178	2164.728198
0.020182	2165.177287
0.020185	2165.616757
0.020189	2166.049239
0.020192	2166.492472
0.020196	2166.943463
0.0202	2167.389299
0.020203	2167.83031
0.020207	2168.282282
0.020211	2168.718899
0.020215	2169.152923
0.020218	2169.602753
0.020222	2170.040531
0.020225	2170.486196
0.020229	2170.927417
0.020233	2171.374124
0.020237	2171.828719
0.020241	2172.282803
0.020245	2172.719369
0.020248	2173.168228
0.020252	2173.607938
0.020256	2174.041812
0.020259	2174.488228
0.020263	2174.944234
0.020266	2175.399289
0.02027	2175.848549
0.020274	2176.284414
0.020278	2176.734414
0.020282	2177.184264
0.020286	2177.631832
0.020289	2178.072062
0.020293	2178.512913
0.020297	2178.948939
0.0203	2179.394054
0.020304	2179.836126
0.020308	2180.275265
0.020311	2180.694024
0.020315	2181.124054
0.020318	2181.56028
0.020322	2182.001952
0.020326	2182.458509
0.02033	2182.893574
0.020334	2183.341151
0.020338	2183.802492
0.020341	2184.254745
0.020345	2184.701782
0.020349	2185.144344
0.020352	2185.57959
0.020356	2186.031271
0.02036	2186.466627
0.020363	2186.900661
0.020367	2187.358278
0.020371	2187.808919
0.020375	2188.253584
0.020378	2188.69032
0.020382	2189.126997
0.020385	2189.56976
0.020389	2190.018909
0.020393	2190.45976
0.020397	2190.920951
0.020401	2191.372492
0.020404	2191.806276
0.020408	2192.258779
0.020412	2192.709139
0.020415	2193.145656
0.020419	2193.594024
0.020423	2194.026346
0.020426	2194.464755
0.020431	2194.913233
0.020434	2195.376527
0.020438	2195.837127
0.020442	2196.286897
0.020445	2196.738749
0.020449	2197.19998
0.020453	2197.664184
0.020457	2198.098468
0.02046	2198.520561
0.020463	2198.953764
0.020467	2199.377247
0.020471	2199.805105
0.020474	2200.234705
0.020478	2200.678959
0.020481	2201.121702
0.020485	2201.580791
0.020489	2202.025325
0.020493	2202.476146
0.020497	2202.930611
0.020501	2203.378819
0.020505	2203.838378
0.020508	2204.291932
0.020512	2204.732883
0.020516	2205.181682
0.02052	2205.6298
0.020523	2206.06047
0.020527	2206.519119
0.020531	2206.965746
0.020535	2207.416446
0.020538	2207.872973
0.020542	2208.329009
0.020546	2208.785435
0.02055	2209.242022
0.020553	2209.684494
0.020557	2210.127998
0.020561	2210.586607
0.020565	2211.036637
0.020568	2211.493804
0.020572	2211.971882
0.020576	2212.418408
0.02058	2212.889369
0.020584	2213.342372
0.020588	2213.789429
0.020592	2214.245886
0.020595	2214.693604
0.020599	2215.136987
0.020603	2215.608889
0.020607	2216.068488
0.020611	2216.522963
0.020614	2216.980841
0.020618	2217.424474
0.020622	2217.86962
0.020626	2218.3201
0.020629	2218.751281
0.020633	2219.205355
0.020637	2219.651181
0.020641	2220.101502
0.020644	2220.54988
0.020648	2220.994635
0.020652	2221.426557
0.020655	2221.857017
0.020659	2222.30032
0.020663	2222.759099
0.020667	2223.205185
0.02067	2223.631291
0.020674	2224.062793
0.020678	2224.494945
0.020682	2224.947297
0.020685	2225.387788
0.020689	2225.827578
0.020693	2226.266496
0.020697	2226.721391
0.020701	2227.182012
0.020704	2227.635035
0.020708	2228.086877
0.020712	2228.539299
0.020716	2228.984995
0.020719	2229.429339
0.020723	2229.881592
0.020727	2230.34024
0.020731	2230.788889
0.020735	2231.234585
0.020738	2231.68008
0.020742	2232.137277
0.020746	2232.596607
0.02075	2233.046787
0.020753	2233.507898
0.020757	2233.960941
0.020761	2234.404124
0.020765	2234.858959
0.020769	2235.295205
0.020772	2235.735425
0.020776	2236.196106
0.02078	2236.651161
0.020784	2237.096877
0.020788	2237.552312
0.020792	2238.000791
0.020795	2238.45035
0.020799	2238.905115
0.020803	2239.356106
0.020807	2239.795105
0.020811	2240.248759
0.020815	2240.712863
0.020818	2241.166657
0.020822	2241.624234
0.020826	2242.076086
0.020829	2242.531902
0.020833	2242.995576
0.020837	2243.44975
0.020841	2243.907427
0.020845	2244.355025
0.020848	2244.7998
0.020852	2245.258488
0.020856	2245.717007
0.02086	2246.172613
0.020863	2246.62985
0.020867	2247.072913
0.020871	2247.529279
0.020875	2247.98975
0.020878	2248.427247
0.020882	2248.864164
0.020886	2249.333433
0.02089	2249.784625
0.020894	2250.226867
0.020898	2250.689189
0.020901	2251.14014
0.020905	2251.601982
0.020909	2252.06004
0.020912	2252.508569
0.020916	2252.955235
0.02092	2253.402643
0.020923	2253.844935
0.020927	2254.298298
0.020931	2254.73992
0.020935	2255.193984
0.020939	2255.645516
0.020942	2256.09974
0.020946	2256.558388
0.02095	2257.015235
0.020954	2257.46977
0.020958	2257.915976
0.020961	2258.343994
0.020965	2258.785375
0.020969	2259.21951
0.020973	2259.667968
0.020976	2260.107207
0.020979	2260.54953
0.020983	2261.006707
0.020987	2261.456466
0.020991	2261.906086
0.020995	2262.337387
0.020998	2262.77006
0.021002	2263.22042
0.021006	2263.671592
0.02101	2264.12029
0.021014	2264.567477
0.021018	2265.028288
0.021021	2265.477778
0.021025	2265.915846
0.021029	2266.369469
0.021033	2266.816326
0.021037	2267.268619
0.02104	2267.717347
0.021044	2268.161892
0.021048	2268.611632
0.021052	2269.048939
0.021056	2269.492232
0.02106	2269.97046
0.021064	2270.395405
0.021067	2270.842392
0.021071	2271.274915
0.021075	2271.709279
0.021079	2272.159459
0.021083	2272.612212
0.021086	2273.048559
0.02109	2273.48978
0.021095	2273.939349
0.021098	2274.382593
0.021102	2274.835856
0.021106	2275.268138
0.02111	2275.724615
0.021114	2276.181952
0.021117	2276.631842
0.021121	2277.092773
0.021125	2277.559109
0.021129	2278.005085
0.021133	2278.456066
0.021136	2278.908519
0.02114	2279.357858
0.021144	2279.817888
0.021148	2280.277578
0.021152	2280.722362
0.021156	2281.157227
0.021159	2281.603223
0.021163	2282.048218
0.021167	2282.506627
0.021171	2282.957267
0.021174	2283.413724
0.021178	2283.857017
0.021182	2284.321532
0.021186	2284.771411
0.02119	2285.220971
0.021193	2285.672302
0.021197	2286.135095
0.021201	2286.594104
0.021205	2287.056276
0.021209	2287.505786
0.021213	2287.969299
0.021217	2288.420531
0.02122	2288.870771
0.021224	2289.32005
0.021228	2289.788759
0.021232	2290.252202
0.021236	2290.696917
0.02124	2291.14009
0.021244	2291.588138
0.021247	2292.02956
0.021251	2292.478529
0.021255	2292.921602
0.021259	2293.366757
0.021263	2293.815886
0.021267	2294.26006
0.02127	2294.712052
0.021274	2295.155736
0.021278	2295.604695
0.021282	2296.064885
0.021286	2296.520871
0.021289	2296.97959
0.021293	2297.442372
0.021297	2297.887247
0.0213	2298.314074
0.021304	2298.75983
0.021308	2299.20971
0.021312	2299.662412
0.021315	2300.111361
0.021319	2300.555906
0.021323	2301.001602
0.021326	2301.461542
0.02133	2301.911041
0.021334	2302.351471
0.021338	2302.807347
0.021342	2303.246697
0.021346	2303.704144
0.021349	2304.168559
0.021353	2304.625746
0.021357	2305.06965
0.021361	2305.502202
0.021365	2305.937157
0.021369	2306.382763
0.021373	2306.834995
0.021376	2307.274494
0.02138	2307.732132
0.021384	2308.17037
0.021388	2308.633834
0.021392	2309.084535
0.021396	2309.536667
0.021399	2309.984384
0.021403	2310.431221
0.021407	2310.872222
0.021411	2311.308348
0.021414	2311.751381
0.021418	2312.200981
0.021422	2312.655175
0.021426	2313.122342
0.02143	2313.577818
0.021434	2314.039489
0.021438	2314.502933
0.021442	2314.952202
0.021445	2315.397497
0.021449	2315.837187
0.021453	2316.273333
0.021457	2316.721341
0.021461	2317.17001
0.021464	2317.6303
0.021468	2318.113413
0.021472	2318.562312
0.021476	2319.010771
0.02148	2319.469139
0.021484	2319.927558
0.021488	2320.383083
0.021491	2320.832142
0.021495	2321.277758
0.021498	2321.722603
0.021502	2322.175105
0.021506	2322.621782
0.02151	2323.081652
0.021513	2323.541502
0.021517	2323.986096
0.021521	2324.434104
0.021525	2324.878078
0.021528	2325.321982
0.021532	2325.765145
0.021535	2326.202142
0.021539	2326.665766
0.021542	2327.128719
0.021546	2327.574134
0.02155	2328.004975
0.021553	2328.471441
0.021557	2328.931231
0.021561	2329.397177
0.021565	2329.858739
0.021569	2330.312262
0.021573	2330.75005
0.021576	2331.202893
0.02158	2331.644605
0.021584	2332.104585
0.021588	2332.569339
0.021591	2333.027327
0.021596	2333.488599
0.021599	2333.937057
0.021603	2334.387057
0.021607	2334.859239
0.021611	2335.305335
0.021615	2335.762823
0.021619	2336.211141
0.021622	2336.655996
0.021626	2337.09006
0.021629	2337.55043
0.021633	2337.994484
0.021637	2338.438709
0.021641	2338.897197
0.021644	2339.345656
0.021648	2339.790801
0.021652	2340.242002
0.021655	2340.684515
0.021659	2341.135075
0.021663	2341.594134
0.021667	2342.048218
0.021671	2342.503894
0.021675	2342.961932
0.021679	2343.403043
0.021682	2343.842543
0.021686	2344.297077
0.02169	2344.748058
0.021694	2345.213073
0.021698	2345.675015
0.021702	2346.124625
0.021705	2346.587267
0.021709	2347.044334
0.021713	2347.512302
0.021717	2347.979039
0.02172	2348.438799
0.021724	2348.906947
0.021728	2349.372513
0.021732	2349.826496
0.021736	2350.266597
0.02174	2350.707688
0.021743	2351.155686
0.021747	2351.583373
0.021751	2352.025335
0.021754	2352.45974
0.021758	2352.915055
0.021761	2353.35992
0.021765	2353.818378
0.021769	2354.266867
0.021773	2354.721411
0.021776	2355.161431
0.02178	2355.622523
0.021784	2356.074144
0.021788	2356.515475
0.021791	2356.967928
0.021795	2357.415636
0.021798	2357.847858
0.021802	2358.297618
0.021806	2358.751522
0.02181	2359.191421
0.021813	2359.647548
0.021817	2360.092452
0.021821	2360.531091
0.021825	2360.986316
0.021828	2361.425916
0.021832	2361.873674
0.021836	2362.323273
0.02184	2362.773183
0.021844	2363.243744
0.021848	2363.709399
0.021852	2364.164344
0.021855	2364.629349
0.021859	2365.098288
0.021863	2365.54044
0.021867	2365.985155
0.021871	2366.432923
0.021874	2366.884014
0.021878	2367.341011
0.021882	2367.810581
0.021886	2368.2702
0.02189	2368.714675
0.021893	2369.159159
0.021897	2369.604975
0.021901	2370.070971
0.021905	2370.512883
0.021909	2370.9597
0.021912	2371.403534
0.021916	2371.857297
0.02192	2372.320721
0.021924	2372.766817
0.021927	2373.202763
0.021931	2373.671772
0.021935	2374.13036
0.021939	2374.587327
0.021943	2375.047768
0.021947	2375.523073
0.021951	2375.978709
0.021954	2376.433814
0.021958	2376.87969
0.021962	2377.338989
0.021966	2377.798108
0.021969	2378.245135
0.021973	2378.695736
0.021977	2379.138839
0.021981	2379.57982
0.021984	2380.013153
0.021988	2380.477588
0.021992	2380.927077
0.021996	2381.379099
0.021999	2381.840781
0.022003	2382.289079
0.022007	2382.755435
0.022011	2383.202813
0.022014	2383.646116
0.022018	2384.107497
0.022023	2384.612943
0.022027	2385.093143
0.022031	2385.541562
0.022034	2385.981291
0.022038	2386.418769
0.022042	2386.886897
0.022046	2387.345976
0.02205	2387.791602
0.022053	2388.238338
0.022057	2388.690711
0.022061	2389.139089
0.022065	2389.60958
0.022069	2390.076597
0.022072	2390.536006
0.022076	2391.008328
0.02208	2391.474484
0.022084	2391.923453
0.022088	2392.361251
0.022091	2392.8196
0.022096	2393.286747
0.022099	2393.748178
0.022103	2394.205435
0.022107	2394.659449
0.022111	2395.110561
0.022115	2395.555285
0.022118	2396.00968
0.022122	2396.460641
0.022126	2396.896316
0.02213	2397.342112
0.022133	2397.787708
0.022137	2398.243033
0.022141	2398.71021
0.022145	2399.163003
0.022149	2399.613353
0.022152	2400.057257
0.022156	2400.508909
0.02216	2400.971031
0.022163	2401.434174
0.022167	2401.883864
0.022171	2402.331211
0.022175	2402.783714
0.022179	2403.241792
0.022183	2403.694134
0.022186	2404.147668
0.02219	2404.604605
0.022194	2405.081211
0.022197	2405.537978
0.022201	2406.001021
0.022205	2406.447467
0.022208	2406.905285
0.022212	2407.367768
0.022216	2407.83021
0.02222	2408.300751
0.022224	2408.75047
0.022227	2409.215776
0.022231	2409.671682
0.022235	2410.11992
0.022238	2410.574745
0.022242	2411.027648
0.022246	2411.471552
0.02225	2411.922983
0.022254	2412.387608
0.022257	2412.836076
0.022261	2413.284555
0.022265	2413.735085
0.022269	2414.196416
0.022273	2414.655025
0.022276	2415.094815
0.02228	2415.540831
0.022284	2415.983994
0.022287	2416.432693
0.022291	2416.886136
0.022295	2417.348268
0.022298	2417.814014
0.022302	2418.268128
0.022306	2418.704865
0.022309	2419.138318
0.022313	2419.578509
0.022317	2420.046667
0.022321	2420.505866
0.022325	2420.958809
0.022328	2421.417938
0.022332	2421.861602
0.022336	2422.308649
0.022339	2422.756617
0.022343	2423.200911
0.022346	2423.651662
0.02235	2424.103814
0.022354	2424.554575
0.022358	2425.008148
0.022361	2425.463644
0.022365	2425.931471
0.022369	2426.385816
0.022373	2426.833153
0.022376	2427.280751
0.02238	2427.733493
0.022384	2428.200591
0.022388	2428.654615
0.022392	2429.113063
0.022395	2429.53978
0.022399	2429.972022
0.022403	2430.418659
0.022406	2430.874565
0.02241	2431.328739
0.022414	2431.792853
0.022418	2432.232873
0.022421	2432.671672
0.022425	2433.11031
0.022429	2433.561532
0.022433	2433.999139
0.022436	2434.454865
0.02244	2434.906587
0.022444	2435.353493
0.022447	2435.807167
0.022451	2436.259439
0.022455	2436.702573
0.022459	2437.146727
0.022462	2437.60026
0.022466	2438.057868
0.02247	2438.518869
0.022474	2438.973814
0.022477	2439.424494
0.022481	2439.881211
0.022485	2440.339459
0.022489	2440.791962
0.022493	2441.253884
0.022497	2441.704064
0.022501	2442.157528
0.022505	2442.617778
0.022509	2443.077487
0.022513	2443.536607
0.022516	2443.98976
0.02252	2444.444725
0.022524	2444.904505
0.022528	2445.357608
0.022532	2445.814745
0.022536	2446.273974
0.02254	2446.724084
0.022543	2447.174755
0.022547	2447.63038
0.022551	2448.078448
0.022555	2448.53964
0.022558	2448.987898
0.022562	2449.424765
0.022566	2449.858699
0.022569	2450.303443
0.022573	2450.767958
0.022577	2451.223614
0.022581	2451.675165
0.022585	2452.130611
0.022589	2452.588318
0.022593	2453.041091
0.022597	2453.5103
0.022601	2453.978769
0.022604	2454.42975
0.022608	2454.88023
0.022612	2455.332252
0.022616	2455.778989
0.02262	2456.234354
0.022624	2456.694354
0.022628	2457.148979
0.022632	2457.607998
0.022635	2458.056687
0.022639	2458.513203
0.022643	2458.97017
0.022647	2459.412362
0.022651	2459.865315
0.022654	2460.338468
0.022658	2460.800501
0.022662	2461.255315
0.022666	2461.709289
0.02267	2462.146196
0.022674	2462.595746
0.022677	2463.061081
0.022681	2463.514695
0.022685	2463.963023
0.022689	2464.406476
0.022693	2464.853483
0.022697	2465.309079
0.022701	2465.768048
0.022704	2466.215746
0.022708	2466.661702
0.022712	2467.11979
0.022716	2467.57024
0.022719	2468.01961
0.022723	2468.479179
0.022727	2468.918468
0.022731	2469.376577
0.022735	2469.823604
0.022738	2470.269079
0.022742	2470.731952
0.022746	2471.173483
0.02275	2471.597518
0.022753	2472.052472
0.022757	2472.505375
0.022761	2472.948388
0.022765	2473.401662
0.022768	2473.8502
0.022772	2474.301532
0.022776	2474.7601
0.02278	2475.218478
0.022784	2475.684304
0.022788	2476.14021
0.022792	2476.597838
0.022796	2477.05
0.0228	2477.505646
0.022803	2477.956276
0.022807	2478.40966
0.022811	2478.87023
0.022815	2479.328569
0.022819	2479.781351
0.022823	2480.228168
0.022827	2480.66993
0.02283	2481.123804
0.022834	2481.568198
0.022838	2482.033243
0.022842	2482.497467
0.022846	2482.956436
0.02285	2483.427397
0.022854	2483.892402
0.022858	2484.344685
0.022861	2484.794424
0.022865	2485.251111
0.022869	2485.705065
0.022872	2486.15957
0.022877	2486.618168
0.02288	2487.071582
0.022884	2487.535445
0.022888	2487.993994
0.022892	2488.453193
0.022896	2488.921231
0.0229	2489.376166
0.022904	2489.832352
0.022908	2490.292182
0.022912	2490.737748
0.022916	2491.186356
0.022919	2491.647758
0.022923	2492.098178
0.022927	2492.558418
0.022931	2493.016777
0.022935	2493.480911
0.022939	2493.936206
0.022942	2494.388308
0.022946	2494.82975
0.02295	2495.282382
0.022953	2495.726787
0.022957	2496.113403
0.022961	2496.546056
0.022965	2496.987107
0.022968	2497.426166
0.022972	2497.875936
0.022976	2498.328759
0.02298	2498.785676
0.022984	2499.242362
0.022988	2499.695295
0.022992	2500.135776
0.022995	2500.582202
0.022999	2501.028659
0.023003	2501.467978
0.023007	2501.929059
0.023011	2502.386236
0.023014	2502.843413
0.023018	2503.309449
0.023022	2503.767067
0.023026	2504.225686
0.02303	2504.690871
0.023034	2505.151992
0.023038	2505.624484
0.023042	2506.092182
0.023046	2506.550941
0.023049	2507.013023
0.023053	2507.468899
0.023057	2507.920671
0.023061	2508.364865
0.023064	2508.805896
0.023068	2509.254184
0.023072	2509.712092
0.023076	2510.153433
0.023079	2510.594144
0.023083	2511.054054
0.023087	2511.5099
0.023091	2511.966276
0.023095	2512.42966
0.023099	2512.884114
0.023103	2513.349399
0.023107	2513.799329
0.023111	2514.253043
0.023114	2514.706657
0.023118	2515.166927
0.023122	2515.610691
0.023126	2516.069479
0.02313	2516.514434
0.023134	2516.952783
0.023137	2517.362412
0.023141	2517.803003
0.023145	2518.24959
0.023149	2518.717197
0.023153	2519.153614
0.023157	2519.588108
0.02316	2520.031912
0.023164	2520.485956
0.023168	2520.947447
0.023172	2521.411672
0.023176	2521.864925
0.02318	2522.331171
0.023184	2522.785626
0.023188	2523.237147
0.023192	2523.683934
0.023196	2524.124394
0.0232	2524.587738
0.023204	2525.054424
0.023208	2525.490511
0.023211	2525.937417
0.023215	2526.402262
0.023219	2526.854985
0.023223	2527.313183
0.023227	2527.789029
0.023231	2528.259109
0.023235	2528.723193
0.023239	2529.187838
0.023243	2529.655305
0.023247	2530.121091
0.023251	2530.575055
0.023255	2531.03974
0.023258	2531.506647
0.023262	2531.973163
0.023266	2532.435465
0.02327	2532.909099
0.023274	2533.361982
0.023278	2533.820831
0.023282	2534.288589
0.023286	2534.747207
0.02329	2535.211722
0.023294	2535.677397
0.023298	2536.140881
0.023301	2536.612843
0.023305	2537.068859
0.023309	2537.522723
0.023313	2537.990791
0.023317	2538.452292
0.023321	2538.909159
0.023325	2539.377397
0.023329	2539.832943
0.023333	2540.295275
0.023336	2540.753083
0.02334	2541.20964
0.023344	2541.673003
0.023348	2542.144635
0.023352	2542.597788
0.023356	2543.068048
0.02336	2543.538108
0.023364	2543.992152
0.023368	2544.424665
0.023371	2544.87011
0.023375	2545.308018
0.023379	2545.765185
0.023383	2546.221301
0.023386	2546.671481
0.02339	2547.115616
0.023394	2547.555536
0.023398	2548.019219
0.023402	2548.473013
0.023406	2548.923373
0.02341	2549.376026
0.023413	2549.817818
0.023417	2550.261491
0.023421	2550.715956
0.023425	2551.16962
0.023429	2551.615776
0.023433	2552.062382
0.023437	2552.529189
0.023441	2552.984645
0.023444	2553.427658
0.023448	2553.880641
0.023452	2554.328188
0.023456	2554.781732
0.02346	2555.234274
0.023463	2555.682513
0.023467	2556.147758
0.023472	2556.607858
0.023476	2557.061842
0.023479	2557.514515
0.023483	2557.964404
0.023487	2558.417608
0.023491	2558.863944
0.023495	2559.314815
0.023499	2559.786196
0.023502	2560.236076
0.023506	2560.693233
0.02351	2561.156356
0.023514	2561.607788
0.023518	2562.065015
0.023522	2562.543023
0.023526	2562.997508
0.023529	2563.455886
0.023533	2563.913423
0.023537	2564.379149
0.023541	2564.832603
0.023545	2565.286206
0.023549	2565.733353
0.023552	2566.201231
0.023556	2566.663624
0.02356	2567.112653
0.023564	2567.572332
0.023568	2568.028048
0.023572	2568.497888
0.023576	2568.95999
0.02358	2569.417267
0.023584	2569.878398
0.023587	2570.336486
0.023591	2570.785455
0.023595	2571.251512
0.023599	2571.69977
0.023603	2572.15959
0.023607	2572.633714
0.023611	2573.11958
0.023615	2573.594304
0.023619	2574.033574
0.023623	2574.493504
0.023626	2574.957608
0.02363	2575.409439
0.023634	2575.87038
0.023638	2576.346617
0.023642	2576.821171
0.023646	2577.281341
0.02365	2577.752613
0.023654	2578.2201
0.023658	2578.66008
0.023662	2579.118949
0.023666	2579.579319
0.02367	2580.041101
0.023673	2580.502863
0.023677	2580.945435
0.023682	2581.413534
0.023685	2581.866657
0.023689	2582.317508
0.023693	2582.768048
0.023696	2583.230841
0.0237	2583.688478
0.023704	2584.125115
0.023708	2584.573483
0.023712	2585.02953
0.023716	2585.492843
0.02372	2585.958609
0.023724	2586.413864
0.023727	2586.859479
0.023731	2587.318519
0.023734	2587.777558
0.023738	2588.242673
0.023742	2588.696166
0.023745	2589.15967
0.023749	2589.615866
0.023753	2590.076967
0.023757	2590.532833
0.023761	2590.992573
0.023764	2591.43023
0.023768	2591.880781
0.023772	2592.347187
0.023776	2592.81979
0.023779	2593.297798
0.023783	2593.761101
0.023787	2594.215255
0.023791	2594.671942
0.023795	2595.123203
0.023799	2595.568529
0.023802	2596.01958
0.023806	2596.485185
0.02381	2596.937497
0.023814	2597.388318
0.023818	2597.844404
0.023822	2598.302793
0.023826	2598.765576
0.02383	2599.213964
0.023833	2599.664905
0.023837	2600.141281
0.023841	2600.605936
0.023845	2601.058478
0.023849	2601.520891
0.023853	2601.968348
0.023857	2602.4298
0.02386	2602.898318
0.023865	2603.359209
0.023868	2603.815696
0.023872	2604.277407
0.023876	2604.743163
0.02388	2605.206937
0.023884	2605.646527
0.023887	2606.080811
0.023891	2606.531201
0.023895	2606.974785
0.023899	2607.419499
0.023902	2607.875856
0.023906	2608.335065
0.02391	2608.796226
0.023914	2609.262372
0.023918	2609.716246
0.023922	2610.164505
0.023926	2610.622412
0.02393	2611.071572
0.023934	2611.530861
0.023938	2612.000801
0.023942	2612.45966
0.023946	2612.924745
0.02395	2613.381481
0.023954	2613.846126
0.023958	2614.328969
0.023962	2614.812332
0.023966	2615.274585
0.02397	2615.749449
0.023974	2616.220981
0.023978	2616.676146
0.023982	2617.141992
0.023986	2617.607087
0.02399	2618.078929
0.023994	2618.531562
0.023998	2618.978358
0.024001	2619.436336
0.024005	2619.908448
0.024009	2620.350501
0.024013	2620.792513
0.024017	2621.266046
0.024021	2621.717177
0.024025	2622.186056
0.024029	2622.646777
0.024033	2623.103153
0.024037	2623.556517
0.024041	2624.003684
0.024045	2624.452733
0.024049	2624.913714
0.024053	2625.37
0.024056	2625.832603
0.02406	2626.294064
0.024064	2626.742863
0.024068	2627.191632
0.024072	2627.64999
0.024076	2628.101151
0.02408	2628.567457
0.024083	2629.018398
0.024087	2629.481201
0.024091	2629.977337
0.024095	2630.449189
0.024099	2630.900971
0.024103	2631.362723
0.024107	2631.820531
0.024111	2632.269169
0.024115	2632.721612
0.024119	2633.193724
0.024123	2633.671341
0.024127	2634.134094
0.024131	2634.596086
0.024134	2635.042613
0.024138	2635.502032
0.024142	2635.960771
0.024146	2636.418408
0.02415	2636.867708
0.024154	2637.306567
0.024158	2637.771421
0.024162	2638.232623
0.024166	2638.680861
0.024169	2639.139019
0.024173	2639.603373
0.024177	2640.048188
0.024181	2640.496557
0.024185	2640.946056
0.024189	2641.398198
0.024192	2641.847307
0.024196	2642.293153
0.0242	2642.744154
0.024204	2643.205065
0.024208	2643.663514
0.024212	2644.126987
0.024216	2644.594625
0.02422	2645.0602
0.024224	2645.509129
0.024228	2645.971992
0.024232	2646.42
0.024236	2646.889399
0.02424	2647.350851
0.024244	2647.801001
0.024248	2648.233113
0.024251	2648.687988
0.024255	2649.144454
0.02426	2649.594825
0.024264	2650.036426
0.024267	2650.474494
0.024271	2650.933824
0.024275	2651.427467
0.024279	2651.893624
0.024283	2652.351291
0.024287	2652.817868
0.024291	2653.283303
0.024295	2653.745075
0.024299	2654.199279
0.024303	2654.643854
0.024307	2655.107658
0.024311	2655.550671
0.024314	2655.984695
0.024318	2656.443303
0.024322	2656.891752
0.024326	2657.338288
0.02433	2657.796006
0.024334	2658.25014
0.024338	2658.698699
0.024341	2659.149139
0.024345	2659.600531
0.024349	2660.062192
0.024353	2660.513964
0.024357	2660.961682
0.024361	2661.417327
0.024365	2661.871872
0.024368	2662.318989
0.024373	2662.76956
0.024377	2663.228849
0.02438	2663.702833
0.024384	2664.163774
0.024389	2664.619199
0.024392	2665.069379
0.024397	2665.529119
0.024401	2665.986266
0.024404	2666.437628
0.024408	2666.902763
0.024412	2667.358999
0.024416	2667.807978
0.02442	2668.256737
0.024423	2668.70031
0.024427	2669.137748
0.024431	2669.587678
0.024435	2670.051381
0.024439	2670.515345
0.024443	2670.965506
0.024446	2671.403253
0.02445	2671.862422
0.024454	2672.317998
0.024458	2672.766386
0.024461	2673.212362
0.024465	2673.668739
0.024469	2674.122763
0.024473	2674.597217
0.024477	2675.062903
0.024481	2675.517307
0.024485	2675.97037
0.024489	2676.421722
0.024492	2676.86983
0.024496	2677.333554
0.0245	2677.797057
0.024504	2678.255365
0.024508	2678.72043
0.024512	2679.178298
0.024515	2679.638048
0.02452	2680.101211
0.024523	2680.542533
0.024527	2680.993944
0.024531	2681.444555
0.024535	2681.891211
0.024539	2682.348619
0.024543	2682.806226
0.024547	2683.243714
0.024551	2683.69001
0.024554	2684.140611
0.024558	2684.597668
0.024562	2685.051181
0.024566	2685.505936
0.02457	2685.948979
0.024574	2686.406867
0.024578	2686.854434
0.024581	2687.30037
0.024585	2687.760591
0.024589	2688.20996
0.024593	2688.680731
0.024597	2689.14951
0.024601	2689.596206
0.024605	2690.04967
0.024609	2690.514855
0.024613	2690.96
0.024616	2691.442292
0.02462	2691.907407
0.024624	2692.352593
0.024628	2692.826747
0.024632	2693.30971
0.024636	2693.773043
0.02464	2694.240941
0.024644	2694.704915
0.024648	2695.160591
0.024652	2695.631251
0.024656	2696.098549
0.02466	2696.577267
0.024664	2697.045495
0.024668	2697.496166
0.024672	2697.937377
0.024676	2698.397217
0.02468	2698.854284
0.024684	2699.299389
0.024687	2699.744755
0.024691	2700.19034
0.024695	2700.653123
0.024699	2701.113393
0.024702	2701.57035
0.024707	2702.038579
0.024711	2702.510951
0.024714	2702.955526
0.024718	2703.41036
0.024722	2703.873624
0.024726	2704.324134
0.02473	2704.781652
0.024734	2705.232362
0.024737	2705.675616
0.024741	2706.126597
0.024745	2706.580711
0.024749	2707.039429
0.024753	2707.511742
0.024757	2707.97024
0.02476	2708.420891
0.024764	2708.874034
0.024768	2709.334294
0.024772	2709.777177
0.024775	2710.230971
0.024779	2710.682633
0.024783	2711.137237
0.024787	2711.595045
0.024791	2712.067688
0.024795	2712.527097
0.024799	2712.992282
0.024803	2713.45031
0.024807	2713.919289
0.024811	2714.375566
0.024815	2714.833143
0.024818	2715.276316
0.024822	2715.735636
0.024826	2716.215566
0.02483	2716.683073
0.024834	2717.129289
0.024837	2717.584334
0.024841	2718.039169
0.024845	2718.496957
0.024849	2718.95017
0.024853	2719.408078
0.024856	2719.874555
0.02486	2720.338018
0.024864	2720.792723
0.024868	2721.248919
0.024872	2721.707187
0.024876	2722.166186
0.02488	2722.618258
0.024884	2723.077327
0.024887	2723.524635
0.024891	2723.962162
0.024895	2724.409009
0.024898	2724.856276
0.024902	2725.318849
0.024906	2725.771021
0.02491	2726.22046
0.024914	2726.675455
0.024917	2727.133133
0.024921	2727.587638
0.024925	2728.032362
0.024929	2728.484885
0.024932	2728.944805
0.024936	2729.417377
0.02494	2729.87021
0.024944	2730.341522
0.024949	2730.817938
0.024953	2731.26954
0.024956	2731.732242
0.02496	2732.184324
0.024964	2732.626977
0.024968	2733.092192
0.024972	2733.568709
0.024976	2734.025546
0.02498	2734.478038
0.024984	2734.952152
0.024988	2735.447397
0.024992	2735.917978
0.024996	2736.372863
0.024999	2736.835465
0.025003	2737.313824
0.025007	2737.778809
0.025011	2738.253403
0.025015	2738.711972
0.025019	2739.168669
0.025023	2739.631311
0.025027	2740.096717
0.025031	2740.549299
0.025034	2741.013634
0.025038	2741.464935
0.025042	2741.923774
0.025046	2742.363013
0.025049	2742.822633
0.025053	2743.286587
0.025057	2743.755095
0.025061	2744.199299
0.025064	2744.650981
0.025068	2745.100991
0.025072	2745.552523
0.025076	2746.0104
0.02508	2746.472663
0.025084	2746.92014
0.025087	2747.384745
0.025091	2747.847197
0.025095	2748.305135
0.025099	2748.753253
0.025103	2749.206897
0.025107	2749.675105
0.025111	2750.140671
0.025115	2750.599449
0.025119	2751.047948
0.025123	2751.505195
0.025127	2751.961802
0.02513	2752.423003
0.025135	2752.895445
0.025138	2753.352673
0.025142	2753.803223
0.025146	2754.262062
0.02515	2754.716406
0.025154	2755.185846
0.025158	2755.646907
0.025162	2756.096146
0.025166	2756.546116
0.025169	2757.000891
0.025173	2757.459269
0.025177	2757.921902
0.025181	2758.374725
0.025184	2758.835085
0.025188	2759.286016
0.025192	2759.744515
0.025196	2760.195686
0.025199	2760.640801
0.025203	2761.089049
0.025207	2761.54033
0.025211	2761.995676
0.025215	2762.459069
0.025219	2762.915686
0.025222	2763.357668
0.025226	2763.809239
0.02523	2764.261101
0.025234	2764.712242
0.025237	2765.163964
0.025241	2765.621351
0.025245	2766.085856
0.025249	2766.53968
0.025253	2766.99006
0.025256	2767.444915
0.02526	2767.88951
0.025264	2768.323493
0.025267	2768.770871
0.025271	2769.221311
0.025275	2769.667007
0.025278	2770.11997
0.025282	2770.585095
0.025286	2771.05969
0.02529	2771.503734
0.025294	2771.961281
0.025298	2772.422262
0.025302	2772.865115
0.025306	2773.322893
0.025309	2773.769409
0.025313	2774.222412
0.025317	2774.686036
0.025321	2775.135616
0.025325	2775.594625
0.025329	2776.056937
0.025333	2776.519029
0.025336	2776.978719
0.02534	2777.43984
0.025344	2777.888148
0.025348	2778.344414
0.025352	2778.812022
0.025356	2779.271752
0.02536	2779.735826
0.025364	2780.196446
0.025368	2780.655996
0.025372	2781.121391
0.025376	2781.557858
0.025379	2781.997908
0.025383	2782.452843
0.025387	2782.920841
0.025391	2783.372533
0.025395	2783.815936
0.025398	2784.261522
0.025402	2784.705806
0.025406	2785.161251
0.02541	2785.631752
0.025414	2786.093233
0.025418	2786.565445
0.025422	2787.026446
0.025425	2787.460531
0.025429	2787.905105
0.025433	2788.348799
0.025436	2788.794865
0.02544	2789.243624
0.025444	2789.682863
0.025448	2790.132142
0.025452	2790.587357
0.025456	2791.044284
0.02546	2791.502412
0.025463	2791.956667
0.025467	2792.406016
0.025471	2792.874154
0.025475	2793.348418
0.025479	2793.802222
0.025483	2794.251351
0.025487	2794.709079
0.025491	2795.181662
0.025495	2795.64044
0.025499	2796.092012
0.025503	2796.547187
0.025506	2797.002693
0.02551	2797.462002
0.025514	2797.917097
0.025518	2798.378288
0.025522	2798.841051
0.025526	2799.288929
0.02553	2799.74018
0.025533	2800.20011
0.025537	2800.656116
0.025541	2801.1098
0.025545	2801.551431
0.025548	2801.999269
0.025552	2802.444535
0.025556	2802.905195
0.02556	2803.35992
0.025564	2803.819089
0.025567	2804.261742
0.025571	2804.721542
0.025575	2805.187137
0.025579	2805.647057
0.025583	2806.08953
0.025587	2806.553604
0.025591	2807.016416
0.025595	2807.480781
0.025599	2807.935385
0.025603	2808.387578
0.025607	2808.849229
0.025611	2809.308559
0.025615	2809.764414
0.025618	2810.224975
0.025622	2810.668158
0.025626	2811.125085
0.02563	2811.584484
0.025634	2812.037497
0.025638	2812.492432
0.025642	2812.955275
0.025646	2813.407327
0.025649	2813.863203
0.025653	2814.325886
0.025657	2814.790851
0.025661	2815.258198
0.025665	2815.706627
0.025669	2816.154464
0.025673	2816.62023
0.025677	2817.077628
0.025681	2817.542573
0.025685	2817.997067
0.025689	2818.431742
0.025692	2818.866186
0.025696	2819.317247
0.0257	2819.763333
0.025703	2820.196907
0.025707	2820.652893
0.025711	2821.122052
0.025715	2821.597528
0.025719	2822.06951
0.025723	2822.52001
0.025727	2822.961522
0.02573	2823.416527
0.025734	2823.886887
0.025738	2824.357508
0.025742	2824.825586
0.025746	2825.284204
0.02575	2825.746246
0.025754	2826.19995
0.025758	2826.646056
0.025762	2827.115606
0.025765	2827.575906
0.025769	2828.033063
0.025773	2828.504214
0.025777	2828.953794
0.025781	2829.401892
0.025784	2829.853534
0.025788	2830.305556
0.025792	2830.773784
0.025796	2831.229119
0.0258	2831.680811
0.025803	2832.148949
0.025807	2832.606577
0.025811	2833.052893
0.025815	2833.501351
0.025819	2833.957828
0.025822	2834.422332
0.025826	2834.892503
0.02583	2835.368869
0.025834	2835.829069
0.025838	2836.288438
0.025842	2836.744905
0.025846	2837.194214
0.02585	2837.64988
0.025854	2838.097718
0.025858	2838.557157
0.025862	2839.01019
0.025865	2839.462623
0.025869	2839.912723
0.025873	2840.371371
0.025876	2840.834234
0.02588	2841.292162
0.025884	2841.751612
0.025888	2842.204835
0.025892	2842.669229
0.025896	2843.132973
0.0259	2843.587027
0.025904	2844.045145
0.025907	2844.504855
0.025911	2844.957357
0.025915	2845.40031
0.025919	2845.838709
0.025923	2846.283163
0.025927	2846.7196
0.02593	2847.170891
0.025934	2847.623964
0.025938	2848.073293
0.025941	2848.512513
0.025945	2848.952022
0.025949	2849.406396
0.025953	2849.872172
0.025956	2850.339159
0.02596	2850.78956
0.025964	2851.245876
0.025968	2851.704515
0.025972	2852.156076
0.025976	2852.627047
0.02598	2853.102683
0.025984	2853.560611
0.025988	2854.010811
0.025992	2854.464885
0.025995	2854.915385
0.025999	2855.37039
0.026003	2855.832382
0.026007	2856.288939
0.026011	2856.745305
0.026015	2857.211592
0.026018	2857.670941
0.026023	2858.134825
0.026026	2858.592172
0.02603	2859.049319
0.026034	2859.506036
0.026037	2859.964304
0.026041	2860.422963
0.026045	2860.884204
0.026049	2861.340501
0.026053	2861.793083
0.026057	2862.240521
0.026061	2862.686306
0.026065	2863.1296
0.026068	2863.606777
0.026072	2864.071301
0.026076	2864.531542
0.02608	2865.004545
0.026085	2865.46984
0.026088	2865.926256
0.026092	2866.397497
0.026096	2866.857588
0.0261	2867.313333
0.026104	2867.768729
0.026108	2868.21972
0.026111	2868.6803
0.026115	2869.141131
0.026119	2869.587287
0.026123	2870.043654
0.026127	2870.498358
0.026131	2870.947718
0.026135	2871.423774
0.026139	2871.891972
0.026143	2872.352933
0.026147	2872.818909
0.026151	2873.279319
0.026155	2873.732533
0.026159	2874.190811
0.026163	2874.657658
0.026167	2875.120931
0.026171	2875.578178
0.026175	2876.024204
0.026178	2876.4601
0.026182	2876.920531
0.026186	2877.387668
0.026191	2877.865005
0.026195	2878.331572
0.026199	2878.802943
0.026202	2879.277467
0.026206	2879.737978
0.02621	2880.193934
0.026214	2880.648018
0.026218	2881.11027
0.026222	2881.549359
0.026225	2882.003814
0.02623	2882.46995
0.026233	2882.933043
0.026237	2883.393974
0.026241	2883.836096
0.026245	2884.305676
0.026249	2884.766617
0.026253	2885.228388
0.026256	2885.686486
0.026261	2886.134695
0.026265	2886.590941
0.026268	2887.056496
0.026272	2887.515295
0.026276	2887.962482
0.02628	2888.429199
0.026284	2888.901061
0.026288	2889.356627
0.026292	2889.830931
0.026296	2890.281502
0.0263	2890.737988
0.026304	2891.202923
0.026308	2891.651431
0.026312	2892.112032
0.026316	2892.575606
0.02632	2893.031361
0.026324	2893.482162
0.026328	2893.925586
0.026332	2894.358358
0.026335	2894.813423
0.02634	2895.279019
0.026343	2895.72956
0.026347	2896.178068
0.026351	2896.633564
0.026355	2897.087758
0.026359	2897.541622
0.026363	2897.99957
0.026367	2898.451281
0.026371	2898.903133
0.026375	2899.353303
0.026378	2899.808749
0.026382	2900.260711
0.026386	2900.707908
0.02639	2901.157177
0.026394	2901.607417
0.026398	2902.046416
0.026402	2902.498989
0.026405	2902.947127
0.026409	2903.394845
0.026413	2903.844555
0.026417	2904.305876
0.026421	2904.756747
0.026425	2905.22027
0.026429	2905.701722
0.026433	2906.165335
0.026437	2906.625906
0.026441	2907.096326
0.026444	2907.565566
0.026448	2908.028969
0.026452	2908.491411
0.026456	2908.951972
0.02646	2909.407768
0.026463	2909.863984
0.026467	2910.33044
0.026471	2910.806867
0.026475	2911.279339
0.026478	2911.746517
0.026482	2912.214224
0.026486	2912.668118
0.02649	2913.118959
0.026494	2913.568428
0.026498	2914.031011
0.026502	2914.478148
0.026506	2914.933684
0.026509	2915.391251
0.026513	2915.844014
0.026517	2916.302623
0.026521	2916.756356
0.026525	2917.213493
0.026529	2917.68008
0.026533	2918.135355
0.026537	2918.586036
0.026541	2919.034014
0.026544	2919.493063
0.026548	2919.965405
0.026552	2920.439139
0.026556	2920.885315
0.02656	2921.332753
0.026564	2921.789469
0.026568	2922.248819
0.026572	2922.707447
0.026576	2923.164895
0.02658	2923.623934
0.026583	2924.085275
0.026587	2924.537297
0.026591	2924.996647
0.026595	2925.442392
0.026599	2925.894084
0.026603	2926.353834
0.026607	2926.79988
0.02661	2927.254414
0.026614	2927.708398
0.026618	2928.170821
0.026622	2928.636787
0.026626	2929.097648
0.02663	2929.556036
0.026634	2930.021792
0.026638	2930.497508
0.026642	2930.971231
0.026646	2931.435676
0.02665	2931.898128
0.026654	2932.361481
0.026658	2932.820581
0.026662	2933.288849
0.026666	2933.742843
0.026669	2934.212332
0.026673	2934.681351
0.026677	2935.146617
0.026681	2935.610801
0.026685	2936.073033
0.026689	2936.525105
0.026693	2936.990881
0.026697	2937.450621
0.0267	2937.921812
0.026704	2938.381161
0.026708	2938.841091
0.026712	2939.283574
0.026716	2939.742252
0.02672	2940.190801
0.026723	2940.642332
0.026727	2941.092953
0.026731	2941.549229
0.026735	2942.013644
0.026739	2942.466116
0.026743	2942.913323
0.026746	2943.372302
0.026751	2943.827858
0.026754	2944.286707
0.026758	2944.742623
0.026762	2945.190761
0.026765	2945.641151
0.026769	2946.092382
0.026773	2946.543283
0.026776	2947.001952
0.026781	2947.452142
0.026785	2947.91991
0.026788	2948.386817
0.026792	2948.854785
0.026796	2949.307107
0.0268	2949.748569
0.026804	2950.192643
0.026808	2950.64023
0.026812	2951.097738
0.026816	2951.546577
0.02682	2952.011181
0.026824	2952.526456
0.026828	2953.003463
0.026832	2953.461181
0.026836	2953.924224
0.02684	2954.381421
0.026844	2954.850971
0.026848	2955.311592
0.026851	2955.768979
0.026855	2956.220771
0.026859	2956.678248
0.026863	2957.150971
0.026867	2957.616366
0.026871	2958.071471
0.026875	2958.522973
0.026879	2958.975826
0.026883	2959.427097
0.026887	2959.876436
0.02689	2960.330881
0.026894	2960.774855
0.026898	2961.220741
0.026902	2961.670611
0.026906	2962.110841
0.026909	2962.558709
0.026913	2963.023083
0.026917	2963.471191
0.026921	2963.928338
0.026925	2964.391662
0.026929	2964.847798
0.026933	2965.32046
0.026937	2965.784955
0.026941	2966.236026
0.026945	2966.700521
0.026949	2967.164044
0.026953	2967.632613
0.026957	2968.102873
0.02696	2968.55024
0.026964	2968.994765
0.026968	2969.447177
0.026972	2969.903143
0.026976	2970.365876
0.02698	2970.824595
0.026984	2971.278458
0.026988	2971.750771
0.026992	2972.218839
0.026995	2972.677357
0.026999	2973.15038
0.027003	2973.607237
0.027007	2974.07988
0.027011	2974.546947
0.027015	2974.992092
0.027019	2975.442462
0.027022	2975.912422
0.027027	2976.377578
0.02703	2976.842022
0.027034	2977.301181
0.027038	2977.744665
0.027042	2978.198859
0.027046	2978.656607
0.02705	2979.118689
0.027054	2979.585506
0.027058	2980.048288
0.027061	2980.513834
0.027065	2980.978078
0.027069	2981.443483
0.027073	2981.906036
0.027077	2982.371852
0.027081	2982.835235
0.027085	2983.303003
0.027089	2983.77001
0.027093	2984.224294
0.027097	2984.672553
0.027101	2985.138148
0.027104	2985.594815
0.027108	2986.05962
0.027112	2986.518008
0.027116	2986.97961
0.02712	2987.451982
0.027123	2987.920511
0.027127	2988.38967
0.027131	2988.846837
0.027135	2989.305786
0.027139	2989.75959
0.027143	2990.224825
0.027147	2990.679269
0.027151	2991.140841
0.027154	2991.588619
0.027158	2992.051702
0.027162	2992.524304
0.027166	2992.987377
0.02717	2993.434354
0.027174	2993.900971
0.027178	2994.352002
0.027182	2994.813614
0.027186	2995.275566
0.02719	2995.730651
0.027194	2996.188749
0.027198	2996.661031
0.027202	2997.11953
0.027206	2997.57987
0.02721	2998.030771
0.027213	2998.473023
0.027217	2998.943263
0.027222	2999.410821
0.027226	2999.858088
0.027229	3000.308258
0.027233	3000.747988
0.027237	3001.204344
0.027241	3001.67975
0.027245	3002.147247
0.027249	3002.59973
0.027252	3003.013694
0.027256	3003.461191
0.02726	3003.907117
0.027264	3004.369369
0.027268	3004.812993
0.027271	3005.263043
0.027275	3005.722002
0.027279	3006.176927
0.027283	3006.645646
0.027287	3007.105506
0.02729	3007.547618
0.027294	3008.001201
0.027298	3008.460591
0.027302	3008.905686
0.027306	3009.351471
0.027309	3009.812192
0.027313	3010.274304
0.027317	3010.741932
0.027321	3011.206186
0.027325	3011.664885
0.027329	3012.129159
0.027333	3012.584294
0.027336	3013.025305
0.02734	3013.475776
0.027344	3013.937858
0.027347	3014.399219
0.027351	3014.857908
0.027355	3015.328058
0.027359	3015.804835
0.027363	3016.266887
0.027367	3016.714625
0.027371	3017.184324
0.027375	3017.651121
0.027379	3018.107818
0.027382	3018.56951
0.027386	3019.027768
0.02739	3019.470921
0.027394	3019.931411
0.027398	3020.37968
0.027401	3020.821792
0.027405	3021.257638
0.027409	3021.713083
0.027413	3022.159029
0.027417	3022.615185
0.02742	3023.048969
0.027424	3023.493584
0.027428	3023.962232
0.027432	3024.425015
0.027436	3024.890631
0.02744	3025.3396
0.027443	3025.786507
0.027447	3026.233273
0.027451	3026.683804
0.027455	3027.134865
0.027459	3027.588819
0.027463	3028.037608
0.027467	3028.49958
0.027471	3028.961512
0.027474	3029.407297
0.027478	3029.846667
0.027482	3030.28988
0.027485	3030.747788
0.027489	3031.185766
0.027493	3031.624254
0.027496	3032.063634
0.0275	3032.507618
0.027504	3032.952853
0.027508	3033.401451
0.027512	3033.856316
0.027515	3034.298028
0.027519	3034.742613
0.027523	3035.20986
0.027527	3035.682793
0.027531	3036.132172
0.027535	3036.588358
0.027539	3037.056116
0.027543	3037.535455
0.027546	3037.98993
0.02755	3038.44969
0.027554	3038.901291
0.027558	3039.349489
0.027562	3039.815355
0.027566	3040.284925
0.02757	3040.740781
0.027574	3041.197918
0.027578	3041.643233
0.027581	3042.086977
0.027585	3042.535556
0.027589	3042.994705
0.027593	3043.462172
0.027597	3043.911882
0.027601	3044.363894
0.027605	3044.806567
0.027609	3045.257477
0.027613	3045.698238
0.027616	3046.150901
0.02762	3046.598428
0.027624	3047.045185
0.027628	3047.488408
0.027632	3047.9498
0.027635	3048.407648
0.027639	3048.846887
0.027643	3049.274755
0.027647	3049.696336
0.027651	3050.173934
0.027655	3050.637598
0.027659	3051.083654
0.027662	3051.535786
0.027666	3051.988629
0.02767	3052.44009
0.027674	3052.883774
0.027678	3053.33957
0.027681	3053.791722
0.027685	3054.237457
0.027689	3054.687588
0.027693	3055.141191
0.027697	3055.592082
0.027701	3056.044625
0.027705	3056.506557
0.027709	3056.963804
0.027712	3057.43015
0.027716	3057.893844
0.02772	3058.342603
0.027724	3058.798819
0.027728	3059.2504
0.027731	3059.707878
0.027735	3060.16982
0.027739	3060.627528
0.027743	3061.067898
0.027747	3061.539259
0.027751	3062.02014
0.027755	3062.503083
0.027759	3062.967367
0.027763	3063.417127
0.027767	3063.89032
0.027771	3064.335305
0.027775	3064.74958
0.027779	3065.214735
0.027783	3065.678589
0.027787	3066.13981
0.02779	3066.601381
0.027794	3067.064004
0.027798	3067.527618
0.027802	3067.993534
0.027806	3068.452382
0.02781	3068.908589
0.027814	3069.358458
0.027817	3069.808899
0.027821	3070.261512
0.027825	3070.709219
0.027829	3071.143924
0.027832	3071.590621
0.027836	3072.033073
0.02784	3072.491001
0.027844	3072.958599
0.027848	3073.401892
0.027852	3073.856186
0.027856	3074.305105
0.027859	3074.769189
0.027863	3075.24039
0.027867	3075.70002
0.027871	3076.143904
0.027875	3076.582673
0.027879	3077.048519
0.027883	3077.499289
0.027887	3077.96043
0.027891	3078.422683
0.027894	3078.879239
0.027898	3079.346697
0.027902	3079.810531
0.027906	3080.275175
0.02791	3080.74004
0.027914	3081.191471
0.027917	3081.653323
0.027921	3082.116126
0.027925	3082.567017
0.027929	3083.027397
0.027933	3083.484354
0.027937	3083.931341
0.027941	3084.398679
0.027945	3084.855275
0.027949	3085.301602
0.027952	3085.741622
0.027956	3086.162903
0.02796	3086.616256
0.027964	3087.073944
0.027968	3087.536306
0.027972	3087.998829
0.027976	3088.467247
0.027979	3088.924194
0.027983	3089.388328
0.027987	3089.844915
0.027991	3090.297748
0.027995	3090.757157
0.027998	3091.22988
0.028002	3091.685285
0.028006	3092.135285
0.02801	3092.580951
0.028014	3093.038969
0.028018	3093.506967
0.028021	3093.956557
0.028025	3094.422633
0.028029	3094.88974
0.028034	3095.353083
0.028038	3095.818278
0.028042	3096.277588
0.028046	3096.732973
0.028049	3097.206977
0.028053	3097.675886
0.028057	3098.136056
0.028061	3098.594034
0.028065	3099.045776
0.028069	3099.504354
0.028073	3099.968849
0.028076	3100.411622
0.02808	3100.852242
0.028083	3101.307097
0.028087	3101.752613
0.028091	3102.197037
0.028095	3102.648468
0.028099	3103.102172
0.028103	3103.560641
0.028106	3104.024474
0.02811	3104.487187
0.028114	3104.944194
0.028118	3105.398188
0.028122	3105.850671
0.028126	3106.317437
0.028129	3106.771431
0.028133	3107.238839
0.028137	3107.698729
0.028141	3108.161542
0.028145	3108.628789
0.028149	3109.084935
0.028153	3109.542142
0.028157	3109.996597
0.028161	3110.455025
0.028165	3110.914865
0.028168	3111.371171
0.028172	3111.834765
0.028176	3112.303103
0.02818	3112.762162
0.028184	3113.216486
0.028188	3113.665405
0.028191	3114.119159
0.028195	3114.58041
0.028199	3115.04964
0.028203	3115.532472
0.028207	3115.985215
0.028211	3116.441041
0.028215	3116.903834
0.028219	3117.363664
0.028222	3117.803053
0.028226	3118.242903
0.02823	3118.690601
0.028234	3119.14995
0.028238	3119.615776
0.028242	3120.060781
0.028245	3120.512052
0.028249	3120.955916
0.028253	3121.402953
0.028257	3121.863053
0.028261	3122.305275
0.028264	3122.757938
0.028268	3123.206807
0.028272	3123.650521
0.028276	3124.113203
0.02828	3124.592503
0.028284	3125.045135
0.028288	3125.502503
0.028292	3125.960611
0.028296	3126.407437
0.028299	3126.857738
0.028303	3127.31982
0.028307	3127.781461
0.028311	3128.23965
0.028315	3128.701572
0.028319	3129.156897
0.028323	3129.620611
0.028326	3130.073173
0.02833	3130.528959
0.028334	3130.968188
0.028338	3131.415706
0.028341	3131.884645
0.028345	3132.348398
0.028349	3132.802513
0.028353	3133.273954
0.028357	3133.734895
0.028361	3134.188609
0.028364	3134.636697
0.028368	3135.082883
0.028372	3135.544434
0.028376	3136.002923
0.02838	3136.451512
0.028384	3136.908799
0.028388	3137.380961
0.028391	3137.838939
0.028395	3138.295836
0.028399	3138.76034
0.028403	3139.233754
0.028407	3139.713634
0.028411	3140.184635
0.028415	3140.645105
0.028419	3141.101512
0.028423	3141.564344
0.028427	3142.030871
0.02843	3142.501922
0.028434	3142.957678
0.028438	3143.421682
0.028442	3143.884344
0.028446	3144.340751
0.02845	3144.801361
0.028454	3145.248819
0.028457	3145.698018
0.028461	3146.159379
0.028465	3146.608969
0.028469	3147.073894
0.028473	3147.547688
0.028477	3147.982933
0.028481	3148.426016
0.028484	3148.885155
0.028488	3149.325696
0.028492	3149.767337
0.028496	3150.232893
0.0285	3150.667377
0.028503	3151.11002
0.028507	3151.573373
0.028511	3152.026557
0.028515	3152.479079
0.028518	3152.895205
0.028522	3153.321001
0.028525	3153.773934
0.02853	3154.246496
0.028533	3154.692573
0.028537	3155.146126
0.028541	3155.601271
0.028545	3156.063784
0.028549	3156.528498
0.028553	3156.976807
0.028557	3157.423083
0.028561	3157.865646
0.028565	3158.303263
0.028568	3158.749379
0.028572	3159.204945
0.028576	3159.666997
0.02858	3160.132583
0.028584	3160.581311
0.028588	3161.027067
0.028591	3161.478448
0.028596	3161.94013
0.0286	3162.397127
0.028603	3162.861892
0.028607	3163.316276
0.028611	3163.762993
0.028615	3164.216897
0.02862	3164.682943
0.028623	3165.157417
0.028628	3165.620731
0.028632	3166.084234
0.028636	3166.537497
0.02864	3167.004034
0.028644	3167.475956
0.028648	3167.957467
0.028652	3168.412312
0.028655	3168.858498
0.028659	3169.314284
0.028663	3169.778529
0.028667	3170.229369
0.028671	3170.683213
0.028675	3171.140611
0.028679	3171.607377
0.028683	3172.058468
0.028688	3172.506607
0.028692	3172.972563
0.028695	3173.437788
0.028699	3173.888849
0.028703	3174.336206
0.028707	3174.780601
0.028711	3175.234975
0.028714	3175.687007
0.028718	3176.135055
0.028722	3176.591011
0.028726	3177.049399
0.028729	3177.507207
0.028733	3177.957237
0.028737	3178.424254
0.028741	3178.898398
0.028745	3179.359149
0.028749	3179.817197
0.028753	3180.284875
0.028757	3180.762102
0.028761	3181.247838
0.028765	3181.722472
0.028769	3182.188118
0.028773	3182.6502
0.028777	3183.121421
0.028781	3183.578428
0.028785	3184.039149
0.028789	3184.504394
0.028792	3184.964394
0.028797	3185.426356
0.0288	3185.879049
0.028804	3186.343934
0.028808	3186.80004
0.028812	3187.237457
0.028816	3187.697037
0.02882	3188.142683
0.028823	3188.596757
0.028827	3189.044284
0.028831	3189.493954
0.028835	3189.937888
0.028839	3190.39002
0.028842	3190.843924
0.028846	3191.286426
0.02885	3191.708008
0.028854	3192.146847
0.028857	3192.599499
0.028861	3193.041301
0.028865	3193.484665
0.028869	3193.929349
0.028873	3194.381251
0.028876	3194.838398
0.02888	3195.298599
0.028884	3195.758949
0.028888	3196.21013
0.028891	3196.661051
0.028895	3197.110971
0.028899	3197.572362
0.028903	3198.054625
0.028907	3198.54018
0.028912	3199.004845
0.028916	3199.455566
0.028919	3199.897227
0.028923	3200.35046
0.028927	3200.805245
0.028931	3201.25968
0.028935	3201.724214
0.028939	3202.182523
0.028943	3202.632002
0.028947	3203.098919
0.028951	3203.550761
0.028955	3203.996557
0.028958	3204.445636
0.028962	3204.908218
0.028966	3205.360671
0.02897	3205.814825
0.028974	3206.263463
0.028977	3206.721902
0.028982	3207.196256
0.028986	3207.656837
0.028989	3208.108268
0.028993	3208.555746
0.028997	3208.99975
0.029001	3209.448348
0.029005	3209.905706
0.029009	3210.357077
0.029013	3210.812963
0.029016	3211.254054
0.02902	3211.697487
0.029024	3212.151572
0.029028	3212.60039
0.029031	3213.057598
0.029035	3213.513934
0.029039	3213.960841
0.029043	3214.402643
0.029047	3214.840591
0.029051	3215.281692
0.029055	3215.746326
0.029058	3216.203784
0.029062	3216.667858
0.029066	3217.124605
0.02907	3217.575656
0.029074	3218.036907
0.029078	3218.482773
0.029082	3218.938018
0.029085	3219.394785
0.029089	3219.847668
0.029093	3220.282973
0.029097	3220.730801
0.029101	3221.187738
0.029104	3221.635566
0.029108	3222.082342
0.029112	3222.534985
0.029116	3222.977648
0.02912	3223.424444
0.029123	3223.867798
0.029127	3224.332923
0.029131	3224.795365
0.029135	3225.251491
0.029139	3225.72981
0.029143	3226.206316
0.029147	3226.661862
0.029151	3227.119449
0.029155	3227.594164
0.029159	3228.047998
0.029163	3228.513143
0.029167	3228.991271
0.029171	3229.462653
0.029175	3229.931261
0.029179	3230.390881
0.029182	3230.833664
0.029186	3231.305896
0.02919	3231.75954
0.029194	3232.221371
0.029198	3232.685085
0.029202	3233.135145
0.029206	3233.594214
0.02921	3234.063113
0.029214	3234.528498
0.029218	3234.989029
0.029222	3235.448719
0.029226	3235.90971
0.02923	3236.371471
0.029234	3236.820891
0.029237	3237.279219
0.029241	3237.753113
0.029245	3238.211261
0.029249	3238.66029
0.029252	3239.111291
0.029256	3239.558178
0.02926	3240.005465
0.029264	3240.455105
0.029268	3240.909099
0.029272	3241.364875
0.029276	3241.813664
0.029279	3242.257918
0.029283	3242.720571
0.029287	3243.172933
0.02929	3243.619489
0.029294	3244.094154
0.029299	3244.567838
0.029303	3245.048398
0.029307	3245.518128
0.029311	3245.99033
0.029315	3246.439049
0.029319	3246.885836
0.029322	3247.346787
0.029326	3247.807928
0.02933	3248.275305
0.029334	3248.736256
0.029338	3249.193113
0.029342	3249.63959
0.029346	3250.099409
0.02935	3250.567187
0.029354	3251.02982
0.029358	3251.467998
0.029362	3251.931642
0.029366	3252.388519
0.029369	3252.841952
0.029373	3253.29999
0.029377	3253.744645
0.029381	3254.186406
0.029385	3254.630661
0.029388	3255.087177
0.029392	3255.541321
0.029396	3256.00969
0.0294	3256.463493
0.029404	3256.919309
0.029408	3257.377417
0.029412	3257.843804
0.029416	3258.306667
0.02942	3258.770541
0.029424	3259.225976
0.029428	3259.679169
0.029432	3260.128559
0.029436	3260.604855
0.02944	3261.059139
0.029444	3261.509329
0.029447	3261.977568
0.029451	3262.448799
0.029456	3262.928819
0.02946	3263.401752
0.029464	3263.857277
0.029467	3264.313824
0.029471	3264.781712
0.029475	3265.25964
0.029479	3265.726967
0.029483	3266.187618
0.029487	3266.662673
0.029491	3267.145065
0.029495	3267.618148
0.029499	3268.095005
0.029503	3268.560601
0.029506	3269.027137
0.02951	3269.497157
0.029515	3269.964194
0.029518	3270.412933
0.029522	3270.879469
0.029526	3271.344725
0.02953	3271.813624
0.029534	3272.30016
0.029538	3272.76978
0.029541	3273.220721
0.029545	3273.6802
0.029549	3274.12986
0.029553	3274.589069
0.029557	3275.0601
0.029561	3275.536086
0.029565	3276.002793
0.029569	3276.474284
0.029573	3276.951391
0.029577	3277.423023
0.029581	3277.878609
0.029585	3278.320941
0.029588	3278.766466
0.029593	3279.217668
0.029596	3279.692402
0.0296	3280.16044
0.029604	3280.614204
0.029608	3281.059239
0.029612	3281.511902
0.029616	3281.948689
0.029619	3282.406206
0.029623	3282.875325
0.029627	3283.342623
0.029631	3283.786877
0.029635	3284.240641
0.029639	3284.68951
0.029643	3285.115475
0.029646	3285.565485
0.02965	3286.032472
0.029655	3286.497948
0.029658	3286.960961
0.029662	3287.39985
0.029666	3287.865455
0.02967	3288.325876
0.029674	3288.776046
0.029678	3289.236236
0.029682	3289.696026
0.029686	3290.165866
0.02969	3290.62047
0.029694	3291.079069
0.029697	3291.531782
0.029701	3291.99003
0.029705	3292.436647
0.029709	3292.909009
0.029713	3293.38024
0.029717	3293.836717
0.029721	3294.293173
0.029724	3294.74004
0.029729	3295.210841
0.029732	3295.691572
0.029737	3296.161161
0.029741	3296.630751
0.029744	3297.088218
0.029748	3297.55003
0.029752	3298.026446
0.029756	3298.503033
0.02976	3298.956346
0.029764	3299.413403
0.029767	3299.86954
0.029771	3300.348258
0.029775	3300.824374
0.029779	3301.288228
0.029783	3301.753423
0.029787	3302.229199
0.029791	3302.691401
0.029795	3303.152733
0.029799	3303.638178
0.029803	3304.10995
0.029806	3304.572052
0.029811	3305.04997
0.029814	3305.524615
0.029819	3305.993974
0.029822	3306.461111
0.029826	3306.914194
0.02983	3307.373423
0.029834	3307.837387
0.029838	3308.293073
0.029842	3308.777608
0.029846	3309.263954
0.029849	3309.711832
0.029853	3310.163644
0.029856	3310.617688
0.02986	3311.074755
0.029864	3311.536096
0.029868	3312.010531
0.029872	3312.474785
0.029876	3312.913594
0.029879	3313.365065
0.029883	3313.830711
0.029887	3314.285405
0.029891	3314.735816
0.029895	3315.186336
0.029899	3315.656647
0.029903	3316.133323
0.029907	3316.61038
0.029911	3317.059399
0.029915	3317.512472
0.029918	3317.971391
0.029922	3318.425586
0.029926	3318.892082
0.02993	3319.376166
0.029935	3319.842192
0.029938	3320.315726
0.029942	3320.744695
0.029946	3321.193163
0.02995	3321.67008
0.029953	3322.112302
0.029957	3322.564184
0.029961	3323.036667
0.029965	3323.501181
0.029969	3323.977107
0.029973	3324.458248
0.029977	3324.922002
0.02998	3325.377578
0.029985	3325.851301
0.029989	3326.306076
0.029992	3326.785586
0.029996	3327.270501
0.030001	3327.737808
0.030004	3328.213193
0.030008	3328.652252
0.030012	3329.117908
0.030016	3329.586847
0.03002	3330.042182
0.030024	3330.502362
0.030027	3330.97006
0.030031	3331.427978
0.030035	3331.889319
0.030038	3332.36049
0.030042	3332.817848
0.030046	3333.291291
0.03005	3333.775145
0.030054	3334.222993
0.030058	3334.672803
0.030062	3335.114344
0.030066	3335.572873
0.030069	3336.035686
0.030073	3336.480621
0.030077	3336.938388
0.030081	3337.402873
0.030085	3337.865195
0.030089	3338.324875
0.030093	3338.793514
0.030097	3339.251421
0.030101	3339.718809
0.030105	3340.177748
0.030109	3340.635676
0.030113	3341.104805
0.030117	3341.554034
0.030121	3342.009309
0.030125	3342.476066
0.030129	3342.936527
0.030133	3343.402052
0.030137	3343.870971
0.030141	3344.334494
0.030145	3344.798158
0.030149	3345.268809
0.030152	3345.730821
0.030156	3346.189039
0.03016	3346.641011
0.030164	3347.076717
0.030168	3347.538098
0.030171	3347.992883
0.030175	3348.436957
0.030179	3348.897968
0.030183	3349.355996
0.030187	3349.814645
0.030191	3350.291862
0.030195	3350.754545
0.030198	3351.223964
0.030202	3351.704334
0.030206	3352.170851
0.03021	3352.632913
0.030214	3353.087538
0.030218	3353.541902
0.030222	3354.018719
0.030226	3354.476777
0.03023	3354.950771
0.030234	3355.446947
0.030238	3355.907778
0.030241	3356.370811
0.030245	3356.837558
0.030249	3357.30008
0.030253	3357.786887
0.030257	3358.257317
0.030261	3358.724054
0.030265	3359.192472
0.030269	3359.671892
0.030273	3360.134264
0.030277	3360.608909
0.03028	3361.082392
0.030284	3361.56964
0.030288	3362.037748
0.030292	3362.512482
0.030296	3362.979399
0.0303	3363.436256
0.030304	3363.89957
0.030308	3364.356887
0.030312	3364.817127
0.030316	3365.271862
0.03032	3365.729289
0.030324	3366.194645
0.030328	3366.653864
0.030332	3367.124605
0.030336	3367.581562
0.03034	3368.049099
0.030344	3368.494545
0.030348	3368.9402
0.030352	3369.401101
0.030356	3369.864494
0.03036	3370.332132
0.030364	3370.802523
0.030368	3371.265145
0.030372	3371.713253
0.030375	3372.183473
0.030379	3372.648919
0.030383	3373.11984
0.030387	3373.605155
0.030391	3374.071622
0.030395	3374.533614
0.030399	3374.992503
0.030403	3375.438218
0.030407	3375.898769
0.030411	3376.371882
0.030414	3376.832222
0.030418	3377.300931
0.030422	3377.762593
0.030426	3378.215516
0.03043	3378.691632
0.030434	3379.164024
0.030437	3379.618979
0.030441	3380.071732
0.030445	3380.524875
0.030449	3380.99012
0.030453	3381.46958
0.030457	3381.938739
0.030461	3382.410751
0.030465	3382.873834
0.030469	3383.336066
0.030473	3383.806717
0.030477	3384.27017
0.03048	3384.734384
0.030484	3385.210641
0.030488	3385.695766
0.030492	3386.154464
0.030496	3386.606767
0.0305	3387.056737
0.030504	3387.51974
0.030508	3387.98966
0.030512	3388.444905
0.030515	3388.892192
0.030519	3389.340871
0.030523	3389.781882
0.030526	3390.241211
0.03053	3390.698509
0.030534	3391.147437
0.030538	3391.618448
0.030542	3392.073854
0.030546	3392.524655
0.03055	3392.981572
0.030554	3393.441101
0.030557	3393.901972
0.030561	3394.371171
0.030565	3394.82999
0.030569	3395.295305
0.030573	3395.744494
0.030577	3396.188959
0.030581	3396.642092
0.030585	3397.112472
0.030588	3397.54971
0.030592	3398.016176
0.030596	3398.480671
0.0306	3398.954374
0.030604	3399.41034
0.030608	3399.866106
0.030611	3400.327748
0.030615	3400.794014
0.03062	3401.259009
0.030623	3401.737798
0.030628	3402.208198
0.030631	3402.682272
0.030635	3403.145606
0.030639	3403.616006
0.030643	3404.08034
0.030647	3404.543373
0.030651	3404.993514
0.030655	3405.465726
0.030659	3405.93014
0.030663	3406.396977
0.030667	3406.849019
0.030671	3407.317477
0.030675	3407.788248
0.030679	3408.261752
0.030682	3408.734004
0.030686	3409.202573
0.03069	3409.673814
0.030694	3410.148308
0.030698	3410.617528
0.030702	3411.067297
0.030706	3411.546356
0.03071	3412.030621
0.030714	3412.506466
0.030717	3412.961802
0.030721	3413.44003
0.030725	3413.928228
0.030729	3414.400921
0.030733	3414.874034
0.030737	3415.341832
0.030741	3415.80037
0.030745	3416.278859
0.030749	3416.737247
0.030753	3417.216887
0.030756	3417.692212
0.03076	3418.145335
0.030764	3418.615255
0.030768	3419.08015
0.030772	3419.548769
0.030776	3420.00998
0.03078	3420.487888
0.030784	3420.959279
0.030788	3421.417267
0.030792	3421.881121
0.030796	3422.343103
0.0308	3422.80952
0.030803	3423.268258
0.030807	3423.71981
0.030811	3424.183564
0.030814	3424.645776
0.030818	3425.121712
0.030822	3425.586557
0.030825	3426.041361
0.03083	3426.499159
0.030833	3426.971622
0.030837	3427.453263
0.030841	3427.93025
0.030845	3428.403133
0.030849	3428.867778
0.030853	3429.327758
0.030856	3429.803794
0.03086	3430.250961
0.030864	3430.714304
0.030868	3431.174975
0.030872	3431.635596
0.030876	3432.108879
0.03088	3432.556647
0.030884	3433.018378
0.030887	3433.491291
0.030891	3433.956096
0.030895	3434.416567
0.030899	3434.937287
0.030904	3435.421542
0.030908	3435.899409
0.030911	3436.372513
0.030915	3436.85021
0.030919	3437.321522
0.030923	3437.77956
0.030927	3438.245035
0.03093	3438.704995
0.030934	3439.17015
0.030938	3439.64049
0.030942	3440.1101
0.030946	3440.586046
0.03095	3441.065556
0.030954	3441.531522
0.030958	3441.990781
0.030962	3442.452292
0.030966	3442.922152
0.03097	3443.406847
0.030974	3443.863223
0.030978	3444.319359
0.030982	3444.777287
0.030986	3445.244525
0.03099	3445.70954
0.030994	3446.181732
0.030997	3446.637748
0.031001	3447.091071
0.031005	3447.555896
0.031009	3448.011762
0.031013	3448.467167
0.031017	3448.938879
0.03102	3449.40007
0.031024	3449.858869
0.031028	3450.331101
0.031032	3450.787998
0.031036	3451.25033
0.03104	3451.721191
0.031044	3452.204955
0.031048	3452.683253
0.031052	3453.163003
0.031056	3453.622923
0.03106	3454.089219
0.031063	3454.566476
0.031067	3455.037548
0.031071	3455.498939
0.031075	3455.970501
0.031079	3456.43958
0.031084	3456.925736
0.031087	3457.411261
0.031091	3457.873684
0.031095	3458.336747
0.031099	3458.812533
0.031103	3459.283093
0.031107	3459.768408
0.031111	3460.241802
0.031115	3460.69961
0.031119	3461.165916
0.031122	3461.638328
0.031127	3462.154585
0.03113	3462.634635
0.031135	3463.125195
0.031139	3463.605175
0.031142	3464.087598
0.031146	3464.55994
0.03115	3465.028849
0.031154	3465.49989
0.031158	3465.966887
0.031162	3466.441381
0.031166	3466.917698
0.03117	3467.406837
0.031174	3467.882763
0.031178	3468.362212
0.031182	3468.835375
0.031186	3469.314925
0.031189	3469.794625
0.031193	3470.264154
0.031197	3470.727778
0.031201	3471.195506
0.031205	3471.664114
0.031209	3472.139299
0.031213	3472.613453
0.031217	3473.072302
0.031221	3473.5296
0.031225	3473.997157
0.031229	3474.463103
0.031233	3474.90985
0.031236	3475.357768
0.03124	3475.818759
0.031244	3476.279129
0.031248	3476.735015
0.031252	3477.193594
0.031256	3477.661832
0.03126	3478.13015
0.031263	3478.602593
0.031267	3479.063674
0.031271	3479.52007
0.031275	3479.998739
0.031279	3480.473103
0.031283	3480.953814
0.031287	3481.431962
0.031292	3481.913473
0.031296	3482.394494
0.0313	3482.878268
0.031303	3483.353033
0.031307	3483.812853
0.031311	3484.269219
0.031315	3484.728288
0.031319	3485.188519
0.031323	3485.656947
0.031327	3486.134825
0.031331	3486.608919
0.031334	3487.077407
0.031338	3487.537948
0.031342	3488.008228
0.031346	3488.477568
0.03135	3488.932092
0.031354	3489.395566
0.031358	3489.861922
0.031362	3490.337137
0.031366	3490.816657
0.03137	3491.2902
0.031374	3491.768719
0.031378	3492.252823
0.031382	3492.728458
0.031386	3493.202963
0.03139	3493.683774
0.031394	3494.161962
0.031398	3494.634034
0.031402	3495.098829
0.031405	3495.565966
0.031409	3496.007558
0.031413	3496.465245
0.031417	3496.929019
0.031421	3497.386957
0.031424	3497.844845
0.031428	3498.301892
0.031432	3498.755345
0.031436	3499.217558
0.03144	3499.697387
0.031444	3500.146637
0.031447	3500.592422
0.031451	3501.061882
0.031455	3501.527447
0.031459	3501.996527
0.031463	3502.474935
0.031467	3502.92979
0.031471	3503.401291
0.031475	3503.881421
0.031479	3504.357197
0.031483	3504.841391
0.031487	3505.321141
0.031491	3505.789179
0.031495	3506.265666
0.031499	3506.741001
0.031503	3507.214124
0.031507	3507.686967
0.031511	3508.161622
0.031516	3508.657798
0.03152	3509.133734
0.031523	3509.605736
0.031528	3510.096336
0.031532	3510.583904
0.031536	3511.021792
0.031539	3511.492262
0.031543	3511.972272
0.031547	3512.447447
0.031551	3512.926837
0.031555	3513.392573
0.031559	3513.856917
0.031563	3514.324915
0.031567	3514.793143
0.031571	3515.281451
0.031575	3515.761702
0.031579	3516.232082
0.031583	3516.693203
0.031587	3517.172563
0.03159	3517.625235
0.031594	3518.092783
0.031598	3518.555045
0.031602	3519.017838
0.031607	3519.493223
0.03161	3519.954054
0.031614	3520.412232
0.031618	3520.881051
0.031622	3521.336827
0.031626	3521.802062
0.03163	3522.286757
0.031634	3522.729389
0.031637	3523.171181
0.031641	3523.622823
0.031645	3524.09021
0.031649	3524.56953
0.031652	3525.018819
0.031656	3525.493874
0.03166	3526.002993
0.031664	3526.476617
0.031668	3526.960821
0.031672	3527.442833
0.031676	3527.914945
0.03168	3528.387808
0.031684	3528.846967
0.031688	3529.307027
0.031692	3529.772022
0.031695	3530.226937
0.0317	3530.691962
0.031704	3531.168458
0.031708	3531.631401
0.031712	3532.104565
0.031715	3532.577377
0.031719	3533.038128
0.031723	3533.514675
0.031727	3533.979279
0.031731	3534.431782
0.031735	3534.892132
0.031739	3535.357878
0.031743	3535.836907
0.031747	3536.305986
0.031751	3536.763273
0.031754	3537.23027
0.031759	3537.697217
0.031763	3538.187958
0.031767	3538.660581
0.031771	3539.120971
0.031774	3539.583884
0.031778	3540.05028
0.031782	3540.522462
0.031786	3540.977548
0.03179	3541.433884
0.031794	3541.892422
0.031798	3542.340791
0.031802	3542.809369
0.031806	3543.264775
0.031809	3543.722823
0.031813	3544.192232
0.031817	3544.654084
0.031821	3545.116176
0.031825	3545.584354
0.031829	3546.040851
0.031832	3546.506096
0.031836	3546.985556
0.031841	3547.482052
0.031845	3547.961962
0.031849	3548.415475
0.031852	3548.886316
0.031856	3549.346126
0.03186	3549.822142
0.031865	3550.297828
0.031869	3550.775536
0.031873	3551.232923
0.031877	3551.696486
0.03188	3552.171772
0.031884	3552.622643
0.031888	3553.076206
0.031892	3553.537868
0.031896	3554.014324
0.0319	3554.491802
0.031904	3554.972693
0.031908	3555.456366
0.031912	3555.9302
0.031916	3556.405676
0.03192	3556.882873
0.031924	3557.356436
0.031928	3557.831111
0.031932	3558.314284
0.031936	3558.792102
0.03194	3559.250901
0.031943	3559.716737
0.031948	3560.186306
0.031951	3560.652352
0.031955	3561.131522
0.031959	3561.585616
0.031963	3562.04013
0.031967	3562.509059
0.031971	3562.973954
0.031975	3563.442422
0.031979	3563.914625
0.031983	3564.390661
0.031986	3564.872633
0.03199	3565.347367
0.031994	3565.813413
0.031999	3566.285856
0.032003	3566.757447
0.032007	3567.211822
0.03201	3567.670731
0.032014	3568.142763
0.032018	3568.606106
0.032022	3569.087287
0.032026	3569.550701
0.03203	3570.015105
0.032034	3570.473033
0.032038	3570.943443
0.032042	3571.418569
0.032046	3571.890601
0.032049	3572.341421
0.032053	3572.800551
0.032057	3573.269449
0.032061	3573.737918
0.032065	3574.216847
0.032069	3574.683113
0.032073	3575.146927
0.032077	3575.621752
0.032081	3576.094344
0.032085	3576.56964
0.032089	3577.044074
0.032093	3577.501942
0.032097	3577.958408
0.032101	3578.418218
0.032104	3578.877087
0.032108	3579.341251
0.032112	3579.808709
0.032116	3580.297918
0.03212	3580.775806
0.032124	3581.247347
0.032128	3581.711001
0.032132	3582.171051
0.032136	3582.645215
0.03214	3583.12984
0.032144	3583.613714
0.032148	3584.081261
0.032152	3584.555495
0.032155	3585.023453
0.032159	3585.489159
0.032163	3585.965085
0.032167	3586.436827
0.032171	3586.907127
0.032174	3587.368348
0.032178	3587.836276
0.032183	3588.307387
0.032186	3588.781572
0.03219	3589.254865
0.032194	3589.73036
0.032199	3590.208388
0.032203	3590.691091
0.032207	3591.154074
0.032211	3591.621592
0.032215	3592.102452
0.032219	3592.5696
0.032223	3593.0296
0.032227	3593.491451
0.032231	3593.964635
0.032235	3594.43987
0.032239	3594.903854
0.032243	3595.365325
0.032247	3595.837277
0.032251	3596.310781
0.032255	3596.777728
0.032259	3597.247217
0.032263	3597.71983
0.032267	3598.196116
0.032271	3598.661281
0.032275	3599.126476
0.032278	3599.594164
0.032282	3600.054865
0.032286	3600.51044
0.03229	3600.982713
0.032294	3601.464274
0.032298	3601.92977
0.032301	3602.382823
0.032305	3602.841251
0.032309	3603.308278
0.032313	3603.77986
0.032317	3604.238879
0.032321	3604.706346
0.032324	3605.157648
0.032328	3605.606597
0.032332	3606.061221
0.032336	3606.526757
0.03234	3606.997768
0.032344	3607.474955
0.032348	3607.945365
0.032351	3608.410921
0.032355	3608.877297
0.032359	3609.352923
0.032363	3609.834044
0.032367	3610.286036
0.032371	3610.745235
0.032374	3611.221522
0.032378	3611.704965
0.032382	3612.176456
0.032386	3612.656206
0.03239	3613.134875
0.032394	3613.580821
0.032398	3614.064344
0.032402	3614.546226
0.032406	3615.008208
0.03241	3615.479499
0.032414	3615.945776
0.032418	3616.438168
0.032422	3616.928048
0.032425	3617.400661
0.032429	3617.866897
0.032433	3618.34045
0.032437	3618.807808
0.032441	3619.275035
0.032445	3619.747047
0.032449	3620.219269
0.032452	3620.688749
0.032456	3621.151932
0.03246	3621.624505
0.032464	3622.106907
0.032468	3622.566446
0.032471	3623.020851
0.032475	3623.482813
0.032479	3623.949419
0.032483	3624.432232
0.032487	3624.90974
0.032491	3625.386777
0.032495	3625.865405
0.032499	3626.339389
0.032503	3626.807057
0.032507	3627.276406
0.03251	3627.743504
0.032514	3628.218569
0.032518	3628.693343
0.032522	3629.146807
0.032525	3629.608218
0.032529	3630.072062
0.032533	3630.52994
0.032537	3630.98978
0.032541	3631.443323
0.032544	3631.912442
0.032548	3632.392032
0.032553	3632.873493
0.032556	3633.342042
0.03256	3633.802272
0.032564	3634.268919
0.032567	3634.741041
0.032571	3635.205956
0.032575	3635.679039
0.032579	3636.164915
0.032583	3636.639149
0.032587	3637.09957
0.032591	3637.59008
0.032595	3638.068468
0.032599	3638.549279
0.032603	3639.035075
0.032607	3639.501822
0.032611	3639.987027
0.032615	3640.467227
0.032618	3640.906967
0.032622	3641.334254
0.032626	3641.796006
0.03263	3642.251141
0.032633	3642.706406
0.032637	3643.156176
0.032641	3643.614575
0.032644	3644.082362
0.032648	3644.547658
0.032652	3645.02011
0.032656	3645.477598
0.03266	3645.932573
0.032664	3646.398018
0.032668	3646.867938
0.032672	3647.337678
0.032676	3647.82002
0.03268	3648.287718
0.032684	3648.754074
0.032687	3649.226597
0.032691	3649.687988
0.032695	3650.150651
0.032699	3650.615455
0.032703	3651.075756
0.032706	3651.562523
0.03271	3652.056456
0.032714	3652.540981
0.032718	3653.032132
0.032722	3653.526306
0.032726	3654.00988
0.03273	3654.474985
0.032734	3654.94986
0.032738	3655.42005
0.032742	3655.903373
0.032746	3656.391522
0.03275	3656.868619
0.032754	3657.348118
0.032758	3657.82998
0.032762	3658.309299
0.032766	3658.787978
0.03277	3659.25038
0.032774	3659.746967
0.032778	3660.22974
0.032782	3660.687628
0.032786	3661.161001
0.03279	3661.634004
0.032794	3662.117678
0.032799	3662.601431
0.032802	3663.044795
0.032806	3663.508779
0.03281	3663.982853
0.032814	3664.457367
0.032818	3664.938388
0.032822	3665.407658
0.032826	3665.874194
0.03283	3666.359379
0.032834	3666.834705
0.032838	3667.30998
0.032842	3667.79956
0.032846	3668.267828
0.03285	3668.745916
0.032853	3669.234845
0.032857	3669.713443
0.032861	3670.195666
0.032865	3670.667027
0.032869	3671.134364
0.032873	3671.605736
0.032877	3672.079249
0.032881	3672.547528
0.032885	3673.021552
0.032889	3673.495345
0.032892	3673.97008
0.032896	3674.452472
0.0329	3674.936316
0.032904	3675.414885
0.032908	3675.910981
0.032913	3676.400561
0.032917	3676.89006
0.03292	3677.373083
0.032924	3677.849369
0.032928	3678.341351
0.032932	3678.818509
0.032936	3679.306266
0.03294	3679.803844
0.032944	3680.298859
0.032948	3680.79018
0.032953	3681.281291
0.032957	3681.763153
0.03296	3682.247417
0.032965	3682.721802
0.032969	3683.196827
0.032973	3683.682553
0.032976	3684.151722
0.03298	3684.622182
0.032984	3685.096146
0.032988	3685.584855
0.032992	3686.075736
0.032996	3686.581902
0.033	3687.075015
0.033004	3687.560971
0.033008	3688.046076
0.033012	3688.531742
0.033016	3689.021321
0.03302	3689.524925
0.033025	3690.021441
0.033029	3690.521121
0.033033	3691.001001
0.033036	3691.464635
0.033041	3691.941552
0.033045	3692.406877
0.033049	3692.861101
0.033053	3693.328388
0.033056	3693.783534
0.03306	3694.254765
0.033064	3694.736597
0.033068	3695.208008
0.033072	3695.675626
0.033076	3696.132322
0.033079	3696.607718
0.033083	3697.076787
0.033087	3697.561732
0.033091	3698.038659
0.033095	3698.537367
0.033099	3699.018509
0.033104	3699.503253
0.033108	3699.972322
0.033112	3700.464074
0.033115	3700.945536
0.033119	3701.418959
0.033123	3701.892412
0.033127	3702.358639
0.033131	3702.824555
0.033135	3703.303894
0.033139	3703.79964
0.033143	3704.27983
0.033147	3704.765766
0.033151	3705.252533
0.033156	3705.739159
0.03316	3706.219299
0.033164	3706.714094
0.033168	3707.196316
0.033172	3707.683584
0.033176	3708.156496
0.03318	3708.629469
0.033184	3709.105686
0.033188	3709.575786
0.033192	3710.033083
0.033196	3710.50036
0.033201	3710.987998
0.033205	3711.461061
0.033209	3711.927678
0.033213	3712.391201
0.033217	3712.862823
0.03322	3713.334034
0.033224	3713.825395
0.033228	3714.307588
0.033233	3714.790941
0.033237	3715.275105
0.033241	3715.753944
0.033245	3716.224695
0.033249	3716.698008
0.033253	3717.173924
0.033257	3717.646947
0.03326	3718.112633
0.033264	3718.580891
0.033268	3719.058669
0.033272	3719.529359
0.033276	3720.003794
0.03328	3720.479359
0.033283	3720.938348
0.033287	3721.41963
0.033291	3721.902152
0.033296	3722.389379
0.0333	3722.866977
0.033304	3723.359309
0.033308	3723.82951
0.033311	3724.298569
0.033315	3724.762242
0.033319	3725.232432
0.033323	3725.702072
0.033326	3726.167237
0.033331	3726.64959
0.033334	3727.127888
0.033338	3727.593864
0.033343	3728.067397
0.033346	3728.535165
0.03335	3729.01035
0.033354	3729.502442
0.033359	3729.982312
0.033363	3730.465465
0.033366	3730.929249
0.03337	3731.394675
0.033374	3731.883994
0.033379	3732.364675
0.033383	3732.83956
0.033387	3733.296416
0.03339	3733.773804
0.033395	3734.247678
0.033399	3734.72024
0.033402	3735.177337
0.033406	3735.636096
0.03341	3736.10988
0.033415	3736.595976
0.033419	3737.075165
0.033423	3737.546476
0.033427	3738.033744
0.033431	3738.528468
0.033435	3739.018468
0.033439	3739.498248
0.033443	3739.982092
0.033447	3740.442412
0.033451	3740.912873
0.033455	3741.391752
0.033459	3741.881411
0.033463	3742.362392
0.033467	3742.858198
0.033472	3743.3399
0.033475	3743.792462
0.033479	3744.259089
0.033483	3744.724254
0.033487	3745.192543
0.033491	3745.663774
0.033495	3746.125856
0.033499	3746.59991
0.033503	3747.06984
0.033507	3747.547157
0.033511	3748.014054
0.033515	3748.481772
0.033519	3748.963764
0.033523	3749.441351
0.033527	3749.907828
0.033531	3750.39994
0.033535	3750.866517
0.033539	3751.334064
0.033543	3751.824665
0.033547	3752.30011
0.033551	3752.777888
0.033555	3753.273684
0.03356	3753.782302
0.033564	3754.284414
0.033568	3754.778118
0.033572	3755.254595
0.033576	3755.723253
0.03358	3756.190701
0.033584	3756.659189
0.033588	3757.141992
0.033592	3757.628519
0.033596	3758.101712
0.0336	3758.597467
0.033604	3759.083393
0.033608	3759.568308
0.033612	3760.052492
0.033616	3760.538308
0.03362	3761.013824
0.033624	3761.50048
0.033628	3761.956476
0.033632	3762.414915
0.033636	3762.895976
0.03364	3763.372613
0.033644	3763.855796
0.033648	3764.334094
0.033652	3764.791271
0.033655	3765.249009
0.03366	3765.715145
0.033664	3766.201071
0.033668	3766.69
0.033672	3767.162933
0.033676	3767.625095
0.03368	3768.10998
0.033685	3768.594404
0.033688	3769.079039
0.033692	3769.544154
0.033697	3770.020931
0.0337	3770.507778
0.033704	3770.983283
0.033708	3771.452813
0.033712	3771.945455
0.033717	3772.438659
0.033721	3772.926767
0.033725	3773.408789
0.033729	3773.887528
0.033733	3774.366947
0.033737	3774.852983
0.033741	3775.346607
0.033746	3775.836787
0.03375	3776.313884
0.033754	3776.787067
0.033758	3777.273443
0.033762	3777.757698
0.033766	3778.217528
0.03377	3778.686837
0.033774	3779.1699
0.033778	3779.653053
0.033782	3780.14006
0.033786	3780.617037
0.03379	3781.09025
0.033794	3781.557427
0.033798	3782.033724
0.033803	3782.544174
0.033807	3783.038308
0.033811	3783.507397
0.033815	3783.986597
0.033819	3784.473724
0.033823	3784.96963
0.033827	3785.444865
0.033831	3785.902903
0.033835	3786.36998
0.033839	3786.851812
0.033843	3787.324955
0.033847	3787.805546
0.033851	3788.289359
0.033855	3788.76016
0.033859	3789.231752
0.033863	3789.723373
0.033867	3790.212252
0.033872	3790.694565
0.033875	3791.171622
0.033879	3791.644675
0.033884	3792.140771
0.033888	3792.633023
0.033892	3793.11014
0.033896	3793.579359
0.0339	3794.058769
0.033904	3794.536146
0.033908	3795.015365
0.033912	3795.504034
0.033916	3795.974034
0.03392	3796.453383
0.033924	3796.918679
0.033928	3797.369269
0.033932	3797.848719
0.033936	3798.322643
0.03394	3798.80997
0.033944	3799.267578
0.033948	3799.737658
0.033952	3800.214074
0.033956	3800.70041
0.03396	3801.184264
0.033964	3801.663644
0.033968	3802.148729
0.033972	3802.616527
0.033977	3803.099139
0.033981	3803.567187
0.033985	3804.035425
0.033989	3804.526396
0.033993	3805.012132
0.033997	3805.501642
0.034	3805.981351
0.034004	3806.463043
0.034009	3806.945265
0.034012	3807.430541
0.034016	3807.904755
0.03402	3808.390701
0.034024	3808.871772
0.034028	3809.338308
0.034032	3809.82013
0.034036	3810.292462
0.03404	3810.761171
0.034044	3811.241461
0.034047	3811.72008
0.034051	3812.191732
0.034055	3812.665916
0.034059	3813.131201
0.034063	3813.608438
0.034067	3814.087618
0.034071	3814.551762
0.034075	3815.028088
0.034079	3815.504024
0.034083	3815.984555
0.034087	3816.47048
0.034091	3816.961782
0.034095	3817.44011
0.034099	3817.945546
0.034103	3818.432533
0.034107	3818.924615
0.034111	3819.429059
0.034115	3819.918699
0.034119	3820.40049
0.034123	3820.885736
0.034127	3821.365576
0.034131	3821.848368
0.034135	3822.326466
0.034139	3822.800761
0.034143	3823.291862
0.034148	3823.772513
0.034152	3824.251562
0.034156	3824.74007
0.03416	3825.212042
0.034164	3825.699499
0.034168	3826.173774
0.034172	3826.632813
0.034175	3827.111912
0.034179	3827.59009
0.034183	3828.064825
0.034187	3828.545546
0.034191	3829.005095
0.034195	3829.48015
0.034199	3829.94967
0.034203	3830.426226
0.034207	3830.893463
0.034211	3831.374344
0.034216	3831.854895
0.03422	3832.336066
0.034224	3832.811071
0.034227	3833.277407
0.034231	3833.752222
0.034235	3834.231031
0.034239	3834.711522
0.034243	3835.181481
0.034247	3835.64999
0.034251	3836.12039
0.034255	3836.603594
0.034259	3837.08018
0.034263	3837.558228
0.034267	3838.034354
0.034271	3838.514384
0.034275	3839.00012
0.034279	3839.471181
0.034283	3839.958018
0.034287	3840.446757
0.034292	3840.920971
0.034296	3841.403934
0.034299	3841.883944
0.034303	3842.351031
0.034307	3842.838078
0.034311	3843.327518
0.034316	3843.822382
0.03432	3844.319009
0.034324	3844.802122
0.034328	3845.274414
0.034332	3845.755385
0.034336	3846.248769
0.03434	3846.748729
0.034345	3847.247778
0.034349	3847.743333
0.034353	3848.22035
0.034357	3848.705746
0.034361	3849.189439
0.034365	3849.683313
0.034369	3850.17987
0.034373	3850.66028
0.034377	3851.147167
0.034381	3851.634084
0.034385	3852.118579
0.03439	3852.628128
0.034394	3853.11998
0.034398	3853.598519
0.034402	3854.080791
0.034406	3854.552783
0.03441	3855.042853
0.034414	3855.533794
0.034418	3856.013403
0.034422	3856.490731
0.034426	3856.979449
0.03443	3857.461882
0.034434	3857.937798
0.034438	3858.421001
0.034442	3858.90044
0.034446	3859.391972
0.03445	3859.864755
0.034454	3860.334965
0.034458	3860.812362
0.034462	3861.289379
0.034466	3861.776787
0.03447	3862.277848
0.034474	3862.754254
0.034479	3863.246557
0.034483	3863.75014
0.034487	3864.235666
0.034491	3864.723974
0.034495	3865.209469
0.034498	3865.694324
0.034503	3866.180991
0.034507	3866.662543
0.034511	3867.147217
0.034515	3867.635926
0.034519	3868.121011
0.034523	3868.612212
0.034527	3869.106657
0.034531	3869.59035
0.034535	3870.077548
0.03454	3870.574034
0.034543	3871.062503
0.034548	3871.547888
0.034551	3872.022533
0.034555	3872.516677
0.03456	3872.994805
0.034564	3873.48018
0.034568	3873.97994
0.034572	3874.470721
0.034577	3874.944314
0.03458	3875.417898
0.034585	3875.885335
0.034589	3876.37001
0.034593	3876.855325
0.034597	3877.338569
0.034601	3877.824124
0.034605	3878.325566
0.034609	3878.802893
0.034613	3879.286567
0.034617	3879.777608
0.034621	3880.278188
0.034625	3880.774635
0.034629	3881.255926
0.034633	3881.73971
0.034638	3882.220821
0.034641	3882.716637
0.034646	3883.207447
0.03465	3883.697998
0.034654	3884.176947
0.034658	3884.67049
0.034662	3885.14976
0.034666	3885.621932
0.03467	3886.110871
0.034674	3886.543594
0.034678	3887.007197
0.034682	3887.472733
0.034686	3887.942492
0.03469	3888.416166
0.034694	3888.887858
0.034698	3889.373163
0.034702	3889.85028
0.034706	3890.336637
0.03471	3890.804274
0.034714	3891.294915
0.034718	3891.797487
0.034722	3892.26984
0.034726	3892.75028
0.03473	3893.241191
0.034734	3893.734765
0.034738	3894.209169
0.034742	3894.675786
0.034746	3895.165005
0.034751	3895.655275
0.034754	3896.142042
0.034759	3896.622803
0.034763	3897.111562
0.034767	3897.61007
0.034771	3898.093744
0.034776	3898.583253
0.03478	3899.057167
0.034784	3899.544254
0.034788	3900.037207
0.034792	3900.531071
0.034797	3901.021261
0.034801	3901.495616
0.034805	3901.971071
0.034809	3902.444384
0.034813	3902.922382
0.034817	3903.416006
0.034821	3903.903073
0.034826	3904.392212
0.03483	3904.870841
0.034834	3905.361562
0.034838	3905.833594
0.034842	3906.316106
0.034846	3906.804955
0.03485	3907.291371
0.034854	3907.76984
0.034858	3908.25037
0.034862	3908.73983
0.034866	3909.168909
0.03487	3909.63043
0.034874	3910.097538
0.034878	3910.576527
0.034882	3911.051461
0.034886	3911.524464
0.03489	3912.004925
0.034894	3912.475475
0.034898	3912.962673
0.034902	3913.447197
0.034906	3913.922523
0.03491	3914.395966
0.034914	3914.893443
0.034918	3915.379289
0.034922	3915.872002
0.034926	3916.353564
0.03493	3916.845696
0.034934	3917.325946
0.034938	3917.794404
0.034942	3918.276927
0.034946	3918.773794
0.034951	3919.269139
0.034954	3919.751632
0.034958	3920.22995
0.034963	3920.707337
0.034967	3921.194464
0.034971	3921.682122
0.034975	3922.165576
0.034979	3922.657357
0.034984	3923.152883
0.034988	3923.643403
0.034992	3924.14038
0.034996	3924.642002
0.035001	3925.126737
0.035004	3925.613433
0.035009	3926.090901
0.035013	3926.560651
0.035017	3927.025315
0.035021	3927.491061
0.035025	3927.966677
0.035029	3928.465766
0.035033	3928.956046
0.035037	3929.427948
0.035041	3929.906416
0.035044	3930.392172
0.035048	3930.868579
0.035053	3931.355876
0.035057	3931.839169
0.035061	3932.327878
0.035065	3932.825636
0.035069	3933.321351
0.035073	3933.808008
0.035077	3934.286046
0.035081	3934.784314
0.035086	3935.281502
0.03509	3935.758719
0.035094	3936.238218
0.035098	3936.717477
0.035102	3937.192793
0.035106	3937.678128
0.03511	3938.16013
0.035115	3938.645175
0.035119	3939.126937
0.035123	3939.614414
0.035127	3940.105506
0.035132	3940.598308
0.035136	3941.084374
0.03514	3941.566767
0.035144	3942.053534
0.035148	3942.528428
0.035152	3943.006026
0.035156	3943.486276
0.03516	3943.954645
0.035164	3944.424374
0.035168	3944.908268
0.035173	3945.384965
0.035177	3945.864114
0.035181	3946.342342
0.035184	3946.819139
0.035188	3947.307558
0.035193	3947.795295
0.035197	3948.292202
0.035201	3948.776567
0.035205	3949.252763
0.03521	3949.750821
0.035214	3950.241512
0.035218	3950.723604
0.035222	3951.214875
0.035226	3951.706346
0.03523	3952.200751
0.035234	3952.690931
0.035238	3953.175015
0.035242	3953.658929
0.035246	3954.147147
0.03525	3954.640821
0.035255	3955.145325
0.035259	3955.642402
0.035263	3956.140891
0.035267	3956.631151
0.035271	3957.108639
0.035275	3957.595005
0.035279	3958.073904
0.035283	3958.561201
0.035287	3959.050961
0.035291	3959.534715
0.035295	3960.027157
0.035299	3960.523964
0.035303	3961.021461
0.035307	3961.527638
0.035312	3962.037788
0.035316	3962.534434
0.03532	3963.02032
0.035325	3963.524274
0.035329	3964.019389
0.035333	3964.504825
0.035337	3964.994845
0.035341	3965.498929
0.035345	3966.014334
0.035349	3966.502292
0.035354	3966.981141
0.035358	3967.486136
0.035362	3967.991522
0.035366	3968.486967
0.035371	3968.982322
0.035375	3969.471141
0.035379	3969.956577
0.035383	3970.440671
0.035387	3970.932553
0.035391	3971.431111
0.035395	3971.928909
0.0354	3972.432823
0.035404	3972.94009
0.035408	3973.439219
0.035412	3973.92986
0.035416	3974.425305
0.03542	3974.914314
0.035424	3975.405405
0.035428	3975.89005
0.035432	3976.368448
0.035436	3976.866276
0.035441	3977.366186
0.035445	3977.848689
0.035449	3978.332753
0.035453	3978.810801
0.035457	3979.292362
0.035461	3979.784565
0.035465	3980.257968
0.035469	3980.74015
0.035473	3981.222182
0.035477	3981.694124
0.035481	3982.171562
0.035485	3982.661301
0.03549	3983.147668
0.035493	3983.633504
0.035498	3984.116016
0.035502	3984.601121
0.035505	3985.082673
0.035509	3985.537858
0.035514	3986.015566
0.035518	3986.494515
0.035521	3986.972623
0.035525	3987.461582
0.035529	3987.951632
0.035533	3988.426376
0.035538	3988.912533
0.035542	3989.398338
0.035546	3989.875045
0.03555	3990.366897
0.035554	3990.853173
0.035558	3991.338288
0.035562	3991.828769
0.035566	3992.30032
0.03557	3992.773964
0.035574	3993.2601
0.035579	3993.752332
0.035583	3994.232963
0.035587	3994.718729
0.035591	3995.194685
0.035595	3995.686036
0.035599	3996.15997
0.035603	3996.646927
0.035607	3997.131341
0.035611	3997.624545
0.035615	3998.125045
0.035619	3998.61975
0.035623	3999.10039
0.035627	3999.59021
0.035631	4000.083774
0.035635	4000.593263
0.03564	4001.087377
0.035644	4001.58979
0.035648	4002.087007
0.035653	4002.591141
0.035657	4003.083824
0.035661	4003.581652
0.035665	4004.066607
0.035669	4004.525345
0.035673	4005.001612
0.035677	4005.48977
0.035681	4005.981331
0.035685	4006.477828
0.035689	4006.962673
0.035693	4007.445295
0.035697	4007.943403
0.035701	4008.429449
0.035705	4008.906967
0.035709	4009.394464
0.035713	4009.876486
0.035717	4010.369399
0.035722	4010.867878
0.035726	4011.351371
0.03573	4011.841201
0.035734	4012.334264
0.035738	4012.833303
0.035742	4013.317728
0.035746	4013.785546
0.03575	4014.274695
0.035754	4014.761762
0.035758	4015.245756
0.035762	4015.729469
0.035766	4016.19956
0.03577	4016.685876
0.035773	4017.183483
0.035778	4017.671812
0.035782	4018.149399
0.035786	4018.636757
0.03579	4019.133173
0.035794	4019.632733
0.035798	4020.125956
0.035803	4020.622212
0.035807	4021.12048
0.035811	4021.616687
0.035815	4022.117477
0.035819	4022.619309
0.035824	4023.113834
0.035828	4023.615435
0.035832	4024.113463
0.035836	4024.60999
0.03584	4025.099339
0.035844	4025.58963
0.035848	4026.048148
0.035853	4026.532933
0.035857	4027.031431
0.035861	4027.515676
0.035865	4028.005325
0.035869	4028.481211
0.035873	4029.015826
0.035877	4029.520621
0.035881	4030.028849
0.035885	4030.517117
0.035889	4030.998639
0.035894	4031.502873
0.035898	4031.992042
0.035902	4032.484745
0.035906	4032.964945
0.03591	4033.447207
0.035914	4033.931592
0.035918	4034.415075
0.035922	4034.897257
0.035926	4035.376527
0.03593	4035.860831
0.035934	4036.338959
0.035938	4036.811241
0.035942	4037.283624
0.035946	4037.773914
0.03595	4038.258458
0.035954	4038.741962
0.035958	4039.231652
0.035962	4039.727187
0.035966	4040.214875
0.035971	4040.703534
0.035974	4041.198609
0.035979	4041.698779
0.035983	4042.201201
0.035987	4042.694094
0.035991	4043.196306
0.035995	4043.687067
0.036	4044.173443
0.036004	4044.66024
0.036008	4045.154224
0.036012	4045.646066
0.036016	4046.127197
0.03602	4046.62043
0.036024	4047.118138
0.036028	4047.60952
0.036032	4048.113023
0.036036	4048.593534
0.03604	4049.082623
0.036044	4049.56997
0.036048	4050.058959
0.036052	4050.541211
0.036056	4051.033383
0.036061	4051.518368
0.036065	4052.027457
0.036069	4052.505285
0.036073	4052.98987
0.036077	4053.476136
0.036081	4053.955846
0.036085	4054.439299
0.036089	4054.92018
0.036093	4055.40016
0.036097	4055.895516
0.036101	4056.382963
0.036106	4056.866777
0.03611	4057.364084
0.036114	4057.841752
0.036118	4058.337828
0.036122	4058.828318
0.036127	4059.323353
0.036131	4059.80984
0.036135	4060.274274
0.036138	4060.747948
0.036143	4061.240631
0.036147	4061.73026
0.036151	4062.216717
0.036155	4062.697678
0.036159	4063.186957
0.036163	4063.686667
0.036168	4064.197628
0.036172	4064.692142
0.036176	4065.203694
0.03618	4065.699379
0.036184	4066.188859
0.036189	4066.690871
0.036193	4067.177077
0.036197	4067.658949
0.036201	4068.14972
0.036205	4068.642853
0.036209	4069.145896
0.036213	4069.646937
0.036217	4070.13952
0.036221	4070.624705
0.036225	4071.10952
0.036229	4071.611852
0.036233	4072.108078
0.036238	4072.594895
0.036242	4073.092002
0.036246	4073.603734
0.03625	4074.108929
0.036254	4074.615385
0.036259	4075.111962
0.036263	4075.596737
0.036267	4076.098248
0.036271	4076.593974
0.036275	4077.078158
0.036279	4077.579009
0.036283	4078.069329
0.036287	4078.570971
0.036292	4079.062302
0.036296	4079.540941
0.0363	4080.037137
0.036304	4080.524104
0.036308	4081.017808
0.036312	4081.511141
0.036316	4081.993724
0.036321	4082.487948
0.036325	4082.988609
0.036329	4083.486446
0.036333	4083.975706
0.036337	4084.459449
0.036341	4084.952773
0.036346	4085.456817
0.03635	4085.944555
0.036354	4086.458679
0.036358	4086.97002
0.036362	4087.462703
0.036367	4087.948138
0.036371	4088.446637
0.036375	4088.932893
0.036379	4089.438338
0.036383	4089.948008
0.036388	4090.441702
0.036392	4090.930641
0.036396	4091.408779
0.0364	4091.89979
0.036404	4092.385626
0.036408	4092.873253
0.036412	4093.364124
0.036417	4093.882342
0.036421	4094.381612
0.036425	4094.877518
0.036429	4095.389279
0.036433	4095.874104
0.036438	4096.368609
0.036442	4096.878619
0.036446	4097.367017
0.03645	4097.875696
0.036454	4098.359229
0.036459	4098.858969
0.036463	4099.358348
0.036467	4099.856366
0.036472	4100.353033
0.036476	4100.87044
0.03648	4101.404865
0.036484	4101.913594
0.036489	4102.400601
0.036493	4102.892723
0.036498	4103.409029
0.036502	4103.915666
0.036506	4104.407347
0.03651	4104.93032
0.036515	4105.438879
0.036519	4105.93955
0.036523	4106.413433
0.036527	4106.901361
0.036531	4107.390571
0.036535	4107.867167
0.036539	4108.331171
0.036543	4108.823704
0.036548	4109.319109
0.036552	4109.820611
0.036556	4110.318619
0.03656	4110.803393
0.036564	4111.282743
0.036569	4111.773173
0.036573	4112.250521
0.036576	4112.751742
0.036581	4113.250751
0.036584	4113.731491
0.036589	4114.214785
0.036593	4114.674174
0.036597	4115.142402
0.036601	4115.62965
0.036605	4116.112422
0.036609	4116.598378
0.036613	4117.084865
0.036617	4117.577528
0.036621	4118.059309
0.036625	4118.540611
0.036629	4119.016777
0.036633	4119.487057
0.036637	4119.98022
0.036641	4120.451872
0.036645	4120.932583
0.036649	4121.417267
0.036654	4121.908088
0.036658	4122.397407
0.036662	4122.870651
0.036666	4123.362082
0.03667	4123.869099
0.036674	4124.398819
0.036679	4124.88965
0.036683	4125.386697
0.036687	4125.880721
0.036691	4126.371542
0.036696	4126.855606
0.036699	4127.342683
0.036703	4127.833894
0.036707	4128.316877
0.036712	4128.825345
0.036716	4129.320631
0.03672	4129.816547
0.036724	4130.306456
0.036728	4130.789189
0.036732	4131.264815
0.036736	4131.765075
0.03674	4132.24961
0.036744	4132.74041
0.036749	4133.230901
0.036753	4133.725245
0.036757	4134.222432
0.036761	4134.732362
0.036765	4135.222172
0.036769	4135.699469
0.036773	4136.175075
0.036777	4136.656867
0.036782	4137.165275
0.036786	4137.654264
0.03679	4138.150641
0.036794	4138.637157
0.036798	4139.128559
0.036802	4139.622773
0.036806	4140.112362
0.036811	4140.615415
0.036815	4141.119199
0.036819	4141.612943
0.036823	4142.103614
0.036827	4142.591361
0.036831	4143.087337
0.036835	4143.562633
0.036839	4144.044855
0.036844	4144.551281
0.036848	4145.054054
0.036852	4145.567417
0.036856	4146.06032
0.03686	4146.554234
0.036864	4147.058458
0.036868	4147.539429
0.036872	4148.034044
0.036876	4148.527768
0.03688	4149.02963
0.036885	4149.52973
0.036889	4150.016176
0.036893	4150.511882
0.036897	4151.008789
0.036901	4151.493003
0.036905	4151.977838
0.03691	4152.471572
0.036914	4152.955495
0.036918	4153.448979
0.036923	4153.942322
0.036927	4154.429139
0.036931	4154.934024
0.036935	4155.42961
0.036939	4155.924144
0.036944	4156.409029
0.036948	4156.895856
0.036952	4157.388498
0.036956	4157.874414
0.03696	4158.369209
0.036965	4158.868258
0.036969	4159.364294
0.036973	4159.867928
0.036977	4160.3496
0.036981	4160.831451
0.036986	4161.325135
0.03699	4161.817307
0.036994	4162.31003
0.036999	4162.795686
0.037003	4163.29031
0.037007	4163.775185
0.037011	4164.258348
0.037015	4164.739339
0.037019	4165.227377
0.037023	4165.719339
0.037028	4166.195145
0.037032	4166.678018
0.037036	4167.166517
0.03704	4167.66018
0.037045	4168.153123
0.037049	4168.648438
0.037053	4169.154685
0.037058	4169.657237
0.037062	4170.153794
0.037066	4170.641441
0.03707	4171.113313
0.037074	4171.603463
0.037078	4172.087037
0.037082	4172.573043
0.037086	4173.023594
0.03709	4173.508609
0.037094	4173.983393
0.037099	4174.484124
0.037103	4174.983243
0.037107	4175.472643
0.037111	4175.978118
0.037115	4176.46986
0.037119	4176.960661
0.037124	4177.468118
0.037128	4177.962723
0.037132	4178.472663
0.037136	4178.969029
0.03714	4179.454144
0.037144	4179.942833
0.037149	4180.424965
0.037153	4180.926236
0.037157	4181.414925
0.037161	4181.906406
0.037165	4182.401922
0.03717	4182.889139
0.037173	4183.355736
0.037177	4183.83005
0.037181	4184.304254
0.037185	4184.802152
0.03719	4185.281542
0.037194	4185.762482
0.037198	4186.24023
0.037203	4186.723003
0.037207	4187.218519
0.037211	4187.707427
0.037215	4188.188589
0.037219	4188.658068
0.037223	4189.137998
0.037227	4189.61968
0.037231	4190.101251
0.037235	4190.594605
0.037239	4191.086466
0.037243	4191.566927
0.037248	4192.061331
0.037252	4192.54043
0.037255	4193.031592
0.03726	4193.526206
0.037264	4194.027127
0.037268	4194.527097
0.037272	4195.012733
0.037276	4195.502122
0.03728	4196.007157
0.037284	4196.488288
0.037288	4196.969459
0.037292	4197.452603
0.037296	4197.931902
0.0373	4198.416096
0.037305	4198.91038
0.037308	4199.403954
0.037313	4199.892793
0.037317	4200.366767
0.03732	4200.845816
0.037325	4201.34015
0.037329	4201.829369
0.037333	4202.311321
0.037337	4202.796547
0.037341	4203.299239
0.037346	4203.798218
0.03735	4204.293213
0.037354	4204.77971
0.037358	4205.281471
0.037363	4205.787738
0.037367	4206.297357
0.037371	4206.782783
0.037376	4207.266837
0.037379	4207.755796
0.037384	4208.248779
0.037387	4208.72999
0.037392	4209.225005
0.037396	4209.714354
0.0374	4210.198228
0.037404	4210.681251
0.037409	4211.171061
0.037413	4211.665626
0.037417	4212.146126
0.037421	4212.626877
0.037425	4213.120961
0.03743	4213.609359
0.037434	4214.092222
0.037438	4214.586767
0.037442	4215.071792
0.037446	4215.552763
0.03745	4216.038789
0.037454	4216.518198
0.037458	4217.00954
0.037462	4217.489039
0.037466	4217.979409
0.03747	4218.479109
0.037474	4218.964304
0.037478	4219.44021
0.037482	4219.938078
0.037487	4220.424164
0.037491	4220.921391
0.037495	4221.422593
0.037499	4221.900911
0.037503	4222.38011
0.037507	4222.866446
0.037511	4223.363443
0.037515	4223.848368
0.037519	4224.333644
0.037523	4224.796056
0.037527	4225.277608
0.037532	4225.755786
0.037536	4226.249469
0.03754	4226.743303
0.037544	4227.22973
0.037548	4227.711572
0.037552	4228.204284
0.037556	4228.671231
0.03756	4229.133954
0.037564	4229.630931
0.037568	4230.115265
0.037572	4230.614985
0.037576	4231.114184
0.037581	4231.593944
0.037585	4232.084925
0.037589	4232.57973
0.037593	4233.084254
0.037597	4233.587227
0.037601	4234.07979
0.037605	4234.583023
0.03761	4235.075415
0.037614	4235.570881
0.037618	4236.069219
0.037622	4236.557638
0.037626	4237.056016
0.037631	4237.557898
0.037635	4238.043253
0.037638	4238.538378
0.037643	4239.022452
0.037647	4239.504585
0.037651	4239.984394
0.037655	4240.443133
0.037659	4240.903103
0.037663	4241.381231
0.037667	4241.892703
0.037672	4242.400701
0.037676	4242.893303
0.03768	4243.369039
0.037684	4243.858398
0.037688	4244.368699
0.037692	4244.861221
0.037696	4245.353263
0.037701	4245.843403
0.037705	4246.316316
0.037709	4246.803764
0.037713	4247.294474
0.037717	4247.786867
0.037722	4248.304695
0.037726	4248.813323
0.03773	4249.298468
0.037734	4249.794224
0.037738	4250.286757
0.037742	4250.767768
0.037747	4251.264555
0.037751	4251.761652
0.037755	4252.257127
0.037759	4252.73983
0.037763	4253.213774
0.037767	4253.695626
0.037771	4254.203944
0.037775	4254.702683
0.03778	4255.185746
0.037784	4255.674925
0.037788	4256.187808
0.037792	4256.67971
0.037796	4257.158268
0.0378	4257.654334
0.037805	4258.156466
0.037809	4258.643023
0.037813	4259.124955
0.037817	4259.593794
0.037821	4260.083173
0.037825	4260.57957
0.037829	4261.065445
0.037833	4261.551051
0.037837	4262.03028
0.037841	4262.512442
0.037845	4263.002663
0.037849	4263.48952
0.037853	4263.982853
0.037858	4264.484745
0.037862	4264.982262
0.037866	4265.470501
0.03787	4265.955375
0.037874	4266.437207
0.037878	4266.913974
0.037882	4267.405275
0.037886	4267.902032
0.03789	4268.395656
0.037895	4268.886216
0.037898	4269.364374
0.037903	4269.849189
0.037907	4270.341962
0.03791	4270.834735
0.037915	4271.324194
0.037919	4271.798318
0.037922	4272.27049
0.037926	4272.762903
0.037931	4273.252482
0.037935	4273.748438
0.037939	4274.256156
0.037944	4274.746136
0.037948	4275.240671
0.037952	4275.733534
0.037956	4276.217037
0.03796	4276.700661
0.037964	4277.172743
0.037968	4277.666146
0.037972	4278.152643
0.037976	4278.615345
0.03798	4279.092553
0.037984	4279.583363
0.037988	4280.067948
0.037992	4280.556927
0.037996	4281.039159
0.038	4281.517868
0.038004	4281.991231
0.038008	4282.471141
0.038012	4282.96027
0.038017	4283.468228
0.03802	4283.972503
0.038025	4284.468739
0.038029	4284.954685
0.038033	4285.454324
0.038037	4285.958579
0.038042	4286.463604
0.038046	4286.959089
0.03805	4287.442963
0.038054	4287.912102
0.038058	4288.391441
0.038063	4288.89986
0.038067	4289.393093
0.038071	4289.883514
0.038075	4290.364284
0.038079	4290.864084
0.038083	4291.364925
0.038087	4291.861261
0.038091	4292.363473
0.038095	4292.86023
0.0381	4293.349129
0.038104	4293.84004
0.038108	4294.340501
0.038112	4294.827798
0.038117	4295.316677
0.03812	4295.797497
0.038124	4296.284174
0.038129	4296.787848
0.038133	4297.286006
0.038137	4297.783243
0.038141	4298.278328
0.038145	4298.767678
0.03815	4299.25994
0.038154	4299.754825
0.038158	4300.247908
0.038162	4300.744695
0.038166	4301.24033
0.038171	4301.737588
0.038175	4302.23045
0.038179	4302.713734
0.038183	4303.203954
0.038187	4303.7004
0.038192	4304.181612
0.038196	4304.651421
0.0382	4305.15002
0.038204	4305.635826
0.038208	4306.118498
0.038212	4306.596607
0.038216	4307.075746
0.03822	4307.554394
0.038224	4308.042893
0.038228	4308.533694
0.038233	4309.015235
0.038237	4309.50044
0.03824	4309.986657
0.038244	4310.475285
0.038249	4310.958428
0.038252	4311.428438
0.038256	4311.916126
0.03826	4312.40034
0.038265	4312.894344
0.038269	4313.393554
0.038273	4313.885255
0.038277	4314.365556
0.038281	4314.862603
0.038285	4315.368188
0.03829	4315.863984
0.038294	4316.354154
0.038298	4316.855896
0.038302	4317.352032
0.038307	4317.847027
0.038311	4318.331281
0.038315	4318.831181
0.038319	4319.335185
0.038323	4319.840831
0.038327	4320.329479
0.038331	4320.823393
0.038336	4321.322563
0.03834	4321.812482
0.038344	4322.28974
0.038348	4322.778238
0.038352	4323.273283
0.038356	4323.778208
0.03836	4324.284655
0.038364	4324.776957
0.038369	4325.268509
0.038373	4325.758308
0.038377	4326.262122
0.03838	4326.745886
0.038384	4327.233403
0.038389	4327.715966
0.038393	4328.195055
0.038397	4328.672933
0.038401	4329.17041
0.038405	4329.660751
0.038409	4330.154364
0.038413	4330.656867
0.038417	4331.144515
0.038421	4331.616537
0.038425	4332.081491
0.038429	4332.562813
0.038433	4333.041061
0.038438	4333.536947
0.038441	4334.022853
0.038445	4334.501862
0.038449	4334.972482
0.038453	4335.45978
0.038458	4335.944785
0.038462	4336.43998
0.038466	4336.922653
0.03847	4337.40032
0.038474	4337.88001
0.038478	4338.355225
0.038482	4338.843033
0.038486	4339.320691
0.03849	4339.801562
0.038494	4340.298238
0.038498	4340.772903
0.038502	4341.258739
0.038506	4341.744454
0.03851	4342.238549
0.038514	4342.73954
0.038519	4343.254154
0.038523	4343.745796
0.038527	4344.229239
0.038531	4344.730941
0.038536	4345.222422
0.03854	4345.717017
0.038544	4346.218378
0.038548	4346.712753
0.038552	4347.214995
0.038557	4347.708639
0.038561	4348.21039
0.038565	4348.706537
0.038569	4349.197608
0.038573	4349.702743
0.038577	4350.196777
0.038581	4350.671361
0.038586	4351.165135
0.03859	4351.648809
0.038594	4352.15015
0.038598	4352.638509
0.038603	4353.120981
0.038607	4353.615706
0.038612	4354.108859
0.038616	4354.594705
0.03862	4355.080541
0.038624	4355.565275
0.038628	4356.056066
0.038632	4356.547157
0.038636	4357.042983
0.03864	4357.542923
0.038644	4358.02999
0.038648	4358.514875
0.038652	4359.00017
0.038657	4359.481381
0.038661	4359.965375
0.038665	4360.464194
0.038669	4360.947367
0.038673	4361.439469
0.038677	4361.937838
0.038681	4362.412933
0.038685	4362.893363
0.038689	4363.393584
0.038693	4363.885445
0.038697	4364.379149
0.038702	4364.872022
0.038706	4365.366306
0.03871	4365.865245
0.038714	4366.356567
0.038718	4366.842763
0.038723	4367.340821
0.038727	4367.829409
0.038731	4368.307327
0.038735	4368.783764
0.038739	4369.265936
0.038743	4369.75005
0.038747	4370.227347
0.038751	4370.707437
0.038755	4371.202492
0.038759	4371.685816
0.038763	4372.163564
0.038767	4372.661381
0.038772	4373.146937
0.038776	4373.629279
0.038779	4374.111822
0.038783	4374.586196
0.038788	4375.142663
0.038792	4375.648719
0.038797	4376.134935
0.0388	4376.638789
0.038805	4377.142092
0.038809	4377.634795
0.038813	4378.126396
0.038817	4378.613373
0.038822	4379.108799
0.038826	4379.60046
0.03883	4380.089329
0.038834	4380.598969
0.038838	4381.111001
0.038843	4381.625375
0.038847	4382.115956
0.038851	4382.596937
0.038855	4383.094004
0.03886	4383.601802
0.038864	4384.086917
0.038868	4384.575005
0.038872	4385.054995
0.038876	4385.55023
0.03888	4386.047538
0.038884	4386.535536
0.038888	4387.041041
0.038892	4387.542533
0.038897	4388.04022
0.038901	4388.536206
0.038905	4389.023453
0.038909	4389.502933
0.038913	4389.998819
0.038917	4390.496717
0.038921	4390.988859
0.038925	4391.484274
0.038929	4391.980851
0.038934	4392.47041
0.038938	4392.959059
0.038942	4393.448889
0.038946	4393.933463
0.03895	4394.422763
0.038954	4394.9203
0.038958	4395.414454
0.038963	4395.911291
0.038967	4396.399339
0.038971	4396.893994
0.038975	4397.392723
0.038979	4397.888809
0.038983	4398.395646
0.038988	4398.887608
0.038992	4399.386667
0.038996	4399.893353
0.039	4400.39027
0.039005	4400.909149
0.039009	4401.409129
0.039013	4401.91011
0.039018	4402.414585
0.039022	4402.905105
0.039026	4403.409249
0.03903	4403.902603
0.039034	4404.371011
0.039038	4404.845245
0.039042	4405.33013
0.039047	4405.821662
0.039051	4406.308338
0.039055	4406.799209
0.039059	4407.287898
0.039063	4407.781311
0.039067	4408.268519
0.039071	4408.754935
0.039076	4409.242743
0.03908	4409.733704
0.039084	4410.218569
0.039088	4410.708519
0.039092	4411.19978
0.039096	4411.680951
0.0391	4412.157618
0.039104	4412.631031
0.039107	4413.103944
0.039111	4413.578829
0.039115	4414.063113
0.039119	4414.5496
0.039123	4415.032823
0.039128	4415.515516
0.039132	4416.005646
0.039136	4416.494324
0.03914	4416.997948
0.039144	4417.499029
0.039148	4417.993383
0.039153	4418.484214
0.039157	4418.991161
0.039161	4419.493123
0.039165	4419.986587
0.039169	4420.482573
0.039173	4420.977237
0.039177	4421.466486
0.039181	4421.955996
0.039185	4422.436236
0.03919	4422.92004
0.039194	4423.411411
0.039198	4423.902212
0.039202	4424.351852
0.039205	4424.82023
0.039209	4425.30015
0.039213	4425.792262
0.039218	4426.288438
0.039222	4426.77001
0.039226	4427.260731
0.03923	4427.75046
0.039234	4428.228378
0.039238	4428.717548
0.039242	4429.219459
0.039246	4429.71037
0.039251	4430.193083
0.039254	4430.677898
0.039259	4431.168589
0.039263	4431.65966
0.039267	4432.142042
0.039271	4432.631512
0.039275	4433.133744
0.039279	4433.642613
0.039284	4434.145045
0.039288	4434.623794
0.039291	4435.116797
0.039296	4435.622963
0.0393	4436.113784
0.039304	4436.608458
0.039308	4437.102563
0.039312	4437.60042
0.039316	4438.085776
0.03932	4438.593433
0.039325	4439.106817
0.039329	4439.61021
0.039333	4440.116276
0.039338	4440.635706
0.039342	4441.129399
0.039346	4441.612092
0.03935	4442.100581
0.039355	4442.60012
0.039359	4443.094825
0.039363	4443.595115
0.039367	4444.077508
0.039371	4444.563604
0.039375	4445.052543
0.039379	4445.532232
0.039384	4446.012903
0.039388	4446.507828
0.039392	4447.008609
0.039396	4447.492593
0.0394	4447.97973
0.039404	4448.463874
0.039408	4448.958839
0.039413	4449.472943
0.039417	4449.96958
0.039421	4450.448198
0.039425	4450.931271
0.039429	4451.414264
0.039433	4451.914725
0.039437	4452.391922
0.039441	4452.878559
0.039445	4453.355015
0.039449	4453.837758
0.039454	4454.33014
0.039458	4454.82045
0.039462	4455.290551
0.039466	4455.754685
0.03947	4456.24011
0.039474	4456.733073
0.039478	4457.211972
0.039482	4457.683554
0.039486	4458.152232
0.03949	4458.638599
0.039494	4459.118959
0.039498	4459.591682
0.039502	4460.068388
0.039506	4460.551341
0.03951	4461.026326
0.039514	4461.498268
0.039518	4461.9799
0.039522	4462.448839
0.039526	4462.93029
0.03953	4463.408368
0.039534	4463.877177
0.039538	4464.362583
0.039542	4464.845085
0.039547	4465.337397
0.039551	4465.826537
0.039555	4466.30968
0.039559	4466.795155
0.039563	4467.274945
0.039568	4467.750701
0.039571	4468.22959
0.039575	4468.701451
0.03958	4469.179119
0.039583	4469.660681
0.039588	4470.140921
0.039592	4470.633153
0.039596	4471.121001
0.0396	4471.620811
0.039605	4472.116006
0.039608	4472.607077
0.039613	4473.082723
0.039617	4473.557778
0.039621	4474.032703
0.039625	4474.505946
0.039629	4475.002062
0.039633	4475.488949
0.039637	4475.981061
0.039641	4476.454855
0.039645	4476.939339
0.039649	4477.412362
0.039653	4477.893694
0.039657	4478.36969
0.039661	4478.845946
0.039666	4479.327928
0.03967	4479.791201
0.039673	4480.262703
0.039677	4480.738348
0.039681	4481.214785
0.039685	4481.693153
0.039689	4482.177297
0.039693	4482.667477
0.039697	4483.165906
0.039702	4483.637968
0.039706	4484.117497
0.03971	4484.613313
0.039713	4485.094064
0.039718	4485.596116
0.039722	4486.087878
0.039726	4486.564575
0.03973	4487.041321
0.039734	4487.519129
0.039738	4488.017297
0.039742	4488.524094
0.039747	4489.012142
0.039751	4489.503303
0.039755	4489.976817
0.039759	4490.46034
0.039763	4490.929169
0.039767	4491.406827
0.039771	4491.89025
0.039775	4492.382543
0.039779	4492.866286
0.039783	4493.35005
0.039788	4493.861812
0.039792	4494.352853
0.039796	4494.844585
0.039799	4495.273604
0.039803	4495.729469
0.039808	4496.21998
0.039812	4496.714304
0.039816	4497.207207
0.03982	4497.703053
0.039824	4498.196917
0.039828	4498.680741
0.039832	4499.173123
0.039836	4499.659349
0.039841	4500.159429
0.039845	4500.655195
0.039849	4501.134755
0.039853	4501.623213
0.039857	4502.104334
0.039861	4502.58966
0.039865	4503.079499
0.039869	4503.554194
0.039874	4504.04985
0.039878	4504.536226
0.039882	4505.023173
0.039887	4505.522082
0.039891	4506.005165
0.039895	4506.471031
0.039899	4506.953043
0.039903	4507.440511
0.039907	4507.90986
0.039911	4508.386537
0.039915	4508.862753
0.039919	4509.351862
0.039923	4509.8397
0.039927	4510.310871
0.039931	4510.803584
0.039935	4511.284615
0.039939	4511.764885
0.039943	4512.255365
0.039948	4512.739089
0.039952	4513.220871
0.039956	4513.700841
0.03996	4514.184685
0.039964	4514.677768
0.039968	4515.185596
0.039972	4515.677267
0.039976	4516.180661
0.03998	4516.683363
0.039985	4517.172102
0.039989	4517.67954
0.039992	4518.112062
0.039996	4518.567848
0.04	4519.035506
0.040004	4519.515455
0.040008	4519.996036
0.040013	4520.479289
0.040017	4520.973544
0.04002	4521.466687
0.040025	4521.973453
0.040029	4522.462102
0.040033	4522.944234
0.040037	4523.423934
0.040041	4523.905766
0.040045	4524.377938
0.040049	4524.856306
0.040053	4525.346667
0.040058	4525.84998
0.040062	4526.358559
0.040066	4526.865696
0.040071	4527.368979
0.040075	4527.852182
0.040079	4528.348208
0.040084	4528.850711
0.040088	4529.347037
0.040092	4529.851481
0.040096	4530.337277
0.0401	4530.828589
0.040105	4531.320621
0.040109	4531.807808
0.040113	4532.294394
0.040117	4532.785255
0.040121	4533.280541
0.040125	4533.781121
0.040129	4534.285536
0.040133	4534.781011
0.040137	4535.274595
0.040142	4535.772603
0.040146	4536.276967
0.04015	4536.762873
0.040154	4537.234565
0.040159	4537.722182
0.040163	4538.218709
0.040167	4538.710981
0.040171	4539.194885
0.040175	4539.682302
0.04018	4540.174995
0.040184	4540.670881
0.040188	4541.151191
0.040192	4541.650561
0.040196	4542.146136
0.040201	4542.638348
0.040205	4543.16046
0.040209	4543.671251
0.040213	4544.172082
0.040218	4544.678999
0.040222	4545.16988
0.040226	4545.676046
0.04023	4546.189429
0.040234	4546.688729
0.040238	4547.190981
0.040242	4547.689039
0.040247	4548.189169
0.040251	4548.686216
0.040255	4549.183463
0.040259	4549.688408
0.040264	4550.205776
0.040268	4550.701081
0.040272	4551.20029
0.040276	4551.693904
0.04028	4552.180501
0.040284	4552.665105
0.040289	4553.142603
0.040292	4553.608488
0.040296	4554.086917
0.0403	4554.56955
0.040304	4555.054134
0.040309	4555.535726
0.040313	4556.006126
0.040316	4556.480501
0.040321	4556.98008
0.040325	4557.476296
0.040329	4557.962563
0.040333	4558.436687
0.040337	4558.909259
0.040341	4559.392212
0.040345	4559.883193
0.040349	4560.366176
0.040353	4560.852482
0.040357	4561.330701
0.040361	4561.815766
0.040365	4562.31012
0.040369	4562.80041
0.040373	4563.29022
0.040378	4563.773063
0.040382	4564.252813
0.040386	4564.74024
0.04039	4565.208008
0.040393	4565.683564
0.040398	4566.171101
0.040402	4566.644615
0.040406	4567.126917
0.04041	4567.601672
0.040414	4568.079319
0.040418	4568.578168
0.040422	4569.05956
0.040426	4569.552623
0.04043	4570.044264
0.040434	4570.531001
0.040438	4571.013744
0.040442	4571.489489
0.040446	4571.972763
0.04045	4572.46008
0.040454	4572.956066
0.040458	4573.444765
0.040462	4573.924114
0.040466	4574.40961
0.040471	4574.902553
0.040475	4575.383774
0.040479	4575.871632
0.040483	4576.359039
0.040487	4576.849219
0.040491	4577.324094
0.040495	4577.816997
0.040499	4578.289069
0.040503	4578.763754
0.040507	4579.255205
0.040511	4579.733544
0.040515	4580.226607
0.04052	4580.732292
0.040524	4581.226166
0.040528	4581.715576
0.040532	4582.198579
0.040536	4582.66042
0.04054	4583.141151
0.040544	4583.623093
0.040548	4584.106056
0.040552	4584.597327
0.040556	4585.078438
0.04056	4585.544254
0.040564	4586.027938
0.040568	4586.486356
0.040572	4586.959389
0.040576	4587.438278
0.04058	4587.918719
0.040584	4588.393904
0.040588	4588.871311
0.040592	4589.332002
0.040596	4589.780631
0.0406	4590.240711
0.040604	4590.737287
0.040608	4591.225526
0.040612	4591.688749
0.040616	4592.170951
0.04062	4592.647227
0.040624	4593.112733
0.040628	4593.57962
0.040632	4594.051992
0.040637	4594.557928
0.040641	4595.046256
0.040645	4595.524945
0.040649	4596.018619
0.040653	4596.528999
0.040657	4597.02987
0.040662	4597.527848
0.040666	4598.019249
0.04067	4598.503584
0.040674	4598.993904
0.040678	4599.484384
0.040682	4599.977738
0.040687	4600.48037
0.040691	4600.960631
0.040695	4601.45998
0.040699	4601.958809
0.040703	4602.450521
0.040708	4602.959419
0.040712	4603.456817
0.040716	4603.943684
0.04072	4604.431291
0.040724	4604.913894
0.040729	4605.394675
0.040733	4605.877888
0.040737	4606.386246
0.040741	4606.892202
0.040745	4607.37983
0.040749	4607.881451
0.040754	4608.363574
0.040758	4608.851041
0.040762	4609.345415
0.040766	4609.829299
0.04077	4610.306026
0.040774	4610.795445
0.040778	4611.29027
0.040783	4611.773954
0.040787	4612.263473
0.040791	4612.748378
0.040795	4613.22957
0.040799	4613.722412
0.040803	4614.203463
0.040807	4614.693604
0.040812	4615.188919
0.040816	4615.673143
0.04082	4616.153343
0.040824	4616.633433
0.040828	4617.096637
0.040832	4617.576557
0.040836	4618.051431
0.04084	4618.536767
0.040844	4619.018388
0.040849	4619.507407
0.040853	4619.989269
0.040857	4620.484655
0.040861	4620.969059
0.040865	4621.4499
0.040869	4621.934645
0.040873	4622.417858
0.040878	4622.906727
0.040881	4623.378418
0.040885	4623.861431
0.04089	4624.367297
0.040894	4624.852823
0.040898	4625.336567
0.040902	4625.823644
0.040907	4626.306456
0.040911	4626.78953
0.040915	4627.28015
0.040919	4627.758919
0.040923	4628.242402
0.040927	4628.711211
0.040931	4629.191622
0.040935	4629.675415
0.040939	4630.172503
0.040944	4630.663043
0.040947	4631.144535
0.040952	4631.621391
0.040956	4632.105736
0.04096	4632.580971
0.040964	4633.056737
0.040968	4633.531782
0.040972	4634.012462
0.040976	4634.482092
0.04098	4634.963574
0.040984	4635.453073
0.040989	4635.933243
0.040993	4636.408989
0.040997	4636.885335
0.041001	4637.373463
0.041005	4637.927678
0.04101	4638.44044
0.041014	4638.918949
0.041018	4639.403243
0.041022	4639.892883
0.041026	4640.379159
0.04103	4640.867958
0.041034	4641.351842
0.041038	4641.837568
0.041042	4642.32953
0.041046	4642.813473
0.04105	4643.293894
0.041055	4643.771461
0.041059	4644.251722
0.041063	4644.735305
0.041067	4645.224384
0.041071	4645.721051
0.041075	4646.20012
0.041079	4646.687778
0.041083	4647.175215
0.041088	4647.658408
0.041091	4648.133944
0.041095	4648.613564
0.041099	4649.097798
0.041104	4649.596126
0.041108	4650.091852
0.041112	4650.585465
0.041116	4651.064605
0.04112	4651.543203
0.041124	4652.023554
0.041128	4652.498438
0.041132	4652.965796
0.041136	4653.43989
0.04114	4653.930661
0.041145	4654.431271
0.041149	4654.932973
0.041153	4655.421902
0.041157	4655.893213
0.041161	4656.370931
0.041165	4656.863664
0.041169	4657.344064
0.041173	4657.831171
0.041177	4658.318769
0.041181	4658.81009
0.041185	4659.287588
0.04119	4659.795295
0.041194	4660.298408
0.041199	4660.835365
0.041203	4661.31959
0.041207	4661.814665
0.041211	4662.289499
0.041215	4662.766807
0.041219	4663.269149
0.041223	4663.760611
0.041227	4664.245966
0.041231	4664.738098
0.041235	4665.217397
0.041239	4665.699059
0.041243	4666.184164
0.041247	4666.677608
0.041251	4667.173754
0.041255	4667.66026
0.04126	4668.146797
0.041263	4668.639189
0.041268	4669.127277
0.041272	4669.612893
0.041276	4670.07976
0.04128	4670.560821
0.041284	4671.048769
0.041288	4671.539379
0.041293	4672.022102
0.041297	4672.511301
0.041301	4672.989009
0.041305	4673.462983
0.041309	4673.961061
0.041313	4674.459209
0.041317	4674.947267
0.041321	4675.447337
0.041325	4675.935355
0.041329	4676.428719
0.041334	4676.921471
0.041338	4677.405435
0.041342	4677.896867
0.041346	4678.38046
0.04135	4678.868569
0.041354	4679.361481
0.041358	4679.847457
0.041362	4680.344735
0.041367	4680.84019
0.041371	4681.32952
0.041375	4681.813123
0.041379	4682.302563
0.041383	4682.79031
0.041387	4683.284685
0.041392	4683.760971
0.041395	4684.255155
0.0414	4684.758248
0.041404	4685.241762
0.041408	4685.730731
0.041412	4686.212633
0.041416	4686.685255
0.041421	4687.172022
0.041425	4687.657958
0.041429	4688.158819
0.041433	4688.657467
0.041437	4689.14005
0.041441	4689.625425
0.041445	4690.116717
0.041449	4690.615936
0.041453	4691.114555
0.041457	4691.62024
0.041462	4692.115806
0.041466	4692.617678
0.04147	4693.10986
0.041474	4693.593864
0.041478	4694.086967
0.041482	4694.592222
0.041486	4695.096947
0.04149	4695.586456
0.041494	4696.080871
0.041498	4696.56965
0.041502	4697.052523
0.041507	4697.537828
0.041511	4698.03991
0.041514	4698.539489
0.041519	4699.036687
0.041523	4699.551421
0.041527	4700.061441
0.041531	4700.572703
0.041536	4701.085556
0.04154	4701.581832
0.041544	4702.083804
0.041548	4702.581021
0.041552	4703.073413
0.041557	4703.58994
0.041561	4704.087437
0.041565	4704.595275
0.041569	4705.103654
0.041574	4705.615986
0.041578	4706.114224
0.041582	4706.602142
0.041586	4707.1004
0.041591	4707.597187
0.041595	4708.08995
0.041599	4708.586006
0.041603	4709.082282
0.041607	4709.584595
0.041611	4710.100671
0.041615	4710.597518
0.041619	4711.080931
0.041623	4711.567157
0.041627	4712.055766
0.041632	4712.53955
0.041636	4713.037708
0.04164	4713.536947
0.041644	4714.027938
0.041648	4714.541502
0.041653	4715.041271
0.041657	4715.540731
0.041661	4716.034865
0.041665	4716.53036
0.041669	4717.037518
0.041673	4717.56987
0.041678	4718.093003
0.041682	4718.608348
0.041686	4719.098388
0.04169	4719.586126
0.041694	4720.09019
0.041698	4720.583283
0.041702	4721.080771
0.041707	4721.577528
0.041711	4722.075125
0.041715	4722.576997
0.041719	4723.070891
0.041723	4723.566256
0.041727	4724.056366
0.041731	4724.545846
0.041735	4725.048639
0.04174	4725.554775
0.041744	4726.040881
0.041748	4726.533123
0.041752	4727.032122
0.041756	4727.530761
0.04176	4728.03969
0.041765	4728.538509
0.041769	4729.060551
0.041773	4729.576226
0.041777	4730.074274
0.041781	4730.556316
0.041785	4731.056256
0.041789	4731.557317
0.041794	4732.071181
0.041798	4732.557608
0.041802	4733.022012
0.041806	4733.500971
0.04181	4733.985405
0.041814	4734.470631
0.041818	4734.974164
0.041822	4735.45952
0.041826	4735.958378
0.04183	4736.455225
0.041834	4736.922593
0.041838	4737.411081
0.041843	4737.906597
0.041847	4738.392222
0.041851	4738.879009
0.041855	4739.373113
0.041859	4739.870961
0.041863	4740.377317
0.041867	4740.872442
0.041872	4741.387037
0.041876	4741.885826
0.04188	4742.375856
0.041884	4742.866917
0.041888	4743.363664
0.041892	4743.863554
0.041896	4744.355636
0.0419	4744.822723
0.041904	4745.306877
0.041908	4745.803874
0.041912	4746.285676
0.041916	4746.771201
0.041921	4747.271882
0.041925	4747.761121
0.041929	4748.26996
0.041933	4748.767568
0.041937	4749.252272
0.041941	4749.734715
0.041946	4750.216276
0.04195	4750.708238
0.041954	4751.195576
0.041958	4751.687437
0.041963	4752.188729
0.041967	4752.675345
0.041971	4753.153654
0.041975	4753.644134
0.041979	4754.137608
0.041984	4754.636887
0.041988	4755.134084
0.041992	4755.630831
0.041996	4756.1201
0.042	4756.627608
0.042004	4757.111371
0.042009	4757.598619
0.042013	4758.085295
0.042017	4758.573083
0.042021	4759.071692
0.042026	4759.567938
0.04203	4760.068068
0.042034	4760.555245
0.042038	4761.065686
0.042043	4761.565285
0.042047	4762.063323
0.042051	4762.564274
0.042055	4763.051301
0.042059	4763.544434
0.042063	4764.035886
0.042067	4764.537047
0.042071	4765.02994
0.042075	4765.515906
0.04208	4766.025756
0.042084	4766.523754
0.042088	4767.037608
0.042092	4767.553514
0.042097	4768.046256
0.042101	4768.542803
0.042105	4769.035235
0.042109	4769.534725
0.042113	4770.03018
0.042117	4770.528589
0.042122	4771.037688
0.042126	4771.536096
0.04213	4772.035405
0.042134	4772.527187
0.042138	4773.009409
0.042142	4773.503273
0.042147	4773.994785
0.042151	4774.470521
0.042155	4774.946146
0.042158	4775.436106
0.042163	4775.922763
0.042167	4776.427628
0.042171	4776.946006
0.042176	4777.448599
0.04218	4777.938819
0.042184	4778.42002
0.042188	4778.912783
0.042192	4779.421562
0.042196	4779.912292
0.042201	4780.406176
0.042205	4780.891792
0.042209	4781.366867
0.042213	4781.85976
0.042217	4782.346667
0.042221	4782.834705
0.042225	4783.342432
0.042229	4783.842543
0.042234	4784.341812
0.042238	4784.833063
0.042242	4785.335025
0.042247	4785.833473
0.042251	4786.326747
0.042255	4786.816396
0.042259	4787.328008
0.042264	4787.828529
0.042268	4788.323063
0.042272	4788.832332
0.042276	4789.325836
0.04228	4789.827327
0.042284	4790.324084
0.042288	4790.824785
0.042293	4791.332172
0.042297	4791.836396
0.042301	4792.327417
0.042305	4792.814364
0.042309	4793.309279
0.042313	4793.818138
0.042318	4794.314595
0.042322	4794.806817
0.042326	4795.307938
0.04233	4795.82003
0.042334	4796.307538
0.042338	4796.807227
0.042343	4797.30026
0.042347	4797.790671
0.042351	4798.28042
0.042355	4798.778298
0.042359	4799.277688
0.042363	4799.7802
0.042368	4800.275906
0.042372	4800.783714
0.042376	4801.277287
0.04238	4801.774054
0.042384	4802.266667
0.042388	4802.741081
0.042392	4803.232092
0.042397	4803.732543
0.042401	4804.223293
0.042405	4804.707778
0.042409	4805.196607
0.042413	4805.692833
0.042418	4806.187618
0.042422	4806.691151
0.042426	4807.197267
0.04243	4807.694635
0.042434	4808.191371
0.042438	4808.682362
0.042442	4809.16005
0.042446	4809.645495
0.04245	4810.131451
0.042455	4810.625205
0.042459	4811.11975
0.042463	4811.620761
0.042467	4812.111862
0.042471	4812.608318
0.042475	4813.098739
0.042479	4813.574745
0.042483	4814.065295
0.042488	4814.560761
0.042492	4815.06016
0.042496	4815.551171
0.042501	4816.037608
0.042505	4816.526326
0.042509	4817.024324
0.042513	4817.516186
0.042517	4818.01967
0.042521	4818.515095
0.042525	4819.00953
0.042529	4819.497307
0.042533	4819.990551
0.042537	4820.483554
0.042542	4820.989019
0.042546	4821.499329
0.04255	4822.008719
0.042554	4822.523624
0.042558	4823.007838
0.042562	4823.497237
0.042567	4823.992503
0.042571	4824.488468
0.042575	4824.994665
0.042579	4825.505055
0.042583	4826.001922
0.042587	4826.502693
0.042592	4826.997117
0.042596	4827.485956
0.0426	4827.992462
0.042604	4828.497678
0.042608	4829.00965
0.042613	4829.507508
0.042617	4829.996206
0.042621	4830.497848
0.042625	4830.99048
0.042629	4831.486857
0.042633	4831.973303
0.042637	4832.456026
0.042641	4832.926416
0.042645	4833.42032
0.042649	4833.924585
0.042654	4834.418078
0.042658	4834.906176
0.042661	4835.386386
0.042666	4835.878669
0.04267	4836.369369
0.042674	4836.851942
0.042678	4837.34021
0.042682	4837.824434
0.042686	4838.305485
0.04269	4838.801672
0.042694	4839.273333
0.042698	4839.757958
0.042702	4840.262573
0.042706	4840.761882
0.04271	4841.25955
0.042714	4841.736306
0.042718	4842.212412
0.042722	4842.693694
0.042726	4843.173634
0.04273	4843.665806
0.042734	4844.157347
0.042738	4844.637828
0.042742	4845.133854
0.042747	4845.633954
0.042751	4846.117588
0.042755	4846.607568
0.042759	4847.09036
0.042763	4847.583493
0.042767	4848.077387
0.042772	4848.571091
0.042775	4849.072573
0.04278	4849.576296
0.042784	4850.068679
0.042789	4850.570911
0.042793	4851.066386
0.042797	4851.545686
0.042801	4852.049459
0.042805	4852.562202
0.042809	4853.047728
0.042814	4853.533574
0.042818	4854.025455
0.042822	4854.515275
0.042826	4855.005986
0.04283	4855.502703
0.042834	4856.011221
0.042839	4856.522292
0.042843	4857.032783
0.042847	4857.537137
0.042851	4858.029239
0.042855	4858.52956
0.04286	4859.035776
0.042864	4859.552392
0.042868	4860.067868
0.042873	4860.572372
0.042877	4861.061041
0.042881	4861.566947
0.042885	4862.055646
0.042889	4862.549049
0.042894	4863.052513
0.042898	4863.562182
0.042902	4864.072513
0.042907	4864.575035
0.042911	4865.071001
0.042915	4865.567828
0.042919	4866.056937
0.042923	4866.551502
0.042928	4867.056486
0.042932	4867.571161
0.042936	4868.087598
0.042941	4868.587688
0.042945	4869.089199
0.042949	4869.593904
0.042954	4870.081111
0.042958	4870.549029
0.042962	4871.027948
0.042966	4871.500671
0.04297	4872.002823
0.042974	4872.516877
0.042978	4873.006517
0.042982	4873.493714
0.042987	4873.988488
0.042991	4874.483023
0.042995	4875.00009
0.042999	4875.498569
0.043003	4875.983203
0.043008	4876.475475
0.043012	4876.97044
0.043016	4877.471301
0.043021	4877.965185
0.043025	4878.45025
0.043029	4878.946206
0.043033	4879.438478
0.043037	4879.924535
0.043042	4880.412402
0.043046	4880.906026
0.04305	4881.404204
0.043054	4881.900631
0.043059	4882.391221
0.043063	4882.894264
0.043067	4883.398088
0.043072	4883.907738
0.043076	4884.404625
0.04308	4884.897157
0.043084	4885.390671
0.043088	4885.87963
0.043093	4886.369199
0.043097	4886.867447
0.043101	4887.358789
0.043105	4887.845315
0.043109	4888.32998
0.043114	4888.818268
0.043118	4889.312102
0.043122	4889.80046
0.043126	4890.29989
0.04313	4890.794294
0.043135	4891.314845
0.043139	4891.822863
0.043143	4892.316376
0.043147	4892.818559
0.043151	4893.315546
0.043156	4893.81953
0.04316	4894.328899
0.043164	4894.838609
0.043168	4895.343874
0.043173	4895.843323
0.043177	4896.352503
0.043182	4896.860581
0.043186	4897.362442
0.04319	4897.858308
0.043194	4898.354194
0.043199	4898.85025
0.043203	4899.3597
0.043207	4899.864414
0.043211	4900.358108
0.043215	4900.847497
0.04322	4901.342192
0.043224	4901.855465
0.043229	4902.37029
0.043233	4902.879279
0.043237	4903.392993
0.043242	4903.905856
0.043246	4904.397978
0.04325	4904.911612
0.043255	4905.432222
0.043259	4905.947187
0.043263	4906.453313
0.043267	4906.958298
0.043272	4907.453514
0.043276	4907.945736
0.04328	4908.435445
0.043284	4908.933063
0.043289	4909.418979
0.043293	4909.911121
0.043297	4910.406557
0.043302	4910.911892
0.043306	4911.415495
0.04331	4911.912873
0.043314	4912.401211
0.043319	4912.889119
0.043323	4913.386146
0.043327	4913.884955
0.043331	4914.386386
0.043335	4914.903884
0.04334	4915.430581
0.043344	4915.963393
0.043349	4916.476026
0.043353	4916.984254
0.043357	4917.504515
0.043361	4918.011311
0.043366	4918.511912
0.04337	4919.0204
0.043374	4919.523624
0.043378	4920.009289
0.043383	4920.519299
0.043387	4921.023864
0.043391	4921.525095
0.043396	4922.032302
0.0434	4922.52955
0.043404	4923.034094
0.043408	4923.541952
0.043412	4924.032553
0.043417	4924.530971
0.043421	4925.024585
0.043425	4925.52974
0.04343	4926.027718
0.043434	4926.522262
0.043438	4927.015586
0.043442	4927.514775
0.043447	4927.988478
0.043451	4928.472743
0.043455	4928.968498
0.043459	4929.439339
0.043463	4929.907508
0.043467	4930.382272
0.043471	4930.873473
0.043475	4931.345405
0.043479	4931.831832
0.043483	4932.344384
0.043488	4932.873594
0.043492	4933.370941
0.043497	4933.873223
0.043501	4934.372863
0.043505	4934.886767
0.043509	4935.39962
0.043514	4935.89003
0.043518	4936.383974
0.043522	4936.886637
0.043526	4937.375546
0.04353	4937.863954
0.043535	4938.351922
0.043539	4938.855385
0.043543	4939.351041
0.043547	4939.83966
0.043551	4940.320661
0.043556	4940.832302
0.04356	4941.337638
0.043564	4941.845405
0.043569	4942.342753
0.043572	4942.804585
0.043576	4943.32019
0.043581	4943.833874
0.043585	4944.35034
0.043589	4944.836647
0.043593	4945.328128
0.043597	4945.836567
0.043601	4946.346927
0.043606	4946.835936
0.04361	4947.334114
0.043614	4947.83967
0.043618	4948.335255
0.043623	4948.842903
0.043627	4949.345626
0.043631	4949.842783
0.043635	4950.345836
0.043639	4950.843253
0.043643	4951.348298
0.043648	4951.844114
0.043652	4952.344354
0.043656	4952.848539
0.04366	4953.34959
0.043664	4953.860521
0.043669	4954.350501
0.043673	4954.835255
0.043677	4955.334484
0.043681	4955.832062
0.043685	4956.323584
0.043689	4956.823874
0.043693	4957.311271
0.043697	4957.807938
0.043702	4958.304004
0.043706	4958.807427
0.04371	4959.308158
0.043714	4959.811001
0.043719	4960.320771
0.043723	4960.832823
0.043728	4961.338819
0.043732	4961.826246
0.043736	4962.317447
0.04374	4962.821291
0.043744	4963.302182
0.043748	4963.783994
0.043753	4964.309129
0.043757	4964.821962
0.043762	4965.317457
0.043766	4965.832623
0.04377	4966.355095
0.043774	4966.861652
0.043778	4967.363774
0.043783	4967.877447
0.043787	4968.397187
0.043791	4968.902573
0.043796	4969.41021
0.0438	4969.91038
0.043804	4970.416016
0.043808	4970.919389
0.043812	4971.44016
0.043817	4971.972142
0.043821	4972.485926
0.043826	4972.99035
0.04383	4973.48987
0.043834	4973.994995
0.043839	4974.511992
0.043843	4975.005355
0.043847	4975.482623
0.043851	4975.992583
0.043855	4976.496647
0.043859	4976.997858
0.043864	4977.50013
0.043868	4977.994555
0.043872	4978.483674
0.043877	4979.002362
0.043881	4979.511592
0.043885	4980.006466
0.043889	4980.500661
0.043894	4980.991071
0.043898	4981.482102
0.043902	4981.988218
0.043906	4982.495866
0.04391	4982.996286
0.043915	4983.492533
0.043919	4983.991642
0.043923	4984.47957
0.043927	4984.967097
0.043931	4985.465335
0.043936	4985.966857
0.043939	4986.450911
0.043944	4986.944134
0.043948	4987.444184
0.043953	4987.998829
0.043957	4988.522683
0.043961	4989.015265
0.043966	4989.509059
0.04397	4990.005556
0.043974	4990.505005
0.043978	4990.996406
0.043982	4991.497978
0.043986	4991.999299
0.043991	4992.497868
0.043995	4992.983864
0.043999	4993.480711
0.044003	4993.992703
0.044007	4994.495866
0.044012	4995.003574
0.044016	4995.513564
0.04402	4996.01972
0.044024	4996.520781
0.044028	4997.005576
0.044033	4997.502923
0.044037	4998.022202
0.044041	4998.538098
0.044045	4999.045165
0.044049	4999.563243
0.044054	5000.070931
0.044058	5000.564885
0.044062	5001.073423
0.044066	5001.577768
0.044071	5002.076326
0.044075	5002.564905
0.044079	5003.065836
0.044083	5003.573353
0.044087	5004.079429
0.044091	5004.578058
0.044095	5005.06981
0.044099	5005.572943
0.044103	5006.068348
0.044107	5006.574204
0.044112	5007.06952
0.044116	5007.566597
0.04412	5008.052803
0.044125	5008.537568
0.044129	5009.032392
0.044133	5009.518719
0.044137	5010.003143
0.044141	5010.500801
0.044145	5010.985676
0.044149	5011.483353
0.044154	5011.996577
0.044158	5012.495295
0.044162	5012.989319
0.044166	5013.488719
0.04417	5013.975986
0.044175	5014.460791
0.044179	5014.951802
0.044183	5015.432352
0.044187	5015.936296
0.044192	5016.450821
0.044196	5016.951732
0.0442	5017.462553
0.044204	5017.982372
0.044208	5018.490861
0.044213	5018.992923
0.044217	5019.479379
0.044221	5019.958028
0.044225	5020.442673
0.044229	5020.939229
0.044233	5021.451141
0.044237	5021.94015
0.044241	5022.423443
0.044245	5022.905045
0.044249	5023.386286
0.044252	5023.877317
0.044257	5024.372142
0.044261	5024.87046
0.044265	5025.365716
0.044269	5025.852022
0.044273	5026.349419
0.044278	5026.843964
0.044282	5027.326096
0.044285	5027.797668
0.04429	5028.293173
0.044294	5028.798849
0.044298	5029.28999
0.044302	5029.783614
0.044306	5030.288118
0.04431	5030.792613
0.044315	5031.304024
0.044319	5031.802262
0.044323	5032.309339
0.044327	5032.809259
0.044331	5033.301702
0.044335	5033.788919
0.044339	5034.274695
0.044343	5034.779379
0.044347	5035.294254
0.044352	5035.804134
0.044356	5036.313524
0.04436	5036.785365
0.044364	5037.263103
0.044368	5037.758158
0.044372	5038.248398
0.044377	5038.744845
0.044381	5039.22965
0.044385	5039.708759
0.044389	5040.199149
0.044393	5040.709299
0.044397	5041.211852
0.044401	5041.715786
0.044406	5042.21034
0.04441	5042.706747
0.044414	5043.215956
0.044418	5043.715966
0.044422	5044.223393
0.044427	5044.728088
0.044431	5045.224785
0.044435	5045.731031
0.044439	5046.222773
0.044443	5046.723383
0.044448	5047.227017
0.044452	5047.731772
0.044457	5048.230801
0.044461	5048.742462
0.044465	5049.253934
0.044469	5049.769049
0.044474	5050.278438
0.044478	5050.780811
0.044482	5051.274665
0.044487	5051.777247
0.044491	5052.280881
0.044495	5052.778358
0.044499	5053.282132
0.044503	5053.788408
0.044507	5054.298298
0.044512	5054.805455
0.044516	5055.335035
0.04452	5055.842973
0.044525	5056.341151
0.044529	5056.833904
0.044533	5057.333153
0.044537	5057.84006
0.044541	5058.340741
0.044546	5058.842563
0.04455	5059.36009
0.044554	5059.868869
0.044558	5060.369029
0.044563	5060.86998
0.044567	5061.376446
0.044571	5061.893564
0.044575	5062.395265
0.044579	5062.895606
0.044584	5063.404474
0.044588	5063.899009
0.044592	5064.389179
0.044596	5064.893764
0.0446	5065.396086
0.044605	5065.892142
0.044609	5066.38995
0.044613	5066.886446
0.044617	5067.383814
0.044622	5067.890791
0.044626	5068.396256
0.04463	5068.891211
0.044634	5069.39001
0.044638	5069.893854
0.044643	5070.404034
0.044647	5070.914695
0.044651	5071.422523
0.044655	5071.931381
0.04466	5072.428248
0.044664	5072.939209
0.044668	5073.44958
0.044672	5073.951892
0.044677	5074.453363
0.044681	5074.955005
0.044685	5075.446517
0.044689	5075.946276
0.044694	5076.444925
0.044698	5076.946096
0.044702	5077.444725
0.044706	5077.932462
0.04471	5078.423784
0.044714	5078.911211
0.044719	5079.407217
0.044723	5079.906406
0.044727	5080.416717
0.044732	5080.937127
0.044736	5081.457868
0.044741	5081.975916
0.044745	5082.47038
0.044749	5082.978358
0.044754	5083.47965
0.044758	5083.977257
0.044762	5084.476657
0.044766	5084.978829
0.04477	5085.491091
0.044775	5085.984154
0.044779	5086.483834
0.044784	5087.002623
0.044788	5087.524264
0.044792	5088.037508
0.044796	5088.544925
0.0448	5089.063473
0.044805	5089.576276
0.044809	5090.081461
0.044813	5090.584955
0.044817	5091.090911
0.044821	5091.594835
0.044826	5092.092533
0.04483	5092.583514
0.044834	5093.074024
0.044838	5093.568078
0.044842	5094.072833
0.044847	5094.579219
0.044851	5095.085996
0.044855	5095.588238
0.044859	5096.092733
0.044863	5096.60027
0.044868	5097.102292
0.044872	5097.606226
0.044876	5098.12028
0.044881	5098.617487
0.044885	5099.119239
0.044889	5099.634995
0.044894	5100.139139
0.044898	5100.662613
0.044902	5101.191371
0.044906	5101.699109
0.044911	5102.186807
0.044915	5102.682232
0.044919	5103.192042
0.044924	5103.698759
0.044928	5104.204935
0.044932	5104.713003
0.044936	5105.218068
0.044941	5105.713694
0.044945	5106.222472
0.044949	5106.728448
0.044953	5107.244334
0.044958	5107.765245
0.044962	5108.277578
0.044966	5108.787508
0.04497	5109.307397
0.044975	5109.814585
0.044979	5110.333774
0.044983	5110.843363
0.044987	5111.307748
0.044991	5111.815125
0.044995	5112.333363
0.044999	5112.845355
0.045004	5113.358248
0.045008	5113.87028
0.045012	5114.383203
0.045017	5114.87978
0.045021	5115.384875
0.045025	5115.899199
0.045029	5116.402112
0.045034	5116.907838
0.045038	5117.418358
0.045042	5117.938819
0.045047	5118.442282
0.045051	5118.945896
0.045055	5119.430891
0.045059	5119.938519
0.045063	5120.443834
0.045067	5120.930621
0.045072	5121.433423
0.045076	5121.923634
0.04508	5122.423153
0.045085	5122.935946
0.045089	5123.451231
0.045093	5123.963574
0.045097	5124.470601
0.045101	5124.975956
0.045106	5125.489239
0.04511	5125.981191
0.045114	5126.483383
0.045118	5126.975876
0.045123	5127.472963
0.045127	5127.980861
0.045131	5128.483854
0.045135	5129.00033
0.045139	5129.515025
0.045144	5130.030981
0.045148	5130.525105
0.045152	5131.0304
0.045156	5131.540961
0.045161	5132.05014
0.045165	5132.556947
0.045169	5133.060791
0.045173	5133.576567
0.045178	5134.078458
0.045182	5134.584765
0.045186	5135.030821
0.045189	5135.502202
0.045194	5136.022663
0.045198	5136.533073
0.045203	5137.047968
0.045207	5137.558348
0.045211	5138.067377
0.045216	5138.571401
0.04522	5139.073243
0.045224	5139.558108
0.045228	5140.061812
0.045232	5140.575375
0.045236	5141.086056
0.045241	5141.606727
0.045245	5142.128999
0.045249	5142.635976
0.045253	5143.137838
0.045258	5143.647317
0.045261	5144.152743
0.045265	5144.64962
0.045269	5145.15035
0.045274	5145.665195
0.045278	5146.175135
0.045282	5146.671652
0.045286	5147.169289
0.04529	5147.664154
0.045294	5148.169159
0.045299	5148.686306
0.045303	5149.1901
0.045307	5149.714454
0.045311	5150.236346
0.045315	5150.751572
0.04532	5151.262593
0.045324	5151.76977
0.045328	5152.268749
0.045332	5152.771301
0.045336	5153.272523
0.04534	5153.77965
0.045344	5154.290651
0.045349	5154.785265
0.045353	5155.287057
0.045357	5155.785365
0.045361	5156.299309
0.045366	5156.816486
0.04537	5157.339279
0.045374	5157.823674
0.045378	5158.319469
0.045382	5158.808318
0.045386	5159.303353
0.045391	5159.803253
0.045395	5160.313223
0.045399	5160.825165
0.045403	5161.323844
0.045408	5161.82032
0.045412	5162.326567
0.045416	5162.835856
0.045421	5163.348739
0.045425	5163.866216
0.045429	5164.377788
0.045434	5164.880961
0.045438	5165.393654
0.045442	5165.90978
0.045447	5166.415746
0.045451	5166.918348
0.045455	5167.435636
0.045459	5167.948569
0.045464	5168.469119
0.045468	5168.983393
0.045472	5169.484575
0.045476	5169.995906
0.045481	5170.499469
0.045485	5170.994785
0.045489	5171.508488
0.045493	5172.027808
0.045498	5172.5298
0.045502	5173.018088
0.045506	5173.526927
0.045511	5174.027528
0.045515	5174.537798
0.045519	5175.055035
0.045523	5175.557327
0.045527	5176.068078
0.045531	5176.566887
0.045535	5177.071612
0.045539	5177.569369
0.045544	5178.062102
0.045547	5178.563844
0.045552	5179.068128
0.045556	5179.567648
0.04556	5180.067598
0.045564	5180.576887
0.045568	5181.080921
0.045573	5181.60014
0.045577	5182.115506
0.045581	5182.628859
0.045585	5183.132863
0.045589	5183.63007
0.045593	5184.146296
0.045598	5184.661532
0.045602	5185.171952
0.045607	5185.69019
0.045611	5186.199329
0.045615	5186.694965
0.045619	5187.198018
0.045623	5187.702693
0.045628	5188.221842
0.045632	5188.732543
0.045637	5189.245455
0.045641	5189.751692
0.045645	5190.245756
0.045649	5190.728679
0.045653	5191.234384
0.045658	5191.745155
0.045662	5192.244174
0.045666	5192.748028
0.045671	5193.250631
0.045675	5193.741131
0.045679	5194.243744
0.045683	5194.754164
0.045687	5195.2602
0.045692	5195.768018
0.045696	5196.285235
0.0457	5196.807888
0.045705	5197.312302
0.045709	5197.807347
0.045714	5198.328318
0.045718	5198.822803
0.045722	5199.324505
0.045726	5199.819209
0.04573	5200.316326
0.045734	5200.832342
0.045738	5201.345776
0.045742	5201.846807
0.045747	5202.348278
0.045751	5202.828188
0.045755	5203.325616
0.045759	5203.82951
0.045763	5204.315706
0.045767	5204.808599
0.045771	5205.314044
0.045776	5205.820981
0.04578	5206.318138
0.045784	5206.824865
0.045788	5207.327077
0.045793	5207.842813
0.045797	5208.347257
0.045802	5208.845015
0.045806	5209.323504
0.04581	5209.822262
0.045814	5210.340841
0.045819	5210.842062
0.045823	5211.344965
0.045827	5211.858448
0.045832	5212.367117
0.045836	5212.854925
0.04584	5213.358288
0.045844	5213.852072
0.045849	5214.377798
0.045853	5214.902212
0.045857	5215.412422
0.045861	5215.916006
0.045866	5216.413504
0.04587	5216.896446
0.045874	5217.381802
0.045878	5217.872503
0.045883	5218.366967
0.045887	5218.868589
0.045891	5219.375946
0.045895	5219.891241
0.0459	5220.398579
0.045904	5220.903253
0.045908	5221.405495
0.045912	5221.909289
0.045917	5222.413223
0.045921	5222.914575
0.045925	5223.432893
0.04593	5223.950841
0.045934	5224.451562
0.045938	5224.947728
0.045942	5225.451952
0.045947	5225.95028
0.045951	5226.452172
0.045955	5226.96043
0.04596	5227.455055
0.045964	5227.960771
0.045968	5228.443934
0.045972	5228.938929
0.045976	5229.444444
0.04598	5229.943323
0.045985	5230.447097
0.045989	5230.962112
0.045994	5231.467808
0.045998	5231.977397
0.046002	5232.501131
0.046006	5233.00011
0.046011	5233.503003
0.046015	5234.013504
0.046019	5234.507087
0.046024	5235.02021
0.046028	5235.512723
0.046032	5236.00956
0.046036	5236.520541
0.046041	5237.033303
0.046045	5237.566647
0.04605	5238.085636
0.046054	5238.598238
0.046058	5239.10001
0.046062	5239.603744
0.046067	5240.109209
0.046071	5240.604765
0.046076	5241.081832
0.04608	5241.571692
0.046084	5242.069289
0.046088	5242.558539
0.046093	5243.052122
0.046097	5243.554885
0.046101	5244.06047
0.046106	5244.564895
0.04611	5245.066146
0.046114	5245.572182
0.046118	5246.072543
0.046123	5246.568839
0.046127	5247.066276
0.046131	5247.570631
0.046135	5248.060731
0.046139	5248.547447
0.046144	5249.048779
0.046148	5249.564955
0.046152	5250.087167
0.046156	5250.596426
0.04616	5251.094585
0.046164	5251.603143
0.046169	5252.105015
0.046173	5252.617808
0.046177	5253.127267
0.046181	5253.651812
0.046186	5254.16032
0.04619	5254.671421
0.046194	5255.18042
0.046198	5255.69038
0.046203	5256.21023
0.046206	5256.700791
0.046211	5257.211021
0.046215	5257.728018
0.046219	5258.239199
0.046224	5258.751251
0.046229	5259.327798
0.046233	5259.839269
0.046237	5260.338879
0.046241	5260.853023
0.046245	5261.359169
0.04625	5261.863383
0.046254	5262.365055
0.046258	5262.878749
0.046263	5263.397868
0.046267	5263.896116
0.046271	5264.400511
0.046276	5264.883333
0.04628	5265.377207
0.046284	5265.884264
0.046288	5266.388308
0.046293	5266.888759
0.046297	5267.376847
0.046301	5267.868138
0.046305	5268.380541
0.046309	5268.872412
0.046314	5269.372442
0.046318	5269.874695
0.046322	5270.381041
0.046327	5270.883293
0.046331	5271.381602
0.046335	5271.875976
0.046339	5272.384254
0.046343	5272.888058
0.046348	5273.390551
0.046352	5273.881852
0.046356	5274.383183
0.04636	5274.885045
0.046364	5275.392312
0.046369	5275.90031
0.046373	5276.411321
0.046377	5276.903894
0.046381	5277.383143
0.046385	5277.875015
0.046389	5278.369209
0.046393	5278.883103
0.046398	5279.402492
0.046402	5279.888218
0.046406	5280.377618
0.04641	5280.858759
0.046415	5281.359269
0.046419	5281.864404
0.046423	5282.355506
0.046427	5282.85971
0.046431	5283.356677
0.046436	5283.844945
0.04644	5284.342773
0.046444	5284.844745
0.046448	5285.354905
0.046452	5285.84989
0.046456	5286.35045
0.04646	5286.849159
0.046464	5287.347447
0.046469	5287.835786
0.046473	5288.329059
0.046477	5288.82028
0.046481	5289.299039
0.046485	5289.794424
0.046489	5290.284394
0.046494	5290.777327
0.046498	5291.273774
0.046502	5291.767598
0.046506	5292.26
0.046511	5292.764945
0.046515	5293.276547
0.046519	5293.78987
0.046523	5294.295806
0.046528	5294.814234
0.046532	5295.331852
0.046537	5295.834384
0.046541	5296.334274
0.046545	5296.856877
0.04655	5297.377047
0.046554	5297.888108
0.046558	5298.402302
0.046563	5298.916226
0.046567	5299.420841
0.046571	5299.927117
0.046575	5300.430821
0.04658	5300.931101
0.046584	5301.445986
0.046588	5301.963273
0.046593	5302.478879
0.046597	5302.997738
0.046601	5303.513544
0.046605	5304.014545
0.04661	5304.52003
0.046614	5305.024404
0.046618	5305.522823
0.046623	5306.019259
0.046627	5306.524284
0.046631	5307.038228
0.046635	5307.535686
0.04664	5308.027157
0.046644	5308.536116
0.046649	5309.043063
0.046653	5309.544885
0.046657	5310.063764
0.046661	5310.574845
0.046666	5311.068198
0.04667	5311.575445
0.046674	5312.08044
0.046678	5312.599379
0.046683	5313.112503
0.046687	5313.621632
0.046691	5314.126056
0.046696	5314.633363
0.0467	5315.130981
0.046704	5315.631491
0.046708	5316.127558
0.046713	5316.633864
0.046717	5317.162312
0.046721	5317.677227
0.046726	5318.187487
0.046731	5318.705626
0.046735	5319.21027
0.046739	5319.710681
0.046743	5320.211491
0.046748	5320.723143
0.046752	5321.23957
0.046757	5321.768418
0.046761	5322.287367
0.046765	5322.802112
0.04677	5323.31969
0.046774	5323.836607
0.046779	5324.360921
0.046783	5324.877147
0.046787	5325.388408
0.046792	5325.904965
0.046796	5326.405335
0.0468	5326.899279
0.046805	5327.39962
0.046809	5327.918989
0.046813	5328.450871
0.046818	5328.974845
0.046822	5329.479169
0.046827	5329.976106
0.046831	5330.477698
0.046835	5330.991972
0.046839	5331.504545
0.046844	5332.007307
0.046848	5332.506637
0.046852	5333.004835
0.046856	5333.517908
0.046861	5334.035726
0.046865	5334.545315
0.046869	5335.056366
0.046874	5335.556116
0.046878	5336.062663
0.046882	5336.563393
0.046886	5337.068539
0.04689	5337.573824
0.046895	5338.083544
0.046899	5338.596006
0.046903	5339.105305
0.046908	5339.611201
0.046912	5340.133013
0.046916	5340.627217
0.046921	5341.130811
0.046925	5341.638959
0.04693	5342.143383
0.046934	5342.647688
0.046938	5343.162543
0.046943	5343.673724
0.046947	5344.198258
0.046952	5344.718859
0.046956	5345.229089
0.04696	5345.723704
0.046964	5346.228859
0.046969	5346.757287
0.046973	5347.266246
0.046978	5347.755255
0.046982	5348.259439
0.046986	5348.749159
0.04699	5349.249119
0.046994	5349.757217
0.046999	5350.259089
0.047002	5350.761431
0.047007	5351.262052
0.047011	5351.745095
0.047015	5352.23985
0.047019	5352.736827
0.047023	5353.239259
0.047027	5353.759409
0.047032	5354.282032
0.047036	5354.786627
0.04704	5355.294615
0.047045	5355.802723
0.047049	5356.306466
0.047053	5356.822322
0.047057	5357.319319
0.047061	5357.823333
0.047065	5358.321271
0.047069	5358.817848
0.047074	5359.314304
0.047078	5359.812082
0.047082	5360.325455
0.047087	5360.835475
0.047091	5361.328268
0.047095	5361.828619
0.047099	5362.355796
0.047104	5362.884655
0.047108	5363.405165
0.047112	5363.907387
0.047116	5364.425566
0.047121	5364.931361
0.047125	5365.442553
0.04713	5365.954895
0.047134	5366.474284
0.047138	5366.996376
0.047142	5367.512282
0.047147	5368.014785
0.047151	5368.533814
0.047155	5369.042913
0.047159	5369.540651
0.047163	5370.043493
0.047168	5370.531812
0.047172	5371.045285
0.047176	5371.55994
0.04718	5372.071091
0.047185	5372.591481
0.047189	5373.104024
0.047193	5373.612372
0.047198	5374.14008
0.047202	5374.649169
0.047206	5375.155926
0.04721	5375.679159
0.047215	5376.201902
0.047219	5376.711451
0.047223	5377.231141
0.047228	5377.736196
0.047232	5378.245435
0.047236	5378.763173
0.047241	5379.271912
0.047245	5379.762392
0.047248	5380.245636
0.047253	5380.75019
0.047257	5381.265706
0.047262	5381.773183
0.047266	5382.275936
0.04727	5382.783904
0.047274	5383.306907
0.047278	5383.826066
0.047282	5384.324945
0.047287	5384.823884
0.047291	5385.341071
0.047295	5385.849129
0.0473	5386.371101
0.047304	5386.884294
0.047308	5387.406416
0.047313	5387.916717
0.047317	5388.417177
0.047321	5388.933864
0.047325	5389.451952
0.04733	5389.968679
0.047334	5390.487888
0.047338	5391.009289
0.047342	5391.536266
0.047347	5392.066927
0.047351	5392.585475
0.047356	5393.098599
0.04736	5393.606967
0.047364	5394.103053
0.047368	5394.587437
0.047373	5395.08024
0.047377	5395.575586
0.047381	5396.075856
0.047385	5396.570521
0.047389	5397.066386
0.047393	5397.558509
0.047397	5398.049339
0.047402	5398.536296
0.047406	5399.027307
0.04741	5399.511572
0.047414	5400.005265
0.047418	5400.507007
0.047422	5401.011512
0.047426	5401.522513
0.047431	5402.027618
0.047435	5402.529499
0.047439	5403.027317
0.047443	5403.53006
0.047447	5404.041071
0.047452	5404.554925
0.047456	5405.057177
0.04746	5405.554775
0.047464	5406.057748
0.047468	5406.561451
0.047473	5407.065616
0.047477	5407.573393
0.047481	5408.067077
0.047485	5408.542563
0.047489	5409.036937
0.047493	5409.543634
0.047497	5410.044935
0.047501	5410.540641
0.047505	5411.033924
0.04751	5411.535145
0.047514	5412.048148
0.047518	5412.558248
0.047522	5413.061562
0.047527	5413.562382
0.047531	5414.064334
0.047535	5414.565586
0.047539	5415.066757
0.047543	5415.565566
0.047547	5416.069419
0.047552	5416.581762
0.047556	5417.087367
0.04756	5417.614545
0.047565	5418.147287
0.047569	5418.65987
0.047573	5419.143814
0.047577	5419.627257
0.047582	5420.118168
0.047586	5420.608849
0.04759	5421.115135
0.047594	5421.627397
0.047599	5422.13005
0.047603	5422.63969
0.047608	5423.15035
0.047612	5423.644364
0.047616	5424.151942
0.04762	5424.657908
0.047624	5425.156376
0.047629	5425.665726
0.047633	5426.18012
0.047637	5426.67983
0.047641	5427.185445
0.047645	5427.685125
0.047649	5428.192953
0.047654	5428.698098
0.047658	5429.199349
0.047662	5429.701041
0.047666	5430.223333
0.04767	5430.731962
0.047675	5431.257097
0.047679	5431.765385
0.047683	5432.277257
0.047687	5432.794424
0.047692	5433.30953
0.047696	5433.818268
0.0477	5434.306286
0.047705	5434.814565
0.047709	5435.324695
0.047714	5435.833103
0.047718	5436.317417
0.047722	5436.817027
0.047726	5437.326727
0.047731	5437.837688
0.047735	5438.342973
0.047739	5438.845706
0.047743	5439.353984
0.047748	5439.865556
0.047752	5440.377227
0.047756	5440.885125
0.047761	5441.378308
0.047765	5441.886336
0.04777	5442.3902
0.047774	5442.916957
0.047778	5443.440951
0.047783	5443.957017
0.047787	5444.447948
0.047791	5444.955956
0.047795	5445.457918
0.0478	5445.953934
0.047804	5446.464995
0.047809	5446.956747
0.047813	5447.46027
0.047817	5447.959189
0.047822	5448.467297
0.047826	5448.974254
0.04783	5449.471411
0.047834	5449.972553
0.047839	5450.482082
0.047843	5450.988398
0.047847	5451.484464
0.047851	5451.984565
0.047856	5452.485876
0.04786	5452.988769
0.047864	5453.486226
0.047869	5453.992472
0.047873	5454.506717
0.047877	5455.015746
0.047882	5455.526937
0.047886	5456.033483
0.04789	5456.538529
0.047894	5457.044254
0.047899	5457.54963
0.047903	5458.068168
0.047907	5458.598428
0.047912	5459.117558
0.047917	5459.634975
0.047921	5460.156006
0.047925	5460.667307
0.04793	5461.187377
0.047934	5461.693824
0.047938	5462.205706
0.047942	5462.715896
0.047947	5463.236627
0.047951	5463.754615
0.047955	5464.263644
0.04796	5464.792593
0.047964	5465.305796
0.047968	5465.828498
0.047973	5466.333654
0.047977	5466.83007
0.047981	5467.338549
0.047985	5467.854595
0.047989	5468.332062
0.047993	5468.851491
0.047998	5469.380881
0.048002	5469.887277
0.048007	5470.382523
0.048011	5470.879159
0.048015	5471.378809
0.048019	5471.868088
0.048024	5472.363383
0.048028	5472.866266
0.048032	5473.380591
0.048036	5473.893684
0.048041	5474.401872
0.048045	5474.906697
0.048049	5475.407407
0.048053	5475.911271
0.048057	5476.416126
0.048062	5476.934124
0.048066	5477.444785
0.04807	5477.955546
0.048074	5478.449069
0.048079	5478.947788
0.048083	5479.47033
0.048088	5479.972482
0.048092	5480.475085
0.048096	5480.984735
0.048101	5481.48965
0.048105	5481.993574
0.048109	5482.513473
0.048114	5483.020751
0.048118	5483.523724
0.048123	5484.029099
0.048127	5484.528338
0.048131	5485.034394
0.048136	5485.533463
0.04814	5486.024785
0.048144	5486.523093
0.048149	5487.026276
0.048153	5487.537307
0.048157	5488.03991
0.048161	5488.552653
0.048166	5489.070741
0.048171	5489.58007
0.048175	5490.090841
0.048179	5490.59048
0.048183	5491.091532
0.048187	5491.584164
0.048191	5492.083934
0.048196	5492.59009
0.0482	5493.104314
0.048204	5493.612462
0.048209	5494.111351
0.048213	5494.602563
0.048218	5495.110971
0.048222	5495.616256
0.048227	5496.120581
0.048231	5496.621842
0.048235	5497.137808
0.04824	5497.641021
0.048244	5498.143654
0.048248	5498.649209
0.048252	5499.143654
0.048257	5499.647968
0.048261	5500.157948
0.048265	5500.673564
0.04827	5501.196997
0.048274	5501.701972
0.048278	5502.192523
0.048282	5502.688519
0.048286	5503.188959
0.048291	5503.693634
0.048295	5504.202172
0.0483	5504.714114
0.048304	5505.22012
0.048309	5505.725205
0.048313	5506.235856
0.048317	5506.752733
0.048322	5507.266176
0.048326	5507.771261
0.048331	5508.273734
0.048335	5508.782623
0.04834	5509.303403
0.048344	5509.801201
0.048348	5510.298639
0.048353	5510.792923
0.048357	5511.303473
0.048361	5511.818629
0.048365	5512.338589
0.04837	5512.838308
0.048374	5513.331411
0.048378	5513.838078
0.048383	5514.355025
0.048387	5514.869419
0.048391	5515.381241
0.048396	5515.905025
0.0484	5516.420651
0.048404	5516.931722
0.048408	5517.45041
0.048413	5517.971191
0.048417	5518.511211
0.048422	5519.072032
0.048427	5519.601141
0.048432	5520.131672
0.048436	5520.643113
0.04844	5521.147878
0.048444	5521.660871
0.048449	5522.172633
0.048453	5522.690961
0.048458	5523.2099
0.048462	5523.730691
0.048467	5524.246316
0.048471	5524.759379
0.048475	5525.262112
0.04848	5525.771572
0.048484	5526.274124
0.048488	5526.788388
0.048493	5527.311622
0.048498	5527.831912
0.048502	5528.344034
0.048507	5528.859429
0.048511	5529.370741
0.048516	5529.893283
0.04852	5530.404284
0.048524	5530.922052
0.048529	5531.435926
0.048533	5531.945175
0.048538	5532.45969
0.048542	5532.983864
0.048547	5533.488789
0.048551	5533.986727
0.048555	5534.490811
0.048559	5534.994845
0.048564	5535.511722
0.048568	5536.016266
0.048572	5536.5098
0.048577	5537.018709
0.048581	5537.526807
0.048585	5538.043694
0.04859	5538.562122
0.048595	5539.075596
0.048599	5539.581361
0.048603	5540.083203
0.048608	5540.587187
0.048612	5541.085495
0.048616	5541.584645
0.048621	5542.093974
0.048625	5542.615315
0.048629	5543.128498
0.048634	5543.641562
0.048638	5544.156296
0.048643	5544.65973
0.048647	5545.158589
0.048651	5545.657187
0.048656	5546.150541
0.04866	5546.644945
0.048664	5547.141872
0.048668	5547.645315
0.048673	5548.150991
0.048677	5548.641071
0.048681	5549.124915
0.048685	5549.614234
0.048689	5550.112883
0.048694	5550.624174
0.048698	5551.121481
0.048702	5551.624735
0.048707	5552.113994
0.048711	5552.613083
0.048715	5553.137898
0.048719	5553.653333
0.048724	5554.162202
0.048728	5554.668228
0.048732	5555.173183
0.048737	5555.684615
0.048741	5556.187107
0.048745	5556.698478
0.04875	5557.213103
0.048754	5557.727007
0.048759	5558.244214
0.048763	5558.751592
0.048768	5559.261411
0.048772	5559.776617
0.048777	5560.282693
0.048781	5560.76985
0.048785	5561.272503
0.04879	5561.76989
0.048794	5562.276356
0.048799	5562.783003
0.048803	5563.277177
0.048807	5563.789489
0.048812	5564.303704
0.048816	5564.803894
0.048821	5565.314154
0.048825	5565.826136
0.048829	5566.347868
0.048834	5566.86033
0.048838	5567.354645
0.048843	5567.861471
0.048847	5568.358288
0.048851	5568.860711
0.048856	5569.384555
0.04886	5569.893834
0.048864	5570.397397
0.048869	5570.916807
0.048874	5571.437217
0.048878	5571.945716
0.048882	5572.448629
0.048887	5572.94998
0.048891	5573.453263
0.048896	5573.955085
0.0489	5574.466436
0.048905	5574.983303
0.048909	5575.496406
0.048913	5575.998539
0.048918	5576.508739
0.048922	5577.011712
0.048927	5577.525495
0.048931	5578.041251
0.048936	5578.553303
0.04894	5579.068989
0.048945	5579.573584
0.048949	5580.077518
0.048953	5580.584124
0.048958	5581.094795
0.048962	5581.604284
0.048967	5582.115325
0.048971	5582.616356
0.048975	5583.137037
0.04898	5583.647007
0.048984	5584.159199
0.048989	5584.679359
0.048993	5585.198418
0.048997	5585.706016
0.049001	5586.198819
0.049006	5586.683924
0.04901	5587.185255
0.049014	5587.684284
0.049018	5588.188068
0.049023	5588.687117
0.049027	5589.205315
0.049031	5589.728699
0.049036	5590.237157
0.04904	5590.752002
0.049045	5591.254214
0.049049	5591.755536
0.049053	5592.257467
0.049058	5592.755516
0.049062	5593.254374
0.049066	5593.772032
0.049071	5594.292653
0.049075	5594.806827
0.04908	5595.326006
0.049084	5595.835516
0.049088	5596.346116
0.049093	5596.851992
0.049097	5597.368398
0.049102	5597.881471
0.049106	5598.395516
0.04911	5598.902593
0.049115	5599.41007
0.049119	5599.922883
0.049123	5600.433934
0.049127	5600.93963
0.049132	5601.45007
0.049136	5601.956717
0.049141	5602.46
0.049145	5602.95977
0.049149	5603.465516
0.049154	5603.971251
0.049158	5604.481081
0.049162	5604.981431
0.049166	5605.475606
0.049171	5605.98016
0.049175	5606.466186
0.049179	5606.96006
0.049184	5607.465676
0.049188	5607.976446
0.049192	5608.486056
0.049196	5608.988579
0.049201	5609.48996
0.049205	5609.993924
0.049209	5610.492212
0.049214	5611.002182
0.049218	5611.527578
0.049222	5612.024575
0.049227	5612.531061
0.049231	5613.033584
0.049236	5613.544715
0.04924	5614.053103
0.049244	5614.563053
0.049249	5615.071582
0.049253	5615.579469
0.049258	5616.091121
0.049262	5616.599479
0.049267	5617.146567
0.049271	5617.663644
0.049276	5618.174805
0.04928	5618.675776
0.049285	5619.184835
0.049289	5619.691812
0.049293	5620.204755
0.049298	5620.732623
0.049303	5621.263844
0.049307	5621.775556
0.049312	5622.289049
0.049316	5622.798098
0.04932	5623.298498
0.049325	5623.792853
0.049329	5624.307648
0.049333	5624.825546
0.049338	5625.342513
0.049342	5625.861752
0.049347	5626.372252
0.049351	5626.89035
0.049356	5627.402503
0.04936	5627.916136
0.049365	5628.427748
0.049369	5628.934815
0.049374	5629.448509
0.049378	5629.969139
0.049382	5630.497007
0.049387	5631.004134
0.049391	5631.514454
0.049396	5632.028919
0.0494	5632.552833
0.049405	5633.085125
0.049409	5633.609369
0.049414	5634.120511
0.049418	5634.63001
0.049422	5635.140891
0.049427	5635.663584
0.049431	5636.167528
0.049436	5636.697187
0.04944	5637.238759
0.049445	5637.772252
0.049449	5638.274935
0.049454	5638.800961
0.049458	5639.33015
0.049463	5639.848108
0.049467	5640.366657
0.049471	5640.871181
0.049476	5641.375435
0.04948	5641.877678
0.049485	5642.37959
0.049489	5642.907958
0.049493	5643.417417
0.049498	5643.935986
0.049502	5644.451061
0.049506	5644.953614
0.049511	5645.473323
0.049515	5646.004735
0.04952	5646.513213
0.049524	5647.023173
0.049529	5647.538388
0.049533	5648.071431
0.049538	5648.598288
0.049542	5649.110901
0.049547	5649.629019
0.049551	5650.150551
0.049555	5650.666637
0.04956	5651.199069
0.049565	5651.719109
0.049569	5652.240701
0.049574	5652.756527
0.049578	5653.276196
0.049583	5653.795365
0.049587	5654.320561
0.049592	5654.827257
0.049597	5655.338509
0.049601	5655.861341
0.049606	5656.369229
0.04961	5656.87966
0.049614	5657.396807
0.049619	5657.90982
0.049623	5658.417788
0.049628	5658.927107
0.049632	5659.433293
0.049637	5659.951762
0.049641	5660.464995
0.049646	5660.978989
0.04965	5661.493724
0.049654	5662.005796
0.049659	5662.521141
0.049663	5663.018398
0.049667	5663.524805
0.049672	5664.023944
0.049676	5664.530521
0.04968	5665.036466
0.049685	5665.551552
0.04969	5666.073814
0.049694	5666.588418
0.049699	5667.085986
0.049703	5667.574845
0.049707	5668.071341
0.049711	5668.563524
0.049715	5669.064625
0.04972	5669.555265
0.049724	5670.054765
0.049728	5670.561031
0.049733	5671.066787
0.049737	5671.566116
0.049741	5672.057978
0.049746	5672.546116
0.04975	5673.057568
0.049754	5673.582372
0.049759	5674.096657
0.049763	5674.615115
0.049767	5675.132953
0.049772	5675.639119
0.049776	5676.153393
0.049781	5676.656527
0.049785	5677.179429
0.04979	5677.700991
0.049794	5678.214064
0.049799	5678.722753
0.049803	5679.234344
0.049807	5679.746817
0.049812	5680.249449
0.049816	5680.765526
0.049821	5681.2801
0.049825	5681.785756
0.049829	5682.30005
0.049834	5682.804404
0.049839	5683.328789
0.049843	5683.842442
0.049848	5684.356857
0.049852	5684.875836
0.049857	5685.38045
0.049861	5685.893203
0.049865	5686.42018
0.04987	5686.945606
0.049875	5687.453804
0.049879	5687.97037
0.049883	5688.459039
0.049888	5688.955796
0.049892	5689.46037
0.049897	5689.968569
0.049902	5690.498168
0.049906	5691.001882
0.04991	5691.500521
0.049914	5692.010771
0.049919	5692.521391
0.049923	5693.041381
0.049928	5693.575946
0.049933	5694.118639
0.049937	5694.647898
0.049942	5695.159359
0.049946	5695.677267
0.049951	5696.185185
0.049955	5696.678308
0.04996	5697.207017
0.049964	5697.742072
0.049969	5698.259009
0.049973	5698.751512
0.049978	5699.255205
0.049982	5699.771862
0.049986	5700.29029
0.049991	5700.815536
0.049995	5701.337137
0.05	5701.867898
0.050004	5702.386817
0.050009	5702.901592
0.050013	5703.412823
0.050018	5703.918689
0.050022	5704.427588
0.050026	5704.938138
0.050031	5705.431672
0.050035	5705.9399
0.05004	5706.442342
0.050044	5706.962402
0.050048	5707.464815
0.050053	5707.968378
0.050057	5708.469019
0.050062	5708.983534
0.050066	5709.496957
0.05007	5710.008769
0.050075	5710.524945
0.050079	5711.033884
0.050084	5711.555335
0.050088	5712.058258
0.050093	5712.562513
0.050097	5713.071331
0.050101	5713.589399
0.050106	5714.094384
0.05011	5714.59018
0.050114	5715.085295
0.050118	5715.584384
0.050123	5716.086827
0.050127	5716.591361
0.050131	5717.096326
0.050136	5717.591011
0.05014	5718.090661
0.050144	5718.594404
0.050149	5719.100901
0.050153	5719.604374
0.050158	5720.115936
0.050162	5720.619479
0.050166	5721.121351
0.05017	5721.59958
0.050175	5722.086306
0.050179	5722.578809
0.050183	5723.083173
0.050188	5723.585275
0.050192	5724.081141
0.050196	5724.58017
0.050201	5725.082182
0.050205	5725.598569
0.05021	5726.109479
0.050214	5726.602412
0.050218	5727.107237
0.050223	5727.603383
0.050227	5728.093323
0.050231	5728.593834
0.050236	5729.107167
0.05024	5729.613664
0.050245	5730.124545
0.050249	5730.620681
0.050254	5731.118699
0.050258	5731.64014
0.050262	5732.163514
0.050267	5732.673654
0.050271	5733.184945
0.050276	5733.697367
0.05028	5734.19023
0.050284	5734.698488
0.050289	5735.198148
0.050293	5735.709399
0.050297	5736.220561
0.050302	5736.73019
0.050306	5737.235095
0.050311	5737.729169
0.050315	5738.21954
0.050319	5738.707908
0.050323	5739.199049
0.050327	5739.690771
0.050332	5740.203724
0.050336	5740.701441
0.05034	5741.206246
0.050345	5741.717407
0.050349	5742.212603
0.050353	5742.685916
0.050357	5743.176366
0.050362	5743.675776
0.050366	5744.174655
0.05037	5744.651862
0.050374	5745.141341
0.050379	5745.638468
0.050383	5746.143874
0.050387	5746.646757
0.050392	5747.159149
0.050396	5747.661101
0.0504	5748.184875
0.050405	5748.707377
0.050409	5749.223373
0.050413	5749.742392
0.050418	5750.245175
0.050421	5750.752853
0.050426	5751.247207
0.05043	5751.74967
0.050435	5752.256647
0.050439	5752.761712
0.050444	5753.273964
0.050448	5753.782953
0.050453	5754.292593
0.050457	5754.801902
0.050462	5755.298599
0.050466	5755.808498
0.05047	5756.325656
0.050474	5756.825175
0.050479	5757.312843
0.050483	5757.81035
0.050488	5758.323784
0.050492	5758.823754
0.050497	5759.322362
0.050501	5759.818288
0.050505	5760.3197
0.050509	5760.793664
0.050513	5761.285385
0.050518	5761.782212
0.050522	5762.286136
0.050527	5762.802122
0.050531	5763.304985
0.050535	5763.806056
0.05054	5764.31974
0.050544	5764.812042
0.050548	5765.306667
0.050553	5765.809409
0.050556	5766.232623
0.050561	5766.734474
0.050565	5767.263764
0.05057	5767.781952
0.050574	5768.291882
0.050579	5768.796086
0.050583	5769.298158
0.050587	5769.794685
0.050591	5770.287528
0.050596	5770.796336
0.0506	5771.305075
0.050604	5771.8201
0.050609	5772.328619
0.050613	5772.825586
0.050618	5773.318569
0.050622	5773.81983
0.050626	5774.331802
0.050631	5774.856106
0.050635	5775.364374
0.050639	5775.877518
0.050644	5776.394084
0.050648	5776.915566
0.050653	5777.417417
0.050657	5777.922152
0.050662	5778.43003
0.050667	5778.943724
0.050671	5779.431742
0.050675	5779.933213
0.05068	5780.445485
0.050684	5780.95993
0.050689	5781.461692
0.050693	5781.964695
0.050697	5782.4697
0.050702	5782.970681
0.050706	5783.465075
0.050711	5783.962442
0.050715	5784.486957
0.05072	5785.01001
0.050724	5785.518679
0.050728	5786.024725
0.050733	5786.523053
0.050737	5787.037387
0.050741	5787.545275
0.050745	5788.051632
0.05075	5788.563133
0.050755	5789.075966
0.050759	5789.584044
0.050763	5790.081812
0.050768	5790.578909
0.050772	5791.065746
0.050777	5791.559069
0.050781	5792.057658
0.050786	5792.576537
0.05079	5793.073463
0.050794	5793.584354
0.050799	5794.115506
0.050804	5794.64013
0.050808	5795.167487
0.050813	5795.691862
0.050817	5796.223904
0.050822	5796.775896
0.050827	5797.30999
0.050831	5797.828378
0.050836	5798.353674
0.05084	5798.87021
0.050845	5799.382813
0.050849	5799.898669
0.050853	5800.422442
0.050857	5800.933694
0.050862	5801.437227
0.050866	5801.941702
0.050871	5802.4403
0.050875	5802.931151
0.050879	5803.435175
0.050884	5803.934194
0.050888	5804.427337
0.050892	5804.923483
0.050897	5805.431381
0.050901	5805.932753
0.050906	5806.444074
0.05091	5806.964645
0.050915	5807.493564
0.05092	5808.011982
0.050924	5808.53011
0.050928	5809.030931
0.050933	5809.538318
0.050937	5810.045105
0.050942	5810.543584
0.050946	5811.0399
0.05095	5811.558258
0.050955	5812.061662
0.050959	5812.578779
0.050964	5813.092492
0.050968	5813.612973
0.050973	5814.114725
0.050977	5814.611852
0.050981	5815.114394
0.050986	5815.627057
0.05099	5816.131371
0.050994	5816.622072
0.050999	5817.121882
0.051003	5817.616827
0.051007	5818.125656
0.051012	5818.629449
0.051016	5819.125506
0.051021	5819.639449
0.051025	5820.138458
0.05103	5820.631622
0.051034	5821.132212
0.051038	5821.645345
0.051043	5822.163834
0.051047	5822.681752
0.051051	5823.186056
0.051056	5823.698839
0.05106	5824.195786
0.051064	5824.678268
0.051069	5825.177457
0.051073	5825.674975
0.051077	5826.180731
0.051082	5826.676446
0.051086	5827.172402
0.05109	5827.668008
0.051095	5828.157778
0.051099	5828.645706
0.051103	5829.129289
0.051107	5829.621852
0.051112	5830.116517
0.051116	5830.593774
0.05112	5831.069489
0.051124	5831.560581
0.051129	5832.04994
0.051133	5832.542132
0.051137	5833.037568
0.051141	5833.534004
0.051146	5834.043954
0.05115	5834.561712
0.051154	5835.04965
0.051159	5835.528789
0.051163	5836.011932
0.051167	5836.515786
0.051171	5837.021081
0.051176	5837.51046
0.05118	5838.003393
0.051185	5838.513744
0.05119	5839.032012
0.051194	5839.543233
0.051198	5840.048709
0.051203	5840.542583
0.051207	5841.03984
0.051212	5841.539209
0.051216	5842.045756
0.05122	5842.558128
0.051225	5843.070691
0.05123	5843.581491
0.051234	5844.088509
0.051238	5844.585616
0.051243	5845.07985
0.051247	5845.585385
0.051252	5846.091221
0.051256	5846.593303
0.05126	5847.095145
0.051265	5847.616436
0.051269	5848.129219
0.051273	5848.636827
0.051278	5849.138609
0.051282	5849.637497
0.051287	5850.131271
0.051291	5850.631822
0.051295	5851.137708
0.0513	5851.643584
0.051304	5852.151902
0.051309	5852.665876
0.051313	5853.179099
0.051318	5853.670921
0.051322	5854.169369
0.051326	5854.676146
0.051331	5855.193043
0.051336	5855.715355
0.05134	5856.221031
0.051345	5856.733794
0.051349	5857.245385
0.051354	5857.763944
0.051359	5858.276987
0.051363	5858.796156
0.051367	5859.321882
0.051372	5859.835886
0.051377	5860.351281
0.051381	5860.858428
0.051385	5861.3399
0.05139	5861.843323
0.051394	5862.355205
0.051398	5862.865636
0.051403	5863.377287
0.051407	5863.872062
0.051412	5864.393243
0.051417	5864.901431
0.051421	5865.416016
0.051425	5865.934374
0.05143	5866.443624
0.051434	5866.941692
0.051439	5867.44009
0.051443	5867.937718
0.051448	5868.444725
0.051452	5868.93965
0.051456	5869.406206
0.051461	5869.885335
0.051465	5870.3699
0.051469	5870.870871
0.051473	5871.377067
0.051478	5871.8803
0.051482	5872.376336
0.051486	5872.867157
0.051491	5873.344114
0.051495	5873.856056
0.051499	5874.35027
0.051504	5874.851481
0.051508	5875.346557
0.051513	5875.854044
0.051517	5876.35999
0.051522	5876.847708
0.051526	5877.349159
0.05153	5877.863093
0.051535	5878.362402
0.051539	5878.852873
0.051543	5879.33994
0.051548	5879.835025
0.051552	5880.356136
0.051556	5880.861552
0.051561	5881.363834
0.051565	5881.857437
0.051569	5882.358749
0.051574	5882.855415
0.051578	5883.362933
0.051583	5883.866877
0.051587	5884.366396
0.051591	5884.856086
0.051595	5885.361702
0.0516	5885.891461
0.051605	5886.428048
0.051609	5886.957618
0.051614	5887.473814
0.051618	5887.977938
0.051622	5888.502092
0.051627	5889.02985
0.051632	5889.546567
0.051636	5890.051882
0.051641	5890.550581
0.051645	5891.068028
0.05165	5891.58014
0.051654	5892.081932
0.051658	5892.594214
0.051663	5893.087037
0.051667	5893.581031
0.051671	5894.084545
0.051676	5894.612763
0.05168	5895.143834
0.051685	5895.646567
0.051689	5896.144585
0.051693	5896.64042
0.051698	5897.122603
0.051702	5897.623614
0.051707	5898.126527
0.051711	5898.625706
0.051715	5899.125956
0.05172	5899.637668
0.051724	5900.137017
0.051728	5900.645996
0.051733	5901.146607
0.051737	5901.660711
0.051742	5902.166216
0.051746	5902.677277
0.051751	5903.194975
0.051755	5903.711732
0.05176	5904.225085
0.051764	5904.741141
0.051769	5905.257908
0.051773	5905.779029
0.051778	5906.299299
0.051782	5906.81042
0.051787	5907.311562
0.051791	5907.808829
0.051796	5908.302983
0.0518	5908.806877
0.051804	5909.301001
0.051808	5909.805776
0.051813	5910.337538
0.051818	5910.857217
0.051822	5911.369339
0.051827	5911.875826
0.051831	5912.381131
0.051835	5912.906016
0.05184	5913.4096
0.051844	5913.92005
0.051849	5914.440991
0.051853	5914.956747
0.051858	5915.478478
0.051862	5915.989179
0.051866	5916.499469
0.051871	5917.011812
0.051876	5917.528038
0.05188	5918.05022
0.051884	5918.563504
0.051889	5919.053053
0.051893	5919.570791
0.051897	5920.084244
0.051902	5920.584625
0.051906	5921.104484
0.051911	5921.617858
0.051915	5922.138679
0.05192	5922.662182
0.051925	5923.18036
0.051929	5923.691041
0.051933	5924.202372
0.051938	5924.692462
0.051942	5925.190881
0.051946	5925.68005
0.051951	5926.187548
0.051955	5926.702062
0.051959	5927.201171
0.051964	5927.711381
0.051968	5928.216737
0.051972	5928.711061
0.051976	5929.217417
0.051981	5929.721461
0.051985	5930.222783
0.051989	5930.723233
0.051994	5931.216557
0.051998	5931.723604
0.052003	5932.234505
0.052007	5932.734264
0.052012	5933.236296
0.052016	5933.750871
0.05202	5934.259039
0.052025	5934.767988
0.05203	5935.263924
0.052034	5935.770991
0.052039	5936.277538
0.052043	5936.787688
0.052048	5937.287968
0.052052	5937.800871
0.052056	5938.324044
0.052061	5938.862693
0.052066	5939.374264
0.052071	5939.89953
0.052075	5940.422032
0.052079	5940.944895
0.052084	5941.467027
0.052089	5941.991041
0.052093	5942.52013
0.052097	5943.037838
0.052102	5943.554074
0.052106	5944.068809
0.052111	5944.576797
0.052115	5945.078759
0.052119	5945.592262
0.052124	5946.107227
0.052128	5946.62016
0.052133	5947.131291
0.052137	5947.631071
0.052142	5948.141041
0.052146	5948.675906
0.052151	5949.197477
0.052155	5949.714394
0.05216	5950.207658
0.052164	5950.70043
0.052168	5951.203984
0.052173	5951.717187
0.052177	5952.225495
0.052182	5952.743033
0.052186	5953.266747
0.052191	5953.782132
0.052195	5954.301862
0.0522	5954.801271
0.052204	5955.317958
0.052209	5955.844494
0.052214	5956.372523
0.052218	5956.888629
0.052223	5957.403654
0.052227	5957.914334
0.052231	5958.430951
0.052236	5958.961171
0.05224	5959.487087
0.052245	5960.012422
0.052249	5960.546166
0.052254	5961.07049
0.052258	5961.57964
0.052263	5962.088108
0.052267	5962.594144
0.052271	5963.097598
0.052276	5963.622963
0.052281	5964.145656
0.052285	5964.663784
0.05229	5965.177267
0.052294	5965.69042
0.052299	5966.202753
0.052303	5966.715596
0.052308	5967.238428
0.052312	5967.761101
0.052317	5968.277097
0.052321	5968.793744
0.052326	5969.318338
0.05233	5969.835125
0.052335	5970.34963
0.052339	5970.864555
0.052344	5971.3797
0.052349	5971.894565
0.052353	5972.376206
0.052357	5972.870991
0.052362	5973.378378
0.052366	5973.895546
0.052371	5974.424505
0.052375	5974.948218
0.05238	5975.475035
0.052384	5975.992412
0.052389	5976.48981
0.052393	5976.987127
0.052398	5977.50007
0.052402	5978.023313
0.052406	5978.550581
0.052411	5979.07964
0.052415	5979.60026
0.05242	5980.122573
0.052425	5980.630821
0.052429	5981.14013
0.052434	5981.646657
0.052438	5982.160711
0.052443	5982.685666
0.052447	5983.195976
0.052452	5983.698919
0.052456	5984.205526
0.052461	5984.715616
0.052465	5985.240771
0.05247	5985.75961
0.052475	5986.275546
0.052479	5986.786937
0.052483	5987.296737
0.052488	5987.816186
0.052493	5988.350951
0.052497	5988.872923
0.052502	5989.391481
0.052506	5989.914545
0.05251	5990.423854
0.052515	5990.938619
0.052519	5991.460541
0.052524	5991.972332
0.052528	5992.483834
0.052532	5993.004124
0.052537	5993.531281
0.052541	5994.046286
0.052546	5994.555285
0.05255	5995.072933
0.052555	5995.582903
0.05256	5996.106847
0.052564	5996.636617
0.052568	5997.154464
0.052573	5997.659079
0.052577	5998.175005
0.052582	5998.693504
0.052586	5999.214314
0.052591	5999.738899
0.052595	6000.259419
0.0526	6000.772422
0.052604	6001.277247
0.052609	6001.781642
0.052613	6002.284715
0.052618	6002.794845
0.052622	6003.287067
0.052626	6003.805125
0.052631	6004.31969
0.052635	6004.857918
0.05264	6005.379419
0.052644	6005.89973
0.052649	6006.423333
0.052653	6006.937267
0.052658	6007.459139
0.052662	6007.971752
0.052666	6008.494194
0.052671	6009.011491
0.052676	6009.524184
0.05268	6010.050571
0.052684	6010.574965
0.052689	6011.104384
0.052694	6011.624685
0.052698	6012.141451
0.052703	6012.654244
0.052707	6013.171081
0.052712	6013.694484
0.052716	6014.212633
0.052721	6014.732372
0.052726	6015.261612
0.05273	6015.784294
0.052735	6016.318088
0.052739	6016.834895
0.052744	6017.356336
0.052748	6017.873063
0.052753	6018.395475
0.052757	6018.924404
0.052762	6019.461181
0.052766	6019.989139
0.052771	6020.51987
0.052775	6021.036326
0.05278	6021.56968
0.052784	6022.101011
0.052789	6022.623213
0.052794	6023.136907
0.052798	6023.655986
0.052803	6024.17021
0.052807	6024.66985
0.052812	6025.168228
0.052817	6025.69036
0.052821	6026.198298
0.052825	6026.702162
0.05283	6027.196156
0.052834	6027.668208
0.052838	6028.15952
0.052842	6028.657257
0.052847	6029.152893
0.052851	6029.650701
0.052856	6030.176266
0.05286	6030.693894
0.052865	6031.193954
0.052869	6031.69981
0.052873	6032.211271
0.052878	6032.730521
0.052882	6033.243564
0.052887	6033.754024
0.052891	6034.282132
0.052896	6034.806697
0.052901	6035.331772
0.052905	6035.844845
0.052909	6036.362372
0.052914	6036.873193
0.052918	6037.396186
0.052923	6037.919359
0.052927	6038.423233
0.052931	6038.924024
0.052936	6039.436817
0.052941	6039.952362
0.052945	6040.474444
0.05295	6040.993263
0.052954	6041.491441
0.052959	6042.005155
0.052963	6042.53047
0.052968	6043.052062
0.052973	6043.566997
0.052977	6044.073253
0.052981	6044.596436
0.052986	6045.114104
0.05299	6045.623243
0.052995	6046.135746
0.052999	6046.680881
0.053004	6047.207157
0.053009	6047.723614
0.053013	6048.255135
0.053018	6048.794014
0.053022	6049.322202
0.053027	6049.846446
0.053031	6050.364745
0.053036	6050.886486
0.05304	6051.404154
0.053045	6051.936166
0.05305	6052.456857
0.053054	6052.974575
0.053058	6053.50039
0.053063	6054.015455
0.053067	6054.534615
0.053072	6055.064494
0.053077	6055.590581
0.053082	6056.114775
0.053086	6056.627908
0.053091	6057.138569
0.053095	6057.658829
0.0531	6058.194074
0.053105	6058.727948
0.053109	6059.246366
0.053113	6059.756507
0.053118	6060.282322
0.053123	6060.801622
0.053127	6061.326456
0.053132	6061.845105
0.053137	6062.333624
0.053141	6062.828869
0.053145	6063.327367
0.05315	6063.833143
0.053155	6064.366957
0.053159	6064.885936
0.053163	6065.401431
0.053168	6065.910821
0.053172	6066.415766
0.053177	6066.925676
0.053181	6067.437177
0.053186	6067.940691
0.05319	6068.439159
0.053195	6068.922613
0.053199	6069.425666
0.053203	6069.93973
0.053208	6070.459139
0.053213	6070.976186
0.053217	6071.503043
0.053221	6072.012613
0.053226	6072.523614
0.05323	6073.0398
0.053235	6073.549069
0.05324	6074.071592
0.053244	6074.58028
0.053248	6075.084765
0.053253	6075.595846
0.053258	6076.108358
0.053262	6076.622913
0.053267	6077.143243
0.053271	6077.663724
0.053276	6078.178659
0.053281	6078.691512
0.053285	6079.216747
0.053289	6079.728258
0.053294	6080.22984
0.053298	6080.726016
0.053303	6081.23038
0.053307	6081.744915
0.053311	6082.252883
0.053315	6082.758088
0.05332	6083.277037
0.053324	6083.786667
0.053329	6084.294344
0.053333	6084.803684
0.053338	6085.31045
0.053342	6085.814194
0.053347	6086.327237
0.053351	6086.83014
0.053355	6087.336236
0.05336	6087.844434
0.053364	6088.35026
0.053369	6088.8704
0.053373	6089.387668
0.053378	6089.900741
0.053382	6090.404965
0.053387	6090.911241
0.053391	6091.433363
0.053396	6091.957187
0.053401	6092.460861
0.053405	6092.983874
0.05341	6093.50011
0.053414	6094.007948
0.053419	6094.511712
0.053423	6095.025866
0.053428	6095.55029
0.053432	6096.061061
0.053437	6096.575025
0.053441	6097.093824
0.053446	6097.624815
0.053451	6098.143283
0.053455	6098.644254
0.053459	6099.148779
0.053464	6099.657978
0.053468	6100.153874
0.053473	6100.673574
0.053477	6101.211542
0.053482	6101.740711
0.053486	6102.266617
0.053491	6102.758899
0.053495	6103.251291
0.053499	6103.75035
0.053504	6104.264885
0.053508	6104.766677
0.053513	6105.268258
0.053517	6105.769049
0.053522	6106.287107
0.053527	6106.795345
0.053531	6107.30982
0.053535	6107.811451
0.05354	6108.317097
0.053544	6108.825235
0.053549	6109.325435
0.053554	6109.82976
0.053558	6110.355165
0.053563	6110.854314
0.053567	6111.358498
0.053572	6111.85973
0.053576	6112.357518
0.053581	6112.865766
0.053585	6113.366537
0.05359	6113.895445
0.053594	6114.408679
0.053599	6114.914374
0.053603	6115.438559
0.053608	6115.959459
0.053612	6116.471652
0.053617	6116.990921
0.053622	6117.515876
0.053626	6118.02035
0.05363	6118.534344
0.053635	6119.054915
0.05364	6119.581231
0.053645	6120.109339
0.053649	6120.618368
0.053653	6121.140991
0.053658	6121.663654
0.053663	6122.176126
0.053667	6122.685315
0.053672	6123.195315
0.053676	6123.725465
0.053681	6124.249129
0.053686	6124.7696
0.05369	6125.275465
0.053694	6125.767027
0.053699	6126.275946
0.053703	6126.802693
0.053708	6127.317788
0.053712	6127.818428
0.053717	6128.336867
0.053721	6128.851381
0.053726	6129.354084
0.05373	6129.853263
0.053734	6130.342452
0.053738	6130.833804
0.053743	6131.336166
0.053747	6131.835896
0.053752	6132.332202
0.053756	6132.851702
0.053761	6133.357067
0.053766	6133.870871
0.05377	6134.377497
0.053774	6134.893093
0.053779	6135.3997
0.053783	6135.897748
0.053788	6136.385776
0.053792	6136.875185
0.053796	6137.373053
0.0538	6137.868438
0.053805	6138.373083
0.053809	6138.861131
0.053814	6139.35995
0.053818	6139.851201
0.053822	6140.367758
0.053827	6140.878629
0.053831	6141.39044
0.053836	6141.892633
0.05384	6142.379469
0.053845	6142.877668
0.053849	6143.395836
0.053854	6143.918529
0.053858	6144.415676
0.053863	6144.910541
0.053867	6145.425856
0.053872	6145.918108
0.053876	6146.387888
0.053881	6146.864194
0.053885	6147.374515
0.053889	6147.867538
0.053893	6148.339499
0.053898	6148.825516
0.053902	6149.324735
0.053906	6149.837337
0.053911	6150.356086
0.053915	6150.867127
0.05392	6151.37011
0.053924	6151.869289
0.053929	6152.37045
0.053933	6152.89027
0.053938	6153.405806
0.053943	6153.925836
0.053948	6154.444094
0.053952	6154.953243
0.053956	6155.456547
0.053961	6155.965495
0.053966	6156.474244
0.05397	6156.973273
0.053975	6157.469349
0.053979	6157.983153
0.053983	6158.492713
0.053988	6159.004314
0.053993	6159.50997
0.053997	6160.005686
0.054001	6160.501101
0.054006	6161.00047
0.05401	6161.504064
0.054015	6162.018809
0.054019	6162.542793
0.054023	6163.044715
0.054028	6163.551111
0.054032	6164.065465
0.054037	6164.584505
0.054041	6165.095736
0.054046	6165.614545
0.05405	6166.123724
0.054055	6166.636156
0.054059	6167.14962
0.054064	6167.663534
0.054069	6168.178669
0.054073	6168.681802
0.054077	6169.193013
0.054082	6169.693544
0.054087	6170.193223
0.054091	6170.696887
0.054095	6171.191461
0.0541	6171.698919
0.054105	6172.213323
0.054109	6172.728398
0.054114	6173.24044
0.054119	6173.76005
0.054123	6174.281251
0.054128	6174.795516
0.054133	6175.295325
0.054137	6175.805976
0.054142	6176.317868
0.054146	6176.832242
0.054151	6177.358158
0.054156	6177.874054
0.05416	6178.391271
0.054165	6178.899359
0.054169	6179.402543
0.054174	6179.904555
0.054178	6180.408649
0.054183	6180.92011
0.054187	6181.436456
0.054192	6181.943684
0.054197	6182.438108
0.054201	6182.938749
0.054206	6183.437648
0.05421	6183.938629
0.054215	6184.448288
0.054219	6184.956106
0.054224	6185.46025
0.054228	6185.951331
0.054232	6186.453984
0.054237	6186.95991
0.054241	6187.461942
0.054246	6187.963634
0.054251	6188.475055
0.054255	6188.986206
0.054259	6189.498098
0.054263	6190.004074
0.054268	6190.513714
0.054272	6191.022082
0.054277	6191.524525
0.054281	6192.026817
0.054286	6192.536597
0.054291	6193.045886
0.054295	6193.547848
0.054299	6194.064274
0.054304	6194.568308
0.054309	6195.052412
0.054313	6195.544765
0.054318	6196.058639
0.054322	6196.572282
0.054326	6197.103924
0.054331	6197.628599
0.054335	6198.148749
0.05434	6198.661101
0.054344	6199.155105
0.054349	6199.672563
0.054353	6200.197257
0.054358	6200.705375
0.054362	6201.211832
0.054366	6201.711962
0.054371	6202.201702
0.054375	6202.674124
0.054379	6203.156006
0.054383	6203.645295
0.054388	6204.141712
0.054392	6204.642503
0.054397	6205.155826
0.054401	6205.642513
0.054405	6206.137618
0.05441	6206.637307
0.054414	6207.153483
0.054419	6207.674244
0.054423	6208.176416
0.054428	6208.672232
0.054432	6209.169339
0.054437	6209.666717
0.054441	6210.150941
0.054445	6210.644434
0.05445	6211.149279
0.054454	6211.64996
0.054458	6212.14972
0.054463	6212.63959
0.054467	6213.142092
0.054472	6213.644865
0.054476	6214.159079
0.054481	6214.677748
0.054485	6215.18006
0.05449	6215.686987
0.054495	6216.194204
0.054499	6216.715976
0.054504	6217.22997
0.054508	6217.728749
0.054513	6218.227277
0.054517	6218.725746
0.054522	6219.226056
0.054526	6219.743804
0.054531	6220.267427
0.054535	6220.772052
0.05454	6221.265846
0.054545	6221.768208
0.054549	6222.282973
0.054554	6222.79974
0.054558	6223.308959
0.054563	6223.82037
0.054567	6224.337808
0.054572	6224.865435
0.054577	6225.383333
0.054582	6225.897417
0.054586	6226.407588
0.05459	6226.908889
0.054595	6227.439119
0.0546	6227.952492
0.054604	6228.4704
0.054609	6228.984895
0.054613	6229.488879
0.054618	6229.995115
0.054622	6230.498258
0.054627	6231.027177
0.054631	6231.541101
0.054636	6232.061602
0.054641	6232.575816
0.054645	6233.07964
0.05465	6233.605325
0.054654	6234.108579
0.054658	6234.621401
0.054663	6235.147147
0.054668	6235.659109
0.054672	6236.179429
0.054677	6236.696777
0.054681	6237.197237
0.054686	6237.714294
0.05469	6238.232112
0.054695	6238.738549
0.0547	6239.253514
0.054704	6239.769019
0.054709	6240.270841
0.054713	6240.768619
0.054718	6241.281361
0.054723	6241.801962
0.054727	6242.316046
0.054732	6242.85027
0.054736	6243.356687
0.054741	6243.861652
0.054746	6244.383413
0.054751	6244.908569
0.054755	6245.430741
0.05476	6245.941982
0.054764	6246.436837
0.054769	6246.949399
0.054774	6247.498218
0.054778	6248.024595
0.054783	6248.550741
0.054788	6249.063934
0.054793	6249.585065
0.054797	6250.105415
0.054802	6250.61963
0.054806	6251.144535
0.054812	6251.692492
0.054816	6252.212032
0.054821	6252.743023
0.054826	6253.259449
0.05483	6253.773113
0.054835	6254.287668
0.054839	6254.802683
0.054844	6255.314354
0.054848	6255.826226
0.054853	6256.316637
0.054858	6256.825485
0.054862	6257.329169
0.054867	6257.840761
0.054871	6258.358909
0.054876	6258.86965
0.054881	6259.387377
0.054886	6259.892002
0.05489	6260.411732
0.054894	6260.914755
0.054899	6261.413343
0.054904	6261.921992
0.054908	6262.434234
0.054913	6262.944434
0.054917	6263.452773
0.054921	6263.953183
0.054926	6264.472132
0.05493	6264.990701
0.054935	6265.495125
0.05494	6266.007668
0.054945	6266.526426
0.054949	6267.035205
0.054953	6267.539369
0.054958	6268.053794
0.054963	6268.564875
0.054967	6269.082222
0.054972	6269.593564
0.054976	6270.109369
0.054981	6270.622923
0.054986	6271.134364
0.054991	6271.645856
0.054995	6272.13959
0.055	6272.65004
0.055005	6273.16969
0.055009	6273.675706
0.055014	6274.194134
0.055018	6274.712242
0.055023	6275.223594
0.055028	6275.756557
0.055033	6276.269209
0.055037	6276.754294
0.055042	6277.252162
0.055046	6277.745265
0.05505	6278.252783
0.055055	6278.762573
0.05506	6279.267187
0.055065	6279.783604
0.055069	6280.297187
0.055074	6280.796537
0.055078	6281.302392
0.055083	6281.823674
0.055087	6282.331552
0.055092	6282.838619
0.055096	6283.352593
0.055101	6283.869329
0.055106	6284.372352
0.05511	6284.876967
0.055115	6285.386667
0.055119	6285.887698
0.055124	6286.387227
0.055129	6286.911321
0.055133	6287.448378
0.055138	6287.983153
0.055142	6288.508008
0.055147	6289.042402
0.055152	6289.566677
0.055156	6290.087427
0.055161	6290.621101
0.055166	6291.155776
0.05517	6291.691682
0.055175	6292.211131
0.05518	6292.735956
0.055184	6293.271211
0.055189	6293.808218
0.055194	6294.306366
0.055198	6294.806096
0.055203	6295.30994
0.055207	6295.811241
0.055212	6296.315626
0.055217	6296.83966
0.055221	6297.364945
0.055226	6297.892723
0.05523	6298.383013
0.055235	6298.886066
0.055239	6299.405015
0.055244	6299.936336
0.055248	6300.47009
0.055253	6301.004024
0.055257	6301.540551
0.055262	6302.06968
0.055266	6302.565866
0.055271	6303.081552
0.055275	6303.582342
0.055279	6304.096206
0.055284	6304.591211
0.055288	6305.073534
0.055293	6305.575335
0.055297	6306.077117
0.055301	6306.560661
0.055306	6307.072182
0.055311	6307.587578
0.055315	6308.095465
0.05532	6308.604875
0.055325	6309.111391
0.055329	6309.618739
0.055334	6310.112142
0.055339	6310.624815
0.055343	6311.142402
0.055348	6311.654645
0.055352	6312.167067
0.055357	6312.678509
0.055361	6313.185806
0.055366	6313.704474
0.055371	6314.228068
0.055375	6314.745506
0.05538	6315.266977
0.055384	6315.785596
0.055389	6316.294925
0.055393	6316.784785
0.055397	6317.27953
0.055402	6317.772903
0.055407	6318.280821
0.055411	6318.795295
0.055416	6319.306767
0.055421	6319.813784
0.055425	6320.324194
0.05543	6320.844414
0.055434	6321.347307
0.055439	6321.871061
0.055444	6322.385566
0.055448	6322.895015
0.055452	6323.391712
0.055457	6323.908188
0.055461	6324.418679
0.055466	6324.922202
0.05547	6325.43003
0.055475	6325.941552
0.055479	6326.453173
0.055484	6326.963193
0.055488	6327.468278
0.055493	6327.977638
0.055497	6328.504274
0.055502	6329.022713
0.055507	6329.534434
0.055511	6330.041101
0.055515	6330.554424
0.05552	6331.063614
0.055525	6331.562523
0.055529	6332.064074
0.055533	6332.562723
0.055538	6333.06039
0.055542	6333.55989
0.055547	6334.066577
0.055551	6334.576106
0.055556	6335.088118
0.05556	6335.604404
0.055565	6336.107878
0.055569	6336.627618
0.055574	6337.147928
0.055578	6337.676056
0.055583	6338.200941
0.055588	6338.728629
0.055593	6339.245616
0.055597	6339.747087
0.055602	6340.252943
0.055606	6340.764805
0.055611	6341.272993
0.055615	6341.774665
0.05562	6342.291431
0.055625	6342.805005
0.055629	6343.32015
0.055634	6343.834184
0.055639	6344.343293
0.055643	6344.851602
0.055648	6345.371962
0.055653	6345.892172
0.055657	6346.388969
0.055662	6346.888929
0.055666	6347.398378
0.055671	6347.924054
0.055676	6348.462973
0.05568	6348.98041
0.055684	6349.466987
0.055689	6349.971461
0.055694	6350.486376
0.055698	6351.003353
0.055703	6351.515105
0.055707	6352.025996
0.055712	6352.552963
0.055717	6353.086436
0.055721	6353.597598
0.055726	6354.121061
0.055731	6354.634845
0.055735	6355.14999
0.05574	6355.672813
0.055744	6356.183083
0.055749	6356.693694
0.055753	6357.211111
0.055758	6357.725906
0.055763	6358.238759
0.055768	6358.758689
0.055772	6359.284705
0.055777	6359.801662
0.055782	6360.318669
0.055786	6360.841041
0.055791	6361.351161
0.055795	6361.848448
0.0558	6362.354054
0.055804	6362.860511
0.055809	6363.367538
0.055813	6363.889249
0.055817	6364.416527
0.055822	6364.944204
0.055826	6365.4702
0.055831	6365.971672
0.055835	6366.480871
0.05584	6367.002462
0.055844	6367.508428
0.055849	6368.021522
0.055853	6368.524104
0.055858	6369.041892
0.055862	6369.552853
0.055867	6370.049369
0.055872	6370.565766
0.055877	6371.067718
0.055881	6371.581772
0.055885	6372.101001
0.05589	6372.603824
0.055895	6373.107187
0.055899	6373.60964
0.055904	6374.110901
0.055908	6374.624324
0.055913	6375.127618
0.055917	6375.626987
0.055922	6376.128569
0.055926	6376.628198
0.055931	6377.130761
0.055935	6377.589239
0.05594	6378.082813
0.055944	6378.603514
0.055949	6379.106346
0.055953	6379.614885
0.055958	6380.125475
0.055962	6380.63014
0.055967	6381.136006
0.055972	6381.637007
0.055976	6382.135516
0.055981	6382.6497
0.055986	6383.15997
0.05599	6383.668969
0.055995	6384.175275
0.055999	6384.656316
0.056003	6385.149049
0.056008	6385.658108
0.056012	6386.173744
0.056017	6386.673043
0.056021	6387.170781
0.056026	6387.6903
0.05603	6388.191321
0.056035	6388.678899
0.056039	6389.172112
0.056044	6389.679349
0.056048	6390.192152
0.056053	6390.698068
0.056057	6391.183153
0.056062	6391.664414
0.056066	6392.161411
0.056071	6392.663694
0.056076	6393.173994
0.05608	6393.687568
0.056085	6394.191632
0.056089	6394.696386
0.056094	6395.197477
0.056099	6395.715576
0.056103	6396.212462
0.056107	6396.695135
0.056112	6397.17022
0.056116	6397.654525
0.05612	6398.154725
0.056125	6398.652863
0.05613	6399.141471
0.056134	6399.643093
0.056138	6400.140631
0.056143	6400.641141
0.056147	6401.144505
0.056151	6401.654454
0.056156	6402.198408
0.056161	6402.704274
0.056165	6403.187798
0.05617	6403.685115
0.056175	6404.195726
0.056179	6404.704284
0.056184	6405.18968
0.056188	6405.676807
0.056192	6406.189039
0.056197	6406.701892
0.056201	6407.213033
0.056206	6407.742072
0.056211	6408.249309
0.056215	6408.746827
0.05622	6409.247037
0.056224	6409.739319
0.056228	6410.236246
0.056233	6410.748569
0.056237	6411.242472
0.056242	6411.743183
0.056246	6412.248488
0.056251	6412.773624
0.056256	6413.284585
0.05626	6413.787237
0.056265	6414.295766
0.056269	6414.801842
0.056273	6415.289139
0.056278	6415.786527
0.056282	6416.286627
0.056287	6416.793133
0.056292	6417.30049
0.056296	6417.814595
0.056301	6418.317798
0.056305	6418.817367
0.05631	6419.325245
0.056315	6419.83979
0.056319	6420.34977
0.056323	6420.843153
0.056328	6421.328388
0.056332	6421.821401
0.056337	6422.317077
0.056342	6422.824535
0.056346	6423.314224
0.056351	6423.811992
0.056355	6424.300841
0.05636	6424.784895
0.056364	6425.287147
0.056369	6425.800621
0.056373	6426.321952
0.056378	6426.828779
0.056382	6427.325075
0.056387	6427.818609
0.056391	6428.315095
0.056396	6428.804004
0.0564	6429.304194
0.056405	6429.804164
0.056409	6430.308398
0.056414	6430.809369
0.056418	6431.296476
0.056423	6431.785606
0.056427	6432.271241
0.056431	6432.77032
0.056436	6433.275085
0.056441	6433.770521
0.056445	6434.261371
0.056449	6434.76039
0.056454	6435.254154
0.056458	6435.757407
0.056463	6436.266867
0.056467	6436.770761
0.056472	6437.274635
0.056477	6437.772753
0.056481	6438.259259
0.056485	6438.764484
0.05649	6439.276436
0.056494	6439.775305
0.056499	6440.288278
0.056504	6440.807007
0.056508	6441.319349
0.056513	6441.82047
0.056517	6442.315656
0.056522	6442.828388
0.056527	6443.328038
0.056531	6443.814625
0.056535	6444.324494
0.05654	6444.830741
0.056544	6445.338318
0.056549	6445.841602
0.056553	6446.348799
0.056558	6446.850831
0.056562	6447.363223
0.056566	6447.884705
0.056571	6448.373564
0.056575	6448.857798
0.05658	6449.375806
0.056584	6449.88047
0.056589	6450.378589
0.056593	6450.885125
0.056598	6451.396867
0.056602	6451.904845
0.056607	6452.40021
0.056611	6452.890921
0.056615	6453.376787
0.05662	6453.86032
0.056624	6454.347658
0.056629	6454.863183
0.056633	6455.354214
0.056637	6455.82958
0.056642	6456.31955
0.056646	6456.811311
0.056651	6457.318749
0.056655	6457.829249
0.05666	6458.316867
0.056664	6458.807097
0.056668	6459.30963
0.056673	6459.808799
0.056677	6460.312543
0.056681	6460.79954
0.056686	6461.284625
0.05669	6461.777818
0.056694	6462.255215
0.056699	6462.733403
0.056703	6463.215846
0.056707	6463.696006
0.056712	6464.192593
0.056717	6464.687868
0.056721	6465.200971
0.056725	6465.69024
0.05673	6466.186066
0.056734	6466.670751
0.056739	6467.164635
0.056743	6467.650511
0.056748	6468.141502
0.056752	6468.635786
0.056757	6469.124565
0.056761	6469.610621
0.056765	6470.097197
0.05677	6470.587307
0.056775	6471.078519
0.056779	6471.575315
0.056784	6472.07037
0.056788	6472.54049
0.056792	6473.015235
0.056797	6473.488689
0.056801	6473.982382
0.056806	6474.490891
0.05681	6474.994194
0.056815	6475.495415
0.056819	6475.967257
0.056823	6476.463814
0.056828	6476.964815
0.056833	6477.463854
0.056837	6477.956957
0.056841	6478.457948
0.056846	6478.95979
0.05685	6479.455756
0.056855	6479.947277
0.056859	6480.449299
0.056864	6480.948188
0.056868	6481.447798
0.056872	6481.953153
0.056877	6482.453203
0.056882	6482.94035
0.056886	6483.442503
0.056891	6483.925415
0.056895	6484.414144
0.056899	6484.910851
0.056904	6485.416486
0.056908	6485.924685
0.056913	6486.423654
0.056918	6486.917397
0.056922	6487.401782
0.056927	6487.882503
0.056931	6488.371952
0.056935	6488.864715
0.056939	6489.360851
0.056944	6489.861542
0.056948	6490.356707
0.056953	6490.845485
0.056958	6491.335045
0.056962	6491.838809
0.056967	6492.338238
0.056971	6492.816136
0.056975	6493.285646
0.05698	6493.761421
0.056984	6494.260591
0.056989	6494.772432
0.056993	6495.280921
0.056998	6495.778869
0.057002	6496.266106
0.057007	6496.744565
0.057011	6497.223443
0.057016	6497.695986
0.05702	6498.176266
0.057025	6498.675375
0.057029	6499.183203
0.057034	6499.683904
0.057039	6500.193734
0.057043	6500.691321
0.057048	6501.190971
0.057053	6501.708559
0.057057	6502.207638
0.057062	6502.721341
0.057066	6503.212142
0.057071	6503.700941
0.057075	6504.186366
0.05708	6504.676306
0.057084	6505.188659
0.057089	6505.681752
0.057094	6506.173844
0.057098	6506.674865
0.057103	6507.16988
0.057107	6507.666346
0.057112	6508.171502
0.057116	6508.66964
0.057121	6509.178869
0.057125	6509.704124
0.05713	6510.213433
0.057134	6510.734905
0.057139	6511.241552
0.057143	6511.734665
0.057148	6512.207087
0.057153	6512.692382
0.057157	6513.185706
0.057161	6513.667487
0.057166	6514.158338
0.057171	6514.651672
0.057175	6515.152452
0.05718	6515.642873
0.057185	6516.141522
0.057189	6516.643303
0.057194	6517.158849
0.057199	6517.660751
0.057203	6518.138629
0.057207	6518.625125
0.057212	6519.115235
0.057216	6519.605115
0.057221	6520.104354
0.057225	6520.602903
0.05723	6521.12012
0.057234	6521.625385
0.057239	6522.10972
0.057243	6522.587387
0.057248	6523.07962
0.057252	6523.575626
0.057257	6524.071041
0.057262	6524.561552
0.057266	6525.064645
0.057271	6525.571852
0.057276	6526.06018
0.05728	6526.547147
0.057285	6527.031592
0.057289	6527.53027
0.057294	6528.022152
0.057298	6528.508699
0.057303	6528.993574
0.057307	6529.488368
0.057312	6529.975596
0.057316	6530.478068
0.057321	6530.977097
0.057325	6531.477177
0.05733	6531.967768
0.057334	6532.467007
0.057339	6532.975085
0.057343	6533.465295
0.057348	6533.960951
0.057353	6534.463433
0.057357	6534.952793
0.057362	6535.453674
0.057366	6535.953914
0.05737	6536.428328
0.057375	6536.912262
0.057379	6537.403253
0.057384	6537.891461
0.057388	6538.381371
0.057393	6538.875315
0.057397	6539.375856
0.057402	6539.874535
0.057407	6540.356677
0.057411	6540.842653
0.057415	6541.330631
0.05742	6541.8202
0.057424	6542.306316
0.057429	6542.803443
0.057433	6543.288549
0.057437	6543.761141
0.057442	6544.266046
0.057447	6544.786867
0.057451	6545.281181
0.057456	6545.766577
0.05746	6546.250541
0.057464	6546.722603
0.057469	6547.223914
0.057473	6547.717858
0.057478	6548.20952
0.057482	6548.709429
0.057487	6549.210881
0.057491	6549.71038
0.057496	6550.217307
0.057501	6550.718809
0.057505	6551.215475
0.05751	6551.702783
0.057514	6552.162172
0.057519	6552.648729
0.057523	6553.148729
0.057528	6553.654104
0.057532	6554.135676
0.057536	6554.605465
0.057541	6555.094214
0.057546	6555.581682
0.05755	6556.068138
0.057554	6556.563964
0.057559	6557.034084
0.057563	6557.518959
0.057567	6558.015115
0.057572	6558.514114
0.057577	6559.024294
0.057581	6559.495075
0.057585	6559.97045
0.05759	6560.457548
0.057594	6560.953203
0.057598	6561.467698
0.057603	6561.974765
0.057607	6562.47977
0.057612	6562.966086
0.057616	6563.456366
0.057621	6563.949119
0.057625	6564.443954
0.05763	6564.927267
0.057634	6565.411041
0.057638	6565.901021
0.057643	6566.390761
0.057648	6566.900711
0.057652	6567.41001
0.057657	6567.910791
0.057661	6568.408358
0.057666	6568.871291
0.05767	6569.345435
0.057675	6569.834545
0.057679	6570.331702
0.057683	6570.834344
0.057688	6571.323423
0.057692	6571.806597
0.057697	6572.301061
0.057701	6572.785946
0.057706	6573.287307
0.05771	6573.795746
0.057715	6574.285836
0.057719	6574.777127
0.057723	6575.271832
0.057728	6575.747988
0.057732	6576.236847
0.057736	6576.735205
0.057741	6577.222693
0.057745	6577.71042
0.057749	6578.203704
0.057754	6578.703133
0.057758	6579.201341
0.057763	6579.680951
0.057767	6580.167017
0.057771	6580.647858
0.057776	6581.129129
0.05778	6581.618138
0.057784	6582.105375
0.057788	6582.592893
0.057793	6583.08008
0.057797	6583.574204
0.057802	6584.065145
0.057806	6584.566967
0.057811	6585.067407
0.057816	6585.571692
0.05782	6586.082412
0.057825	6586.592633
0.057829	6587.086737
0.057834	6587.587588
0.057839	6588.088368
0.057843	6588.587117
0.057847	6589.07998
0.057852	6589.59012
0.057856	6590.082583
0.057861	6590.575255
0.057865	6591.072973
0.05787	6591.571311
0.057874	6592.066847
0.057879	6592.567317
0.057884	6593.06964
0.057888	6593.571692
0.057892	6594.068208
0.057897	6594.551241
0.057901	6595.028919
0.057906	6595.517598
0.05791	6596.002523
0.057914	6596.498599
0.057919	6596.998989
0.057923	6597.507267
0.057928	6598.008639
0.057932	6598.507167
0.057937	6599.014234
0.057942	6599.517457
0.057946	6600.01023
0.057951	6600.50982
0.057955	6600.995606
0.05796	6601.511612
0.057964	6602.022322
0.057969	6602.524885
0.057973	6603.027548
0.057978	6603.562422
0.057982	6604.074825
0.057987	6604.569499
0.057992	6605.067978
0.057997	6605.570811
0.058001	6606.079179
0.058006	6606.580721
0.05801	6607.08037
0.058015	6607.575455
0.058019	6608.072452
0.058024	6608.599049
0.058029	6609.121972
0.058034	6609.636306
0.058038	6610.126156
0.058042	6610.607297
0.058047	6611.105045
0.058052	6611.606496
0.058057	6612.107908
0.058061	6612.631381
0.058066	6613.124795
0.05807	6613.615626
0.058075	6614.125746
0.05808	6614.627948
0.058084	6615.126026
0.058089	6615.627928
0.058093	6616.135235
0.058098	6616.647287
0.058103	6617.124094
0.058107	6617.621201
0.058112	6618.118428
0.058116	6618.62042
0.058121	6619.118769
0.058125	6619.61047
0.05813	6620.093003
0.058134	6620.572563
0.058139	6621.063373
0.058143	6621.560691
0.058148	6622.041151
0.058152	6622.531421
0.058156	6623.017888
0.058161	6623.522703
0.058166	6624.020571
0.05817	6624.50979
0.058175	6624.994635
0.058179	6625.501902
0.058184	6625.991952
0.058189	6626.46985
0.058193	6626.950981
0.058197	6627.425365
0.058202	6627.928248
0.058207	6628.423373
0.058211	6628.917808
0.058216	6629.402873
0.05822	6629.88987
0.058225	6630.389059
0.05823	6630.885876
0.058234	6631.367047
0.058239	6631.845706
0.058243	6632.293083
0.058247	6632.763834
0.058252	6633.252062
0.058256	6633.737808
0.058261	6634.233524
0.058266	6634.742503
0.05827	6635.222683
0.058274	6635.7204
0.058279	6636.197327
0.058283	6636.681962
0.058287	6637.161772
0.058292	6637.63969
0.058296	6638.135986
0.058301	6638.643143
0.058306	6639.139239
0.05831	6639.62959
0.058315	6640.123263
0.058319	6640.616707
0.058324	6641.122663
0.058328	6641.601471
0.058332	6642.081652
0.058337	6642.550641
0.058341	6643.037788
0.058346	6643.528498
0.05835	6644.008759
0.058355	6644.499459
0.058359	6644.986456
0.058364	6645.467758
0.058368	6645.95007
0.058373	6646.452112
0.058377	6646.954044
0.058382	6647.428669
0.058386	6647.918428
0.05839	6648.404575
0.058395	6648.898228
0.0584	6649.390531
0.058404	6649.894975
0.058409	6650.398649
0.058413	6650.890761
0.058418	6651.38003
0.058423	6651.858629
0.058427	6652.353554
0.058432	6652.858639
0.058437	6653.358248
0.058441	6653.849219
0.058446	6654.334585
0.05845	6654.795435
0.058454	6655.26993
0.058458	6655.74964
0.058463	6656.241782
0.058467	6656.738699
0.058472	6657.228158
0.058476	6657.70992
0.058481	6658.197057
0.058485	6658.670751
0.05849	6659.151712
0.058494	6659.625335
0.058499	6660.115385
0.058503	6660.588779
0.058507	6661.063804
0.058512	6661.541642
0.058516	6662.023043
0.058521	6662.501602
0.058525	6662.985235
0.058529	6663.464304
0.058534	6663.935616
0.058538	6664.418979
0.058543	6664.907017
0.058547	6665.388328
0.058551	6665.859369
0.058555	6666.346967
0.05856	6666.832553
0.058565	6667.328358
0.05857	6667.818779
0.058574	6668.315135
0.058579	6668.804254
0.058583	6669.285606
0.058588	6669.770911
0.058592	6670.257347
0.058597	6670.763774
0.058601	6671.269159
0.058606	6671.753534
0.05861	6672.244885
0.058615	6672.746066
0.05862	6673.24026
0.058624	6673.738949
0.058628	6674.227337
0.058633	6674.711792
0.058637	6675.198348
0.058641	6675.692422
0.058646	6676.187277
0.05865	6676.683644
0.058655	6677.176617
0.058659	6677.674565
0.058664	6678.16039
0.058668	6678.650841
0.058672	6679.141822
0.058677	6679.632593
0.058681	6680.125996
0.058686	6680.613273
0.05869	6681.099299
0.058695	6681.598268
0.058699	6682.098849
0.058704	6682.591802
0.058708	6683.080511
0.058712	6683.561041
0.058717	6684.060831
0.058722	6684.566947
0.058726	6685.067868
0.058731	6685.579069
0.058736	6686.087087
0.05874	6686.597447
0.058745	6687.095566
0.058749	6687.5799
0.058754	6688.072322
0.058758	6688.581592
0.058763	6689.067608
0.058767	6689.556907
0.058772	6690.03044
0.058776	6690.52004
0.058781	6691.024494
0.058786	6691.525355
0.05879	6692.01988
0.058795	6692.504034
0.058799	6692.989399
0.058804	6693.483644
0.058808	6693.985966
0.058813	6694.486006
0.058817	6694.988699
0.058822	6695.502142
0.058827	6696.006667
0.058831	6696.488238
0.058836	6696.961451
0.058841	6697.452312
0.058845	6697.936657
0.05885	6698.425195
0.058854	6698.94028
0.058859	6699.454044
0.058864	6699.958308
0.058868	6700.437037
0.058873	6700.927127
0.058878	6701.411201
0.058882	6701.908569
0.058887	6702.417207
0.058891	6702.932392
0.058896	6703.457407
0.058901	6703.973043
0.058905	6704.474655
0.05891	6704.977067
0.058915	6705.482633
0.058919	6705.985235
0.058924	6706.485245
0.058928	6706.977327
0.058933	6707.468268
0.058937	6707.95959
0.058942	6708.463674
0.058946	6708.962422
0.058951	6709.462723
0.058956	6709.958068
0.05896	6710.463183
0.058965	6710.97036
0.05897	6711.466146
0.058974	6711.958659
0.058979	6712.455896
0.058983	6712.963894
0.058988	6713.468999
0.058993	6713.960751
0.058997	6714.446507
0.059002	6714.92029
0.059006	6715.398689
0.059011	6715.895626
0.059015	6716.386126
0.059019	6716.86043
0.059024	6717.342773
0.059028	6717.831061
0.059033	6718.333123
0.059037	6718.836306
0.059042	6719.332773
0.059047	6719.807137
0.059051	6720.288418
0.059055	6720.781632
0.05906	6721.281722
0.059064	6721.783544
0.059069	6722.27046
0.059073	6722.754484
0.059077	6723.237467
0.059082	6723.726547
0.059086	6724.208879
0.059091	6724.70011
0.059095	6725.193043
0.059099	6725.706847
0.059104	6726.215045
0.059109	6726.733594
0.059114	6727.223213
0.059118	6727.733974
0.059123	6728.226246
0.059127	6728.718328
0.059131	6729.211642
0.059136	6729.713453
0.059141	6730.223283
0.059145	6730.715005
0.05915	6731.211261
0.059154	6731.694985
0.059159	6732.186276
0.059164	6732.693053
0.059168	6733.177988
0.059173	6733.68006
0.059177	6734.177347
0.059182	6734.678258
0.059186	6735.171281
0.059191	6735.665445
0.059195	6736.162913
0.0592	6736.673273
0.059204	6737.149129
0.059209	6737.632863
0.059213	6738.124525
0.059217	6738.612452
0.059222	6739.11014
0.059227	6739.613914
0.059231	6740.121732
0.059236	6740.61973
0.059241	6741.093844
0.059245	6741.576947
0.05925	6742.063253
0.059254	6742.565736
0.059259	6743.072142
0.059264	6743.560951
0.059268	6744.039359
0.059272	6744.525586
0.059277	6745.027247
0.059282	6745.535826
0.059286	6746.033994
0.05929	6746.511471
0.059295	6747.011381
0.059299	6747.503714
0.059304	6748.005536
0.059309	6748.502953
0.059313	6748.998999
0.059318	6749.495756
0.059322	6749.984955
0.059327	6750.493113
0.059331	6750.997147
0.059336	6751.491762
0.059341	6751.984535
0.059345	6752.486306
0.05935	6753.002362
0.059355	6753.517568
0.05936	6754.025506
0.059364	6754.534715
0.059369	6755.044464
0.059373	6755.55013
0.059378	6756.045886
0.059382	6756.538839
0.059387	6757.037958
0.059391	6757.527477
0.059395	6758.018959
0.0594	6758.507608
0.059404	6758.997558
0.059409	6759.514785
0.059414	6760.036687
0.059418	6760.544945
0.059423	6761.048919
0.059428	6761.55045
0.059432	6762.039249
0.059437	6762.540791
0.059441	6763.0303
0.059446	6763.519109
0.059451	6764.013624
0.059455	6764.509099
0.05946	6765.003103
0.059464	6765.505335
0.059469	6766.007578
0.059474	6766.502533
0.059478	6766.995936
0.059483	6767.491652
0.059488	6767.994535
0.059493	6768.509079
0.059497	6769.00031
0.059502	6769.495495
0.059506	6769.993373
0.059511	6770.495856
0.059515	6770.991381
0.059519	6771.475686
0.059524	6771.974735
0.059529	6772.467177
0.059533	6772.967247
0.059538	6773.457387
0.059542	6773.941892
0.059547	6774.437187
0.059552	6774.94001
0.059556	6775.444114
0.059561	6775.956296
0.059566	6776.484585
0.059571	6777.010781
0.059575	6777.539149
0.05958	6778.054074
0.059585	6778.576757
0.05959	6779.104364
0.059594	6779.620781
0.059599	6780.112072
0.059604	6780.62029
0.059608	6781.137147
0.059613	6781.643874
0.059618	6782.152132
0.059622	6782.664004
0.059627	6783.179049
0.059632	6783.686106
0.059636	6784.210831
0.059641	6784.721512
0.059646	6785.222062
0.05965	6785.711662
0.059655	6786.207377
0.059659	6786.715596
0.059664	6787.208659
0.059669	6787.695706
0.059673	6788.193113
0.059678	6788.67997
0.059683	6789.167487
0.059687	6789.657918
0.059692	6790.161071
0.059697	6790.64952
0.059701	6791.136096
0.059706	6791.631231
0.059711	6792.135215
0.059715	6792.633724
0.05972	6793.142513
0.059724	6793.641181
0.059729	6794.151121
0.059734	6794.637538
0.059738	6795.130881
0.059743	6795.636707
0.059748	6796.165666
0.059753	6796.682282
0.059758	6797.175315
0.059763	6797.660901
0.059767	6798.145896
0.059772	6798.633283
0.059777	6799.122282
0.059781	6799.617958
0.059786	6800.138418
0.059791	6800.667387
0.059796	6801.167718
0.0598	6801.647107
0.059805	6802.171481
0.05981	6802.694755
0.059815	6803.208519
0.059819	6803.719079
0.059824	6804.227317
0.059829	6804.723323
0.059833	6805.23033
0.059838	6805.73004
0.059843	6806.224054
0.059847	6806.730541
0.059852	6807.242703
0.059856	6807.744715
0.059861	6808.244174
0.059866	6808.736537
0.05987	6809.219269
0.059875	6809.717177
0.05988	6810.22978
0.059885	6810.742563
0.059889	6811.243964
0.059894	6811.731371
0.059899	6812.223724
0.059903	6812.698859
0.059907	6813.189319
0.059912	6813.678048
0.059917	6814.184515
0.059921	6814.685355
0.059926	6815.194264
0.059931	6815.69983
0.059935	6816.204835
0.05994	6816.696196
0.059944	6817.198919
0.059949	6817.696446
0.059954	6818.189329
0.059958	6818.692783
0.059963	6819.185125
0.059968	6819.678649
0.059973	6820.187227
0.059977	6820.701562
0.059982	6821.20988
0.059987	6821.711602
0.059991	6822.22993
0.059996	6822.746346
0.060001	6823.247688
0.060006	6823.749279
0.060011	6824.259039
0.060015	6824.772402
0.06002	6825.277257
0.060025	6825.783333
0.060029	6826.289259
0.060034	6826.785586
0.060039	6827.280751
0.060043	6827.775926
0.060048	6828.277177
0.060053	6828.785816
0.060058	6829.305115
0.060062	6829.81026
0.060067	6830.334905
0.060072	6830.847337
0.060077	6831.348549
0.060081	6831.846466
0.060086	6832.327908
0.06009	6832.816136
0.060095	6833.324975
0.0601	6833.833814
0.060105	6834.351481
0.06011	6834.856326
0.060114	6835.359039
0.060119	6835.863584
0.060124	6836.37042
0.060129	6836.892513
0.060134	6837.390891
0.060138	6837.88969
0.060143	6838.406707
0.060148	6838.937968
0.060153	6839.458949
0.060158	6839.979039
0.060162	6840.48951
0.060167	6840.998438
0.060171	6841.496997
0.060176	6841.987798
0.06018	6842.485175
0.060185	6842.983083
0.06019	6843.512002
0.060194	6844.035415
0.060199	6844.54005
0.060204	6845.03975
0.060208	6845.516246
0.060213	6846.016106
0.060218	6846.523383
0.060222	6847.037908
0.060227	6847.547718
0.060232	6848.056006
0.060236	6848.564595
0.060241	6849.071822
0.060246	6849.556016
0.06025	6850.04035
0.060255	6850.572663
0.06026	6851.080661
0.060264	6851.582783
0.060269	6852.082402
0.060274	6852.573554
0.060278	6853.076667
0.060283	6853.578859
0.060288	6854.083724
0.060292	6854.584715
0.060297	6855.085796
0.060301	6855.591582
0.060306	6856.092973
0.060311	6856.60007
0.060315	6857.111421
0.06032	6857.599119
0.060324	6858.092813
0.060329	6858.593784
0.060334	6859.116947
0.060338	6859.654615
0.060343	6860.172112
0.060348	6860.676396
0.060353	6861.180811
0.060358	6861.686136
0.060362	6862.198939
0.060367	6862.722282
0.060372	6863.242072
0.060377	6863.757187
0.060382	6864.261632
0.060386	6864.76988
0.060391	6865.279159
0.060396	6865.783413
0.060401	6866.289309
0.060405	6866.792072
0.06041	6867.293794
0.060415	6867.808118
0.06042	6868.308428
0.060424	6868.814304
0.060429	6869.32041
0.060434	6869.827928
0.060439	6870.35039
0.060443	6870.862843
0.060448	6871.375315
0.060453	6871.882262
0.060458	6872.396727
0.060463	6872.900961
0.060467	6873.403614
0.060472	6873.915185
0.060477	6874.482803
0.060482	6875.007237
0.060486	6875.501682
0.060491	6876.003233
0.060496	6876.505516
0.060501	6877.013303
0.060506	6877.531912
0.060511	6878.051251
0.060515	6878.573063
0.06052	6879.086707
0.060524	6879.584064
0.060529	6880.082513
0.060534	6880.59951
0.060539	6881.106236
0.060544	6881.602412
0.060549	6882.112873
0.060554	6882.615115
0.060558	6883.128929
0.060563	6883.633734
0.060568	6884.132052
0.060572	6884.628509
0.060577	6885.13029
0.060582	6885.640821
0.060587	6886.145145
0.060591	6886.651772
0.060596	6887.159149
0.060601	6887.675926
0.060605	6888.182913
0.06061	6888.700671
0.060615	6889.213293
0.06062	6889.728368
0.060624	6890.222953
0.060629	6890.714314
0.060634	6891.226016
0.060638	6891.732753
0.060643	6892.247237
0.060648	6892.747297
0.060653	6893.252663
0.060658	6893.746176
0.060663	6894.250991
0.060667	6894.757828
0.060672	6895.259189
0.060677	6895.772723
0.060681	6896.275986
0.060686	6896.76047
0.060691	6897.263273
0.060696	6897.765485
0.060701	6898.271602
0.060706	6898.763483
0.06071	6899.236126
0.060715	6899.739099
0.06072	6900.265546
0.060724	6900.775375
0.060729	6901.271201
0.060734	6901.766997
0.060739	6902.271802
0.060743	6902.774835
0.060748	6903.270991
0.060753	6903.776256
0.060758	6904.288218
0.060762	6904.78979
0.060767	6905.293694
0.060772	6905.797097
0.060776	6906.30013
0.060781	6906.808268
0.060786	6907.298869
0.060791	6907.802553
0.060796	6908.333483
0.060801	6908.876577
0.060806	6909.391662
0.06081	6909.895285
0.060815	6910.393944
0.06082	6910.905806
0.060825	6911.407267
0.06083	6911.898208
0.060835	6912.426657
0.06084	6912.935315
0.060844	6913.439129
0.060849	6913.936136
0.060853	6914.438218
0.060858	6914.941251
0.060863	6915.453724
0.060868	6915.96024
0.060873	6916.462182
0.060877	6916.973614
0.060882	6917.496777
0.060887	6918.013463
0.060892	6918.543564
0.060897	6919.059059
0.060902	6919.571321
0.060907	6920.083183
0.060911	6920.599239
0.060916	6921.115896
0.060921	6921.628569
0.060926	6922.136577
0.060931	6922.637748
0.060935	6923.143043
0.06094	6923.627528
0.060945	6924.127988
0.060949	6924.617908
0.060954	6925.107347
0.060959	6925.622382
0.060963	6926.144444
0.060968	6926.670991
0.060973	6927.177598
0.060978	6927.677167
0.060983	6928.196086
0.060988	6928.695305
0.060992	6929.185445
0.060997	6929.688759
0.061002	6930.196136
0.061006	6930.693043
0.061011	6931.201952
0.061016	6931.718158
0.061021	6932.237407
0.061026	6932.746947
0.061031	6933.253894
0.061036	6933.763273
0.06104	6934.266667
0.061045	6934.777638
0.06105	6935.294585
0.061055	6935.798138
0.06106	6936.313644
0.061064	6936.811622
0.061069	6937.317608
0.061074	6937.81961
0.061078	6938.317818
0.061083	6938.824064
0.061088	6939.327878
0.061093	6939.823293
0.061098	6940.311842
0.061102	6940.815405
0.061107	6941.332372
0.061111	6941.828929
0.061116	6942.325656
0.061121	6942.836306
0.061126	6943.338388
0.061131	6943.840741
0.061136	6944.343924
0.061141	6944.841922
0.061145	6945.323033
0.06115	6945.828949
0.061155	6946.322412
0.061159	6946.809499
0.061164	6947.304775
0.061169	6947.802983
0.061174	6948.293073
0.061178	6948.788338
0.061183	6949.287167
0.061188	6949.801802
0.061193	6950.314384
0.061198	6950.823283
0.061203	6951.334064
0.061208	6951.844695
0.061212	6952.338579
0.061217	6952.83959
0.061222	6953.361772
0.061227	6953.87041
0.061232	6954.365185
0.061236	6954.87035
0.061241	6955.363664
0.061246	6955.865536
0.061251	6956.381812
0.061256	6956.878939
0.061261	6957.384985
0.061266	6957.886717
0.06127	6958.396016
0.061275	6958.901892
0.06128	6959.407137
0.061285	6959.920791
0.06129	6960.427858
0.061294	6960.936617
0.061299	6961.454404
0.061304	6961.965546
0.061308	6962.47042
0.061313	6962.959079
0.061318	6963.451051
0.061323	6963.963924
0.061327	6964.475285
0.061332	6964.993403
0.061337	6965.50959
0.061342	6966.017407
0.061346	6966.519289
0.061351	6967.022543
0.061356	6967.526216
0.061361	6968.039239
0.061366	6968.558799
0.06137	6969.08991
0.061375	6969.611592
0.06138	6970.12036
0.061385	6970.638999
0.06139	6971.155526
0.061395	6971.674865
0.0614	6972.186076
0.061404	6972.692092
0.061409	6973.201602
0.061414	6973.708589
0.061419	6974.227968
0.061424	6974.728018
0.061429	6975.234835
0.061433	6975.731121
0.061438	6976.235165
0.061443	6976.721331
0.061447	6977.211451
0.061452	6977.733043
0.061457	6978.247377
0.061462	6978.750631
0.061467	6979.273483
0.061472	6979.795075
0.061476	6980.301742
0.061481	6980.803614
0.061486	6981.307678
0.061491	6981.806597
0.061495	6982.312563
0.0615	6982.826136
0.061505	6983.331421
0.06151	6983.835796
0.061514	6984.33022
0.061519	6984.816947
0.061524	6985.313984
0.061529	6985.812593
0.061534	6986.322723
0.061538	6986.824064
0.061543	6987.335536
0.061548	6987.853804
0.061553	6988.372222
0.061558	6988.88955
0.061563	6989.394144
0.061567	6989.897508
0.061572	6990.392743
0.061577	6990.902012
0.061582	6991.416997
0.061586	6991.928699
0.061591	6992.436196
0.061596	6992.947097
0.0616	6993.470901
0.061605	6993.977357
0.06161	6994.477728
0.061615	6994.98987
0.06162	6995.507628
0.061624	6996.028278
0.061629	6996.548198
0.061633	6997.042773
0.061638	6997.528549
0.061643	6998.004324
0.061647	6998.50017
0.061652	6999.02048
0.061657	6999.527297
0.061662	7000.022072
0.061666	7000.52047
0.061671	7001.036436
0.061676	7001.53013
0.06168	7002.04972
0.061685	7002.568569
0.06169	7003.077948
0.061695	7003.587978
0.0617	7004.085225
0.061704	7004.588619
0.061709	7005.109429
0.061714	7005.618128
0.061719	7006.123113
0.061724	7006.634555
0.061729	7007.136216
0.061733	7007.642903
0.061738	7008.145435
0.061743	7008.638769
0.061747	7009.148238
0.061752	7009.67
0.061757	7010.178208
0.061762	7010.693894
0.061767	7011.205886
0.061771	7011.695265
0.061776	7012.197918
0.061781	7012.702442
0.061786	7013.205866
0.06179	7013.705806
0.061795	7014.205465
0.0618	7014.714494
0.061804	7015.210691
0.061809	7015.713714
0.061814	7016.187608
0.061818	7016.672062
0.061823	7017.179019
0.061828	7017.670941
0.061832	7018.173564
0.061837	7018.682923
0.061842	7019.188579
0.061846	7019.683363
0.061851	7020.163734
0.061856	7020.655065
0.06186	7021.148468
0.061865	7021.641011
0.06187	7022.131922
0.061874	7022.634044
0.061879	7023.12978
0.061883	7023.61994
0.061888	7024.104505
0.061893	7024.598248
0.061897	7025.08957
0.061902	7025.604905
0.061907	7026.126136
0.061911	7026.636877
0.061916	7027.144805
0.061921	7027.655856
0.061925	7028.1604
0.06193	7028.664154
0.061935	7029.164585
0.061939	7029.656156
0.061944	7030.164735
0.061949	7030.673744
0.061953	7031.171772
0.061958	7031.676827
0.061963	7032.17973
0.061968	7032.688859
0.061972	7033.177708
0.061977	7033.664014
0.061981	7034.168408
0.061986	7034.662853
0.061991	7035.158098
0.061996	7035.673524
0.062001	7036.175015
0.062005	7036.685836
0.06201	7037.201171
0.062015	7037.707117
0.06202	7038.206336
0.062025	7038.696336
0.062029	7039.203093
0.062034	7039.701642
0.062039	7040.207307
0.062043	7040.703644
0.062048	7041.194494
0.062053	7041.697127
0.062058	7042.207908
0.062062	7042.716657
0.062067	7043.22958
0.062072	7043.725195
0.062077	7044.213824
0.062082	7044.725516
0.062086	7045.243664
0.062091	7045.756807
0.062096	7046.275736
0.062101	7046.770661
0.062105	7047.265105
0.06211	7047.762653
0.062115	7048.252122
0.062119	7048.741341
0.062124	7049.234024
0.062129	7049.738919
0.062134	7050.248048
0.062139	7050.754845
0.062143	7051.24973
0.062148	7051.763634
0.062153	7052.254905
0.062158	7052.749219
0.062162	7053.232643
0.062167	7053.737297
0.062172	7054.243063
0.062176	7054.730601
0.062181	7055.226196
0.062186	7055.719459
0.062191	7056.218078
0.062195	7056.72967
0.0622	7057.237508
0.062205	7057.733784
0.06221	7058.221572
0.062214	7058.71046
0.06222	7059.251642
0.062224	7059.76033
0.062229	7060.253974
0.062234	7060.732663
0.062238	7061.209249
0.062243	7061.699269
0.062248	7062.193143
0.062252	7062.698959
0.062257	7063.193594
0.062262	7063.699039
0.062266	7064.227257
0.062271	7064.747457
0.062276	7065.265576
0.062281	7065.77033
0.062286	7066.284685
0.06229	7066.777708
0.062295	7067.266436
0.062299	7067.754444
0.062304	7068.243443
0.062309	7068.73988
0.062313	7069.251762
0.062318	7069.751992
0.062323	7070.246927
0.062328	7070.747267
0.062332	7071.245235
0.062337	7071.752873
0.062342	7072.253524
0.062346	7072.762472
0.062352	7073.283594
0.062356	7073.771311
0.062361	7074.277758
0.062366	7074.785355
0.062371	7075.293363
0.062375	7075.798879
0.06238	7076.300651
0.062385	7076.799369
0.06239	7077.317938
0.062395	7077.823754
0.062399	7078.317217
0.062404	7078.82004
0.062409	7079.32003
0.062414	7079.830541
0.062419	7080.334024
0.062423	7080.846797
0.062428	7081.352322
0.062433	7081.856186
0.062438	7082.360811
0.062443	7082.860571
0.062447	7083.348328
0.062452	7083.852052
0.062457	7084.362823
0.062462	7084.862322
0.062467	7085.367738
0.062472	7085.867007
0.062476	7086.364074
0.062481	7086.844705
0.062486	7087.340941
0.062491	7087.840801
0.062495	7088.333193
0.0625	7088.825315
0.062505	7089.322963
0.062509	7089.807077
0.062514	7090.30988
0.062519	7090.822472
0.062524	7091.329059
0.062529	7091.8196
0.062533	7092.291812
0.062538	7092.768619
0.062542	7093.265836
0.062547	7093.78028
0.062552	7094.291251
0.062557	7094.802382
0.062561	7095.303964
0.062567	7095.801411
0.062572	7096.304424
0.062576	7096.793704
0.062581	7097.286867
0.062585	7097.783233
0.06259	7098.28972
0.062595	7098.79036
0.0626	7099.280661
0.062605	7099.791321
0.062609	7100.295746
0.062614	7100.797798
0.062619	7101.305676
0.062623	7101.807467
0.062628	7102.311552
0.062633	7102.815155
0.062638	7103.324274
0.062643	7103.791491
0.062647	7104.282082
0.062652	7104.783764
0.062656	7105.283003
0.062661	7105.777147
0.062666	7106.276707
0.062671	7106.789319
0.062675	7107.29975
0.06268	7107.804334
0.062685	7108.304965
0.062689	7108.781271
0.062694	7109.276607
0.062699	7109.768959
0.062703	7110.265305
0.062708	7110.783774
0.062713	7111.29048
0.062718	7111.803413
0.062722	7112.316527
0.062727	7112.808789
0.062732	7113.325546
0.062736	7113.818969
0.062741	7114.315626
0.062745	7114.818539
0.06275	7115.334955
0.062755	7115.847808
0.06276	7116.345265
0.062764	7116.850731
0.062769	7117.352693
0.062774	7117.867598
0.062779	7118.381842
0.062783	7118.88027
0.062788	7119.385616
0.062793	7119.908208
0.062798	7120.442322
0.062803	7120.961431
0.062808	7121.488759
0.062813	7122.007207
0.062818	7122.525656
0.062823	7123.046927
0.062828	7123.553163
0.062833	7124.044464
0.062838	7124.543103
0.062842	7125.063183
0.062847	7125.598078
0.062852	7126.110761
0.062856	7126.608128
0.062861	7127.12026
0.062866	7127.626216
0.06287	7128.147728
0.062875	7128.658719
0.06288	7129.174434
0.062885	7129.682422
0.062889	7130.191522
0.062894	7130.709039
0.062899	7131.214274
0.062904	7131.726967
0.062909	7132.246156
0.062914	7132.768689
0.062919	7133.32986
0.062924	7133.862252
0.062929	7134.366086
0.062933	7134.886106
0.062938	7135.394735
0.062943	7135.895846
0.062948	7136.420861
0.062953	7136.927728
0.062958	7137.446987
0.062963	7137.940951
0.062967	7138.43951
0.062972	7138.953824
0.062977	7139.463393
0.062982	7139.965005
0.062987	7140.478819
0.062991	7140.98991
0.062996	7141.50037
0.063001	7141.997688
0.063006	7142.500891
0.063011	7143.015185
0.063015	7143.523604
0.06302	7144.036076
0.063025	7144.538799
0.06303	7145.050521
0.063034	7145.56967
0.063039	7146.073133
0.063044	7146.581502
0.063049	7147.078729
0.063053	7147.588969
0.063058	7148.090511
0.063063	7148.575405
0.063067	7149.081952
0.063073	7149.601481
0.063077	7150.115556
0.063082	7150.635095
0.063087	7151.136977
0.063092	7151.624505
0.063097	7152.135305
0.063102	7152.643193
0.063106	7153.166777
0.063111	7153.693674
0.063116	7154.192372
0.06312	7154.69012
0.063125	7155.186416
0.06313	7155.682152
0.063135	7156.200671
0.06314	7156.717608
0.063145	7157.236116
0.06315	7157.759219
0.063154	7158.258609
0.063159	7158.758098
0.063164	7159.268529
0.063169	7159.783664
0.063174	7160.292352
0.063178	7160.797538
0.063183	7161.309349
0.063188	7161.82009
0.063193	7162.31957
0.063198	7162.832092
0.063202	7163.343223
0.063207	7163.85952
0.063212	7164.373644
0.063217	7164.885936
0.063222	7165.395846
0.063227	7165.902623
0.063232	7166.423744
0.063237	7166.941361
0.063242	7167.446286
0.063247	7167.952452
0.063252	7168.457908
0.063256	7168.952803
0.063261	7169.458789
0.063266	7169.95961
0.06327	7170.467227
0.063275	7170.967357
0.06328	7171.467798
0.063285	7171.97969
0.06329	7172.493033
0.063295	7173.002593
0.063299	7173.503023
0.063304	7174.000901
0.063309	7174.529289
0.063314	7175.055445
0.063319	7175.57049
0.063323	7176.081411
0.063328	7176.580951
0.063333	7177.094645
0.063338	7177.611191
0.063343	7178.12024
0.063348	7178.630511
0.063353	7179.147608
0.063358	7179.656176
0.063363	7180.15977
0.063368	7180.663654
0.063372	7181.172382
0.063377	7181.676537
0.063382	7182.182833
0.063387	7182.691592
0.063392	7183.200741
0.063396	7183.698869
0.063401	7184.210671
0.063406	7184.717798
0.063411	7185.227497
0.063416	7185.737878
0.06342	7186.233674
0.063425	7186.742492
0.06343	7187.235465
0.063434	7187.715566
0.063439	7188.203774
0.063443	7188.695255
0.063448	7189.190691
0.063453	7189.692122
0.063458	7190.191802
0.063463	7190.698659
0.063468	7191.201091
0.063472	7191.684054
0.063477	7192.197487
0.063482	7192.71039
0.063487	7193.226006
0.063492	7193.73044
0.063496	7194.217678
0.063501	7194.714955
0.063506	7195.225506
0.063511	7195.738458
0.063516	7196.241932
0.06352	7196.744444
0.063525	7197.251061
0.06353	7197.749469
0.063535	7198.243253
0.063539	7198.734214
0.063544	7199.223794
0.063549	7199.728959
0.063554	7200.251161
0.063559	7200.761411
0.063563	7201.257257
0.063568	7201.748298
0.063573	7202.23037
0.063577	7202.70994
0.063582	7203.199359
0.063587	7203.711792
0.063591	7204.224735
0.063596	7204.756647
0.063601	7205.265205
0.063606	7205.749369
0.063611	7206.22973
0.063615	7206.697968
0.063619	7207.173944
0.063624	7207.658809
0.063629	7208.145185
0.063634	7208.640791
0.063638	7209.134304
0.063643	7209.637267
0.063648	7210.146727
0.063653	7210.657247
0.063658	7211.163383
0.063663	7211.661892
0.063667	7212.168328
0.063672	7212.678428
0.063677	7213.181331
0.063682	7213.678108
0.063686	7214.177267
0.063691	7214.679159
0.063696	7215.188729
0.0637	7215.69963
0.063705	7216.212122
0.06371	7216.72022
0.063715	7217.22969
0.06372	7217.730601
0.063725	7218.247888
0.06373	7218.771752
0.063735	7219.283914
0.063739	7219.793964
0.063744	7220.302222
0.063749	7220.814655
0.063754	7221.323724
0.063759	7221.825205
0.063763	7222.32006
0.063768	7222.813203
0.063773	7223.311281
0.063778	7223.8102
0.063783	7224.318769
0.063788	7224.822563
0.063793	7225.314505
0.063798	7225.815435
0.063803	7226.326567
0.063807	7226.835866
0.063812	7227.349459
0.063818	7227.854715
0.063822	7228.352112
0.063827	7228.844424
0.063832	7229.328058
0.063837	7229.818378
0.063841	7230.302893
0.063846	7230.793293
0.063851	7231.294044
0.063855	7231.799129
0.06386	7232.309089
0.063865	7232.817197
0.06387	7233.322573
0.063875	7233.825065
0.06388	7234.33045
0.063884	7234.846677
0.063889	7235.362543
0.063894	7235.883524
0.063899	7236.386607
0.063904	7236.887027
0.063909	7237.386166
0.063914	7237.883363
0.063918	7238.376777
0.063923	7238.881211
0.063928	7239.377878
0.063933	7239.874264
0.063937	7240.365756
0.063942	7240.861912
0.063947	7241.365305
0.063952	7241.875856
0.063957	7242.388388
0.063962	7242.885355
0.063966	7243.367487
0.063971	7243.858418
0.063976	7244.358328
0.06398	7244.867397
0.063985	7245.367377
0.06399	7245.88024
0.063995	7246.383173
0.064	7246.87984
0.064004	7247.389499
0.064009	7247.89996
0.064014	7248.400951
0.064019	7248.916066
0.064024	7249.433594
0.064029	7249.943133
0.064033	7250.447798
0.064038	7250.946306
0.064043	7251.446486
0.064047	7251.950941
0.064052	7252.460801
0.064057	7252.96015
0.064062	7253.464765
0.064066	7253.958749
0.064071	7254.445576
0.064076	7254.948569
0.06408	7255.441802
0.064085	7255.943774
0.06409	7256.444384
0.064094	7256.918028
0.064098	7257.373313
0.064103	7257.874484
0.064108	7258.366276
0.064113	7258.870701
0.064118	7259.383403
0.064123	7259.891261
0.064128	7260.391902
0.064132	7260.883473
0.064137	7261.385816
0.064142	7261.890991
0.064147	7262.395966
0.064152	7262.900681
0.064156	7263.393784
0.064161	7263.881151
0.064166	7264.386977
0.064171	7264.896617
0.064176	7265.396146
0.06418	7265.907007
0.064185	7266.409049
0.06419	7266.913784
0.064195	7267.405996
0.064199	7267.907167
0.064204	7268.404454
0.064209	7268.89985
0.064213	7269.403223
0.064218	7269.906697
0.064223	7270.4204
0.064228	7270.938028
0.064233	7271.45034
0.064238	7271.956406
0.064242	7272.452002
0.064247	7272.963193
0.064252	7273.476176
0.064257	7273.983944
0.064262	7274.491902
0.064267	7274.988028
0.064272	7275.498098
0.064277	7276.005265
0.064281	7276.508328
0.064286	7277.010561
0.064291	7277.523053
0.064296	7278.011832
0.0643	7278.505155
0.064304	7279.006567
0.064309	7279.500991
0.064314	7279.994525
0.064318	7280.468949
0.064323	7280.949319
0.064327	7281.426436
0.064332	7281.896847
0.064337	7282.35979
0.064341	7282.834164
0.064346	7283.327598
0.064351	7283.83024
0.064356	7284.324104
0.06436	7284.793283
0.064365	7285.286557
0.064369	7285.777237
0.064374	7286.266096
0.064379	7286.737918
0.064383	7287.2202
0.064388	7287.693564
0.064392	7288.172202
0.064397	7288.649489
0.064401	7289.13027
0.064406	7289.603343
0.064411	7290.07953
0.064415	7290.559179
0.06442	7291.045005
0.064424	7291.510641
0.064429	7291.991431
0.064433	7292.483524
0.064438	7292.977437
0.064442	7293.466857
0.064447	7293.97001
0.064452	7294.473794
0.064457	7294.979189
0.064461	7295.477808
0.064466	7295.972212
0.064471	7296.46965
0.064476	7296.975966
0.06448	7297.48984
0.064485	7297.998869
0.06449	7298.497918
0.064494	7298.985315
0.064499	7299.470761
0.064504	7299.961081
0.064508	7300.462382
0.064513	7300.968979
0.064518	7301.474104
0.064523	7301.981031
0.064527	7302.473714
0.064532	7302.967688
0.064537	7303.453133
0.064541	7303.930911
0.064546	7304.424695
0.064551	7304.924024
0.064556	7305.39986
0.06456	7305.885225
0.064565	7306.35998
0.06457	7306.851992
0.064575	7307.338458
0.064579	7307.82007
0.064584	7308.300551
0.064588	7308.7897
0.064593	7309.296637
0.064598	7309.79048
0.064602	7310.27994
0.064607	7310.786386
0.064612	7311.276937
0.064616	7311.771011
0.064622	7312.28005
0.064626	7312.775365
0.064631	7313.265015
0.064635	7313.753363
0.06464	7314.23997
0.064645	7314.732352
0.06465	7315.232272
0.064655	7315.7597
0.06466	7316.271912
0.064664	7316.768779
0.064669	7317.267638
0.064674	7317.747187
0.064678	7318.234755
0.064683	7318.718839
0.064687	7319.203363
0.064692	7319.702142
0.064697	7320.185986
0.064701	7320.682843
0.064706	7321.183514
0.064711	7321.68014
0.064716	7322.164875
0.06472	7322.653003
0.064725	7323.133574
0.064729	7323.623594
0.064734	7324.103944
0.064739	7324.592342
0.064744	7325.078649
0.064749	7325.568108
0.064753	7326.061271
0.064758	7326.555175
0.064763	7327.035656
0.064768	7327.525085
0.064772	7328.01028
0.064776	7328.486717
0.064781	7328.970711
0.064786	7329.462773
0.064791	7329.972693
0.064795	7330.480641
0.0648	7330.983163
0.064805	7331.472442
0.064809	7331.951982
0.064814	7332.455065
0.064819	7332.946256
0.064823	7333.43984
0.064828	7333.942883
0.064833	7334.453293
0.064838	7334.967818
0.064843	7335.479069
0.064847	7335.97038
0.064852	7336.463864
0.064857	7336.954434
0.064861	7337.437177
0.064865	7337.928569
0.06487	7338.402573
0.064875	7338.896577
0.06488	7339.396547
0.064884	7339.903734
0.064889	7340.411301
0.064894	7340.898088
0.064898	7341.362923
0.064903	7341.828418
0.064907	7342.309029
0.064912	7342.799359
0.064917	7343.287207
0.064922	7343.794735
0.064926	7344.312713
0.064932	7344.819079
0.064936	7345.318719
0.064941	7345.803363
0.064946	7346.289219
0.06495	7346.784705
0.064955	7347.272743
0.064959	7347.766657
0.064964	7348.250811
0.064969	7348.744875
0.064974	7349.232162
0.064978	7349.718368
0.064983	7350.208989
0.064987	7350.695355
0.064992	7351.187337
0.064997	7351.67965
0.065002	7352.170711
0.065006	7352.634444
0.065011	7353.135656
0.065016	7353.643493
0.065021	7354.143243
0.065026	7354.653774
0.06503	7355.148899
0.065035	7355.654244
0.06504	7356.159099
0.065044	7356.653123
0.065049	7357.13995
0.065054	7357.631882
0.065059	7358.120961
0.065064	7358.618669
0.065068	7359.116637
0.065073	7359.619009
0.065078	7360.126817
0.065083	7360.647217
0.065088	7361.128498
0.065093	7361.602823
0.065097	7362.080911
0.065102	7362.565736
0.065107	7363.052412
0.065111	7363.529099
0.065116	7363.998789
0.065121	7364.462713
0.065125	7364.932062
0.065129	7365.404334
0.065134	7365.891522
0.065139	7366.387988
0.065143	7366.881211
0.065148	7367.363904
0.065153	7367.863113
0.065157	7368.35967
0.065162	7368.841782
0.065166	7369.336847
0.065171	7369.835425
0.065176	7370.334354
0.06518	7370.83
0.065185	7371.322432
0.065189	7371.801291
0.065194	7372.288338
0.065199	7372.764815
0.065203	7373.258068
0.065208	7373.743363
0.065212	7374.238308
0.065217	7374.74994
0.065222	7375.25032
0.065226	7375.743493
0.065231	7376.238939
0.065236	7376.738749
0.065241	7377.251752
0.065245	7377.750581
0.06525	7378.257487
0.065255	7378.75998
0.06526	7379.251502
0.065265	7379.745475
0.06527	7380.23988
0.065274	7380.737127
0.065279	7381.227618
0.065283	7381.711962
0.065288	7382.221281
0.065292	7382.733233
0.065297	7383.23033
0.065302	7383.727117
0.065307	7384.203163
0.065312	7384.703734
0.065317	7385.209079
0.065321	7385.716897
0.065326	7386.230531
0.065331	7386.711892
0.065335	7387.201672
0.06534	7387.706276
0.065345	7388.207007
0.06535	7388.704284
0.065355	7389.206787
0.06536	7389.708919
0.065364	7390.194645
0.065369	7390.683143
0.065374	7391.178999
0.065378	7391.665806
0.065383	7392.151391
0.065388	7392.634885
0.065392	7393.123203
0.065397	7393.61977
0.065402	7394.118819
0.065406	7394.616617
0.065411	7395.118488
0.065416	7395.619309
0.065421	7396.108629
0.065425	7396.599489
0.06543	7397.082893
0.065435	7397.5898
0.06544	7398.083003
0.065444	7398.572593
0.065449	7399.063453
0.065454	7399.555796
0.065458	7400.0403
0.065463	7400.529169
0.065468	7400.99987
0.065473	7401.526997
0.065478	7402.052873
0.065482	7402.558869
0.065487	7403.066046
0.065492	7403.565526
0.065497	7404.066436
0.065502	7404.555996
0.065506	7405.041401
0.065511	7405.539439
0.065516	7406.027838
0.065521	7406.51965
0.065526	7407.020891
0.065531	7407.524695
0.065535	7408.028468
0.06554	7408.511882
0.065544	7408.985636
0.065549	7409.455826
0.065553	7409.934494
0.065558	7410.411852
0.065563	7410.901251
0.065567	7411.376226
0.065572	7411.868809
0.065577	7412.366486
0.065581	7412.847057
0.065586	7413.348999
0.065591	7413.843043
0.065595	7414.33978
0.0656	7414.836787
0.065605	7415.321852
0.06561	7415.809219
0.065614	7416.301161
0.065619	7416.787548
0.065623	7417.258418
0.065628	7417.730891
0.065633	7418.205776
0.065637	7418.683373
0.065642	7419.165275
0.065646	7419.668368
0.065651	7420.1598
0.065656	7420.638388
0.06566	7421.113884
0.065665	7421.595165
0.06567	7422.092302
0.065674	7422.588318
0.065679	7423.075826
0.065683	7423.565225
0.065689	7424.056316
0.065694	7424.567758
0.065698	7425.067247
0.065703	7425.539479
0.065708	7426.015876
0.065712	7426.491101
0.065717	7426.972713
0.065722	7427.467357
0.065726	7427.962492
0.065731	7428.470961
0.065736	7428.965175
0.065741	7429.452062
0.065746	7429.930941
0.06575	7430.41025
0.065755	7430.87993
0.065759	7431.356166
0.065764	7431.83019
0.065769	7432.301371
0.065773	7432.776366
0.065778	7433.251512
0.065783	7433.734204
0.065787	7434.217397
0.065792	7434.70038
0.065797	7435.191642
0.065801	7435.660611
0.065806	7436.143483
0.065811	7436.630961
0.065816	7437.111001
0.06582	7437.590891
0.065825	7438.074154
0.06583	7438.554905
0.065834	7439.031111
0.065839	7439.537307
0.065844	7440.036807
0.065849	7440.532673
0.065853	7441.012743
0.065858	7441.506867
0.065863	7441.997798
0.065868	7442.492192
0.065872	7442.984755
0.065877	7443.477157
0.065881	7443.968228
0.065886	7444.46045
0.065891	7444.948078
0.065895	7445.444715
0.0659	7445.928899
0.065905	7446.414565
0.065909	7446.911612
0.065914	7447.406897
0.065919	7447.905135
0.065924	7448.395175
0.065928	7448.863964
0.065932	7449.342442
0.065937	7449.828939
0.065942	7450.327137
0.065946	7450.808478
0.065951	7451.285626
0.065956	7451.77955
0.065961	7452.269259
0.065965	7452.771982
0.06597	7453.306817
0.065975	7453.802933
0.06598	7454.310701
0.065985	7454.821121
0.06599	7455.311211
0.065994	7455.821642
0.065999	7456.334124
0.066004	7456.838068
0.066009	7457.35043
0.066014	7457.858889
0.066018	7458.36022
0.066023	7458.864474
0.066028	7459.363073
0.066033	7459.875516
0.066038	7460.371111
0.066043	7460.887938
0.066048	7461.395926
0.066053	7461.892152
0.066058	7462.40024
0.066063	7462.901271
0.066067	7463.402733
0.066072	7463.899269
0.066076	7464.391141
0.066081	7464.867367
0.066086	7465.356256
0.06609	7465.847978
0.066095	7466.350941
0.0661	7466.864364
0.066104	7467.362903
0.066109	7467.855776
0.066114	7468.338889
0.066119	7468.833183
0.066123	7469.328058
0.066128	7469.825165
0.066133	7470.326336
0.066137	7470.813914
0.066142	7471.288799
0.066146	7471.765786
0.066151	7472.253954
0.066156	7472.754805
0.06616	7473.240501
0.066165	7473.741261
0.06617	7474.245055
0.066175	7474.74007
0.06618	7475.249039
0.066184	7475.762492
0.066189	7476.243453
0.066194	7476.737778
0.066199	7477.227277
0.066204	7477.712943
0.066208	7478.207558
0.066213	7478.68968
0.066218	7479.182412
0.066222	7479.672643
0.066227	7480.165776
0.066232	7480.67043
0.066236	7481.165556
0.066241	7481.66033
0.066246	7482.146296
0.066251	7482.647267
0.066256	7483.186747
0.066261	7483.706426
0.066266	7484.21983
0.066271	7484.731562
0.066276	7485.244565
0.066281	7485.760781
0.066285	7486.257187
0.06629	7486.757157
0.066295	7487.257037
0.0663	7487.775566
0.066305	7488.286707
0.06631	7488.804865
0.066314	7489.303764
0.066319	7489.808428
0.066324	7490.321982
0.066329	7490.830821
0.066334	7491.324585
0.066339	7491.796547
0.066343	7492.287828
0.066348	7492.782132
0.066353	7493.266827
0.066357	7493.756787
0.066362	7494.252533
0.066367	7494.747487
0.066372	7495.272653
0.066377	7495.788599
0.066382	7496.303463
0.066387	7496.804014
0.066391	7497.285055
0.066396	7497.75962
0.066401	7498.247728
0.066406	7498.746637
0.06641	7499.244505
0.066415	7499.736637
0.06642	7500.218879
0.066424	7500.693193
0.066429	7501.179109
0.066434	7501.675936
0.066438	7502.167307
0.066443	7502.664364
0.066448	7503.149059
0.066452	7503.629009
0.066457	7504.118829
0.066461	7504.604755
0.066465	7505.098739
0.06647	7505.591682
0.066475	7506.078879
0.06648	7506.564204
0.066484	7507.047007
0.066489	7507.524454
0.066493	7507.998849
0.066498	7508.481301
0.066503	7508.974925
0.066508	7509.48961
0.066513	7510.005375
0.066518	7510.512052
0.066522	7511.009199
0.066527	7511.509079
0.066532	7512.001612
0.066537	7512.49035
0.066542	7512.99013
0.066547	7513.482022
0.066551	7513.995786
0.066556	7514.502673
0.066561	7514.995475
0.066566	7515.506507
0.066571	7516.014615
0.066575	7516.507618
0.06658	7516.982983
0.066585	7517.473684
0.06659	7517.973894
0.066595	7518.479329
0.066599	7518.984114
0.066604	7519.488939
0.066609	7519.977277
0.066613	7520.465045
0.066618	7520.952763
0.066623	7521.458669
0.066628	7521.967337
0.066633	7522.457538
0.066638	7522.964434
0.066642	7523.445085
0.066647	7523.924064
0.066651	7524.391491
0.066656	7524.867277
0.06666	7525.362102
0.066665	7525.872012
0.06667	7526.378949
0.066675	7526.885285
0.06668	7527.385165
0.066685	7527.876577
0.06669	7528.363534
0.066694	7528.861842
0.066699	7529.363724
0.066704	7529.845215
0.066708	7530.334094
0.066713	7530.838438
0.066718	7531.360721
0.066723	7531.8696
0.066728	7532.387237
0.066732	7532.896256
0.066737	7533.384615
0.066742	7533.884314
0.066747	7534.381301
0.066752	7534.863083
0.066756	7535.375836
0.066762	7535.895746
0.066766	7536.41032
0.066771	7536.904895
0.066775	7537.403063
0.06678	7537.89016
0.066785	7538.392282
0.06679	7538.901752
0.066795	7539.406977
0.0668	7539.906797
0.066805	7540.409389
0.06681	7540.914154
0.066814	7541.407117
0.066819	7541.907057
0.066824	7542.4003
0.066829	7542.876056
0.066834	7543.365676
0.066839	7543.867738
0.066844	7544.386977
0.066849	7544.908579
0.066854	7545.421201
0.066859	7545.941341
0.066864	7546.454925
0.066868	7546.951812
0.066873	7547.423223
0.066878	7547.906627
0.066882	7548.406416
0.066887	7548.927187
0.066892	7549.428649
0.066897	7549.944394
0.066902	7550.444725
0.066907	7550.941532
0.066912	7551.44988
0.066917	7551.948118
0.066921	7552.455355
0.066926	7552.961051
0.066931	7553.456126
0.066936	7553.946266
0.066941	7554.434164
0.066945	7554.922392
0.06695	7555.426977
0.066955	7555.93028
0.06696	7556.418729
0.066964	7556.897167
0.066969	7557.402963
0.066974	7557.923594
0.066979	7558.441612
0.066984	7558.958348
0.066989	7559.473524
0.066994	7559.972653
0.066999	7560.462603
0.067004	7560.953574
0.067009	7561.444374
0.067013	7561.918689
0.067018	7562.398939
0.067022	7562.887528
0.067027	7563.382132
0.067032	7563.866306
0.067037	7564.366587
0.067042	7564.875566
0.067047	7565.386096
0.067052	7565.890511
0.067057	7566.402422
0.067062	7566.906076
0.067067	7567.406737
0.067071	7567.913333
0.067076	7568.411231
0.067081	7568.90003
0.067086	7569.392402
0.06709	7569.898799
0.067095	7570.426577
0.0671	7570.932973
0.067105	7571.455455
0.06711	7571.959119
0.067115	7572.449289
0.06712	7572.937518
0.067125	7573.441201
0.067129	7573.938779
0.067134	7574.436647
0.067139	7574.92038
0.067144	7575.427237
0.067149	7575.942633
0.067154	7576.441852
0.067158	7576.940981
0.067163	7577.436577
0.067168	7577.942152
0.067173	7578.445415
0.067178	7578.950711
0.067183	7579.452362
0.067188	7579.953684
0.067193	7580.457718
0.067198	7580.982983
0.067203	7581.488228
0.067207	7581.990711
0.067212	7582.492583
0.067217	7582.983433
0.067222	7583.482693
0.067227	7583.973974
0.067232	7584.491201
0.067237	7585.010581
0.067241	7585.507367
0.067246	7585.997998
0.067251	7586.488308
0.067256	7586.983734
0.067261	7587.494715
0.067266	7588.000981
0.06727	7588.493804
0.067275	7588.985365
0.06728	7589.478639
0.067285	7589.999459
0.06729	7590.51013
0.067295	7590.996186
0.067299	7591.478819
0.067304	7591.966647
0.067309	7592.463554
0.067314	7592.953944
0.067318	7593.436597
0.067323	7593.935165
0.067328	7594.435415
0.067333	7594.927768
0.067338	7595.41014
0.067342	7595.881802
0.067347	7596.373964
0.067352	7596.866877
0.067356	7597.358989
0.067361	7597.853423
0.067366	7598.345716
0.06737	7598.832603
0.067375	7599.303293
0.06738	7599.785686
0.067384	7600.265946
0.067389	7600.745546
0.067394	7601.248298
0.067399	7601.72986
0.067403	7602.208639
0.067408	7602.697838
0.067413	7603.193083
0.067418	7603.68986
0.067423	7604.179319
0.067428	7604.661181
0.067432	7605.143453
0.067437	7605.630991
0.067442	7606.106997
0.067447	7606.583233
0.067451	7607.057508
0.067456	7607.552022
0.067461	7608.040731
0.067466	7608.537337
0.067471	7609.01986
0.067476	7609.492963
0.06748	7609.973103
0.067485	7610.447648
0.06749	7610.942052
0.067495	7611.4497
0.067499	7611.94965
0.067504	7612.433884
0.067509	7612.920971
0.067514	7613.408288
0.067518	7613.901151
0.067523	7614.41044
0.067528	7614.901612
0.067533	7615.389469
0.067538	7615.877037
0.067542	7616.366577
0.067547	7616.842172
0.067552	7617.306306
0.067556	7617.785445
0.067561	7618.257437
0.067566	7618.73016
0.06757	7619.222272
0.067575	7619.705195
0.06758	7620.204965
0.067585	7620.718849
0.06759	7621.219409
0.067595	7621.707528
0.067599	7622.187347
0.067604	7622.665345
0.067609	7623.157548
0.067614	7623.635215
0.067618	7624.124164
0.067623	7624.599389
0.067628	7625.077548
0.067633	7625.566126
0.067638	7626.044134
0.067642	7626.52995
0.067647	7627.011231
0.067652	7627.497497
0.067656	7627.977778
0.067661	7628.464595
0.067666	7628.977538
0.067671	7629.477297
0.067676	7629.978018
0.06768	7630.477157
0.067685	7630.974915
0.06769	7631.473504
0.067695	7631.978679
0.0677	7632.470891
0.067705	7632.966076
0.067709	7633.457187
0.067714	7633.960711
0.067719	7634.470631
0.067724	7634.97004
0.067729	7635.465636
0.067734	7635.97035
0.067738	7636.465596
0.067743	7636.957718
0.067748	7637.438018
0.067753	7637.938549
0.067758	7638.440551
0.067762	7638.940801
0.067767	7639.442943
0.067773	7639.944755
0.067777	7640.443363
0.067782	7640.933163
0.067787	7641.41951
0.067792	7641.908599
0.067797	7642.397017
0.067801	7642.889149
0.067806	7643.374905
0.067811	7643.862883
0.067816	7644.370681
0.067821	7644.866276
0.067825	7645.341441
0.06783	7645.836446
0.067835	7646.318228
0.067839	7646.802553
0.067844	7647.298959
0.067849	7647.794284
0.067854	7648.315125
0.067859	7648.803694
0.067863	7649.28019
0.067868	7649.768448
0.067873	7650.257297
0.067877	7650.746997
0.067882	7651.247357
0.067887	7651.731562
0.067892	7652.21992
0.067896	7652.707027
0.067901	7653.202482
0.067906	7653.699359
0.06791	7654.196256
0.067915	7654.698008
0.067921	7655.266577
0.067925	7655.785085
0.067931	7656.29963
0.067936	7656.808378
0.06794	7657.317708
0.067945	7657.82969
0.06795	7658.329309
0.067955	7658.833734
0.06796	7659.335746
0.067965	7659.845716
0.06797	7660.344645
0.067974	7660.83954
0.067979	7661.333844
0.067984	7661.817207
0.067988	7662.28953
0.067993	7662.786456
0.067998	7663.284885
0.068003	7663.78967
0.068008	7664.284424
0.068012	7664.782352
0.068017	7665.282282
0.068022	7665.761181
0.068027	7666.240561
0.068031	7666.738839
0.068036	7667.235606
0.068041	7667.736617
0.068046	7668.232422
0.068051	7668.724565
0.068056	7669.214354
0.06806	7669.704014
0.068065	7670.199289
0.06807	7670.683574
0.068075	7671.153704
0.06808	7671.642833
0.068084	7672.153994
0.068089	7672.640851
0.068094	7673.124434
0.068099	7673.603333
0.068103	7674.101291
0.068108	7674.587467
0.068113	7675.082462
0.068117	7675.585045
0.068122	7676.080521
0.068127	7676.586757
0.068132	7677.088168
0.068137	7677.581802
0.068142	7678.072002
0.068146	7678.561181
0.068151	7679.063433
0.068157	7679.557808
0.068161	7680.041872
0.068166	7680.530711
0.068171	7681.038028
0.068176	7681.535996
0.068181	7682.028759
0.068186	7682.515455
0.06819	7683.007688
0.068195	7683.494575
0.0682	7683.985946
0.068204	7684.477037
0.068209	7684.966006
0.068214	7685.476366
0.068219	7685.984014
0.068224	7686.491522
0.068229	7686.988188
0.068234	7687.475986
0.068239	7687.962753
0.068244	7688.463433
0.068248	7688.953113
0.068253	7689.44996
0.068258	7689.928348
0.068262	7690.403073
0.068267	7690.894274
0.068272	7691.387277
0.068277	7691.871502
0.068281	7692.358969
0.068286	7692.856847
0.068291	7693.356687
0.068296	7693.854254
0.068301	7694.345475
0.068305	7694.8301
0.06831	7695.315736
0.068315	7695.816276
0.06832	7696.323834
0.068325	7696.826987
0.068329	7697.333313
0.068334	7697.817858
0.068339	7698.314785
0.068344	7698.806406
0.068349	7699.281952
0.068354	7699.767808
0.068359	7700.272062
0.068364	7700.772883
0.068369	7701.277938
0.068374	7701.786066
0.068379	7702.291802
0.068384	7702.797518
0.068388	7703.299199
0.068393	7703.790571
0.068398	7704.27048
0.068403	7704.757868
0.068407	7705.249219
0.068412	7705.738909
0.068417	7706.224915
0.068422	7706.703724
0.068426	7707.188188
0.068431	7707.683313
0.068436	7708.176687
0.068441	7708.700711
0.068446	7709.20034
0.068451	7709.693704
0.068456	7710.195656
0.06846	7710.703443
0.068466	7711.209309
0.068471	7711.716326
0.068475	7712.211962
0.06848	7712.710591
0.068485	7713.192953
0.06849	7713.679339
0.068495	7714.177658
0.0685	7714.685646
0.068505	7715.179289
0.068509	7715.684785
0.068514	7716.175485
0.068519	7716.66032
0.068524	7717.1597
0.068529	7717.657397
0.068533	7718.146507
0.068538	7718.626867
0.068543	7719.124384
0.068548	7719.634494
0.068553	7720.155005
0.068557	7720.64955
0.068562	7721.152182
0.068567	7721.642132
0.068572	7722.1299
0.068576	7722.622783
0.068581	7723.121522
0.068586	7723.624194
0.068591	7724.128599
0.068596	7724.622312
0.068601	7725.113003
0.068606	7725.583874
0.068611	7726.077658
0.068615	7726.567077
0.06862	7727.055495
0.068625	7727.563784
0.06863	7728.069219
0.068635	7728.556166
0.06864	7729.043373
0.068645	7729.542092
0.06865	7730.037137
0.068654	7730.547267
0.068659	7731.048368
0.068664	7731.555796
0.068669	7732.052583
0.068674	7732.543734
0.068679	7733.041301
0.068684	7733.543994
0.068689	7734.053343
0.068694	7734.568809
0.068699	7735.064985
0.068704	7735.56017
0.068709	7736.043704
0.068713	7736.524244
0.068718	7737.017067
0.068723	7737.52041
0.068728	7738.016356
0.068732	7738.507998
0.068737	7739.009269
0.068742	7739.505696
0.068747	7739.981622
0.068751	7740.467217
0.068756	7740.96978
0.068761	7741.465465
0.068766	7741.952983
0.068771	7742.437728
0.068775	7742.904715
0.06878	7743.383914
0.068785	7743.861622
0.06879	7744.339499
0.068794	7744.818308
0.068799	7745.302563
0.068804	7745.777868
0.068809	7746.255195
0.068813	7746.739369
0.068818	7747.219009
0.068823	7747.722853
0.068828	7748.215235
0.068833	7748.687608
0.068838	7749.167668
0.068842	7749.651191
0.068847	7750.147518
0.068853	7750.66017
0.068858	7751.194284
0.068862	7751.684444
0.068867	7752.173664
0.068872	7752.660901
0.068877	7753.148368
0.068881	7753.628619
0.068886	7754.131932
0.068891	7754.633413
0.068896	7755.140991
0.068901	7755.637788
0.068906	7756.125475
0.068911	7756.617177
0.068916	7757.096587
0.06892	7757.588529
0.068925	7758.064595
0.06893	7758.538559
0.068935	7759.026196
0.06894	7759.509119
0.068945	7759.995185
0.06895	7760.487608
0.068955	7760.986797
0.06896	7761.489059
0.068965	7762.009499
0.06897	7762.523243
0.068974	7763.018328
0.068979	7763.503493
0.068984	7763.986146
0.068989	7764.476436
0.068993	7764.956507
0.068998	7765.448509
0.069003	7765.934505
0.069007	7766.425395
0.069012	7766.903213
0.069017	7767.380881
0.069022	7767.867027
0.069026	7768.363303
0.069031	7768.84963
0.069035	7769.33011
0.06904	7769.824765
0.069045	7770.313874
0.06905	7770.804444
0.069055	7771.30988
0.06906	7771.798859
0.069065	7772.284905
0.06907	7772.787668
0.069075	7773.283333
0.069079	7773.784414
0.069084	7774.276326
0.069089	7774.770581
0.069094	7775.268959
0.069099	7775.783043
0.069104	7776.280961
0.069108	7776.792222
0.069113	7777.306336
0.069118	7777.804174
0.069123	7778.32046
0.069127	7778.809049
0.069132	7779.308098
0.069137	7779.801612
0.069142	7780.313333
0.069147	7780.82008
0.069152	7781.324304
0.069157	7781.827548
0.069162	7782.324454
0.069167	7782.824585
0.069171	7783.325896
0.069176	7783.824484
0.069181	7784.336406
0.069186	7784.852513
0.069191	7785.363784
0.069196	7785.876637
0.069201	7786.385015
0.069206	7786.88036
0.069211	7787.373724
0.069216	7787.84953
0.06922	7788.322653
0.069225	7788.80013
0.069229	7789.287297
0.069234	7789.784675
0.069239	7790.277808
0.069244	7790.776006
0.069249	7791.25023
0.069254	7791.741031
0.069258	7792.235085
0.069263	7792.735475
0.069268	7793.230831
0.069273	7793.72026
0.069277	7794.215075
0.069282	7794.713113
0.069287	7795.207848
0.069292	7795.687057
0.069296	7796.186787
0.069302	7796.690981
0.069307	7797.19958
0.069312	7797.693804
0.069316	7798.196577
0.069321	7798.688599
0.069326	7799.175686
0.069331	7799.664394
0.069336	7800.131942
0.06934	7800.603193
0.069345	7801.089339
0.06935	7801.588819
0.069354	7802.078949
0.06936	7802.577437
0.069364	7803.051411
0.069369	7803.532342
0.069374	7804.015495
0.069379	7804.490711
0.069383	7804.973964
0.069388	7805.460731
0.069393	7805.943984
0.069398	7806.423483
0.069402	7806.898799
0.069407	7807.37962
0.069412	7807.860681
0.069416	7808.36012
0.069422	7808.850771
0.069426	7809.321572
0.069431	7809.80011
0.069436	7810.301241
0.069441	7810.794154
0.069446	7811.29957
0.06945	7811.793033
0.069455	7812.288959
0.06946	7812.771572
0.069465	7813.257678
0.06947	7813.793473
0.069475	7814.317738
0.069481	7814.829079
0.069485	7815.333874
0.06949	7815.852242
0.069495	7816.367107
0.0695	7816.884905
0.069505	7817.396887
0.06951	7817.91951
0.069515	7818.437107
0.06952	7818.945295
0.069525	7819.435746
0.069529	7819.93999
0.069534	7820.456627
0.069539	7820.97032
0.069544	7821.473574
0.069549	7821.999299
0.069554	7822.518909
0.069559	7823.021381
0.069564	7823.526226
0.069569	7824.017427
0.069574	7824.516967
0.069579	7825.003033
0.069584	7825.501612
0.069589	7825.99994
0.069593	7826.48957
0.069598	7826.991401
0.069603	7827.491872
0.069608	7827.992573
0.069613	7828.491441
0.069618	7828.986997
0.069623	7829.486537
0.069628	7829.983654
0.069633	7830.480841
0.069637	7830.967528
0.069642	7831.462242
0.069647	7831.953654
0.069652	7832.461081
0.069657	7832.942683
0.069661	7833.422062
0.069666	7833.912382
0.069671	7834.413794
0.069676	7834.922983
0.069681	7835.436767
0.069685	7835.953954
0.06969	7836.456547
0.069695	7836.948629
0.0697	7837.454805
0.069705	7837.933163
0.06971	7838.411441
0.069714	7838.886847
0.069719	7839.373834
0.069724	7839.87971
0.069729	7840.366096
0.069734	7840.857437
0.069739	7841.34963
0.069744	7841.839199
0.069749	7842.342452
0.069754	7842.858098
0.069759	7843.366456
0.069764	7843.875856
0.069769	7844.371972
0.069773	7844.872172
0.069779	7845.363624
0.069783	7845.851732
0.069788	7846.337828
0.069793	7846.828358
0.069797	7847.301221
0.069802	7847.789199
0.069807	7848.270691
0.069812	7848.746537
0.069817	7849.228258
0.069821	7849.703974
0.069826	7850.184585
0.069831	7850.672492
0.069836	7851.171832
0.069841	7851.655405
0.069846	7852.146797
0.06985	7852.621041
0.069855	7853.091021
0.06986	7853.571842
0.069865	7854.058328
0.06987	7854.53037
0.069874	7855.01979
0.069879	7855.503203
0.069884	7855.98957
0.069889	7856.472723
0.069893	7856.957958
0.069898	7857.464334
0.069904	7857.969429
0.069909	7858.465586
0.069914	7858.956216
0.069919	7859.448398
0.069924	7859.945335
0.069928	7860.42952
0.069933	7860.921051
0.069938	7861.412703
0.069943	7861.898609
0.069948	7862.387718
0.069953	7862.884204
0.069958	7863.372142
0.069963	7863.855225
0.069968	7864.341131
0.069973	7864.830851
0.069978	7865.322282
0.069982	7865.794585
0.069987	7866.284194
0.069992	7866.792022
0.069997	7867.284995
0.070001	7867.787608
0.070006	7868.276887
0.070011	7868.748609
0.070016	7869.227618
0.070021	7869.714775
0.070025	7870.200931
0.07003	7870.692973
0.070035	7871.167658
0.07004	7871.662322
0.070044	7872.121051
0.070049	7872.596917
0.070054	7873.088188
0.070058	7873.579469
0.070063	7874.075696
0.070068	7874.567107
0.070073	7875.063514
0.070078	7875.556176
0.070083	7876.044545
0.070088	7876.518689
0.070092	7877.003694
0.070097	7877.494254
0.070102	7877.995756
0.070107	7878.479409
0.070112	7878.974915
0.070117	7879.469349
0.070122	7879.963283
0.070126	7880.468258
0.070132	7880.970701
0.070136	7881.454254
0.070141	7881.948809
0.070146	7882.433854
0.070151	7882.918919
0.070156	7883.397698
0.070161	7883.891702
0.070165	7884.384575
0.07017	7884.877217
0.070175	7885.378108
0.07018	7885.87022
0.070185	7886.361111
0.07019	7886.861852
0.070195	7887.358298
0.0702	7887.863043
0.070205	7888.374424
0.07021	7888.868468
0.070214	7889.356066
0.070219	7889.852513
0.070224	7890.351502
0.070229	7890.858128
0.070234	7891.352893
0.070239	7891.857878
0.070243	7892.355335
0.070248	7892.844865
0.070253	7893.353824
0.070258	7893.867167
0.070263	7894.37991
0.070268	7894.9001
0.070272	7895.368909
0.070277	7895.842533
0.070282	7896.330511
0.070287	7896.818509
0.070291	7897.315215
0.070296	7897.808839
0.070301	7898.309389
0.070306	7898.804014
0.070311	7899.297197
0.070316	7899.796547
0.070321	7900.296266
0.070325	7900.793493
0.07033	7901.308719
0.070335	7901.813033
0.07034	7902.315546
0.070345	7902.808158
0.07035	7903.305926
0.070355	7903.816116
0.07036	7904.313544
0.070365	7904.805536
0.07037	7905.304825
0.070374	7905.787728
0.070379	7906.286567
0.070384	7906.779459
0.070389	7907.2701
0.070394	7907.786687
0.070399	7908.290551
0.070404	7908.793373
0.070409	7909.301061
0.070413	7909.801221
0.070418	7910.303093
0.070423	7910.806627
0.070428	7911.310871
0.070433	7911.800721
0.070438	7912.302032
0.070443	7912.797277
0.070447	7913.292943
0.070452	7913.782823
0.070457	7914.274905
0.070462	7914.784424
0.070467	7915.288649
0.070472	7915.801762
0.070477	7916.307147
0.070482	7916.812913
0.070486	7917.313854
0.070491	7917.835355
0.070496	7918.337848
0.070501	7918.839029
0.070506	7919.349319
0.070511	7919.865485
0.070516	7920.379009
0.070521	7920.892843
0.070526	7921.404875
0.070531	7921.903514
0.070536	7922.39951
0.070541	7922.894324
0.070546	7923.403984
0.070551	7923.905065
0.070556	7924.410971
0.070561	7924.921261
0.070566	7925.447307
0.070571	7925.965796
0.070575	7926.464074
0.07058	7926.982002
0.070585	7927.498869
0.07059	7928.011552
0.070595	7928.525005
0.0706	7929.026286
0.070605	7929.523073
0.07061	7930.027958
0.070615	7930.535716
0.070619	7931.034715
0.070624	7931.533714
0.070629	7932.043884
0.070634	7932.556186
0.070639	7933.062823
0.070644	7933.578158
0.070649	7934.098639
0.070654	7934.592192
0.070659	7935.083163
0.070663	7935.568328
0.070668	7936.078358
0.070674	7936.587417
0.070678	7937.090881
0.070683	7937.594825
0.070688	7938.09962
0.070693	7938.60995
0.070698	7939.112252
0.070703	7939.613684
0.070708	7940.118268
0.070713	7940.614505
0.070718	7941.115586
0.070722	7941.602432
0.070727	7942.091512
0.070732	7942.579339
0.070737	7943.070781
0.070742	7943.56027
0.070747	7944.062422
0.070752	7944.558899
0.070756	7945.058559
0.070761	7945.551542
0.070766	7946.062713
0.070771	7946.574294
0.070776	7947.071021
0.070781	7947.568669
0.070786	7948.058639
0.07079	7948.5396
0.070795	7949.045475
0.0708	7949.53999
0.070805	7950.038579
0.07081	7950.547678
0.070815	7951.041011
0.07082	7951.528308
0.070825	7952.017668
0.070829	7952.506857
0.070834	7952.995245
0.070839	7953.494965
0.070844	7953.989369
0.070849	7954.494935
0.070853	7954.997417
0.070858	7955.515285
0.070863	7955.99035
0.070868	7956.469289
0.070873	7956.950971
0.070877	7957.428699
0.070882	7957.9003
0.070887	7958.387067
0.070892	7958.867107
0.070897	7959.362142
0.070902	7959.878238
0.070907	7960.38954
0.070912	7960.878128
0.070917	7961.367948
0.070922	7961.849389
0.070927	7962.343043
0.070932	7962.832092
0.070937	7963.338098
0.070941	7963.857037
0.070947	7964.365536
0.070952	7964.867307
0.070956	7965.355175
0.070961	7965.852152
0.070966	7966.35012
0.070971	7966.861502
0.070976	7967.364224
0.070981	7967.861892
0.070986	7968.36958
0.070991	7968.845826
0.070995	7969.334525
0.071	7969.828539
0.071005	7970.325235
0.07101	7970.817818
0.071014	7971.312583
0.071019	7971.81035
0.071024	7972.312543
0.071029	7972.809369
0.071034	7973.301872
0.071039	7973.794555
0.071043	7974.29984
0.071048	7974.80977
0.071054	7975.308178
0.071058	7975.809409
0.071063	7976.314645
0.071068	7976.821532
0.071073	7977.340691
0.071078	7977.829429
0.071082	7978.285415
0.071087	7978.752823
0.071092	7979.249289
0.071096	7979.755716
0.071101	7980.25023
0.071106	7980.745005
0.071111	7981.242743
0.071116	7981.72984
0.071121	7982.223053
0.071126	7982.718809
0.07113	7983.222833
0.071135	7983.722212
0.07114	7984.232272
0.071145	7984.73016
0.07115	7985.2301
0.071155	7985.731021
0.07116	7986.225846
0.071164	7986.708879
0.071169	7987.199399
0.071174	7987.706236
0.071179	7988.211081
0.071184	7988.713433
0.071189	7989.216737
0.071194	7989.724354
0.071199	7990.231842
0.071203	7990.736597
0.071208	7991.236396
0.071213	7991.733834
0.071218	7992.223393
0.071223	7992.73021
0.071228	7993.242332
0.071232	7993.738809
0.071237	7994.228949
0.071242	7994.732883
0.071247	7995.235275
0.071252	7995.743463
0.071258	7996.26009
0.071262	7996.760931
0.071267	7997.264785
0.071272	7997.769179
0.071277	7998.276256
0.071282	7998.795776
0.071287	7999.311922
0.071292	7999.817878
0.071297	8000.317457
0.071302	8000.817347
0.071307	8001.336196
0.071312	8001.853934
0.071317	8002.358128
0.071322	8002.856667
0.071327	8003.36031
0.071331	8003.855906
0.071336	8004.358509
0.071341	8004.861291
0.071346	8005.348168
0.071351	8005.846336
0.071356	8006.358368
0.07136	8006.867217
0.071365	8007.367197
0.07137	8007.867978
0.071375	8008.361842
0.07138	8008.871632
0.071385	8009.385776
0.07139	8009.887928
0.071395	8010.396376
0.0714	8010.910941
0.071405	8011.424184
0.07141	8011.947688
0.071415	8012.481041
0.07142	8012.986326
0.071425	8013.497548
0.07143	8014.017337
0.071435	8014.537487
0.07144	8015.054895
0.071445	8015.558749
0.07145	8016.065045
0.071455	8016.574535
0.07146	8017.072633
0.071465	8017.573333
0.07147	8018.080981
0.071475	8018.584895
0.07148	8019.085936
0.071485	8019.57995
0.07149	8020.091842
0.071494	8020.59994
0.0715	8021.102713
0.071505	8021.591572
0.071509	8022.084745
0.071514	8022.57996
0.071519	8023.087538
0.071524	8023.583413
0.071529	8024.090831
0.071534	8024.590571
0.071539	8025.084945
0.071544	8025.592613
0.071549	8026.096066
0.071554	8026.597868
0.071559	8027.093574
0.071564	8027.585686
0.071569	8028.068288
0.071573	8028.5597
0.071578	8029.056246
0.071583	8029.556136
0.071588	8030.05005
0.071593	8030.564565
0.071598	8031.046176
0.071602	8031.521061
0.071607	8032.01025
0.071612	8032.505736
0.071617	8033.008839
0.071622	8033.52995
0.071627	8034.039059
0.071632	8034.54031
0.071637	8035.035245
0.071642	8035.54018
0.071646	8036.034274
0.071652	8036.52978
0.071656	8037.025896
0.071661	8037.518979
0.071666	8038.01952
0.071671	8038.526877
0.071675	8039.027638
0.07168	8039.515786
0.071685	8040.009009
0.07169	8040.493654
0.071694	8040.990671
0.071699	8041.481882
0.071704	8041.974805
0.071709	8042.471932
0.071714	8042.978448
0.071719	8043.477518
0.071723	8043.967918
0.071728	8044.464865
0.071733	8044.958218
0.071738	8045.452723
0.071743	8045.952442
0.071747	8046.453684
0.071752	8046.946527
0.071758	8047.46954
0.071762	8047.987447
0.071767	8048.504555
0.071773	8049.030901
0.071777	8049.546346
0.071782	8050.054595
0.071788	8050.568268
0.071793	8051.066627
0.071798	8051.573514
0.071803	8052.094184
0.071808	8052.606266
0.071812	8053.104024
0.071817	8053.594034
0.071822	8054.077157
0.071827	8054.572813
0.071832	8055.076697
0.071837	8055.586126
0.071842	8056.093914
0.071847	8056.602523
0.071852	8057.108088
0.071857	8057.615345
0.071862	8058.130661
0.071867	8058.642763
0.071872	8059.144865
0.071876	8059.647077
0.071881	8060.15025
0.071886	8060.641101
0.071891	8061.146987
0.071896	8061.655135
0.071901	8062.152202
0.071905	8062.655385
0.07191	8063.144905
0.071915	8063.64021
0.071919	8064.135866
0.071924	8064.643724
0.071929	8065.15006
0.071934	8065.660711
0.071939	8066.151171
0.071944	8066.638659
0.071949	8067.126667
0.071954	8067.627618
0.071959	8068.125465
0.071963	8068.631562
0.071968	8069.128919
0.071973	8069.632793
0.071978	8070.144054
0.071983	8070.646887
0.071988	8071.13956
0.071993	8071.626326
0.071998	8072.12003
0.072003	8072.622583
0.072007	8073.125606
0.072012	8073.628539
0.072017	8074.12964
0.072022	8074.645445
0.072027	8075.16
0.072032	8075.669179
0.072037	8076.164765
0.072042	8076.654905
0.072046	8077.148869
0.072051	8077.653153
0.072056	8078.158669
0.072061	8078.66951
0.072066	8079.172262
0.072071	8079.674685
0.072076	8080.175025
0.07208	8080.65972
0.072085	8081.1599
0.07209	8081.678498
0.072095	8082.184314
0.0721	8082.691942
0.072105	8083.182823
0.07211	8083.680881
0.072114	8084.182773
0.072119	8084.681632
0.072124	8085.19024
0.072129	8085.695375
0.072134	8086.201351
0.072139	8086.715115
0.072144	8087.225495
0.072149	8087.729289
0.072154	8088.243263
0.072159	8088.751141
0.072164	8089.275826
0.072169	8089.789369
0.072173	8090.287638
0.072178	8090.792382
0.072183	8091.304675
0.072188	8091.825475
0.072193	8092.337457
0.072197	8092.838799
0.072202	8093.33985
0.072207	8093.84963
0.072212	8094.352442
0.072218	8094.876226
0.072223	8095.402823
0.072228	8095.925195
0.072233	8096.43964
0.072238	8096.950741
0.072242	8097.473313
0.072247	8097.98998
0.072252	8098.507397
0.072257	8099.023263
0.072262	8099.534444
0.072267	8100.056106
0.072272	8100.568599
0.072277	8101.081722
0.072282	8101.603964
0.072287	8102.126266
0.072291	8102.645065
0.072296	8103.154835
0.072301	8103.670721
0.072306	8104.181632
0.072311	8104.687598
0.072316	8105.187988
0.072321	8105.703303
0.072326	8106.223594
0.072331	8106.737878
0.072336	8107.253704
0.072341	8107.768258
0.072346	8108.263403
0.07235	8108.766577
0.072355	8109.26998
0.07236	8109.777467
0.072365	8110.295896
0.07237	8110.797968
0.072375	8111.281251
0.07238	8111.788559
0.072385	8112.302072
0.07239	8112.809069
0.072395	8113.309409
0.0724	8113.817317
0.072405	8114.337738
0.07241	8114.854565
0.072415	8115.364865
0.07242	8115.877718
0.072425	8116.377067
0.072429	8116.869119
0.072434	8117.365776
0.072439	8117.842332
0.072444	8118.339199
0.072448	8118.842743
0.072453	8119.33977
0.072458	8119.829309
0.072463	8120.334685
0.072468	8120.845215
0.072472	8121.353073
0.072477	8121.886486
0.072483	8122.417257
0.072488	8122.927528
0.072492	8123.446627
0.072497	8123.957167
0.072503	8124.466967
0.072508	8124.978579
0.072513	8125.492232
0.072518	8126.001111
0.072523	8126.492993
0.072527	8126.992553
0.072532	8127.49993
0.072538	8128.007788
0.072542	8128.515265
0.072547	8129.023954
0.072552	8129.462282
0.072556	8129.951792
0.072561	8130.453654
0.072566	8130.961612
0.072571	8131.461542
0.072576	8131.940791
0.072581	8132.429449
0.072586	8132.918268
0.072591	8133.412723
0.072595	8133.929379
0.0726	8134.437938
0.072605	8134.954274
0.07261	8135.450571
0.072615	8135.944394
0.07262	8136.440541
0.072625	8136.9402
0.072629	8137.445025
0.072634	8137.939029
0.072639	8138.427087
0.072644	8138.93049
0.072649	8139.435485
0.072654	8139.934605
0.072659	8140.445866
0.072664	8140.946967
0.072669	8141.452182
0.072673	8141.944685
0.072678	8142.43993
0.072683	8142.948529
0.072688	8143.442472
0.072693	8143.946446
0.072699	8144.457698
0.072703	8144.967157
0.072708	8145.460601
0.072713	8145.941622
0.072718	8146.442382
0.072723	8146.949219
0.072728	8147.460661
0.072733	8147.963083
0.072738	8148.464635
0.072743	8148.963924
0.072748	8149.476727
0.072753	8149.985706
0.072758	8150.488769
0.072763	8150.986697
0.072768	8151.484655
0.072773	8151.984104
0.072778	8152.486627
0.072782	8152.908178
0.072787	8153.385566
0.072792	8153.864735
0.072796	8154.35006
0.072802	8154.835836
0.072806	8155.313964
0.072811	8155.8099
0.072816	8156.303554
0.072821	8156.796847
0.072826	8157.282192
0.07283	8157.783964
0.072835	8158.287377
0.07284	8158.778539
0.072845	8159.266977
0.07285	8159.77981
0.072855	8160.281381
0.072859	8160.772823
0.072864	8161.271872
0.072869	8161.777387
0.072874	8162.262733
0.072879	8162.750991
0.072884	8163.266847
0.072889	8163.782913
0.072894	8164.277467
0.072898	8164.766296
0.072903	8165.253173
0.072908	8165.745946
0.072913	8166.23994
0.072917	8166.737568
0.072922	8167.229099
0.072927	8167.712262
0.072932	8168.200661
0.072937	8168.69963
0.072941	8169.197447
0.072946	8169.680821
0.072951	8170.172382
0.072956	8170.676076
0.072961	8171.177147
0.072966	8171.683924
0.072971	8172.196917
0.072976	8172.707618
0.072981	8173.197538
0.072986	8173.68983
0.072991	8174.180831
0.072996	8174.678098
0.073001	8175.184174
0.073006	8175.68955
0.073011	8176.207678
0.073015	8176.703293
0.07302	8177.198989
0.073025	8177.703574
0.07303	8178.21023
0.073035	8178.709309
0.073039	8179.200811
0.073045	8179.702673
0.07305	8180.217047
0.073055	8180.723043
0.07306	8181.22954
0.073064	8181.725836
0.07307	8182.225375
0.073075	8182.736036
0.07308	8183.228148
0.073084	8183.726246
0.073089	8184.232422
0.073094	8184.726967
0.073099	8185.228368
0.073104	8185.72986
0.073109	8186.227988
0.073114	8186.727487
0.073118	8187.212793
0.073123	8187.721772
0.073128	8188.236677
0.073133	8188.75019
0.073138	8189.254815
0.073143	8189.752963
0.073148	8190.261792
0.073153	8190.755435
0.073158	8191.256346
0.073162	8191.766547
0.073167	8192.278749
0.073172	8192.796006
0.073177	8193.296436
0.073182	8193.796877
0.073187	8194.297037
0.073192	8194.798879
0.073197	8195.318939
0.073202	8195.85031
0.073207	8196.362773
0.073212	8196.880951
0.073217	8197.383293
0.073222	8197.889349
0.073227	8198.392703
0.073232	8198.904464
0.073237	8199.418939
0.073242	8199.927197
0.073247	8200.431632
0.073252	8200.934424
0.073256	8201.434945
0.073261	8201.952503
0.073266	8202.463804
0.073271	8202.963994
0.073276	8203.465536
0.073281	8203.969099
0.073287	8204.48007
0.073291	8204.988629
0.073296	8205.495676
0.073301	8206.00959
0.073306	8206.515526
0.073311	8206.983504
0.073316	8207.482212
0.073321	8207.998949
0.073326	8208.498509
0.073331	8208.994635
0.073336	8209.493163
0.07334	8209.981972
0.073345	8210.474965
0.07335	8210.965105
0.073355	8211.461812
0.073359	8211.956787
0.073364	8212.456056
0.073369	8212.943253
0.073374	8213.43984
0.073379	8213.931431
0.073383	8214.434334
0.073388	8214.94985
0.073393	8215.455576
0.073398	8215.962352
0.073403	8216.478619
0.073408	8216.998699
0.073414	8217.516537
0.073419	8218.015896
0.073423	8218.512242
0.073428	8219.02962
0.073433	8219.531091
0.073438	8220.045796
0.073443	8220.564404
0.073449	8221.077477
0.073453	8221.578659
0.073458	8222.063493
0.073463	8222.561201
0.073468	8223.064715
0.073473	8223.565415
0.073478	8224.071552
0.073483	8224.564855
0.073488	8225.070851
0.073493	8225.575495
0.073498	8226.058849
0.073503	8226.549079
0.073508	8227.048639
0.073512	8227.549409
0.073517	8228.051411
0.073522	8228.56961
0.073527	8229.072472
0.073532	8229.574414
0.073537	8230.066727
0.073541	8230.567788
0.073546	8231.074605
0.073551	8231.575075
0.073555	8232.067798
0.07356	8232.561411
0.073565	8233.042332
0.07357	8233.547718
0.073575	8234.03973
0.073579	8234.542763
0.073584	8235.053213
0.073589	8235.548358
0.073594	8236.047497
0.073599	8236.562523
0.073604	8237.081632
0.073609	8237.594304
0.073614	8238.09999
0.073619	8238.598669
0.073624	8239.107487
0.073628	8239.614965
0.073633	8240.124765
0.073638	8240.6298
0.073643	8241.142713
0.073648	8241.664264
0.073654	8242.173053
0.073658	8242.667818
0.073663	8243.16958
0.073668	8243.67955
0.073673	8244.188829
0.073677	8244.694775
0.073682	8245.190551
0.073687	8245.687938
0.073692	8246.188018
0.073697	8246.682042
0.073702	8247.200831
0.073706	8247.719139
0.073711	8248.232362
0.073716	8248.744715
0.073721	8249.25013
0.073726	8249.753594
0.073731	8250.242883
0.073736	8250.746827
0.07374	8251.252963
0.073745	8251.754885
0.07375	8252.253173
0.073755	8252.758719
0.07376	8253.258298
0.073765	8253.759469
0.073769	8254.253333
0.073774	8254.746266
0.073779	8255.252372
0.073784	8255.762673
0.073789	8256.275626
0.073794	8256.772472
0.073799	8257.271742
0.073804	8257.773954
0.073808	8258.276156
0.073813	8258.783253
0.073818	8259.288248
0.073823	8259.798208
0.073827	8260.317037
0.073832	8260.816677
0.073837	8261.305846
0.073841	8261.797728
0.073846	8262.307778
0.073851	8262.810701
0.073856	8263.309289
0.073861	8263.807117
0.073866	8264.308639
0.073871	8264.804925
0.073876	8265.292102
0.073881	8265.785045
0.073886	8266.291802
0.073891	8266.80964
0.073896	8267.319179
0.073901	8267.814685
0.073905	8268.318709
0.07391	8268.828498
0.073915	8269.331692
0.07392	8269.858949
0.073925	8270.371071
0.07393	8270.884254
0.073936	8271.405696
0.073941	8271.918208
0.073945	8272.41959
0.073951	8272.921321
0.073956	8273.427848
0.07396	8273.94041
0.073965	8274.452412
0.07397	8274.966787
0.073975	8275.475656
0.07398	8275.996166
0.073985	8276.533654
0.07399	8277.043383
0.073996	8277.561391
0.074001	8278.080951
0.074006	8278.598829
0.074011	8279.100961
0.074016	8279.605115
0.07402	8280.107668
0.074025	8280.607267
0.07403	8281.111512
0.074035	8281.622462
0.07404	8282.145235
0.074045	8282.667447
0.07405	8283.177087
0.074055	8283.681712
0.07406	8284.174565
0.074065	8284.654955
0.074069	8285.160801
0.074074	8285.664404
0.074079	8286.16011
0.074084	8286.664464
0.074089	8287.174955
0.074094	8287.692773
0.074099	8288.217187
0.074104	8288.73017
0.074109	8289.254074
0.074114	8289.769499
0.074119	8290.283473
0.074124	8290.78969
0.074129	8291.286456
0.074134	8291.774755
0.074139	8292.273113
0.074144	8292.775225
0.074149	8293.276847
0.074154	8293.784965
0.074159	8294.284054
0.074163	8294.773624
0.074168	8295.268529
0.074173	8295.784595
0.074178	8296.28987
0.074183	8296.777728
0.074188	8297.263283
0.074192	8297.760741
0.074197	8298.258098
0.074202	8298.752613
0.074207	8299.255235
0.074212	8299.757758
0.074217	8300.291592
0.074222	8300.799019
0.074227	8301.314635
0.074232	8301.813493
0.074237	8302.328068
0.074241	8302.81957
0.074246	8303.316957
0.074251	8303.81984
0.074255	8304.319249
0.07426	8304.829159
0.074266	8305.338779
0.074271	8305.843774
0.074276	8306.353754
0.07428	8306.866757
0.074285	8307.381992
0.07429	8307.89033
0.074295	8308.402623
0.0743	8308.896006
0.074305	8309.380801
0.07431	8309.872663
0.074315	8310.369079
0.07432	8310.871982
0.074324	8311.385355
0.074329	8311.884855
0.074334	8312.381812
0.074339	8312.88005
0.074343	8313.392833
0.074349	8313.908348
0.074353	8314.404084
0.074358	8314.90981
0.074363	8315.42037
0.074368	8315.914805
0.074373	8316.409179
0.074378	8316.907007
0.074383	8317.397798
0.074388	8317.903373
0.074393	8318.390981
0.074398	8318.906366
0.074403	8319.425896
0.074408	8319.955205
0.074413	8320.47032
0.074418	8320.975365
0.074422	8321.485155
0.074427	8321.990521
0.074432	8322.477437
0.074437	8322.98001
0.074442	8323.497778
0.074447	8324.004745
0.074452	8324.536076
0.074458	8325.041081
0.074462	8325.549269
0.074467	8326.062563
0.074472	8326.58017
0.074477	8327.096196
0.074482	8327.607808
0.074487	8328.12014
0.074492	8328.616617
0.074497	8329.111381
0.074502	8329.6197
0.074507	8330.112172
0.074512	8330.613023
0.074517	8331.112893
0.074522	8331.609319
0.074527	8332.114444
0.074532	8332.62994
0.074537	8333.137407
0.074542	8333.642803
0.074546	8334.15025
0.074551	8334.64995
0.074556	8335.136056
0.074561	8335.627988
0.074566	8336.12022
0.074571	8336.613774
0.074576	8337.113063
0.074581	8337.607648
0.074585	8338.093453
0.07459	8338.601461
0.074595	8339.103934
0.0746	8339.621692
0.074605	8340.128148
0.074609	8340.615115
0.074614	8341.117858
0.074619	8341.63028
0.074624	8342.148779
0.074629	8342.65999
0.074634	8343.147197
0.074639	8343.630761
0.074644	8344.114314
0.074649	8344.606977
0.074653	8345.101522
0.074658	8345.5998
0.074663	8346.112553
0.074668	8346.623353
0.074673	8347.136987
0.074678	8347.627958
0.074683	8348.13012
0.074688	8348.632492
0.074693	8349.14049
0.074698	8349.648078
0.074703	8350.176426
0.074708	8350.706356
0.074713	8351.228789
0.074718	8351.743574
0.074722	8352.256476
0.074727	8352.775405
0.074732	8353.263023
0.074737	8353.773123
0.074742	8354.284905
0.074747	8354.813654
0.074752	8355.344124
0.074757	8355.867047
0.074762	8356.389099
0.074767	8356.917508
0.074772	8357.445235
0.074777	8357.965455
0.074782	8358.476837
0.074787	8358.977978
0.074792	8359.482973
0.074797	8360.004865
0.074802	8360.532753
0.074807	8361.057938
0.074812	8361.567307
0.074817	8362.076907
0.074821	8362.581592
0.074826	8363.093413
0.074831	8363.600621
0.074836	8364.115355
0.074841	8364.627608
0.074845	8365.137788
0.07485	8365.656967
0.074855	8366.162082
0.07486	8366.67007
0.074865	8367.171522
0.07487	8367.691822
0.074875	8368.208919
0.07488	8368.714755
0.074885	8369.219439
0.07489	8369.719189
0.074895	8370.224605
0.0749	8370.736927
0.074905	8371.25013
0.07491	8371.766216
0.074916	8372.287948
0.074921	8372.792523
0.074926	8373.31006
0.07493	8373.815485
0.074935	8374.35015
0.07494	8374.858519
0.074945	8375.357457
0.07495	8375.855475
0.074955	8376.35999
0.07496	8376.865606
0.074965	8377.36993
0.07497	8377.864945
0.074975	8378.363303
0.07498	8378.880671
0.074984	8379.386747
0.074989	8379.889209
0.074994	8380.391361
0.074999	8380.916737
0.075004	8381.442973
0.075009	8381.954515
0.075014	8382.466677
0.075019	8382.982222
0.075024	8383.467447
0.075029	8383.970851
0.075033	8384.466346
0.075038	8384.978609
0.075043	8385.494364
0.075048	8386.000701
0.075053	8386.506346
0.075058	8387.010871
0.075063	8387.5199
0.075068	8388.024404
0.075073	8388.521632
0.075078	8389.029099
0.075083	8389.51955
0.075087	8390.010641
0.075092	8390.488118
0.075097	8390.968639
0.075102	8391.460601
0.075107	8391.961451
0.075112	8392.458388
0.075117	8392.954104
0.075121	8393.446456
0.075126	8393.942112
0.075131	8394.433634
0.075136	8394.938709
0.075141	8395.467678
0.075146	8395.972382
0.075151	8396.474965
0.075155	8396.966246
0.07516	8397.451552
0.075165	8397.946547
0.07517	8398.462763
0.075175	8398.957317
0.07518	8399.451522
0.075185	8399.944454
0.07519	8400.451742
0.075195	8400.95951
0.0752	8401.460711
0.075205	8401.963193
0.075209	8402.463183
0.075214	8402.960621
0.075219	8403.458989
0.075224	8403.938188
0.075229	8404.444725
0.075234	8404.952573
0.075239	8405.465536
0.075243	8405.962042
0.075248	8406.453574
0.075253	8406.962613
0.075258	8407.47007
0.075263	8407.96997
0.075268	8408.477007
0.075272	8408.975846
0.075277	8409.478348
0.075282	8409.975996
0.075287	8410.463534
0.075292	8410.961772
0.075297	8411.459469
0.075302	8411.956266
0.075307	8412.461782
0.075312	8412.969439
0.075317	8413.485746
0.075322	8414.001862
0.075327	8414.531772
0.075332	8415.041421
0.075337	8415.551121
0.075342	8416.04966
0.075346	8416.547708
0.075351	8417.061421
0.075356	8417.560871
0.075362	8418.06979
0.075367	8418.572442
0.075372	8419.075916
0.075377	8419.578208
0.075381	8420.089139
0.075387	8420.589219
0.075391	8421.095666
0.075396	8421.601281
0.075401	8422.113463
0.075406	8422.622072
0.075411	8423.11996
0.075415	8423.616907
0.07542	8424.108388
0.075425	8424.562903
0.075429	8425.051191
0.075434	8425.543784
0.075439	8426.046627
0.075444	8426.563734
0.075449	8427.072452
0.075454	8427.576767
0.075459	8428.05995
0.075464	8428.545916
0.075469	8429.049039
0.075474	8429.547968
0.075479	8430.04956
0.075484	8430.537267
0.075489	8431.045766
0.075494	8431.56982
0.075499	8432.06998
0.075503	8432.571892
0.075509	8433.071371
0.075514	8433.579259
0.075519	8434.102863
0.075523	8434.591892
0.075528	8435.098338
0.075534	8435.611502
0.075539	8436.122322
0.075544	8436.636466
0.075548	8437.139429
0.075553	8437.651572
0.075558	8438.171842
0.075563	8438.687297
0.075568	8439.192042
0.075573	8439.686737
0.075578	8440.180741
0.075582	8440.674204
0.075587	8441.160641
0.075592	8441.663984
0.075597	8442.154384
0.075601	8442.647347
0.075606	8443.15002
0.075611	8443.662533
0.075617	8444.18957
0.075622	8444.692352
0.075627	8445.193694
0.075631	8445.694174
0.075636	8446.192913
0.075641	8446.698759
0.075646	8447.20003
0.075651	8447.694414
0.075656	8448.199199
0.075661	8448.701361
0.075666	8449.195806
0.07567	8449.698529
0.075675	8450.204725
0.07568	8450.721762
0.075685	8451.215045
0.075689	8451.702823
0.075694	8452.197487
0.075699	8452.682663
0.075704	8453.166456
0.075709	8453.641361
0.075713	8454.137878
0.075718	8454.647057
0.075723	8455.139419
0.075728	8455.643504
0.075733	8456.141742
0.075738	8456.637818
0.075743	8457.133463
0.075748	8457.624885
0.075753	8458.105816
0.075758	8458.601632
0.075762	8459.095065
0.075768	8459.603193
0.075773	8460.10953
0.075778	8460.624364
0.075782	8461.128178
0.075787	8461.64031
0.075792	8462.144454
0.075797	8462.634705
0.075802	8463.124314
0.075807	8463.646747
0.075812	8464.143113
0.075816	8464.643664
0.075821	8465.142422
0.075826	8465.635465
0.075831	8466.132462
0.075836	8466.627007
0.075841	8467.122202
0.075846	8467.63002
0.075851	8468.148799
0.075856	8468.677037
0.075861	8469.183363
0.075866	8469.679429
0.075871	8470.194845
0.075876	8470.712342
0.07588	8471.214214
0.075886	8471.726857
0.07589	8472.232372
0.075895	8472.732002
0.0759	8473.22991
0.075905	8473.733163
0.07591	8474.243483
0.075915	8474.750951
0.07592	8475.256997
0.075925	8475.756977
0.07593	8476.272953
0.075935	8476.788078
0.07594	8477.294515
0.075945	8477.802232
0.07595	8478.318969
0.075955	8478.817087
0.07596	8479.305305
0.075965	8479.788819
0.07597	8480.281231
0.075975	8480.78032
0.07598	8481.283113
0.075985	8481.79007
0.07599	8482.276887
0.075995	8482.757758
0.075999	8483.251201
0.076004	8483.74037
0.076009	8484.234004
0.076014	8484.731441
0.076019	8485.223183
0.076024	8485.705556
0.076029	8486.200641
0.076034	8486.685415
0.076038	8487.163343
0.076043	8487.647898
0.076048	8488.141051
0.076053	8488.640631
0.076058	8489.141061
0.076063	8489.655035
0.076068	8490.15983
0.076073	8490.657768
0.076077	8491.152753
0.076083	8491.647658
0.076087	8492.141822
0.076092	8492.624264
0.076097	8493.100611
0.076102	8493.597688
0.076107	8494.117177
0.076112	8494.627858
0.076117	8495.135395
0.076122	8495.636537
0.076127	8496.127327
0.076132	8496.622292
0.076137	8497.122452
0.076141	8497.5599
0.076146	8498.028929
0.076151	8498.504164
0.076155	8498.982533
0.07616	8499.48983
0.076165	8499.998098
0.07617	8500.511461
0.076175	8501.012412
0.07618	8501.495836
0.076185	8501.998709
0.07619	8502.504695
0.076195	8502.999409
0.076201	8503.507988
0.076205	8503.998238
0.07621	8504.488368
0.076215	8504.995005
0.07622	8505.524204
0.076226	8506.041361
0.076231	8506.558358
0.076236	8507.062523
0.076241	8507.561071
0.076245	8508.053594
0.07625	8508.55033
0.076255	8509.056266
0.07626	8509.564134
0.076265	8510.073263
0.07627	8510.574314
0.076275	8511.072703
0.07628	8511.559199
0.076284	8512.038188
0.076289	8512.557337
0.076294	8513.056146
0.076299	8513.536937
0.076304	8514.011471
0.076308	8514.492332
0.076313	8514.988529
0.076318	8515.491181
0.076323	8515.979239
0.076328	8516.454494
0.076333	8516.933383
0.076338	8517.421902
0.076343	8517.923063
0.076348	8518.416627
0.076353	8518.909169
0.076358	8519.413874
0.076363	8519.917497
0.076368	8520.412883
0.076373	8520.901882
0.076377	8521.392893
0.076383	8521.894515
0.076388	8522.390511
0.076393	8522.897538
0.076398	8523.392172
0.076402	8523.886687
0.076408	8524.37991
0.076412	8524.877548
0.076417	8525.366927
0.076422	8525.865926
0.076427	8526.358098
0.076432	8526.854605
0.076437	8527.35967
0.076442	8527.866737
0.076447	8528.374004
0.076452	8528.89009
0.076457	8529.401361
0.076462	8529.907177
0.076467	8530.408609
0.076472	8530.901091
0.076477	8531.392653
0.076482	8531.895626
0.076487	8532.401101
0.076491	8532.890661
0.076496	8533.384775
0.076501	8533.895335
0.076506	8534.392903
0.076511	8534.896246
0.076516	8535.397347
0.076521	8535.886817
0.076526	8536.381972
0.07653	8536.877037
0.076535	8537.381752
0.07654	8537.871882
0.076545	8538.377287
0.07655	8538.894034
0.076555	8539.402242
0.07656	8539.89991
0.076565	8540.38972
0.07657	8540.894545
0.076575	8541.402613
0.07658	8541.919149
0.076585	8542.423103
0.07659	8542.92992
0.076595	8543.424354
0.0766	8543.92029
0.076605	8544.424935
0.07661	8544.940681
0.076615	8545.452262
0.07662	8545.968258
0.076625	8546.481742
0.07663	8546.977708
0.076635	8547.489309
0.07664	8547.996206
0.076645	8548.488579
0.07665	8548.986567
0.076655	8549.47973
0.076659	8549.966607
0.076664	8550.474845
0.076669	8550.9697
0.076674	8551.453974
0.076679	8551.941812
0.076684	8552.442012
0.076688	8552.934765
0.076693	8553.427177
0.076698	8553.91969
0.076703	8554.411031
0.076707	8554.901191
0.076712	8555.401622
0.076717	8555.901001
0.076722	8556.408428
0.076727	8556.898619
0.076731	8557.371141
0.076736	8557.86967
0.076741	8558.366847
0.076746	8558.869459
0.076751	8559.366116
0.076756	8559.856316
0.076761	8560.34971
0.076766	8560.842593
0.076771	8561.347618
0.076776	8561.845606
0.076781	8562.33043
0.076786	8562.827568
0.076791	8563.315035
0.076796	8563.805836
0.076801	8564.315816
0.076806	8564.81989
0.076811	8565.330891
0.076816	8565.825996
0.076821	8566.326517
0.076826	8566.833584
0.076831	8567.332452
0.076836	8567.82016
0.076841	8568.309329
0.076846	8568.796026
0.076851	8569.289109
0.076856	8569.785856
0.076861	8570.290801
0.076865	8570.780741
0.07687	8571.271532
0.076875	8571.768278
0.07688	8572.256046
0.076885	8572.74033
0.07689	8573.229369
0.076895	8573.720911
0.0769	8574.227357
0.076905	8574.733524
0.07691	8575.235976
0.076915	8575.727678
0.07692	8576.214865
0.076924	8576.698999
0.076929	8577.186436
0.076934	8577.673574
0.076939	8578.172022
0.076944	8578.66989
0.076949	8579.182222
0.076954	8579.678809
0.076959	8580.169269
0.076964	8580.658028
0.076969	8581.143243
0.076974	8581.637207
0.076979	8582.136176
0.076983	8582.632422
0.076988	8583.135115
0.076993	8583.629249
0.076998	8584.138418
0.077003	8584.646927
0.077008	8585.145736
0.077013	8585.633363
0.077018	8586.130941
0.077023	8586.621872
0.077028	8587.114254
0.077033	8587.604184
0.077038	8588.102613
0.077043	8588.597147
0.077047	8589.090971
0.077053	8589.599279
0.077057	8590.086637
0.077062	8590.577608
0.077067	8591.063704
0.077072	8591.552282
0.077077	8592.06019
0.077082	8592.552432
0.077087	8593.053594
0.077092	8593.545546
0.077097	8594.0197
0.077102	8594.521962
0.077107	8595.023313
0.077112	8595.508869
0.077117	8596.001502
0.077121	8596.479339
0.077126	8596.968919
0.077131	8597.46037
0.077136	8597.957217
0.077141	8598.458288
0.077146	8598.936727
0.077151	8599.434995
0.077156	8599.92036
0.07716	8600.398008
0.077165	8600.892462
0.07717	8601.376056
0.077175	8601.864154
0.07718	8602.351712
0.077185	8602.828739
0.07719	8603.310661
0.077195	8603.801011
0.0772	8604.296186
0.077205	8604.786066
0.07721	8605.280941
0.077215	8605.770981
0.077219	8606.271451
0.077224	8606.766637
0.077229	8607.260631
0.077234	8607.750961
0.077239	8608.245395
0.077244	8608.728529
0.077249	8609.216827
0.077254	8609.711491
0.077259	8610.22036
0.077264	8610.737578
0.077269	8611.244134
0.077274	8611.74963
0.07728	8612.263614
0.077285	8612.776296
0.07729	8613.283614
0.077295	8613.78968
0.0773	8614.304364
0.077304	8614.805045
0.077309	8615.285626
0.077313	8615.768969
0.077318	8616.272763
0.077323	8616.766897
0.077328	8617.270701
0.077333	8617.768909
0.077338	8618.268318
0.077343	8618.776116
0.077348	8619.269209
0.077353	8619.762002
0.077358	8620.253744
0.077362	8620.754024
0.077368	8621.257407
0.077373	8621.757187
0.077378	8622.249359
0.077383	8622.717217
0.077387	8623.199499
0.077392	8623.703263
0.077397	8624.191371
0.077402	8624.682743
0.077407	8625.181602
0.077411	8625.683514
0.077416	8626.182603
0.077421	8626.684735
0.077426	8627.179139
0.077431	8627.676547
0.077435	8628.177147
0.07744	8628.678799
0.077445	8629.161331
0.07745	8629.66968
0.077456	8630.242843
0.077461	8630.743083
0.077465	8631.248158
0.07747	8631.744094
0.077475	8632.244034
0.07748	8632.754294
0.077485	8633.259329
0.07749	8633.771391
0.077495	8634.286807
0.0775	8634.785926
0.077505	8635.29022
0.07751	8635.793123
0.077515	8636.315816
0.07752	8636.832222
0.077525	8637.332452
0.07753	8637.839489
0.077535	8638.338979
0.07754	8638.853443
0.077545	8639.363754
0.07755	8639.864605
0.077555	8640.364865
0.07756	8640.871321
0.077565	8641.370881
0.07757	8641.877928
0.077575	8642.387658
0.07758	8642.89955
0.077585	8643.410791
0.07759	8643.907958
0.077595	8644.418488
0.077599	8644.921682
0.077604	8645.429159
0.077609	8645.94009
0.077614	8646.457628
0.077619	8646.96958
0.077624	8647.468989
0.077629	8647.973203
0.077634	8648.4604
0.077639	8648.955766
0.077644	8649.464064
0.077649	8649.954404
0.077654	8650.446096
0.077659	8650.938028
0.077663	8651.430851
0.077668	8651.92027
0.077673	8652.405455
0.077678	8652.894965
0.077683	8653.383934
0.077687	8653.875616
0.077692	8654.372563
0.077697	8654.866246
0.077702	8655.352042
0.077707	8655.843754
0.077711	8656.352693
0.077716	8656.861121
0.077721	8657.352032
0.077726	8657.85
0.077731	8658.364314
0.077736	8658.85985
0.077741	8659.359419
0.077746	8659.864645
0.077751	8660.364875
0.077756	8660.867307
0.077761	8661.375015
0.077766	8661.890771
0.077772	8662.398198
0.077777	8662.902112
0.077782	8663.424615
0.077787	8663.948729
0.077792	8664.458248
0.077796	8664.974665
0.077802	8665.482362
0.077806	8665.992673
0.077812	8666.512653
0.077816	8667.029349
0.077821	8667.551712
0.077827	8668.06993
0.077831	8668.593093
0.077837	8669.112332
0.077842	8669.6296
0.077847	8670.150951
0.077852	8670.658739
0.077856	8671.158899
0.077862	8671.674124
0.077866	8672.173514
0.077871	8672.682523
0.077876	8673.166356
0.077881	8673.664515
0.077886	8674.153383
0.077891	8674.652142
0.077896	8675.165135
0.077901	8675.664935
0.077905	8676.155906
0.07791	8676.651682
0.077915	8677.148539
0.07792	8677.644084
0.077925	8678.136527
0.07793	8678.638368
0.077934	8679.134625
0.077939	8679.618178
0.077944	8680.119109
0.077949	8680.623033
0.077954	8681.138759
0.077959	8681.644274
0.077964	8682.162523
0.077969	8682.675085
0.077974	8683.190671
0.077979	8683.682543
0.077984	8684.173493
0.077988	8684.675135
0.077993	8685.173854
0.077998	8685.65966
0.078003	8686.15026
0.078008	8686.641321
0.078013	8687.141311
0.078018	8687.636977
0.078023	8688.144545
0.078028	8688.65962
0.078033	8689.169199
0.078038	8689.662102
0.078043	8690.151071
0.078047	8690.638949
0.078053	8691.135936
0.078057	8691.634685
0.078062	8692.153143
0.078068	8692.642533
0.078072	8693.136366
0.078077	8693.627668
0.078082	8694.108348
0.078087	8694.606867
0.078092	8695.102212
0.078097	8695.592893
0.078101	8696.06966
0.078106	8696.536707
0.078111	8697.016356
0.078116	8697.505345
0.078121	8697.989139
0.078126	8698.477077
0.07813	8698.957788
0.078135	8699.449059
0.07814	8699.942322
0.078145	8700.434124
0.07815	8700.934575
0.078155	8701.433223
0.07816	8701.941401
0.078165	8702.43951
0.078169	8702.932683
0.078174	8703.417177
0.078179	8703.910691
0.078184	8704.414114
0.078189	8704.902943
0.078194	8705.384214
0.078199	8705.882803
0.078204	8706.38036
0.078208	8706.863333
0.078214	8707.352753
0.078218	8707.845596
0.078223	8708.342412
0.078228	8708.818649
0.078233	8709.309229
0.078238	8709.791401
0.078242	8710.267798
0.078247	8710.763363
0.078252	8711.257668
0.078257	8711.751211
0.078262	8712.253303
0.078267	8712.74969
0.078272	8713.244585
0.078277	8713.748198
0.078282	8714.23998
0.078287	8714.734144
0.078292	8715.233013
0.078296	8715.72014
0.078301	8716.214705
0.078306	8716.704955
0.078311	8717.193013
0.078316	8717.685325
0.078321	8718.16961
0.078325	8718.658579
0.07833	8719.134835
0.078335	8719.613453
0.078339	8720.103654
0.078344	8720.599399
0.078349	8721.096557
0.078354	8721.598138
0.078359	8722.111201
0.078364	8722.616346
0.078369	8723.111752
0.078374	8723.603133
0.078378	8724.094414
0.078383	8724.585015
0.078388	8725.095065
0.078393	8725.593924
0.078398	8726.101351
0.078403	8726.608018
0.078408	8727.109279
0.078413	8727.602072
0.078418	8728.0903
0.078423	8728.584274
0.078428	8729.063644
0.078433	8729.555255
0.078437	8730.049099
0.078442	8730.543423
0.078447	8731.034715
0.078452	8731.526466
0.078457	8732.008378
0.078462	8732.508438
0.078467	8733.005956
0.078472	8733.503283
0.078477	8733.995836
0.078482	8734.496737
0.078487	8734.988669
0.078492	8735.480521
0.078496	8735.975315
0.078501	8736.462132
0.078506	8736.939339
0.078511	8737.431461
0.078516	8737.932182
0.078521	8738.42957
0.078526	8738.93032
0.078531	8739.427147
0.078536	8739.926517
0.078541	8740.416557
0.078545	8740.913333
0.07855	8741.410751
0.078555	8741.903574
0.07856	8742.39982
0.078564	8742.909409
0.07857	8743.417057
0.078575	8743.923904
0.07858	8744.425115
0.078585	8744.924004
0.07859	8745.422783
0.078595	8745.931271
0.0786	8746.444605
0.078605	8746.945255
0.07861	8747.42958
0.078615	8747.924424
0.07862	8748.422032
0.078625	8748.924274
0.078629	8749.416997
0.078635	8749.91028
0.07864	8750.415846
0.078645	8750.912913
0.07865	8751.401331
0.078655	8751.897788
0.078659	8752.395546
0.078664	8752.836336
0.078669	8753.30039
0.078673	8753.794074
0.078678	8754.295576
0.078683	8754.798729
0.078688	8755.27966
0.078693	8755.758729
0.078698	8756.252653
0.078703	8756.752472
0.078708	8757.257648
0.078713	8757.754625
0.078718	8758.241942
0.078723	8758.733594
0.078728	8759.229079
0.078732	8759.719189
0.078737	8760.213103
0.078742	8760.704014
0.078747	8761.185536
0.078752	8761.669099
0.078757	8762.155926
0.078762	8762.652923
0.078767	8763.151642
0.078771	8763.643994
0.078776	8764.136416
0.078781	8764.630661
0.078786	8765.129369
0.078791	8765.626066
0.078796	8766.117948
0.078801	8766.605876
0.078805	8767.090731
0.07881	8767.580801
0.078815	8768.072482
0.07882	8768.573313
0.078825	8769.072142
0.07883	8769.548478
0.078834	8770.02956
0.078839	8770.506867
0.078844	8770.993524
0.078849	8771.473794
0.078853	8771.945936
0.078858	8772.436777
0.078863	8772.919399
0.078868	8773.393223
0.078872	8773.868599
0.078877	8774.355065
0.078882	8774.825155
0.078887	8775.297127
0.078891	8775.733313
0.078896	8776.204585
0.078901	8776.687628
0.078905	8777.161572
0.07891	8777.631431
0.078915	8778.11049
0.07892	8778.592092
0.078925	8779.071421
0.078929	8779.562993
0.078934	8780.039329
0.078939	8780.526406
0.078944	8781.010851
0.078949	8781.494054
0.078954	8782.003864
0.078959	8782.510771
0.078963	8783.010531
0.078968	8783.520791
0.078973	8784.022703
0.078978	8784.517728
0.078983	8785.007558
0.078988	8785.493664
0.078993	8785.978268
0.078998	8786.480821
0.079003	8786.966346
0.079008	8787.457177
0.079012	8787.944414
0.079017	8788.427437
0.079022	8788.904985
0.079027	8789.386527
0.079032	8789.883694
0.079036	8790.388098
0.079042	8790.88014
0.079046	8791.376847
0.079051	8791.876897
0.079056	8792.375175
0.079061	8792.894004
0.079066	8793.423483
0.079071	8793.936396
0.079076	8794.434585
0.079081	8794.936086
0.079086	8795.434064
0.079091	8795.935826
0.079096	8796.441441
0.079101	8796.956496
0.079106	8797.472052
0.079111	8797.967948
0.079116	8798.472753
0.079121	8798.970911
0.079126	8799.488839
0.079131	8799.983814
0.079135	8800.481952
0.07914	8800.976707
0.079145	8801.478238
0.079151	8801.98983
0.079156	8802.500941
0.079161	8803.004274
0.079166	8803.52017
0.079171	8804.032743
0.079175	8804.543844
0.07918	8805.046176
0.079185	8805.547548
0.07919	8806.045195
0.079195	8806.542212
0.0792	8807.037848
0.079205	8807.539489
0.07921	8808.041692
0.079215	8808.544605
0.07922	8809.056096
0.079225	8809.551461
0.07923	8810.040711
0.079235	8810.532132
0.07924	8811.036567
0.079245	8811.53037
0.07925	8812.013413
0.079255	8812.493764
0.079259	8812.951411
0.079264	8813.408248
0.079269	8813.873023
0.079274	8814.357057
0.079279	8814.839159
0.079283	8815.318498
0.079288	8815.803063
0.079293	8816.267868
0.079297	8816.739209
0.079302	8817.188498
0.079307	8817.642803
0.079311	8818.108118
0.079316	8818.584635
0.079321	8819.055185
0.079325	8819.53017
0.07933	8820.012222
0.079335	8820.494304
0.07934	8820.973984
0.079344	8821.442102
0.079349	8821.924334
0.079353	8822.383053
0.079358	8822.864745
0.079363	8823.351151
0.079367	8823.829009
0.079372	8824.304875
0.079377	8824.776436
0.079382	8825.24981
0.079386	8825.719119
0.079391	8826.193974
0.079396	8826.681712
0.079401	8827.15975
0.079405	8827.65034
0.079411	8828.163574
0.079416	8828.652292
0.07942	8829.148328
0.079425	8829.635265
0.07943	8830.106376
0.079435	8830.579459
0.07944	8831.076156
0.079445	8831.555946
0.07945	8832.047758
0.079455	8832.54015
0.07946	8833.037337
0.079465	8833.532452
0.07947	8834.027157
0.079474	8834.521922
0.079479	8835.024324
0.079484	8835.526126
0.079489	8836.017207
0.079494	8836.505866
0.079499	8836.97974
0.079503	8837.458328
0.079509	8837.952322
0.079513	8838.439029
0.079518	8838.922763
0.079523	8839.406096
0.079528	8839.89007
0.079532	8840.383594
0.079537	8840.876376
0.079542	8841.371071
0.079547	8841.858599
0.079551	8842.35013
0.079556	8842.835776
0.079561	8843.317017
0.079566	8843.810691
0.079571	8844.307067
0.079576	8844.80997
0.079581	8845.296466
0.079585	8845.78046
0.07959	8846.27032
0.079595	8846.760891
0.079599	8847.223904
0.079604	8847.673854
0.079609	8848.139129
0.079614	8848.60956
0.079619	8849.087267
0.079624	8849.566567
0.079628	8850.063784
0.079633	8850.557247
0.079638	8851.045365
0.079642	8851.520851
0.079647	8851.993343
0.079652	8852.468118
0.079656	8852.944725
0.079661	8853.406336
0.079666	8853.881211
0.07967	8854.364224
0.079675	8854.843473
0.07968	8855.323223
0.079685	8855.8098
0.079689	8856.298789
0.079694	8856.782683
0.079699	8857.24979
0.079704	8857.730791
0.079709	8858.215315
0.079714	8858.700851
0.079718	8859.191762
0.079723	8859.67973
0.079728	8860.164545
0.079733	8860.64995
0.079738	8861.127397
0.079743	8861.603023
0.079748	8862.088519
0.079753	8862.576527
0.079757	8863.067467
0.079762	8863.564585
0.079767	8864.051932
0.079772	8864.535576
0.079777	8865.015576
0.079781	8865.502212
0.079786	8865.978849
0.079791	8866.464054
0.079795	8866.947057
0.0798	8867.428939
0.079805	8867.913173
0.07981	8868.402002
0.079814	8868.888609
0.07982	8869.375345
0.079824	8869.842322
0.079829	8870.333383
0.079834	8870.826436
0.079839	8871.316436
0.079843	8871.798839
0.079848	8872.286587
0.079853	8872.784975
0.079858	8873.284234
0.079863	8873.773293
0.079868	8874.263614
0.079873	8874.764685
0.079878	8875.277017
0.079883	8875.78018
0.079888	8876.257958
0.079893	8876.724905
0.079897	8877.196527
0.079902	8877.675145
0.079907	8878.151361
0.079912	8878.66003
0.079917	8879.156156
0.079922	8879.649019
0.079926	8880.125846
0.079931	8880.604965
0.079936	8881.098809
0.079941	8881.598569
0.079946	8882.087958
0.079951	8882.579219
0.079955	8883.069009
0.07996	8883.574134
0.079965	8884.068248
0.079971	8884.574775
0.079975	8885.083874
0.07998	8885.59986
0.079985	8886.094505
0.07999	8886.578559
0.079995	8887.068148
0.08	8887.573153
0.080005	8888.065806
0.08001	8888.558559
0.080015	8889.055886
0.08002	8889.555836
0.080025	8890.054264
0.08003	8890.524054
0.080035	8891.00036
0.080039	8891.478178
0.080044	8891.97
0.080049	8892.473343
0.080054	8892.962352
0.080059	8893.423534
0.080063	8893.906266
0.080068	8894.376456
0.080073	8894.857097
0.080078	8895.334525
0.080083	8895.856557
0.080088	8896.369389
0.080092	8896.861071
0.080097	8897.349269
0.080102	8897.85027
0.080107	8898.341992
0.080112	8898.836727
0.080117	8899.32045
0.080122	8899.802462
0.080127	8900.284364
0.080132	8900.775405
0.080137	8901.271481
0.080142	8901.75998
0.080147	8902.254805
0.080152	8902.74974
0.080157	8903.238619
0.080162	8903.737327
0.080167	8904.247898
0.080171	8904.746667
0.080176	8905.237377
0.080181	8905.724454
0.080186	8906.204214
0.080191	8906.69999
0.080195	8907.19024
0.0802	8907.676667
0.080205	8908.147968
0.08021	8908.635035
0.080215	8909.117447
0.08022	8909.604104
0.080225	8910.091592
0.080229	8910.583103
0.080234	8911.067698
0.080239	8911.554254
0.080244	8912.040901
0.080248	8912.51995
0.080253	8912.986867
0.080258	8913.462222
0.080263	8913.941982
0.080268	8914.406527
0.080273	8914.872262
0.080277	8915.344995
0.080282	8915.834204
0.080287	8916.31028
0.080292	8916.787367
0.080296	8917.276426
0.080302	8917.758789
0.080306	8918.245616
0.080312	8918.774935
0.080317	8919.276236
0.080321	8919.768919
0.080326	8920.265996
0.080331	8920.750971
0.080336	8921.226436
0.080341	8921.708659
0.080346	8922.197127
0.08035	8922.683614
0.080355	8923.170961
0.08036	8923.662653
0.080365	8924.160711
0.08037	8924.658438
0.080374	8925.130781
0.08038	8925.601281
0.080384	8926.087417
0.080389	8926.574454
0.080394	8927.063403
0.080399	8927.558268
0.080404	8928.028829
0.080409	8928.533964
0.080414	8929.023974
0.080418	8929.485626
0.080423	8929.954675
0.080428	8930.422042
0.080433	8930.911251
0.080437	8931.397898
0.080442	8931.874695
0.080447	8932.353013
0.080452	8932.833223
0.080457	8933.324755
0.080462	8933.816016
0.080467	8934.29968
0.080471	8934.787247
0.080476	8935.26027
0.080481	8935.746416
0.080486	8936.24018
0.080491	8936.727998
0.080495	8937.203754
0.0805	8937.686416
0.080505	8938.189369
0.08051	8938.688639
0.080515	8939.175526
0.08052	8939.675005
0.080524	8940.169479
0.08053	8940.669189
0.080535	8941.167437
0.08054	8941.653564
0.080544	8942.137778
0.080549	8942.621702
0.080554	8943.101542
0.080559	8943.575926
0.080564	8944.036226
0.080569	8944.51992
0.080573	8945.003253
0.080578	8945.487748
0.080583	8945.974565
0.080588	8946.458448
0.080593	8946.95039
0.080598	8947.431341
0.080602	8947.898789
0.080607	8948.384925
0.080612	8948.872773
0.080616	8949.353343
0.080621	8949.843083
0.080626	8950.326066
0.080631	8950.811311
0.080636	8951.301211
0.08064	8951.788739
0.080645	8952.284595
0.08065	8952.765495
0.080654	8953.263644
0.080659	8953.753804
0.080664	8954.249259
0.080669	8954.75029
0.080674	8955.235816
0.080679	8955.732462
0.080684	8956.225235
0.080688	8956.708949
0.080694	8957.199239
0.080699	8957.681261
0.080703	8958.15967
0.080708	8958.652152
0.080713	8959.127447
0.080717	8959.606126
0.080722	8960.09024
0.080727	8960.558819
0.080732	8961.027237
0.080736	8961.485736
0.080741	8961.982573
0.080746	8962.466927
0.080751	8962.933223
0.080755	8963.386997
0.08076	8963.859489
0.080765	8964.340851
0.08077	8964.831071
0.080774	8965.322813
0.080779	8965.812332
0.080784	8966.28995
0.080789	8966.797307
0.080794	8967.286406
0.080799	8967.781491
0.080804	8968.278218
0.080809	8968.758248
0.080814	8969.246446
0.080819	8969.726416
0.080824	8970.21982
0.080828	8970.708148
0.080833	8971.192753
0.080838	8971.681121
0.080843	8972.175045
0.080848	8972.668268
0.080853	8973.168719
0.080858	8973.666246
0.080863	8974.157758
0.080868	8974.658028
0.080873	8975.153664
0.080877	8975.653614
0.080882	8976.150521
0.080887	8976.650871
0.080892	8977.14047
0.080897	8977.621331
0.080901	8978.104525
0.080906	8978.583063
0.080911	8979.066496
0.080915	8979.559309
0.08092	8980.07027
0.080925	8980.565135
0.08093	8981.063844
0.080935	8981.554054
0.08094	8982.045816
0.080945	8982.537097
0.080949	8983.028268
0.080954	8983.504264
0.080959	8983.996036
0.080964	8984.494454
0.080969	8985.003624
0.080974	8985.496647
0.080978	8985.972222
0.080983	8986.434174
0.080987	8986.913904
0.080992	8987.400831
0.080997	8987.887237
0.081001	8988.368589
0.081006	8988.858509
0.081011	8989.376146
0.081017	8989.937297
0.081021	8990.475726
0.081027	8991.002202
0.081032	8991.50988
0.081036	8991.991742
0.081041	8992.475075
0.081046	8992.945696
0.081051	8993.424444
0.081055	8993.908138
0.08106	8994.394474
0.081065	8994.89022
0.08107	8995.392432
0.081075	8995.881411
0.08108	8996.367277
0.081084	8996.858899
0.081089	8997.345105
0.081094	8997.803774
0.081099	8998.286386
0.081104	8998.775606
0.081108	8999.255596
0.081113	8999.741471
0.081118	9000.227087
0.081122	9000.721842
0.081127	9001.195596
0.081132	9001.668458
0.081137	9002.154975
0.081141	9002.64035
0.081146	9003.137998
0.081151	9003.623193
0.081156	9004.09956
0.08116	9004.571151
0.081165	9005.048709
0.08117	9005.548759
0.081175	9006.048258
0.08118	9006.538128
0.081185	9007.016276
0.081189	9007.500661
0.081194	9007.993263
0.081199	9008.474615
0.081204	9008.952703
0.081208	9009.432973
0.081213	9009.92996
0.081218	9010.423594
0.081223	9010.9199
0.081228	9011.4097
0.081232	9011.885606
0.081237	9012.363073
0.081241	9012.844825
0.081246	9013.338328
0.08125	9013.815826
0.081255	9014.292763
0.08126	9014.772883
0.081265	9015.262703
0.081269	9015.743113
0.081274	9016.21999
0.081279	9016.703193
0.081284	9017.193453
0.081288	9017.674104
0.081293	9018.165586
0.081298	9018.647728
0.081303	9019.124945
0.081307	9019.597998
0.081312	9020.062222
0.081317	9020.525385
0.081322	9021.00021
0.081327	9021.490621
0.081331	9021.976196
0.081336	9022.466537
0.081341	9022.948679
0.081345	9023.428148
0.08135	9023.922342
0.081355	9024.413654
0.08136	9024.903774
0.081364	9025.374294
0.081369	9025.848729
0.081374	9026.330911
0.081379	9026.802643
0.081384	9027.282773
0.081388	9027.756937
0.081393	9028.230831
0.081398	9028.701762
0.081402	9029.18018
0.081407	9029.659239
0.081412	9030.11972
0.081416	9030.597558
0.081421	9031.079489
0.081426	9031.562362
0.081431	9032.036567
0.081435	9032.504735
0.08144	9032.977668
0.081444	9033.466056
0.081449	9033.938018
0.081454	9034.407848
0.081458	9034.874164
0.081463	9035.341902
0.081467	9035.816977
0.081472	9036.288959
0.081477	9036.761341
0.081482	9037.245055
0.081486	9037.724855
0.081491	9038.187848
0.081496	9038.668929
0.0815	9039.161001
0.081505	9039.651732
0.08151	9040.139089
0.081515	9040.622763
0.081519	9041.086747
0.081524	9041.557257
0.081529	9042.035365
0.081534	9042.522102
0.081539	9043.008018
0.081543	9043.49031
0.081548	9043.971902
0.081553	9044.457107
0.081558	9044.936747
0.081563	9045.423383
0.081568	9045.902573
0.081572	9046.375836
0.081577	9046.858338
0.081582	9047.346126
0.081587	9047.848448
0.081592	9048.332402
0.081597	9048.827998
0.081602	9049.311491
0.081607	9049.806496
0.081612	9050.296196
0.081616	9050.776296
0.081621	9051.260671
0.081625	9051.747297
0.08163	9052.240831
0.081635	9052.727858
0.08164	9053.212212
0.081645	9053.70003
0.08165	9054.188619
0.081655	9054.669019
0.081659	9055.147207
0.081664	9055.623493
0.081669	9056.107427
0.081673	9056.592272
0.081678	9057.074404
0.081683	9057.570781
0.081688	9058.071051
0.081693	9058.564505
0.081697	9059.058649
0.081702	9059.545636
0.081707	9060.031842
0.081711	9060.513744
0.081716	9061.006977
0.081721	9061.506046
0.081726	9062.006597
0.081731	9062.511592
0.081736	9063.016066
0.081741	9063.502392
0.081745	9063.992533
0.08175	9064.491712
0.081755	9064.97988
0.08176	9065.467808
0.081765	9065.9502
0.081769	9066.443463
0.081774	9066.939429
0.081779	9067.429279
0.081784	9067.916496
0.081788	9068.398929
0.081793	9068.883864
0.081797	9069.345796
0.081802	9069.821602
0.081807	9070.312412
0.081812	9070.801892
0.081816	9071.297127
0.081821	9071.794474
0.081826	9072.276096
0.081831	9072.756707
0.081835	9073.230651
0.08184	9073.701802
0.081845	9074.16993
0.081849	9074.637037
0.081854	9075.12047
0.081859	9075.608208
0.081864	9076.091421
0.081868	9076.587818
0.081873	9077.074885
0.081878	9077.553874
0.081883	9078.036527
0.081887	9078.52991
0.081892	9079.011872
0.081897	9079.482573
0.081902	9079.961942
0.081906	9080.448028
0.081911	9080.925766
0.081916	9081.417518
0.081921	9081.896456
0.081925	9082.392533
0.081931	9082.872733
0.081935	9083.353944
0.08194	9083.844014
0.081945	9084.324805
0.08195	9084.801341
0.081954	9085.292583
0.081959	9085.76993
0.081964	9086.258388
0.081969	9086.737307
0.081973	9087.214835
0.081978	9087.701101
0.081983	9088.187678
0.081988	9088.675536
0.081992	9089.155205
0.081997	9089.633614
0.082001	9090.10967
0.082006	9090.578438
0.08201	9091.0499
0.082015	9091.522162
0.08202	9092.011181
0.082025	9092.497237
0.082029	9092.974074
0.082034	9093.460761
0.082039	9093.944915
0.082043	9094.437317
0.082048	9094.932863
0.082053	9095.427968
0.082057	9095.909429
0.082062	9096.393654
0.082067	9096.872813
0.082071	9097.362613
0.082076	9097.852232
0.082081	9098.345726
0.082085	9098.824835
0.08209	9099.290701
0.082095	9099.762613
0.082099	9100.225926
0.082104	9100.691391
0.082108	9101.15031
0.082112	9101.615656
0.082117	9102.086847
0.082122	9102.558058
0.082126	9103.04044
0.082131	9103.504314
0.082136	9103.976587
0.082141	9104.467958
0.082146	9104.956597
0.08215	9105.429209
0.082155	9105.911532
0.08216	9106.377407
0.082164	9106.860801
0.082169	9107.343854
0.082173	9107.835015
0.082178	9108.325926
0.082183	9108.815015
0.082188	9109.306356
0.082193	9109.784925
0.082198	9110.26039
0.082202	9110.740571
0.082207	9111.222112
0.082212	9111.712613
0.082216	9112.192523
0.082221	9112.671211
0.082226	9113.165746
0.082231	9113.662342
0.082235	9114.144915
0.08224	9114.615315
0.082245	9115.085716
0.08225	9115.568008
0.082255	9116.051682
0.082259	9116.546006
0.082264	9117.02973
0.082269	9117.513143
0.082274	9117.998288
0.082279	9118.456887
0.082283	9118.918118
0.082288	9119.395766
0.082293	9119.864064
0.082297	9120.351552
0.082302	9120.853483
0.082307	9121.344394
0.082312	9121.838559
0.082316	9122.318979
0.082321	9122.795786
0.082326	9123.268278
0.08233	9123.738719
0.082335	9124.224775
0.082339	9124.688078
0.082344	9125.158659
0.082349	9125.637758
0.082354	9126.112523
0.082358	9126.601381
0.082363	9127.068348
0.082368	9127.563754
0.082373	9128.057027
0.082378	9128.534685
0.082382	9129.013734
0.082387	9129.494625
0.082391	9129.973043
0.082396	9130.445145
0.0824	9130.916086
0.082405	9131.403133
0.08241	9131.887978
0.082415	9132.370841
0.082419	9132.852052
0.082424	9133.328619
0.082429	9133.793313
0.082434	9134.253123
0.082438	9134.724294
0.082443	9135.20016
0.082448	9135.674915
0.082452	9136.166106
0.082457	9136.66009
0.082462	9137.136987
0.082467	9137.625646
0.082472	9138.103544
0.082477	9138.592833
0.082482	9139.082833
0.082486	9139.572603
0.082491	9140.063173
0.082496	9140.543353
0.0825	9141.036086
0.082505	9141.542022
0.08251	9142.033554
0.082515	9142.534264
0.08252	9143.024755
0.082524	9143.508619
0.082529	9143.995415
0.082534	9144.475275
0.082539	9144.971081
0.082543	9145.447197
0.082548	9145.918068
0.082552	9146.403143
0.082557	9146.885846
0.082562	9147.374725
0.082567	9147.856937
0.082571	9148.343594
0.082576	9148.815506
0.082581	9149.285295
0.082585	9149.762492
0.08259	9150.241762
0.082595	9150.713774
0.082599	9151.167818
0.082604	9151.637467
0.082608	9152.10989
0.082613	9152.583263
0.082618	9153.065095
0.082623	9153.539439
0.082628	9154.015796
0.082632	9154.490901
0.082637	9154.967608
0.082642	9155.428839
0.082647	9155.905786
0.082652	9156.378298
0.082656	9156.854895
0.082661	9157.373914
0.082666	9157.876266
0.082671	9158.367407
0.082676	9158.863413
0.082681	9159.352442
0.082686	9159.856927
0.08269	9160.345005
0.082695	9160.851491
0.082701	9161.346797
0.082705	9161.848959
0.08271	9162.352102
0.082715	9162.849369
0.08272	9163.351552
0.082725	9163.85018
0.08273	9164.346627
0.082735	9164.851952
0.08274	9165.341592
0.082744	9165.829009
0.082749	9166.332863
0.082754	9166.82993
0.082759	9167.326086
0.082764	9167.797958
0.082769	9168.277287
0.082774	9168.745966
0.082779	9169.222252
0.082783	9169.709489
0.082788	9170.217748
0.082793	9170.717538
0.082798	9171.208478
0.082803	9171.701311
0.082807	9172.205706
0.082812	9172.706456
0.082817	9173.207017
0.082822	9173.702663
0.082826	9174.195846
0.082831	9174.69011
0.082836	9175.172713
0.082841	9175.663093
0.082846	9176.158539
0.082851	9176.648268
0.082856	9177.146156
0.082861	9177.646657
0.082865	9178.138128
0.08287	9178.616426
0.082875	9179.111211
0.08288	9179.601441
0.082885	9180.095295
0.082889	9180.595265
0.082894	9181.09971
0.082899	9181.596056
0.082904	9182.089419
0.082909	9182.587718
0.082914	9183.069079
0.082919	9183.56049
0.082923	9184.036907
0.082928	9184.513073
0.082933	9185.00041
0.082938	9185.484915
0.082942	9185.976316
0.082947	9186.468609
0.082952	9186.953143
0.082957	9187.435936
0.082962	9187.92956
0.082966	9188.411321
0.082971	9188.90006
0.082976	9189.384965
0.082981	9189.876336
0.082986	9190.363584
0.082991	9190.845636
0.082995	9191.33972
0.083	9191.840781
0.083005	9192.338248
0.08301	9192.82956
0.083015	9193.346837
0.08302	9193.861251
0.083025	9194.362412
0.08303	9194.859199
0.083035	9195.352322
0.083039	9195.845005
0.083044	9196.348298
0.08305	9196.851261
0.083054	9197.356166
0.083059	9197.862132
0.083064	9198.355245
0.083069	9198.852633
0.083074	9199.348889
0.083079	9199.844905
0.083084	9200.336647
0.083089	9200.840851
0.083094	9201.344835
0.083099	9201.842513
0.083104	9202.333874
0.083109	9202.825215
0.083114	9203.318398
0.083119	9203.813944
0.083124	9204.31041
0.083128	9204.805165
0.083133	9205.301311
0.083138	9205.80024
0.083143	9206.297387
0.083148	9206.788288
0.083153	9207.260931
0.083158	9207.752422
0.083163	9208.242713
0.083167	9208.720921
0.083172	9209.20003
0.083177	9209.688118
0.083182	9210.178759
0.083187	9210.674354
0.083191	9211.173934
0.083196	9211.663754
0.083201	9212.156306
0.083206	9212.641081
0.08321	9213.117177
0.083215	9213.601031
0.08322	9214.092442
0.083225	9214.587858
0.08323	9215.06971
0.083234	9215.550881
0.083239	9216.031471
0.083244	9216.520561
0.083249	9217.024414
0.083254	9217.53021
0.083259	9218.030521
0.083264	9218.540841
0.083269	9219.036887
0.083274	9219.524344
0.083278	9220.015526
0.083283	9220.503914
0.083288	9220.99959
0.083293	9221.49967
0.083298	9221.994344
0.083303	9222.488058
0.083308	9222.98966
0.083312	9223.487307
0.083317	9223.965976
0.083322	9224.446426
0.083327	9224.932693
0.083332	9225.424985
0.083337	9225.916126
0.083342	9226.397467
0.083346	9226.884074
0.083351	9227.378168
0.083356	9227.856897
0.083361	9228.351421
0.083366	9228.836587
0.083371	9229.33032
0.083376	9229.820901
0.083381	9230.303644
0.083386	9230.787688
0.08339	9231.283784
0.083395	9231.78049
0.0834	9232.274645
0.083405	9232.766717
0.08341	9233.261842
0.083414	9233.741972
0.083419	9234.241892
0.083424	9234.738418
0.083429	9235.221491
0.083434	9235.725626
0.083439	9236.226507
0.083444	9236.714434
0.083449	9237.194675
0.083453	9237.681662
0.083458	9238.170541
0.083463	9238.662292
0.083469	9239.195906
0.083474	9239.713954
0.083478	9240.194334
0.083483	9240.675906
0.083488	9241.172492
0.083493	9241.687628
0.083498	9242.193143
0.083503	9242.696557
0.083507	9243.192082
0.083512	9243.685205
0.083517	9244.181091
0.083522	9244.682262
0.083527	9245.172643
0.083532	9245.658318
0.083537	9246.146757
0.083542	9246.627708
0.083547	9247.122102
0.083551	9247.609109
0.083556	9248.102723
0.083561	9248.588849
0.083566	9249.075095
0.083571	9249.565425
0.083576	9250.054735
0.08358	9250.547297
0.083585	9251.029069
0.08359	9251.523173
0.083595	9252.019129
0.0836	9252.503814
0.083605	9252.991792
0.08361	9253.481722
0.083615	9253.98019
0.083619	9254.475726
0.083624	9254.956707
0.083629	9255.447728
0.083634	9255.946256
0.083639	9256.448378
0.083644	9256.950771
0.083649	9257.438909
0.083654	9257.937487
0.083659	9258.448539
0.083664	9258.946306
0.083668	9259.444515
0.083674	9259.947137
0.083679	9260.434755
0.083684	9260.924815
0.083689	9261.428689
0.083694	9261.921281
0.083699	9262.415936
0.083704	9262.904394
0.083709	9263.396416
0.083714	9263.892743
0.083719	9264.402472
0.083723	9264.896787
0.083728	9265.391962
0.083733	9265.899089
0.083738	9266.389449
0.083743	9266.898378
0.083748	9267.388539
0.083753	9267.876577
0.083758	9268.364675
0.083762	9268.836326
0.083767	9269.314474
0.083772	9269.796687
0.083777	9270.270541
0.083782	9270.74968
0.083787	9271.226607
0.083791	9271.709469
0.083797	9272.195305
0.083801	9272.676607
0.083806	9273.153123
0.083811	9273.634865
0.083815	9274.125215
0.083821	9274.609139
0.083826	9275.10021
0.083831	9275.607157
0.083836	9276.109439
0.08384	9276.602262
0.083846	9277.086366
0.08385	9277.587487
0.083855	9278.082182
0.08386	9278.562983
0.083865	9279.040681
0.08387	9279.51015
0.083874	9279.966066
0.083879	9280.45023
0.083884	9280.935506
0.083889	9281.417718
0.083894	9281.907007
0.083898	9282.399219
0.083903	9282.893884
0.083908	9283.372743
0.083913	9283.851341
0.083918	9284.348428
0.083923	9284.832963
0.083927	9285.317898
0.083932	9285.794304
0.083937	9286.282673
0.083942	9286.772823
0.083947	9287.255495
0.083951	9287.738368
0.083956	9288.216146
0.083961	9288.692012
0.083966	9289.189369
0.083971	9289.672382
0.083976	9290.148158
0.083981	9290.626577
0.083986	9291.113654
0.08399	9291.60031
0.083995	9292.087918
0.084	9292.583784
0.084005	9293.072142
0.08401	9293.558579
0.084014	9294.057467
0.084019	9294.55036
0.084024	9295.037427
0.084029	9295.523243
0.084034	9296.003714
0.084039	9296.503784
0.084044	9296.992392
0.084048	9297.485305
0.084053	9297.984044
0.084058	9298.479459
0.084063	9298.975395
0.084068	9299.466867
0.084072	9299.955676
0.084078	9300.447618
0.084082	9300.936396
0.084087	9301.427367
0.084092	9301.921822
0.084097	9302.420581
0.084102	9302.927588
0.084107	9303.444975
0.084112	9303.960921
0.084117	9304.446316
0.084122	9304.928999
0.084127	9305.419249
0.084131	9305.893554
0.084137	9306.380981
0.084141	9306.866907
0.084146	9307.359029
0.084152	9307.860831
0.084156	9308.347297
0.084161	9308.848128
0.084167	9309.336887
0.084172	9309.836296
0.084177	9310.342102
0.084182	9310.842362
0.084187	9311.357057
0.084192	9311.858168
0.084197	9312.360911
0.084202	9312.87001
0.084206	9313.361752
0.084211	9313.853894
0.084216	9314.343173
0.084221	9314.818218
0.084226	9315.313243
0.08423	9315.80962
0.084236	9316.305485
0.084241	9316.813584
0.084246	9317.334164
0.084251	9317.838498
0.084256	9318.340951
0.084261	9318.838659
0.084266	9319.335145
0.084271	9319.833353
0.084276	9320.331051
0.084281	9320.831261
0.084286	9321.322432
0.084291	9321.815526
0.084296	9322.315526
0.084301	9322.822262
0.084306	9323.333594
0.084311	9323.836807
0.084316	9324.332042
0.084321	9324.833393
0.084326	9325.34047
0.084331	9325.835906
0.084336	9326.336226
0.084341	9326.839169
0.084346	9327.325425
0.084351	9327.814164
0.084356	9328.309399
0.084361	9328.80975
0.084366	9329.305556
0.084371	9329.814044
0.084376	9330.326927
0.084381	9330.82033
0.084386	9331.310681
0.084391	9331.807898
0.084396	9332.311982
0.084402	9332.815596
0.084407	9333.315666
0.084411	9333.815175
0.084417	9334.317187
0.084421	9334.821652
0.084427	9335.325886
0.084431	9335.830561
0.084436	9336.326496
0.084441	9336.825415
0.084446	9337.327678
0.084451	9337.824194
0.084456	9338.324925
0.084461	9338.828879
0.084466	9339.325265
0.084471	9339.837918
0.084477	9340.345175
0.084481	9340.856837
0.084487	9341.357688
0.084492	9341.858478
0.084497	9342.366667
0.084502	9342.870751
0.084507	9343.373614
0.084511	9343.872733
0.084517	9344.360601
0.084522	9344.867457
0.084527	9345.373243
0.084532	9345.868168
0.084537	9346.367828
0.084542	9346.857538
0.084547	9347.361311
0.084551	9347.858308
0.084556	9348.353313
0.084561	9348.855435
0.084566	9349.358078
0.084571	9349.851942
0.084576	9350.345616
0.084581	9350.83962
0.084586	9351.332452
0.084591	9351.831061
0.084595	9352.32994
0.084601	9352.856486
0.084606	9353.366456
0.084611	9353.878478
0.084616	9354.377958
0.08462	9354.876286
0.084625	9355.374895
0.084631	9355.873944
0.084636	9356.386196
0.084641	9356.904474
0.084646	9357.417287
0.084651	9357.933263
0.084656	9358.417427
0.084661	9358.906747
0.084666	9359.39959
0.084671	9359.901091
0.084676	9360.41004
0.084681	9360.86998
0.084685	9361.355626
0.08469	9361.854434
0.084695	9362.334645
0.0847	9362.819049
0.084705	9363.293934
0.084709	9363.770861
0.084714	9364.251111
0.084719	9364.732132
0.084723	9365.218008
0.084728	9365.69974
0.084733	9366.192833
0.084738	9366.685516
0.084743	9367.185956
0.084748	9367.694334
0.084753	9368.206196
0.084758	9368.713303
0.084763	9369.216607
0.084768	9369.708178
0.084773	9370.217908
0.084778	9370.707668
0.084782	9371.205495
0.084787	9371.687437
0.084792	9372.173053
0.084797	9372.675095
0.084802	9373.162482
0.084807	9373.643594
0.084812	9374.142022
0.084817	9374.645105
0.084822	9375.155936
0.084827	9375.653273
0.084831	9376.151582
0.084836	9376.654024
0.084841	9377.143193
0.084846	9377.62963
0.084851	9378.121802
0.084856	9378.616547
0.08486	9379.113393
0.084865	9379.613203
0.084871	9380.122593
0.084875	9380.609279
0.08488	9381.101972
0.084885	9381.616727
0.08489	9382.127598
0.084895	9382.656146
0.0849	9383.172893
0.084905	9383.67971
0.084909	9384.139089
0.084914	9384.611622
0.084919	9385.102803
0.084924	9385.603684
0.084928	9386.088539
0.084933	9386.581221
0.084938	9387.075135
0.084943	9387.569119
0.084948	9388.067217
0.084953	9388.562603
0.084958	9389.056957
0.084962	9389.543143
0.084967	9390.040501
0.084972	9390.532212
0.084977	9391.035125
0.084982	9391.535586
0.084987	9392.027718
0.084992	9392.511041
0.084997	9392.99969
0.085002	9393.495455
0.085007	9393.985806
0.085012	9394.485395
0.085017	9394.983574
0.085022	9395.499169
0.085027	9396.008148
0.085032	9396.516627
0.085038	9397.013323
0.085042	9397.507387
0.085048	9398.00042
0.085053	9398.496296
0.085058	9399.000821
0.085063	9399.505195
0.085068	9400.002523
0.085073	9400.504715
0.085078	9401.016617
0.085083	9401.541912
0.085088	9402.046917
0.085093	9402.551111
0.085097	9403.075335
0.085103	9403.585526
0.085108	9404.095786
0.085113	9404.59032
0.085118	9405.087518
0.085123	9405.588068
0.085128	9406.066587
0.085132	9406.567688
0.085137	9407.071371
0.085142	9407.575926
0.085147	9408.075375
0.085152	9408.578719
0.085157	9409.075836
0.085162	9409.57973
0.085167	9410.078839
0.085173	9410.57973
0.085177	9411.082432
0.085182	9411.589019
0.085187	9412.093313
0.085192	9412.595325
0.085197	9413.091612
0.085202	9413.586947
0.085207	9414.092533
0.085212	9414.597998
0.085217	9415.112903
0.085222	9415.619319
0.085227	9416.122142
0.085232	9416.627708
0.085237	9417.12957
0.085241	9417.61956
0.085247	9418.115195
0.085252	9418.628078
0.085257	9419.144474
0.085262	9419.666376
0.085267	9420.162863
0.085272	9420.653373
0.085276	9421.136557
0.085281	9421.623393
0.085287	9422.12037
0.085292	9422.614725
0.085297	9423.117518
0.085302	9423.614805
0.085307	9424.118478
0.085312	9424.631872
0.085317	9425.143884
0.085322	9425.644535
0.085327	9426.133293
0.085332	9426.634154
0.085337	9427.127197
0.085342	9427.622052
0.085347	9428.118008
0.085352	9428.606907
0.085357	9429.092723
0.085362	9429.58015
0.085367	9430.0696
0.085372	9430.564835
0.085376	9431.051151
0.085381	9431.55008
0.085386	9432.050861
0.085391	9432.553023
0.085396	9433.049429
0.085402	9433.554815
0.085407	9434.052472
0.085412	9434.567728
0.085417	9435.072843
0.085422	9435.574294
0.085427	9436.083774
0.085432	9436.595886
0.085437	9437.104464
0.085442	9437.608739
0.085447	9438.115736
0.085452	9438.623864
0.085457	9439.130661
0.085462	9439.637297
0.085467	9440.141391
0.085472	9440.648168
0.085477	9441.153654
0.085483	9441.665425
0.085488	9442.168148
0.085493	9442.676136
0.085498	9443.177758
0.085503	9443.686486
0.085508	9444.187067
0.085513	9444.67985
0.085518	9445.177427
0.085523	9445.678739
0.085529	9446.175536
0.085533	9446.671732
0.085538	9447.16958
0.085543	9447.669269
0.085548	9448.185155
0.085553	9448.678819
0.085558	9449.183303
0.085563	9449.675145
0.085568	9450.166747
0.085573	9450.675626
0.085578	9451.177958
0.085583	9451.667728
0.085588	9452.156937
0.085593	9452.661031
0.085598	9453.17049
0.085603	9453.688579
0.085608	9454.191732
0.085614	9454.688108
0.085619	9455.17048
0.085624	9455.6701
0.085629	9456.166476
0.085634	9456.67045
0.085639	9457.141441
0.085643	9457.625646
0.085648	9458.104124
0.085653	9458.58042
0.085658	9459.059499
0.085663	9459.54008
0.085667	9460.0296
0.085673	9460.508899
0.085678	9460.981481
0.085682	9461.465385
0.085687	9461.964615
0.085692	9462.456977
0.085697	9462.951822
0.085702	9463.445516
0.085707	9463.928198
0.085711	9464.412853
0.085716	9464.903794
0.085721	9465.395355
0.085727	9465.883764
0.085731	9466.353353
0.085736	9466.832873
0.085741	9467.325105
0.085746	9467.823934
0.085751	9468.332162
0.085756	9468.823714
0.085761	9469.321101
0.085766	9469.821131
0.085771	9470.29962
0.085776	9470.783013
0.085781	9471.257768
0.085786	9471.751271
0.085791	9472.240801
0.085796	9472.727107
0.085801	9473.217508
0.085806	9473.715556
0.085811	9474.203764
0.085815	9474.685215
0.08582	9475.156517
0.085825	9475.648018
0.08583	9476.137317
0.085835	9476.618789
0.08584	9477.108388
0.085845	9477.592773
0.08585	9478.083433
0.085855	9478.582643
0.08586	9479.064364
0.085865	9479.52037
0.08587	9479.986727
0.085875	9480.461792
0.08588	9480.933764
0.085885	9481.411982
0.08589	9481.894294
0.085895	9482.380641
0.0859	9482.862062
0.085905	9483.348699
0.08591	9483.866907
0.085915	9484.360881
0.08592	9484.842202
0.085925	9485.336797
0.08593	9485.833864
0.085935	9486.333764
0.085941	9486.828318
0.085945	9487.315826
0.08595	9487.807107
0.085955	9488.295856
0.08596	9488.774454
0.085965	9489.267638
0.08597	9489.749299
0.085976	9490.245736
0.085981	9490.729469
0.085986	9491.225526
0.085991	9491.733594
0.085995	9492.235325
0.086001	9492.730661
0.086006	9493.221772
0.086011	9493.727147
0.086016	9494.233944
0.086021	9494.733063
0.086026	9495.241792
0.086031	9495.741982
0.086036	9496.234565
0.086041	9496.735756
0.086046	9497.228348
0.086051	9497.725495
0.086056	9498.222553
0.086061	9498.723103
0.086066	9499.238138
0.086071	9499.744244
0.086076	9500.232873
0.086081	9500.716456
0.086085	9501.208669
0.086091	9501.703614
0.086095	9502.197087
0.086101	9502.698869
0.086106	9503.201732
0.086111	9503.702933
0.086116	9504.20992
0.086121	9504.718208
0.086126	9505.213724
0.086131	9505.702743
0.086137	9506.250621
0.086142	9506.782462
0.086147	9507.295065
0.086152	9507.805946
0.086157	9508.325526
0.086162	9508.831582
0.086167	9509.354154
0.086173	9509.866547
0.086178	9510.395175
0.086183	9510.932733
0.086188	9511.4502
0.086193	9511.942663
0.086198	9512.431652
0.086203	9512.952032
0.086208	9513.468509
0.086213	9513.990921
0.086219	9514.509219
0.086224	9515.001972
0.086229	9515.498338
0.086234	9515.996446
0.086239	9516.484154
0.086243	9516.987868
0.086249	9517.484555
0.086254	9517.995646
0.086259	9518.503083
0.086264	9519.014945
0.086269	9519.528198
0.086274	9520.035345
0.086279	9520.550921
0.086284	9521.051111
0.086289	9521.554815
0.086295	9522.063594
0.0863	9522.563884
0.086305	9523.065906
0.08631	9523.574905
0.086315	9524.085706
0.08632	9524.579069
0.086325	9525.060851
0.08633	9525.556547
0.086335	9526.055295
0.08634	9526.567798
0.086346	9527.076476
0.086351	9527.569129
0.086356	9528.072973
0.086361	9528.575425
0.086366	9529.065445
0.086371	9529.572773
0.086376	9530.082933
0.086381	9530.58
0.086386	9531.086867
0.086391	9531.574424
0.086396	9532.068789
0.086401	9532.555516
0.086406	9533.043984
0.086412	9533.543704
0.086417	9534.052432
0.086421	9534.552322
0.086427	9535.048018
0.086432	9535.544715
0.086437	9536.044795
0.086442	9536.541592
0.086447	9537.052082
0.086452	9537.544545
0.086457	9538.041702
0.086462	9538.547087
0.086467	9539.052833
0.086471	9539.554014
0.086477	9540.046927
0.086481	9540.525666
0.086486	9541.006527
0.086491	9541.511161
0.086496	9542.00017
0.086501	9542.488388
0.086506	9542.982142
0.086511	9543.475115
0.086516	9543.956587
0.086521	9544.457397
0.086526	9544.956106
0.086531	9545.465656
0.086536	9545.979159
0.086541	9546.474174
0.086546	9546.975756
0.086551	9547.467948
0.086556	9547.969359
0.086561	9548.467177
0.086566	9548.963744
0.086571	9549.460511
0.086577	9549.961692
0.086582	9550.442573
0.086587	9550.922452
0.086592	9551.417317
0.086597	9551.914214
0.086602	9552.405616
0.086607	9552.895966
0.086612	9553.390601
0.086617	9553.872402
0.086621	9554.358218
0.086626	9554.833313
0.086631	9555.321622
0.086636	9555.822442
0.086642	9556.32007
0.086647	9556.801832
0.086652	9557.288849
0.086657	9557.774875
0.086662	9558.267417
0.086667	9558.76026
0.086672	9559.246537
0.086677	9559.73969
0.086682	9560.23025
0.086687	9560.732533
0.086693	9561.226126
0.086698	9561.728238
0.086703	9562.23028
0.086708	9562.723133
0.086713	9563.221682
0.086718	9563.716667
0.086723	9564.203654
0.086728	9564.693884
0.086733	9565.195536
0.086738	9565.710701
0.086744	9566.217548
0.086749	9566.727688
0.086754	9567.233333
0.086759	9567.742462
0.086764	9568.245596
0.086769	9568.740691
0.086775	9569.238729
0.08678	9569.744244
0.086785	9570.263894
0.08679	9570.769059
0.086795	9571.246847
0.0868	9571.732472
0.086806	9572.231742
0.08681	9572.73988
0.086815	9573.248559
0.086821	9573.766376
0.086826	9574.261451
0.086831	9574.768208
0.086836	9575.266857
0.086841	9575.767638
0.086846	9576.276767
0.086851	9576.796837
0.086856	9577.292713
0.086861	9577.794064
0.086866	9578.296166
0.086871	9578.80967
0.086877	9579.326997
0.086882	9579.839089
0.086887	9580.333994
0.086892	9580.845806
0.086897	9581.348158
0.086903	9581.845015
0.086908	9582.346547
0.086913	9582.855556
0.086918	9583.38047
0.086924	9583.884985
0.086929	9584.3901
0.086934	9584.900671
0.086939	9585.389409
0.086944	9585.89049
0.08695	9586.398729
0.086954	9586.892102
0.086959	9587.388959
0.086965	9587.878198
0.08697	9588.374164
0.086975	9588.864555
0.086981	9589.36013
0.086986	9589.85999
0.086991	9590.372993
0.086996	9590.875135
0.087001	9591.369289
0.087006	9591.85988
0.087011	9592.365215
0.087016	9592.886887
0.087022	9593.411131
0.087027	9593.929159
0.087032	9594.428358
0.087037	9594.950731
0.087043	9595.456707
0.087048	9595.952973
0.087053	9596.43996
0.087058	9596.929389
0.087063	9597.441502
0.087068	9597.949039
0.087073	9598.440931
0.087078	9598.927928
0.087083	9599.422462
0.087088	9599.920541
0.087094	9600.41964
0.087099	9600.917067
0.087104	9601.410721
0.087109	9601.897738
0.087114	9602.385976
0.087119	9602.875305
0.087124	9603.371832
0.087129	9603.883774
0.087134	9604.376496
0.087139	9604.862913
0.087144	9605.352002
0.087149	9605.852973
0.087154	9606.3404
0.087159	9606.831051
0.087164	9607.322002
0.087169	9607.803443
0.087174	9608.295275
0.087179	9608.797247
0.087184	9609.295736
0.087189	9609.787017
0.087194	9610.283714
0.087199	9610.772262
0.087204	9611.261221
0.087209	9611.748989
0.087214	9612.240781
0.087219	9612.74011
0.087224	9613.240991
0.087229	9613.743473
0.087234	9614.250801
0.087239	9614.75009
0.087244	9615.233684
0.087249	9615.734174
0.087255	9616.228368
0.08726	9616.728569
0.087265	9617.216567
0.08727	9617.713403
0.087275	9618.214665
0.08728	9618.707467
0.087285	9619.208258
0.087291	9619.715906
0.087296	9620.2204
0.087301	9620.714855
0.087306	9621.204695
0.087311	9621.705966
0.087316	9622.191682
0.087321	9622.676386
0.087326	9623.17982
0.087331	9623.684174
0.087336	9624.177137
0.087341	9624.672883
0.087346	9625.16977
0.087351	9625.671161
0.087356	9626.155636
0.087362	9626.658859
0.087367	9627.173814
0.087372	9627.682132
0.087377	9628.178208
0.087382	9628.68002
0.087387	9629.18998
0.087392	9629.693524
0.087397	9630.197087
0.087402	9630.697247
0.087407	9631.200671
0.087412	9631.695666
0.087417	9632.20026
0.087422	9632.708018
0.087427	9633.207918
0.087432	9633.703964
0.087437	9634.204925
0.087442	9634.701091
0.087447	9635.191461
0.087452	9635.681081
0.087458	9636.164274
0.087463	9636.654084
0.087468	9637.152072
0.087473	9637.647117
0.087478	9638.146687
0.087483	9638.660961
0.087489	9639.158859
0.087494	9639.651982
0.087499	9640.157087
0.087504	9640.664194
0.087509	9641.163864
0.087515	9641.65974
0.087519	9642.157548
0.087524	9642.650531
0.08753	9643.144114
0.087534	9643.634234
0.087539	9644.134354
0.087544	9644.634765
0.087549	9645.128989
0.087554	9645.625596
0.087559	9646.121141
0.087565	9646.630651
0.08757	9647.131221
0.087575	9647.634424
0.08758	9648.147918
0.087585	9648.641301
0.08759	9649.140521
0.087595	9649.649479
0.087601	9650.154995
0.087606	9650.656517
0.087611	9651.159029
0.087616	9651.653443
0.087621	9652.160971
0.087626	9652.6604
0.08763	9653.12041
0.087635	9653.600541
0.08764	9654.059489
0.087645	9654.543864
0.08765	9655.028949
0.087655	9655.502152
0.08766	9655.987528
0.087665	9656.465566
0.08767	9656.953814
0.087675	9657.434204
0.08768	9657.921852
0.087685	9658.415365
0.08769	9658.897678
0.087696	9659.387888
0.0877	9659.88006
0.087706	9660.368959
0.087711	9660.861692
0.087716	9661.352152
0.087721	9661.834855
0.087726	9662.311461
0.087731	9662.796667
0.087736	9663.2902
0.087741	9663.790791
0.087746	9664.279119
0.087751	9664.778599
0.087756	9665.268488
0.087761	9665.762883
0.087766	9666.260651
0.087771	9666.763393
0.087776	9667.262983
0.087782	9667.753784
0.087787	9668.253984
0.087792	9668.754925
0.087797	9669.243534
0.087802	9669.728318
0.087807	9670.209189
0.087812	9670.697437
0.087817	9671.17972
0.087822	9671.665435
0.087827	9672.155445
0.087833	9672.638288
0.087838	9673.120671
0.087843	9673.604585
0.087848	9674.09028
0.087853	9674.584164
0.087858	9675.069239
0.087863	9675.560751
0.087868	9676.051321
0.087872	9676.529299
0.087877	9677.0197
0.087882	9677.502432
0.087887	9677.986947
0.087893	9678.484635
0.087898	9678.973814
0.087903	9679.474585
0.087908	9679.968979
0.087913	9680.467327
0.087918	9680.977457
0.087923	9681.473233
0.087928	9681.953413
0.087933	9682.433033
0.087938	9682.936066
0.087943	9683.437518
0.087949	9683.940671
0.087954	9684.434745
0.087959	9684.935055
0.087964	9685.431692
0.087969	9685.941852
0.087974	9686.447718
0.087979	9686.967307
0.087985	9687.48035
0.08799	9687.965175
0.087995	9688.45967
0.088	9688.934484
0.088005	9689.412312
0.08801	9689.89952
0.088014	9690.385235
0.08802	9690.893143
0.088025	9691.382412
0.08803	9691.871892
0.088035	9692.376236
0.08804	9692.86049
0.088045	9693.351922
0.088049	9693.844925
0.088055	9694.336627
0.08806	9694.817447
0.088064	9695.289119
0.088069	9695.777057
0.088074	9696.265115
0.088079	9696.751171
0.088084	9697.238248
0.088089	9697.74047
0.088094	9698.231672
0.088099	9698.716997
0.088104	9699.202362
0.088108	9699.683253
0.088113	9700.171662
0.088118	9700.658789
0.088123	9701.145676
0.088128	9701.633193
0.088133	9702.1204
0.088138	9702.614044
0.088143	9703.092152
0.088148	9703.565836
0.088153	9704.066376
0.088158	9704.576547
0.088163	9705.074835
0.088168	9705.570731
0.088173	9706.056977
0.088179	9706.54962
0.088183	9707.025355
0.088189	9707.501762
0.088193	9707.989079
0.088199	9708.484865
0.088203	9708.979259
0.088208	9709.478969
0.088213	9709.964915
0.088218	9710.459349
0.088224	9710.94968
0.088228	9711.438999
0.088234	9711.933353
0.088239	9712.416627
0.088244	9712.905716
0.088249	9713.393393
0.088253	9713.870741
0.088258	9714.362653
0.088264	9714.848819
0.088269	9715.352553
0.088274	9715.843023
0.088279	9716.333834
0.088283	9716.823273
0.088289	9717.313483
0.088294	9717.813754
0.088299	9718.302683
0.088304	9718.796116
0.088309	9719.283864
0.088314	9719.769079
0.088319	9720.262032
0.088324	9720.752933
0.088329	9721.246386
0.088334	9721.744294
0.088339	9722.246897
0.088344	9722.743684
0.088349	9723.256987
0.088354	9723.749329
0.088359	9724.240641
0.088364	9724.726847
0.088369	9725.210861
0.088374	9725.68951
0.088379	9726.177978
0.088384	9726.672092
0.088389	9727.168529
0.088394	9727.662933
0.088399	9728.14961
0.088404	9728.634444
0.088409	9729.136567
0.088414	9729.626206
0.088419	9730.115335
0.088424	9730.611742
0.088429	9731.092092
0.088434	9731.578739
0.088439	9732.066256
0.088444	9732.562052
0.088449	9733.066867
0.088455	9733.569279
0.088477	9735.574535
0.088499	9737.607287
0.088521	9739.608428
0.088543	9741.608749
0.088566	9743.611121
0.088588	9745.595896
0.08861	9747.591612
0.088632	9749.590631
0.088654	9751.584675
0.088676	9753.576967
0.088699	9755.569469
0.088721	9757.568749
0.088743	9759.573173
0.088765	9761.581722
0.088787	9763.592923
0.08881	9765.592933
0.088832	9767.597427
0.088854	9769.596867
0.088877	9771.602973
0.088899	9773.602022
0.088921	9775.597157
0.088943	9777.601371
0.088965	9779.605385
0.088987	9781.602923
0.08901	9783.608488
0.089032	9785.614665
0.089054	9787.617157
0.089076	9789.61952
0.089099	9791.629199
0.089121	9793.633594
0.089143	9795.62997
0.089166	9797.633223
0.089188	9799.631932
0.08921	9801.635726
0.089232	9803.625556
0.089254	9805.616527
0.089277	9807.60033
0.089299	9809.587257
0.089322	9811.59003
0.089344	9813.591522
0.089366	9815.588889
0.089388	9817.583053
0.089411	9819.569199
0.089433	9821.552803
0.089455	9823.552943
0.089477	9825.547277
0.089499	9827.541351
0.089521	9829.54009
0.089543	9831.535976
0.089565	9833.527407
0.089588	9835.527918
0.08961	9837.52023
0.089632	9839.509279
0.089655	9841.502873
0.089677	9843.494835
0.089699	9845.481371
0.089721	9847.466486
0.089743	9849.458368
0.089766	9851.437477
0.089788	9853.416206
0.08981	9855.397037
0.089832	9857.381161
0.089855	9859.375946
0.089877	9861.380971
0.089899	9863.388719
0.089922	9865.382763
0.089944	9867.374975
0.089966	9869.368178
0.089988	9871.360651
0.09001	9873.366266
0.090033	9875.357117
0.090055	9877.352332
0.090077	9879.32974
0.090099	9881.315926
0.090122	9883.303143
0.090144	9885.272012
0.090166	9887.246286
0.090188	9889.226627
0.09021	9891.208248
0.090232	9893.18965
0.090255	9895.171111
0.090277	9897.168478
0.090299	9899.162462
0.090321	9901.147177
0.090344	9903.14038
0.090366	9905.11974
0.090388	9907.103704
0.090411	9909.083654
0.090433	9911.078639
0.090455	9913.075015
0.090477	9915.062503
0.090499	9917.051692
0.090522	9919.05042
0.090544	9921.046226
0.090566	9923.045996
0.090589	9925.04029
0.090611	9927.036276
0.090633	9929.026266
0.090655	9931.018949
0.090678	9933.010961
0.0907	9935.008669
0.090722	9937.005275
0.090744	9938.996116
0.090767	9940.982773
0.090789	9942.964595
0.090811	9944.952442
0.090833	9946.946987
0.090855	9948.92984
0.090877	9950.925085
0.0909	9952.915305
0.090922	9954.902933
0.090944	9956.894344
0.090967	9958.893483
0.090989	9960.891181
0.091011	9962.87968
0.091034	9964.872733
0.091056	9966.883333
0.091078	9968.891061
0.091101	9970.884595
0.091123	9972.884054
0.091145	9974.871231
0.091168	9976.862432
0.09119	9978.84994
0.091212	9980.841381
0.091234	9982.832192
0.091257	9984.828699
0.091279	9986.821782
0.091301	9988.822593
0.091324	9990.817427
0.091346	9992.824725
0.091369	9994.832763
0.091391	9996.823654
0.091413	9998.808599
0.091435	10000.7876
0.091458	10002.78425
0.09148	10004.78707
0.091503	10006.7859
0.091525	10008.79649
0.091547	10010.7879
0.09157	10012.79037
0.091592	10014.78325
0.091614	10016.76869
0.091637	10018.76094
0.091659	10020.74268
0.091681	10022.73811
0.091704	10024.72753
0.091726	10026.70763
0.091748	10028.69004
0.09177	10030.66452
0.091792	10032.64321
0.091814	10034.61896
0.091836	10036.5998
0.091859	10038.58686
0.091881	10040.5779
0.091904	10042.58004
0.091927	10044.57979
0.091949	10046.57763
0.091971	10048.56713
0.091994	10050.55397
0.092016	10052.54013
0.092038	10054.52165
0.09206	10056.50361
0.092082	10058.49475
0.092105	10060.47558
0.092127	10062.46396
0.092149	10064.44359
0.092171	10066.43255
0.092194	10068.42728
0.092216	10070.42763
0.092238	10072.41335
0.092261	10074.39596
0.092283	10076.38242
0.092305	10078.35846
0.092327	10080.34686
0.092349	10082.34135
0.092371	10084.32347
0.092394	10086.30295
0.092416	10088.29179
0.092438	10090.26652
0.092461	10092.23867
0.092483	10094.23574
0.092505	10096.23851
0.092527	10098.22782
0.09255	10100.20575
0.092572	10102.19716
0.092594	10104.18306
0.092617	10106.15461
0.092639	10108.13259
0.092661	10110.11383
0.092684	10112.09239
0.092706	10114.0796
0.092728	10116.06864
0.09275	10118.04546
0.092772	10120.02418
0.092795	10122.01328
0.092817	10124.01089
0.09284	10125.99423
0.092862	10127.97938
0.092884	10129.96393
0.092907	10131.93547
0.092929	10133.92793
0.092952	10135.92467
0.092974	10137.91262
0.092996	10139.89645
0.093018	10141.87856
0.093041	10143.85985
0.093063	10145.83512
0.093085	10147.81315
0.093108	10149.79228
0.09313	10151.76508
0.093152	10153.73955
0.093175	10155.72069
0.093197	10157.70711
0.093219	10159.69055
0.093242	10161.67662
0.093264	10163.65976
0.093286	10165.63437
0.093308	10167.62037
0.093331	10169.60892
0.093353	10171.59959
0.093376	10173.58225
0.093398	10175.56363
0.09342	10177.54243
0.093443	10179.51828
0.093465	10181.48909
0.093487	10183.47157
0.09351	10185.45601
0.093532	10187.43872
0.093555	10189.42637
0.093577	10191.40578
0.093599	10193.38996
0.093622	10195.35843
0.093644	10197.33387
0.093666	10199.31581
0.093689	10201.29348
0.093711	10203.27792
0.093734	10205.25238
0.093756	10207.2189
0.093778	10209.17567
0.0938	10211.14782
0.093822	10213.11234
0.093844	10215.09113
0.093867	10217.0736
0.093889	10219.06189
0.093911	10221.03604
0.093934	10223.00892
0.093956	10224.98562
0.093979	10226.99433
0.094001	10228.97875
0.094023	10230.96151
0.094046	10232.95966
0.094068	10234.95091
0.094091	10236.94055
0.094113	10238.94216
0.094135	10240.94011
0.094158	10242.93819
0.094181	10244.93242
0.094203	10246.91177
0.094225	10248.8949
0.094247	10250.87329
0.09427	10252.84842
0.094292	10254.8143
0.094314	10256.7934
0.094337	10258.78097
0.094359	10260.75633
0.094381	10262.7239
0.094404	10264.67686
0.094426	10266.66036
0.094449	10268.64382
0.094471	10270.62695
0.094493	10272.61154
0.094516	10274.57714
0.094538	10276.54617
0.09456	10278.52314
0.094583	10280.50486
0.094605	10282.50668
0.094628	10284.48847
0.09465	10286.46864
0.094672	10288.45001
0.094695	10290.43556
0.094717	10292.41611
0.09474	10294.40412
0.094762	10296.3868
0.094784	10298.37404
0.094807	10300.35754
0.094829	10302.34092
0.094851	10304.30893
0.094874	10306.29433
0.094896	10308.28813
0.094919	10310.27401
0.094941	10312.25692
0.094964	10314.2312
0.094986	10316.21022
0.095009	10318.18975
0.095031	10320.171
0.095054	10322.16977
0.095077	10324.15816
0.095099	10326.14131
0.095121	10328.12219
0.095144	10330.10505
0.095166	10332.08899
0.095189	10334.06678
0.095211	10336.05053
0.095234	10338.03782
0.095256	10340.01773
0.095279	10341.99223
0.095301	10343.95599
0.095323	10345.93244
0.095346	10347.89948
0.095368	10349.87956
0.09539	10351.85778
0.095412	10353.83993
0.095435	10355.83204
0.095457	10357.80732
0.09548	10359.7929
0.095502	10361.78075
0.095524	10363.76411
0.095547	10365.73387
0.095569	10367.71171
0.095591	10369.69052
0.095614	10371.67589
0.095636	10373.64778
0.095658	10375.62595
0.095681	10377.6006
0.095703	10379.53293
0.095725	10381.47945
0.095747	10383.44445
0.095769	10385.41839
0.095792	10387.39044
0.095814	10389.35876
0.095836	10391.34304
0.095859	10393.32753
0.095881	10395.30173
0.095903	10397.28647
0.095926	10399.26355
0.095948	10401.24332
0.095971	10403.22961
0.095994	10405.21572
0.096016	10407.21163
0.096038	10409.19872
0.096061	10411.18491
0.096083	10413.17873
0.096106	10415.16069
0.096128	10417.14466
0.096151	10419.12724
0.096173	10421.09966
0.096196	10423.08931
0.096218	10425.07061
0.09624	10427.05245
0.096263	10429.0298
0.096285	10431.00859
0.096308	10432.98655
0.09633	10434.95328
0.096352	10436.93916
0.096374	10438.9192
0.096397	10440.90039
0.09642	10442.88354
0.096442	10444.86025
0.096465	10446.82835
0.096487	10448.78664
0.096509	10450.76236
0.096532	10452.73785
0.096554	10454.71077
0.096577	10456.69084
0.096599	10458.65382
0.096621	10460.61407
0.096644	10462.58829
0.096666	10464.57029
0.096689	10466.55752
0.096711	10468.53976
0.096733	10470.51836
0.096756	10472.49924
0.096778	10474.48135
0.096801	10476.47251
0.096823	10478.44629
0.096846	10480.41783
0.096868	10482.38348
0.096891	10484.35083
0.096913	10486.33323
0.096935	10488.30636
0.096958	10490.29013
0.09698	10492.26229
0.097002	10494.24886
0.097025	10496.23838
0.097047	10498.22256
0.09707	10500.20039
0.097092	10502.17357
0.097115	10504.15757
0.097138	10506.15186
0.09716	10508.12884
0.097182	10510.10415
0.097205	10512.07784
0.097227	10514.06059
0.09725	10516.04852
0.097272	10518.04323
0.097295	10520.01678
0.097317	10521.99271
0.097339	10523.98351
0.097362	10525.96569
0.097384	10527.94391
0.097407	10529.91354
0.097429	10531.89707
0.097452	10533.87662
0.097474	10535.84005
0.097497	10537.82265
0.097519	10539.79704
0.097542	10541.77916
0.097564	10543.74854
0.097587	10545.72056
0.097609	10547.69149
0.097632	10549.66218
0.097654	10551.63859
0.097676	10553.60366
0.097698	10555.55865
0.097721	10557.53094
0.097743	10559.49789
0.097766	10561.48456
0.097788	10563.45627
0.09781	10565.43811
0.097833	10567.41263
0.097856	10569.38366
0.097878	10571.35823
0.097901	10573.32347
0.097923	10575.30432
0.097946	10577.28373
0.097968	10579.25217
0.097991	10581.23635
0.098013	10583.20769
0.098036	10585.18891
0.098058	10587.17343
0.09808	10589.13624
0.098103	10591.10441
0.098125	10593.06257
0.098147	10595.03074
0.09817	10597.01366
0.098192	10598.99573
0.098214	10600.98779
0.098237	10602.96517
0.098259	10604.94236
0.098282	10606.92033
0.098304	10608.89699
0.098327	10610.87826
0.098349	10612.85269
0.098371	10614.83009
0.098394	10616.80691
0.098416	10618.79045
0.098439	10620.76374
0.098461	10622.75003
0.098484	10624.74805
0.098506	10626.73606
0.098529	10628.71701
0.098552	10630.70296
0.098574	10632.68399
0.098597	10634.66805
0.09862	10636.66416
0.098642	10638.66005
0.098665	10640.64841
0.098687	10642.6339
0.09871	10644.61419
0.098733	10646.61142
0.098756	10648.60519
0.098778	10650.60281
0.098801	10652.59804
0.098824	10654.57263
0.098846	10656.56088
0.098869	10658.53962
0.098891	10660.50467
0.098914	10662.48842
0.098936	10664.46979
0.098959	10666.45069
0.098982	10668.42587
0.099004	10670.40952
0.099027	10672.39991
0.099049	10674.37012
0.099072	10676.36223
0.099095	10678.34942
0.099117	10680.3369
0.09914	10682.32242
0.099162	10684.3002
0.099185	10686.28265
0.099208	10688.2632
0.09923	10690.2363
0.099253	10692.21472
0.099275	10694.19352
0.099298	10696.17104
0.09932	10698.15641
0.099342	10700.14563
0.099365	10702.13313
0.099387	10704.12013
0.09941	10706.11517
0.099432	10708.09929
0.099455	10710.08384
0.099477	10712.0607
0.0995	10714.04709
0.099522	10716.02653
0.099545	10717.98351
0.099567	10719.94671
0.09959	10721.90809
0.099612	10723.87453
0.099634	10725.84394
0.099656	10727.80465
0.099678	10729.76855
0.099701	10731.74447
0.099724	10733.73151
0.099746	10735.7085
0.099769	10737.6927
0.099791	10739.66603
0.099814	10741.65476
0.099837	10743.62858
0.099859	10745.61053
0.099882	10747.59882
0.099904	10749.57188
0.099927	10751.54644
0.09995	10753.52411
0.099972	10755.49394
0.099994	10757.45737
0.100017	10759.42275
0.100039	10761.39474
0.100062	10763.36338
0.100084	10765.33142
0.100107	10767.30545
0.100129	10769.26045
0.100152	10771.23711
0.100174	10773.21726
0.100197	10775.18835
0.100219	10777.16488
0.100242	10779.12555
0.100265	10781.09891
0.100287	10783.07151
0.100309	10785.05193
0.100332	10787.0278
0.100354	10788.9995
0.100377	10790.98067
0.1004	10792.95118
0.100422	10794.92411
0.100445	10796.89325
0.100467	10798.86353
0.10049	10800.83499
0.100513	10802.82704
0.100535	10804.82805
0.100557	10806.77549
0.10058	10808.73323
0.100602	10810.69814
0.100625	10812.66276
0.100647	10814.6294
0.10067	10816.59882
0.100692	10818.56272
0.100715	10820.53007
0.100737	10822.48874
0.100759	10824.44957
0.100782	10826.41882
0.100805	10828.40255
0.100827	10830.37696
0.10085	10832.33845
0.100872	10834.31844
0.100895	10836.29178
0.100917	10838.26196
0.10094	10840.24061
0.100963	10842.22053
0.100985	10844.19039
0.101008	10846.17292
0.101031	10848.15884
0.101053	10850.14083
0.101076	10852.11366
0.101098	10854.08955
0.101121	10856.05881
0.101143	10858.02944
0.101166	10859.99874
0.101189	10861.96241
0.101211	10863.92793
0.101234	10865.89942
0.101256	10867.85641
0.101279	10869.82867
0.101301	10871.81661
0.101324	10873.79272
0.101346	10875.76388
0.101369	10877.73482
0.101391	10879.7078
0.101414	10881.68693
0.101437	10883.66017
0.101459	10885.63432
0.101481	10887.60178
0.101504	10889.57386
0.101527	10891.54696
0.101549	10893.52168
0.101572	10895.50784
0.101594	10897.46849
0.101617	10899.44661
0.101639	10901.42357
0.101662	10903.39205
0.101684	10905.38545
0.101707	10907.36443
0.10173	10909.35068
0.101753	10911.33673
0.101775	10913.31535
0.101797	10915.28683
0.10182	10917.25382
0.101843	10919.23118
0.101865	10921.21258
0.101888	10923.19088
0.101911	10925.16939
0.101933	10927.13255
0.101956	10929.12036
0.101978	10931.0922
0.102001	10933.06352
0.102023	10935.03693
0.102046	10937.01916
0.102068	10939.00429
0.102091	10940.9961
0.102114	10942.98011
0.102136	10944.94264
0.102159	10946.91372
0.102181	10948.88662
0.102204	10950.85507
0.102226	10952.82081
0.102249	10954.79757
0.102271	10956.76024
0.102294	10958.78135
0.102317	10960.77032
0.102339	10962.74061
0.102362	10964.71914
0.102384	10966.69191
0.102407	10968.67464
0.10243	10970.6604
0.102452	10972.64593
0.102475	10974.63288
0.102498	10976.61973
0.10252	10978.58486
0.102543	10980.56246
0.102565	10982.55052
0.102588	10984.53502
0.102611	10986.51223
0.102634	10988.48588
0.102656	10990.47253
0.102679	10992.44789
0.102702	10994.4346
0.102724	10996.41391
0.102747	10998.39743
0.10277	11000.38113
0.102793	11002.36331
0.102815	11004.33498
0.102837	11006.30454
0.10286	11008.27458
0.102883	11010.2491
0.102905	11012.22821
0.102928	11014.20851
0.102951	11016.18727
0.102973	11018.17109
0.102996	11020.16185
0.103019	11022.13378
0.103041	11024.10148
0.103064	11026.07129
0.103086	11028.04862
0.103109	11030.03225
0.103132	11032.00471
0.103154	11033.97765
0.103177	11035.94854
0.1032	11037.92636
0.103223	11039.91521
0.103245	11041.87834
0.103268	11043.84226
0.10329	11045.7997
0.103312	11047.76558
0.103335	11049.72265
0.103358	11051.68169
0.10338	11053.65017
0.103403	11055.6147
0.103426	11057.58371
0.103448	11059.5474
0.103471	11061.5056
0.103494	11063.48629
0.103516	11065.45887
0.103539	11067.43038
0.103562	11069.39529
0.103585	11071.37254
0.103608	11073.33988
0.10363	11075.30611
0.103653	11077.27169
0.103676	11079.23612
0.103698	11081.20693
0.103721	11083.1777
0.103743	11085.13711
0.103766	11087.11475
0.103789	11089.08866
0.103812	11091.05642
0.103834	11093.01033
0.103856	11094.94623
0.103879	11096.89429
0.103902	11098.85665
0.103924	11100.81251
0.103947	11102.77138
0.103969	11104.73865
0.103992	11106.69757
0.104014	11108.65587
0.104037	11110.607
0.10406	11112.55931
0.104082	11114.50995
0.104105	11116.46884
0.104127	11118.42906
0.104149	11120.3899
0.104172	11122.34867
0.104195	11124.31992
0.104217	11126.29106
0.10424	11128.26067
0.104263	11130.20909
0.104285	11132.17643
0.104308	11134.14003
0.10433	11136.08889
0.104352	11138.03796
0.104375	11139.99878
0.104398	11141.95164
0.104421	11143.90784
0.104443	11145.86893
0.104466	11147.83361
0.104488	11149.79913
0.104511	11151.7642
0.104534	11153.7471
0.104556	11155.71365
0.104579	11157.6906
0.104602	11159.65843
0.104624	11161.63959
0.104647	11163.60918
0.10467	11165.57348
0.104692	11167.54636
0.104715	11169.51764
0.104738	11171.50025
0.104761	11173.47672
0.104784	11175.45268
0.104806	11177.43426
0.104829	11179.40464
0.104852	11181.38336
0.104874	11183.35763
0.104897	11185.32776
0.10492	11187.29609
0.104942	11189.25665
0.104965	11191.22614
0.104988	11193.20343
0.105011	11195.17954
0.105034	11197.15618
0.105056	11199.12355
0.105079	11201.09693
0.105101	11203.05186
0.105124	11205.01294
0.105147	11206.97531
0.10517	11208.94579
0.105193	11210.91589
0.105215	11212.8823
0.105238	11214.84536
0.105261	11216.80908
0.105284	11218.77816
0.105306	11220.74442
0.105329	11222.71415
0.105352	11224.68439
0.105374	11226.65196
0.105397	11228.6073
0.10542	11230.56362
0.105443	11232.5213
0.105465	11234.47939
0.105488	11236.44056
0.10551	11238.39824
0.105533	11240.35779
0.105555	11242.3125
0.105578	11244.26868
0.105601	11246.22327
0.105623	11248.19157
0.105646	11250.15778
0.105669	11252.11989
0.105691	11254.07114
0.105714	11256.02501
0.105736	11257.98328
0.105759	11259.94479
0.105782	11261.9134
0.105805	11263.88512
0.105828	11265.86943
0.105851	11267.83994
0.105874	11269.80801
0.105896	11271.77533
0.105919	11273.74383
0.105942	11275.71611
0.105964	11277.68318
0.105987	11279.65796
0.10601	11281.60657
0.106032	11283.54926
0.106055	11285.49599
0.106078	11287.45859
0.106101	11289.42177
0.106124	11291.38751
0.106146	11293.35373
0.106169	11295.321
0.106192	11297.29315
0.106214	11299.2465
0.106237	11301.19588
0.10626	11303.14651
0.106283	11305.09394
0.106305	11307.05715
0.106328	11309.02225
0.106351	11310.98218
0.106374	11312.95358
0.106396	11314.92158
0.106419	11316.90157
0.106442	11318.87055
0.106465	11320.83212
0.106488	11322.79132
0.10651	11324.74766
0.106533	11326.70348
0.106555	11328.65254
0.106578	11330.60606
0.106601	11332.56877
0.106624	11334.51731
0.106646	11336.47466
0.106669	11338.43611
0.106691	11340.3988
0.106714	11342.36784
0.106737	11344.354
0.10676	11346.34241
0.106783	11348.3138
0.106806	11350.28509
0.106829	11352.25467
0.106851	11354.22004
0.106874	11356.18551
0.106897	11358.15987
0.106919	11360.13017
0.106942	11362.09184
0.106965	11364.04362
0.106988	11365.99932
0.10701	11367.96479
0.107033	11369.92638
0.107056	11371.87797
0.107078	11373.83351
0.107101	11375.78904
0.107124	11377.75208
0.107146	11379.70839
0.107169	11381.66879
0.107192	11383.63969
0.107215	11385.61318
0.107237	11387.5814
0.10726	11389.57843
0.107283	11391.54913
0.107305	11393.51136
0.107328	11395.47173
0.107351	11397.43193
0.107374	11399.39015
0.107397	11401.34301
0.10742	11403.29983
0.107442	11405.25438
0.107464	11407.20228
0.107487	11409.15947
0.10751	11411.11279
0.107532	11413.06601
0.107555	11415.02328
0.107578	11416.98024
0.1076	11418.93004
0.107623	11420.88965
0.107645	11422.84335
0.107668	11424.79628
0.107691	11426.7576
0.107713	11428.71544
0.107736	11430.68137
0.107759	11432.62393
0.107781	11434.57578
0.107804	11436.52222
0.107826	11438.46773
0.107849	11440.40812
0.107872	11442.3539
0.107894	11444.30428
0.107917	11446.25031
0.10794	11448.20068
0.107962	11450.16081
0.107985	11452.13155
0.108008	11454.10383
0.108031	11456.07723
0.108053	11458.03937
0.108076	11460.00501
0.108099	11461.96821
0.108121	11463.9389
0.108144	11465.90828
0.108167	11467.86698
0.10819	11469.82415
0.108212	11471.79011
0.108235	11473.75516
0.108258	11475.70971
0.10828	11477.66035
0.108303	11479.61883
0.108326	11481.57641
0.108348	11483.5422
0.108371	11485.51087
0.108394	11487.4653
0.108416	11489.42086
0.108439	11491.37091
0.108462	11493.34238
0.108485	11495.30711
0.108508	11497.25797
0.10853	11499.21752
0.108553	11501.18386
0.108575	11503.14464
0.108598	11505.08696
0.10862	11507.02629
0.108643	11508.96738
0.108665	11510.91625
0.108688	11512.87419
0.108711	11514.83091
0.108734	11516.78134
0.108756	11518.72032
0.108779	11520.64547
0.108801	11522.56746
0.108824	11524.51684
0.108847	11526.46112
0.108869	11528.40476
0.108892	11530.35069
0.108915	11532.29684
0.108937	11534.2208
0.10896	11536.14029
0.108982	11538.08295
0.109005	11540.02976
0.109027	11541.97009
0.10905	11543.91614
0.109073	11545.85964
0.109096	11547.80387
0.109118	11549.73956
0.109141	11551.69994
0.109164	11553.66234
0.109186	11555.60904
0.109209	11557.55898
0.109232	11559.50332
0.109255	11561.46857
0.109278	11563.43851
0.109301	11565.40633
0.109324	11567.37903
0.109347	11569.34351
0.10937	11571.30898
0.109393	11573.25332
0.109415	11575.20129
0.109438	11577.16001
0.109461	11579.12301
0.109483	11581.08403
0.109506	11583.04224
0.109529	11585.00418
0.109552	11586.96411
0.109575	11588.9042
0.109597	11590.85685
0.10962	11592.80855
0.109643	11594.76227
0.109666	11596.71505
0.109689	11598.66828
0.109712	11600.62721
0.109734	11602.58815
0.109757	11604.54278
0.10978	11606.49301
0.109803	11608.43276
0.109826	11610.37665
0.109848	11612.33464
0.109871	11614.2834
0.109894	11616.23542
0.109917	11618.18785
0.109939	11620.1301
0.109962	11622.08019
0.109985	11624.01919
0.110007	11625.95812
0.11003	11627.91087
0.110053	11629.85134
0.110076	11631.81092
0.110099	11633.75609
0.110122	11635.71351
0.110145	11637.6628
0.110167	11639.60276
0.11019	11641.55144
0.110213	11643.48582
0.110235	11645.44545
0.110258	11647.39868
0.110281	11649.35259
0.110304	11651.30758
0.110326	11653.25842
0.110349	11655.2047
0.110372	11657.14583
0.110394	11659.08822
0.110417	11661.03577
0.11044	11662.98484
0.110463	11664.93714
0.110486	11666.89367
0.110509	11668.8628
0.110532	11670.82096
0.110555	11672.77816
0.110578	11674.74702
0.110601	11676.69731
0.110623	11678.64412
0.110646	11680.59495
0.110669	11682.54124
0.110692	11684.49597
0.110714	11686.44619
0.110737	11688.40356
0.11076	11690.35222
0.110783	11692.30272
0.110806	11694.25439
0.110829	11696.20197
0.110851	11698.1529
0.110874	11700.11577
0.110896	11702.07227
0.110919	11704.0199
0.110942	11705.96324
0.110948	11706.38873
0.110953	11706.81127
0.110959	11707.2527
0.110965	11707.70992
0.11097	11708.16686
0.110976	11708.63289
0.110982	11709.08258
0.110987	11709.53065
0.110993	11709.98282
0.110999	11710.4402
0.111004	11710.88802
0.11101	11711.34279
0.111016	11711.80536
0.111022	11712.25293
0.111027	11712.70851
0.111033	11713.16402
0.111038	11713.61573
0.111044	11714.06488
0.11105	11714.51594
0.111056	11714.98109
0.111062	11715.44239
0.111067	11715.90039
0.111073	11716.34624
0.111079	11716.81022
0.111085	11717.26226
0.11109	11717.715
0.111096	11718.17071
0.111102	11718.61825
0.111108	11719.06085
0.111113	11719.49877
0.111119	11719.94709
0.111125	11720.39256
0.11113	11720.84071
0.111136	11721.2798
0.111142	11721.72554
0.111147	11722.1732
0.111153	11722.63192
0.111159	11723.08027
0.111164	11723.52149
0.11117	11723.96307
0.111175	11724.40742
0.111181	11724.85306
0.111186	11725.29858
0.111192	11725.74737
0.111198	11726.19322
0.111204	11726.6327
0.111209	11727.07151
0.111215	11727.5117
0.111221	11727.95532
0.111226	11728.40023
0.111232	11728.83579
0.111237	11729.26795
0.111243	11729.69989
0.111248	11730.13228
0.111254	11730.57078
0.111259	11731.01399
0.111265	11731.46576
0.111271	11731.91254
0.111276	11732.36285
0.111282	11732.81586
0.111287	11733.27131
0.111293	11733.72567
0.111299	11734.17217
0.111304	11734.61388
0.11131	11735.04694
0.111316	11735.48866
0.111321	11735.94548
0.111327	11736.40938
0.111333	11736.86065
0.111339	11737.31202
0.111344	11737.76884
0.11135	11738.21505
0.111356	11738.67271
0.111361	11739.12714
0.111367	11739.57808
0.111372	11740.04224
0.111378	11740.50468
0.111384	11740.97173
0.111389	11741.43812
0.111395	11741.8918
0.111401	11742.3385
0.111406	11742.78204
0.111412	11743.23106
0.111417	11743.69451
0.111423	11744.15423
0.111429	11744.61444
0.111434	11745.07676
0.11144	11745.54399
0.111446	11745.9919
0.111451	11746.42267
0.111457	11746.85718
0.111463	11747.29677
0.111469	11747.73114
0.111474	11748.16711
0.11148	11748.60886
0.111486	11749.05269
0.111491	11749.49866
0.111497	11749.94967
0.111503	11750.40176
0.111508	11750.86097
0.111514	11751.33114
0.11152	11751.79664
0.111525	11752.25963
0.111531	11752.71431
0.111537	11753.16465
0.111543	11753.62317
0.111548	11754.07181
0.111554	11754.53153
0.11156	11754.96737
0.111565	11755.40189
0.11157	11755.8535
0.111576	11756.30796
0.111582	11756.75395
0.111588	11757.20836
0.111593	11757.66067
0.111599	11758.10169
0.111605	11758.53419
0.11161	11758.97477
0.111616	11759.40655
0.111621	11759.84252
0.111627	11760.29216
0.111633	11760.73969
0.111639	11761.19306
0.111644	11761.64138
0.11165	11762.09049
0.111656	11762.53854
0.111661	11762.9905
0.111667	11763.43231
0.111672	11763.87419
0.111678	11764.30669
0.111683	11764.74388
0.11169	11765.24019
0.111695	11765.7125
0.111701	11766.17172
0.111707	11766.63758
0.111712	11767.09618
0.111718	11767.55957
0.111724	11768.01131
0.111729	11768.46919
0.111735	11768.9169
0.111741	11769.37845
0.111747	11769.84875
0.111753	11770.31367
0.111759	11770.78671
0.111764	11771.24509
0.11177	11771.70769
0.111776	11772.17073
0.111782	11772.63
0.111788	11773.09365
0.111794	11773.56423
0.1118	11774.03507
0.111806	11774.50145
0.111811	11774.96837
0.111817	11775.43583
0.111823	11775.88086
0.111828	11776.32252
0.111834	11776.76314
0.111839	11777.21316
0.111845	11777.69224
0.111851	11778.15032
0.111856	11778.60196
0.111862	11779.06038
0.111868	11779.52179
0.111874	11779.98209
0.111879	11780.43634
0.111885	11780.88604
0.111891	11781.32426
0.111896	11781.75477
0.111902	11782.18877
0.111907	11782.6433
0.111913	11783.08991
0.111919	11783.52577
0.111924	11783.96433
0.11193	11784.40028
0.111936	11784.84937
0.111942	11785.30133
0.111948	11785.75603
0.111953	11786.21055
0.111959	11786.67072
0.111964	11787.13355
0.11197	11787.57949
0.111976	11788.01882
0.111981	11788.46217
0.111987	11788.91458
0.111993	11789.3649
0.111998	11789.80878
0.112004	11790.25075
0.11201	11790.69685
0.112015	11791.1464
0.112021	11791.60253
0.112026	11792.05512
0.112032	11792.49579
0.112038	11792.94593
0.112044	11793.4016
0.112049	11793.85038
0.112055	11794.2937
0.11206	11794.73232
0.112066	11795.16968
0.112072	11795.61162
0.112077	11796.072
0.112083	11796.51932
0.112089	11796.95234
0.112094	11797.39354
0.1121	11797.8504
0.112106	11798.30014
0.112111	11798.73607
0.112117	11799.17383
0.112123	11799.61677
0.112128	11800.06524
0.112134	11800.50853
0.11214	11800.97324
0.112145	11801.42757
0.112151	11801.87059
0.112157	11802.31883
0.112162	11802.7653
0.112168	11803.21602
0.112174	11803.67742
0.112179	11804.13099
0.112185	11804.58043
0.11219	11805.02042
0.112196	11805.47673
0.112202	11805.93742
0.112208	11806.3927
0.112214	11806.85532
0.11222	11807.31519
0.112225	11807.76487
0.112231	11808.208
0.112237	11808.65753
0.112242	11809.09618
0.112248	11809.5434
0.112254	11809.98112
0.112259	11810.41508
0.112265	11810.85141
0.11227	11811.30157
0.112276	11811.74568
0.112282	11812.1872
0.112287	11812.62771
0.112293	11813.07597
0.112299	11813.5253
0.112304	11813.95893
0.11231	11814.41294
0.112316	11814.85507
0.112321	11815.30187
0.112327	11815.74858
0.112333	11816.20624
0.112338	11816.66739
0.112344	11817.11318
0.11235	11817.56671
0.112356	11818.01857
0.112361	11818.46143
0.112367	11818.90164
0.112373	11819.34572
0.112379	11819.79708
0.112385	11820.23412
0.11239	11820.6754
0.112395	11821.12452
0.112401	11821.57113
0.112407	11822.02924
0.112413	11822.47828
0.112418	11822.92804
0.112424	11823.37168
0.11243	11823.81809
0.112435	11824.25563
0.112441	11824.69206
0.112447	11825.14282
0.112453	11825.60183
0.112458	11826.0522
0.112464	11826.49342
0.11247	11826.93528
0.112475	11827.38319
0.112481	11827.82642
0.112487	11828.26804
0.112493	11828.73596
0.112499	11829.21414
0.112504	11829.68283
0.11251	11830.12358
0.112516	11830.56921
0.112522	11831.02864
0.112528	11831.48954
0.112533	11831.93868
0.112539	11832.39881
0.112545	11832.86137
0.11255	11833.31757
0.112556	11833.77925
0.112562	11834.23474
0.112568	11834.67853
0.112573	11835.13471
0.112579	11835.58573
0.112585	11836.02761
0.11259	11836.47334
0.112596	11836.91843
0.112601	11837.36059
0.112607	11837.80287
0.112613	11838.25253
0.112618	11838.70255
0.112624	11839.13864
0.112629	11839.57713
0.112635	11840.01396
0.112641	11840.45601
0.112647	11840.90914
0.112652	11841.35606
0.112658	11841.80989
0.112664	11842.25801
0.112669	11842.69761
0.112675	11843.1496
0.112681	11843.6069
0.112687	11844.06549
0.112692	11844.52097
0.112698	11844.97144
0.112704	11845.41968
0.112709	11845.87262
0.112715	11846.31139
0.112721	11846.74836
0.112726	11847.19121
0.112732	11847.63669
0.112738	11848.07253
0.112743	11848.51183
0.112749	11848.94585
0.112755	11849.37426
0.11276	11849.80869
0.112766	11850.24554
0.112771	11850.68737
0.112777	11851.12613
0.112782	11851.56944
0.112789	11852.06089
0.112795	11852.53006
0.1128	11852.9735
0.112806	11853.40543
0.112811	11853.84033
0.112817	11854.28857
0.112823	11854.72704
0.112828	11855.16554
0.112834	11855.59426
0.11284	11856.03054
0.112845	11856.47313
0.112851	11856.92
0.112857	11857.36274
0.112862	11857.80009
0.112868	11858.25079
0.112874	11858.71032
0.11288	11859.15251
0.112886	11859.58481
0.112891	11860.02975
0.112897	11860.46688
0.112902	11860.90907
0.112908	11861.36155
0.112913	11861.80434
0.112919	11862.25322
0.112925	11862.69954
0.112931	11863.15644
0.112937	11863.60343
0.112942	11864.04023
0.112948	11864.4823
0.112954	11864.92239
0.112959	11865.36088
0.112964	11865.79069
0.11297	11866.21828
0.112975	11866.66897
0.112981	11867.12654
0.112987	11867.58461
0.112993	11868.01732
0.112998	11868.46332
0.113004	11868.89972
0.11301	11869.32906
0.113016	11869.77573
0.113021	11870.22254
0.113027	11870.6835
0.113033	11871.13016
0.113039	11871.58012
0.113044	11872.02706
0.11305	11872.47804
0.113056	11872.92939
0.113061	11873.37231
0.113067	11873.81771
0.113073	11874.27688
0.113079	11874.72571
0.113085	11875.17774
0.11309	11875.62213
0.113096	11876.08094
0.113102	11876.52993
0.113107	11876.96123
0.113113	11877.40631
0.113119	11877.82961
0.113124	11878.27261
0.11313	11878.72051
0.113136	11879.16996
0.113142	11879.62083
0.113147	11880.05095
0.113153	11880.48448
0.113159	11880.9304
0.113164	11881.37337
0.11317	11881.82014
0.113176	11882.25767
0.113181	11882.6828
0.113187	11883.1011
0.113192	11883.52902
0.113198	11883.97645
0.113203	11884.41745
0.113209	11884.85317
0.113215	11885.29449
0.113221	11885.74681
0.113226	11886.19968
0.113232	11886.64603
0.113238	11887.09478
0.113243	11887.52967
0.113249	11887.97221
0.113255	11888.41539
0.11326	11888.85331
0.113266	11889.29773
0.113272	11889.74962
0.113277	11890.19412
0.113283	11890.64096
0.113289	11891.09407
0.113295	11891.54409
0.1133	11891.99118
0.113306	11892.44411
0.113312	11892.88355
0.113317	11893.3205
0.113323	11893.76527
0.113329	11894.21912
0.113334	11894.6805
0.11334	11895.13493
0.113346	11895.57325
0.113351	11896.01622
0.113357	11896.45132
0.113363	11896.91473
0.113369	11897.35799
0.113374	11897.80793
0.11338	11898.25205
0.113386	11898.70659
0.113391	11899.17064
0.113397	11899.62817
0.113403	11900.08875
0.113409	11900.53353
0.113415	11900.9775
0.11342	11901.42271
0.113426	11901.87472
0.113432	11902.3185
0.113438	11902.76268
0.113443	11903.20513
0.113449	11903.64929
0.113455	11904.08019
0.113461	11904.52396
0.113466	11904.98384
0.113472	11905.43046
0.113478	11905.87987
0.113483	11906.32939
0.113489	11906.76677
0.113495	11907.20318
0.113501	11907.64186
0.113506	11908.07509
0.113512	11908.50917
0.113517	11908.93196
0.113523	11909.35821
0.113528	11909.78307
0.113534	11910.21598
0.113539	11910.6377
0.113545	11911.06493
0.11355	11911.4958
0.113556	11911.91801
0.113561	11912.34088
0.113567	11912.75953
0.113573	11913.18378
0.113578	11913.6166
0.113584	11914.05506
0.113589	11914.50091
0.113595	11914.95522
0.113601	11915.3957
0.113607	11915.83063
0.113612	11916.27602
0.113618	11916.71644
0.113623	11917.15768
0.113629	11917.58763
0.113635	11918.03578
0.11364	11918.46792
0.113646	11918.9027
0.113652	11919.34223
0.113657	11919.79308
0.113663	11920.23564
0.113669	11920.67325
0.113674	11921.12343
0.11368	11921.56837
0.113686	11922.01349
0.113692	11922.45931
0.113697	11922.90262
0.113703	11923.33941
0.113708	11923.77109
0.113714	11924.20723
0.11372	11924.63235
0.113726	11925.05764
0.113731	11925.49146
0.113737	11925.93123
0.113743	11926.38271
0.113749	11926.8279
0.113755	11927.28083
0.11376	11927.73451
0.113766	11928.18601
0.113772	11928.64649
0.113778	11929.09894
0.113784	11929.54818
0.11379	11929.99819
0.113796	11930.45754
0.113801	11930.90514
0.113807	11931.33535
0.113812	11931.78406
0.113818	11932.21436
0.113824	11932.65485
0.11383	11933.08409
0.113835	11933.52411
0.113841	11933.959
0.113846	11934.37901
0.113852	11934.81002
0.113858	11935.23874
0.113863	11935.67027
0.11387	11936.11986
0.113875	11936.55879
0.113881	11937.00103
0.113886	11937.44474
0.113892	11937.90354
0.113898	11938.35673
0.113904	11938.8026
0.11391	11939.25106
0.113916	11939.68358
0.113921	11940.11899
0.113927	11940.55975
0.113933	11941.00277
0.113939	11941.46483
0.113945	11941.9197
0.113951	11942.37433
0.113957	11942.82553
0.113962	11943.27062
0.113968	11943.71137
0.113974	11944.1525
0.11398	11944.59647
0.113986	11945.04674
0.113991	11945.48764
0.113997	11945.93564
0.114003	11946.38612
0.114009	11946.81437
0.114015	11947.23038
0.11402	11947.66083
0.114026	11948.09645
0.114032	11948.53538
0.114038	11948.99051
0.114043	11949.42849
0.114049	11949.87977
0.114055	11950.31725
0.11406	11950.75761
0.114066	11951.19365
0.114072	11951.63368
0.114078	11952.07489
0.114083	11952.51048
0.114089	11952.95718
0.114095	11953.39483
0.114101	11953.82395
0.114107	11954.26
0.114112	11954.68624
0.114118	11955.1096
0.114124	11955.53582
0.114129	11955.96267
0.114135	11956.40311
0.114141	11956.83201
0.114146	11957.26327
0.114152	11957.69491
0.114158	11958.12494
0.114164	11958.56356
0.114169	11959.01163
0.114175	11959.48159
0.114181	11959.94378
0.114187	11960.40579
0.114193	11960.81524
0.114198	11961.24698
0.114204	11961.68735
0.11421	11962.10401
0.114216	11962.52834
0.114221	11962.96711
0.114227	11963.41678
0.114233	11963.86075
0.114239	11964.301
0.114245	11964.75108
0.114251	11965.19106
0.114257	11965.62789
0.114262	11966.06863
0.114268	11966.49131
0.114274	11966.92168
0.11428	11967.34629
0.114285	11967.77979
0.114291	11968.21253
0.114297	11968.64491
0.114302	11969.08717
0.114308	11969.51566
0.114314	11969.95182
0.11432	11970.38674
0.114325	11970.82603
0.114331	11971.26675
0.114337	11971.70841
0.114343	11972.1554
0.114349	11972.59886
0.114355	11973.04412
0.114361	11973.49414
0.114366	11973.94001
0.114372	11974.39655
0.114378	11974.83894
0.114384	11975.27362
0.114389	11975.7146
0.114396	11976.1612
0.114401	11976.59009
0.114407	11977.01818
0.114413	11977.44762
0.114419	11977.88922
0.114425	11978.33514
0.114431	11978.78485
0.114436	11979.23061
0.114443	11979.67917
0.114448	11980.12557
0.114454	11980.57202
0.11446	11981.02515
0.114466	11981.42971
0.114471	11981.84701
0.114477	11982.2784
0.114483	11982.71834
0.114489	11983.15945
0.114495	11983.60002
0.1145	11984.03865
0.114506	11984.47294
0.114512	11984.89484
0.114517	11985.31825
0.114523	11985.75182
0.114529	11986.2023
0.114535	11986.64752
0.11454	11987.07304
0.114546	11987.50788
0.114551	11987.94799
0.114557	11988.38603
0.114563	11988.82912
0.114569	11989.27213
0.114575	11989.71852
0.114581	11990.15791
0.114587	11990.59781
0.114592	11991.03665
0.114598	11991.48739
0.114604	11991.93315
0.11461	11992.37765
0.114616	11992.82486
0.114622	11993.27069
0.114627	11993.70537
0.114633	11994.14594
0.114639	11994.57954
0.114645	11995.01783
0.114651	11995.46103
0.114656	11995.92279
0.114662	11996.37528
0.114668	11996.82239
0.114674	11997.26583
0.11468	11997.7112
0.114686	11998.1568
0.114692	11998.60559
0.114697	11999.04783
0.114703	11999.47428
0.114709	11999.91582
0.114715	12000.37471
0.114721	12000.82647
0.114727	12001.2729
0.114732	12001.72763
0.114738	12002.17685
0.114744	12002.62334
0.114749	12003.06504
0.114755	12003.50675
0.114761	12003.941
0.114767	12004.3899
0.114772	12004.83648
0.114778	12005.29034
0.114784	12005.7409
0.11479	12006.20051
0.114796	12006.63903
0.114801	12007.08181
0.114807	12007.53317
0.114813	12007.97699
0.114819	12008.42584
0.114825	12008.85702
0.11483	12009.28674
0.114836	12009.72709
0.114842	12010.1697
0.114848	12010.60219
0.114853	12011.04128
0.114859	12011.50393
0.114865	12011.95401
0.114871	12012.4038
0.114877	12012.85781
0.114883	12013.30091
0.114889	12013.75504
0.114894	12014.19712
0.1149	12014.64856
0.114907	12015.09835
0.114912	12015.54864
0.114918	12016.02306
0.114924	12016.48909
0.11493	12016.94689
0.114936	12017.41022
0.114942	12017.88392
0.114948	12018.34067
0.114954	12018.79217
0.11496	12019.24536
0.114966	12019.69699
0.114971	12020.16106
0.114977	12020.60991
0.114983	12021.05852
0.114989	12021.51239
0.114995	12021.96152
0.115001	12022.40711
0.115007	12022.864
0.115013	12023.32174
0.115018	12023.78021
0.115024	12024.22093
0.11503	12024.65259
0.115036	12025.07704
0.115041	12025.50204
0.115047	12025.94312
0.115053	12026.37929
0.115059	12026.81988
0.115065	12027.25859
0.11507	12027.70569
0.115076	12028.13958
0.115082	12028.57298
0.115087	12029.01955
0.115093	12029.45837
0.115099	12029.89508
0.115105	12030.3267
0.11511	12030.75967
0.115116	12031.20348
0.115122	12031.62633
0.115127	12032.0544
0.115133	12032.49027
0.115139	12032.92939
0.115145	12033.3752
0.11515	12033.80451
0.115156	12034.24681
0.115162	12034.69074
0.115168	12035.13221
0.115174	12035.56772
0.11518	12036.007
0.115186	12036.46848
0.115192	12036.91376
0.115198	12037.36422
0.115203	12037.80279
0.115209	12038.24158
0.115215	12038.6821
0.115221	12039.11357
0.115227	12039.55646
0.115232	12039.98984
0.115238	12040.4389
0.115244	12040.88996
0.11525	12041.33538
0.115256	12041.7838
0.115262	12042.23439
0.115268	12042.69669
0.115274	12043.14897
0.11528	12043.59265
0.115286	12044.04879
0.115292	12044.48806
0.115297	12044.93252
0.115303	12045.39531
0.115309	12045.85186
0.115315	12046.31539
0.115321	12046.7615
0.115327	12047.21302
0.115333	12047.66163
0.115338	12048.11668
0.115344	12048.57316
0.11535	12049.02684
0.115356	12049.4709
0.115362	12049.91493
0.115367	12050.3494
0.115373	12050.78096
0.115379	12051.22571
0.115385	12051.66928
0.11539	12052.11918
0.115396	12052.55658
0.115402	12053.00024
0.115408	12053.44547
0.115414	12053.88649
0.11542	12054.34432
0.115426	12054.78363
0.115432	12055.25199
0.115438	12055.70644
0.115444	12056.15351
0.11545	12056.58441
0.115455	12057.02042
0.115461	12057.45791
0.115467	12057.88774
0.115473	12058.33079
0.115479	12058.78943
0.115484	12059.24934
0.11549	12059.71378
0.115496	12060.1708
0.115502	12060.61715
0.115507	12061.051
0.115513	12061.4777
0.115519	12061.92811
0.115525	12062.37385
0.115531	12062.83103
0.115537	12063.28264
0.115542	12063.72842
0.115549	12064.18136
0.115554	12064.63575
0.11556	12065.09343
0.115566	12065.54469
0.115572	12065.98734
0.115578	12066.43653
0.115584	12066.87968
0.11559	12067.32164
0.115596	12067.76256
0.115602	12068.18667
0.115607	12068.60041
0.115613	12069.02135
0.115619	12069.46471
0.115625	12069.90097
0.115631	12070.34631
0.115636	12070.7913
0.115642	12071.23642
0.115648	12071.67751
0.115654	12072.12052
0.11566	12072.57245
0.115666	12073.02301
0.115672	12073.47724
0.115678	12073.92822
0.115684	12074.3707
0.11569	12074.82254
0.115696	12075.27087
0.115702	12075.72279
0.115708	12076.16404
0.115714	12076.61835
0.11572	12077.05789
0.115726	12077.48737
0.115731	12077.92067
0.115737	12078.35429
0.115743	12078.78151
0.115749	12079.21596
0.115755	12079.65631
0.115761	12080.1013
0.115766	12080.54808
0.115772	12080.99269
0.115778	12081.4419
0.115784	12081.88509
0.11579	12082.3299
0.115796	12082.77841
0.115801	12083.22139
0.115807	12083.6688
0.115813	12084.11954
0.115819	12084.57536
0.115825	12085.02047
0.115831	12085.48243
0.115837	12085.93717
0.115843	12086.39997
0.115849	12086.85482
0.115855	12087.30685
0.115861	12087.75167
0.115867	12088.19273
0.115873	12088.64516
0.115878	12089.08612
0.115884	12089.52735
0.11589	12089.97325
0.115896	12090.40982
0.115902	12090.8816
0.115908	12091.35487
0.115914	12091.82578
0.11592	12092.28284
0.115926	12092.72359
0.115932	12093.1673
0.115938	12093.62332
0.115944	12094.0657
0.11595	12094.52135
0.115956	12094.96632
0.115962	12095.41541
0.115968	12095.86397
0.115974	12096.31542
0.11598	12096.77034
0.115986	12097.22413
0.115991	12097.66385
0.115998	12098.10942
0.116003	12098.56796
0.116009	12099.02904
0.116016	12099.47809
0.116021	12099.92931
0.116027	12100.37548
0.116033	12100.81618
0.116039	12101.27783
0.116045	12101.7307
0.116051	12102.18452
0.116057	12102.62436
0.116063	12103.06695
0.116069	12103.51678
0.116075	12103.95798
0.116081	12104.40621
0.116087	12104.86076
0.116093	12105.31633
0.116099	12105.77231
0.116105	12106.22731
0.116111	12106.67793
0.116117	12107.11246
0.116123	12107.55794
0.116129	12107.99696
0.116135	12108.44672
0.116141	12108.8976
0.116147	12109.35287
0.116153	12109.80757
0.116159	12110.256
0.116165	12110.70006
0.116171	12111.14575
0.116177	12111.59209
0.116183	12112.05995
0.116189	12112.51853
0.116195	12112.9771
0.116201	12113.42023
0.116207	12113.87031
0.116213	12114.32714
0.116219	12114.781
0.116225	12115.23275
0.116231	12115.68856
0.116237	12116.14236
0.116243	12116.59099
0.116249	12117.03461
0.116255	12117.47946
0.116261	12117.93008
0.116266	12118.35058
0.116272	12118.76894
0.116278	12119.18897
0.116284	12119.61661
0.11629	12120.05492
0.116295	12120.49194
0.116301	12120.94975
0.116308	12121.39997
0.116313	12121.84065
0.116319	12122.26995
0.116325	12122.70591
0.116331	12123.15385
0.116337	12123.58657
0.116343	12124.03061
0.116349	12124.47532
0.116355	12124.91781
0.116361	12125.37238
0.116367	12125.82146
0.116373	12126.27368
0.116379	12126.71722
0.116384	12127.16692
0.11639	12127.6143
0.116396	12128.05314
0.116402	12128.49608
0.116408	12128.94603
0.116414	12129.38247
0.11642	12129.82136
0.116426	12130.26237
0.116432	12130.70743
0.116437	12131.15988
0.116443	12131.62037
0.116449	12132.07098
0.116455	12132.52355
0.116461	12132.96875
0.116467	12133.41037
0.116473	12133.86399
0.116479	12134.31279
0.116485	12134.76107
0.116491	12135.20868
0.116497	12135.65981
0.116503	12136.12063
0.116509	12136.5606
0.116514	12137.01362
0.11652	12137.45051
0.116526	12137.8927
0.116532	12138.3486
0.116538	12138.78493
0.116544	12139.22354
0.11655	12139.67573
0.116556	12140.11365
0.116563	12140.55353
0.116568	12140.97233
0.116574	12141.40013
0.11658	12141.82166
0.116586	12142.24344
0.116592	12142.66961
0.116597	12143.09985
0.116603	12143.5387
0.116609	12143.97966
0.116615	12144.42754
0.116621	12144.86524
0.116627	12145.2986
0.116632	12145.73515
0.116638	12146.1687
0.116644	12146.61586
0.11665	12147.05324
0.116656	12147.4837
0.116662	12147.9235
0.116668	12148.36824
0.116673	12148.81622
0.116679	12149.25119
0.116685	12149.67404
0.116691	12150.10918
0.116697	12150.54148
0.116702	12150.98071
0.116709	12151.4413
0.116714	12151.88577
0.11672	12152.33457
0.116726	12152.77035
0.116732	12153.20473
0.116738	12153.63131
0.116744	12154.06275
0.11675	12154.50026
0.116756	12154.9321
0.116761	12155.37049
0.116768	12155.81427
0.116774	12156.26433
0.116779	12156.69551
0.116785	12157.1275
0.116791	12157.56059
0.116797	12157.99786
0.116803	12158.43276
0.116809	12158.86219
0.116814	12159.28708
0.11682	12159.70876
0.116826	12160.13608
0.116832	12160.56888
0.116838	12161.00091
0.116844	12161.43471
0.116849	12161.86674
0.116855	12162.29204
0.116861	12162.72256
0.116867	12163.15872
0.116873	12163.59833
0.116879	12164.04201
0.116885	12164.48389
0.116891	12164.91684
0.116896	12165.35012
0.116902	12165.79382
0.116908	12166.24384
0.116914	12166.66975
0.11692	12167.10476
0.116926	12167.54672
0.116932	12167.99559
0.116938	12168.44367
0.116944	12168.88743
0.11695	12169.33056
0.116956	12169.78016
0.116962	12170.23009
0.116968	12170.67882
0.116973	12171.122
0.116979	12171.57147
0.116985	12172.02019
0.116991	12172.46809
0.116997	12172.91659
0.117003	12173.3629
0.117009	12173.81946
0.117015	12174.2743
0.117021	12174.7339
0.117027	12175.19121
0.117033	12175.63807
0.117039	12176.07277
0.117045	12176.51323
0.117051	12176.9689
0.117057	12177.4098
0.117063	12177.83822
0.117069	12178.27005
0.117075	12178.70473
0.11708	12179.14792
0.117086	12179.59516
0.117092	12180.04244
0.117098	12180.47047
0.117103	12180.89721
0.11711	12181.35393
0.117116	12181.79636
0.117121	12182.25358
0.117127	12182.70839
0.117133	12183.15238
0.117139	12183.59977
0.117146	12184.05355
0.117152	12184.49485
0.117158	12184.92838
0.117164	12185.36131
0.11717	12185.79372
0.117175	12186.23258
0.117182	12186.68458
0.117188	12187.12996
0.117194	12187.58375
0.1172	12188.02515
0.117206	12188.45821
0.117212	12188.89569
0.117218	12189.32882
0.117224	12189.7628
0.11723	12190.19839
0.117235	12190.63563
0.117241	12191.07777
0.117247	12191.528
0.117253	12191.97514
0.117259	12192.43202
0.117265	12192.88636
0.117271	12193.3429
0.117277	12193.78166
0.117283	12194.22226
0.117289	12194.6655
0.117295	12195.10413
0.117301	12195.53729
0.117306	12195.97122
0.117312	12196.41347
0.117318	12196.84226
0.117324	12197.27972
0.11733	12197.71195
0.117336	12198.14828
0.117342	12198.57832
0.117348	12199.0238
0.117354	12199.48234
0.11736	12199.92054
0.117366	12200.36032
0.117372	12200.81135
0.117378	12201.2389
0.117383	12201.67937
0.117389	12202.11508
0.117395	12202.56259
0.117401	12203.00934
0.117407	12203.46193
0.117413	12203.91278
0.117419	12204.35465
0.117425	12204.79792
0.117431	12205.24138
0.117437	12205.67913
0.117443	12206.12179
0.117449	12206.55792
0.117455	12206.99375
0.117461	12207.42937
0.117467	12207.86496
0.117473	12208.30204
0.117479	12208.74324
0.117484	12209.14028
0.11749	12209.54145
0.117496	12209.96147
0.117501	12210.38134
0.117507	12210.80398
0.117513	12211.2288
0.117519	12211.66034
0.117524	12212.09256
0.117531	12212.52562
0.117536	12212.93837
0.117542	12213.3516
0.117547	12213.76653
0.117553	12214.18437
0.117559	12214.6138
0.117565	12215.03434
0.117571	12215.47156
0.117576	12215.90595
0.117582	12216.32864
0.117588	12216.75
0.117594	12217.1829
0.117599	12217.61975
0.117605	12218.05433
0.117611	12218.48638
0.117617	12218.92246
0.117623	12219.34709
0.117629	12219.77019
0.117635	12220.21143
0.11764	12220.63015
0.117646	12221.06233
0.117652	12221.48546
0.117658	12221.91137
0.117664	12222.33381
0.117669	12222.78102
0.117676	12223.21568
0.117681	12223.65243
0.117687	12224.08697
0.117693	12224.53162
0.117699	12224.97674
0.117705	12225.40419
0.11771	12225.83543
0.117716	12226.26656
0.117722	12226.70157
0.117728	12227.14702
0.117734	12227.58319
0.11774	12228.0169
0.117746	12228.44827
0.117751	12228.88869
0.117758	12229.35621
0.117764	12229.8029
0.11777	12230.25237
0.117776	12230.69552
0.117782	12231.14885
0.117788	12231.60007
0.117794	12232.0413
0.1178	12232.48575
0.117806	12232.92934
0.117812	12233.37384
0.117818	12233.80505
0.117823	12234.23704
0.117829	12234.67156
0.117835	12235.10933
0.117841	12235.55853
0.117847	12235.99167
0.117853	12236.43859
0.117859	12236.87965
0.117865	12237.33063
0.117871	12237.7867
0.117877	12238.22117
0.117883	12238.65315
0.117889	12239.07914
0.117894	12239.5234
0.1179	12239.96218
0.117906	12240.38376
0.117912	12240.82359
0.117918	12241.26373
0.117924	12241.71341
0.11793	12242.15734
0.117936	12242.58692
0.117942	12243.02637
0.117948	12243.44091
0.117954	12243.87052
0.117959	12244.30329
0.117965	12244.7372
0.117971	12245.17775
0.117977	12245.6112
0.117983	12246.04314
0.117989	12246.47734
0.117994	12246.90488
0.118	12247.34489
0.118006	12247.77168
0.118012	12248.20201
0.118018	12248.65036
0.118024	12249.10017
0.11803	12249.55595
0.118036	12250.00101
0.118041	12250.43672
0.118047	12250.86349
0.118053	12251.30837
0.118059	12251.74336
0.118065	12252.19187
0.118071	12252.6371
0.118077	12253.08376
0.118083	12253.52954
0.118089	12253.97448
0.118095	12254.42282
0.118101	12254.86819
0.118107	12255.30765
0.118113	12255.74959
0.118118	12256.19002
0.118124	12256.63108
0.11813	12257.07913
0.118136	12257.52169
0.118142	12257.96023
0.118148	12258.39728
0.118154	12258.82197
0.11816	12259.25525
0.118166	12259.68973
0.118171	12260.12531
0.118177	12260.55757
0.118183	12260.98851
0.118188	12261.41428
0.118194	12261.84936
0.1182	12262.29316
0.118206	12262.73601
0.118212	12263.17622
0.118218	12263.61873
0.118224	12264.06565
0.11823	12264.50021
0.118236	12264.93778
0.118242	12265.37892
0.118247	12265.81281
0.118253	12266.25387
0.118259	12266.68918
0.118265	12267.12525
0.118271	12267.55766
0.118277	12268.00277
0.118283	12268.45013
0.118288	12268.89611
0.118294	12269.33169
0.1183	12269.76477
0.118306	12270.20282
0.118312	12270.63593
0.118317	12271.05617
0.118323	12271.48224
0.118329	12271.91489
0.118334	12272.34451
0.118341	12272.76419
0.118346	12273.18791
0.118353	12273.62449
0.118358	12274.04736
0.118364	12274.46449
0.11837	12274.87921
0.118375	12275.29085
0.118381	12275.71729
0.118387	12276.15324
0.118393	12276.58592
0.118399	12277.01563
0.118405	12277.44376
0.118411	12277.87301
0.118417	12278.29563
0.118423	12278.72924
0.118429	12279.16011
0.118434	12279.59219
0.11844	12280.01409
0.118446	12280.43979
0.118452	12280.86526
0.118458	12281.30203
0.118463	12281.73508
0.118469	12282.16452
0.118475	12282.59877
0.118481	12283.03339
0.118487	12283.46574
0.118492	12283.90236
0.118498	12284.32056
0.118504	12284.74659
0.11851	12285.1848
0.118516	12285.61067
0.118521	12286.04756
0.118527	12286.47743
0.118533	12286.91622
0.118539	12287.35588
0.118545	12287.7959
0.118551	12288.2432
0.118557	12288.67649
0.118563	12289.10932
0.118569	12289.54014
0.118575	12289.97881
0.118581	12290.43186
0.118587	12290.87474
0.118593	12291.31358
0.118599	12291.76242
0.118605	12292.21356
0.118611	12292.67229
0.118617	12293.1148
0.118622	12293.55915
0.118629	12294.0061
0.118635	12294.4559
0.118641	12294.9081
0.118647	12295.34657
0.118652	12295.79435
0.118658	12296.2242
0.118664	12296.67104
0.11867	12297.11036
0.118676	12297.53969
0.118682	12297.98068
0.118688	12298.41908
0.118693	12298.86172
0.1187	12299.29743
0.118705	12299.72158
0.118711	12300.15908
0.118717	12300.59071
0.118723	12301.02079
0.118729	12301.45918
0.118735	12301.89185
0.118741	12302.32476
0.118747	12302.75683
0.118752	12303.18837
0.118758	12303.62138
0.118764	12304.04314
0.11877	12304.48262
0.118776	12304.93115
0.118782	12305.37726
0.118788	12305.81593
0.118794	12306.25717
0.1188	12306.70706
0.118806	12307.15615
0.118812	12307.58522
0.118817	12308.01607
0.118823	12308.44823
0.118829	12308.8909
0.118835	12309.32938
0.118841	12309.77307
0.118847	12310.22579
0.118853	12310.66495
0.118859	12311.10418
0.118864	12311.52347
0.11887	12311.95362
0.118876	12312.38753
0.118882	12312.83407
0.118888	12313.26721
0.118894	12313.70103
0.1189	12314.1305
0.118906	12314.57156
0.118912	12315.01682
0.118918	12315.45684
0.118923	12315.90489
0.11893	12316.40218
0.118936	12316.85868
0.118942	12317.31967
0.118948	12317.78668
0.118954	12318.24392
0.118961	12318.70803
0.118967	12319.174
0.118973	12319.6376
0.118979	12320.09593
0.118985	12320.54403
0.118991	12320.99423
0.118997	12321.44843
0.119003	12321.89946
0.119009	12322.35071
0.119015	12322.79736
0.119021	12323.25154
0.119027	12323.71119
0.119034	12324.17189
0.119039	12324.613
0.119046	12325.04586
0.119051	12325.48258
0.119057	12325.93041
0.119064	12326.37821
0.11907	12326.82398
0.119076	12327.26126
0.119082	12327.70527
0.119088	12328.15627
0.119094	12328.60129
0.1191	12329.04752
0.119106	12329.47329
0.119112	12329.9147
0.119118	12330.35196
0.119124	12330.78702
0.11913	12331.23378
0.119136	12331.67169
0.119142	12332.11159
0.119148	12332.55309
0.119154	12332.99428
0.11916	12333.43092
0.119166	12333.86984
0.119172	12334.31152
0.119178	12334.74353
0.119184	12335.17534
0.11919	12335.60185
0.119196	12336.03043
0.119202	12336.47402
0.119208	12336.91297
0.119214	12337.37127
0.119221	12337.80355
0.119226	12338.24575
0.119232	12338.67245
0.119238	12339.10317
0.119244	12339.53459
0.11925	12339.96728
0.119256	12340.39301
0.119262	12340.82842
0.119268	12341.27012
0.119274	12341.69826
0.11928	12342.13283
0.119286	12342.55892
0.119292	12342.9881
0.119298	12343.42011
0.119304	12343.85925
0.11931	12344.29302
0.119317	12344.74166
0.119323	12345.18424
0.119329	12345.60667
0.119335	12346.05314
0.119341	12346.49604
0.119347	12346.94754
0.119353	12347.38428
0.119359	12347.81647
0.119365	12348.25579
0.119371	12348.7033
0.119377	12349.15018
0.119383	12349.59514
0.119389	12350.03785
0.119395	12350.47892
0.119401	12350.91552
0.119407	12351.35963
0.119414	12351.80647
0.11942	12352.24426
0.119426	12352.68689
0.119432	12353.12554
0.119437	12353.56368
0.119443	12354.00124
0.119449	12354.44545
0.119455	12354.87976
0.119462	12355.32726
0.119468	12355.76467
0.119474	12356.20335
0.119479	12356.65779
0.119486	12357.09588
0.119492	12357.53923
0.119498	12357.97831
0.119504	12358.42327
0.11951	12358.87158
0.119516	12359.3176
0.119522	12359.75947
0.119528	12360.19152
0.119534	12360.63011
0.11954	12361.07653
0.119546	12361.53054
0.119552	12361.96825
0.119558	12362.4104
0.119564	12362.85669
0.11957	12363.29353
0.119577	12363.72616
0.119582	12364.16015
0.119588	12364.59828
0.119594	12365.03678
0.1196	12365.48719
0.119607	12365.93689
0.119613	12366.37938
0.119619	12366.81794
0.119624	12367.25446
0.11963	12367.71282
0.119637	12368.15866
0.119643	12368.59822
0.119649	12369.03866
0.119655	12369.47118
0.119661	12369.90666
0.119667	12370.34223
0.119672	12370.77633
0.119678	12371.21057
0.119684	12371.64946
0.11969	12372.09211
0.119696	12372.52581
0.119702	12372.97437
0.119709	12373.43064
0.119715	12373.88975
0.119721	12374.33912
0.119727	12374.78574
0.119733	12375.2387
0.119739	12375.68534
0.119745	12376.12799
0.119751	12376.57317
0.119757	12377.00386
0.119763	12377.44917
0.119769	12377.88677
0.119775	12378.31971
0.119781	12378.74062
0.119787	12379.16065
0.119792	12379.58583
0.119798	12380.0328
0.119804	12380.48349
0.11981	12380.95342
0.119816	12381.41558
0.119823	12381.85604
0.119828	12382.28595
0.119834	12382.71806
0.11984	12383.15951
0.119846	12383.60152
0.119853	12384.05275
0.119859	12384.51694
0.119865	12384.97132
0.119871	12385.43085
0.119877	12385.87841
0.119883	12386.32807
0.119889	12386.76644
0.119894	12387.19938
0.1199	12387.64885
0.119906	12388.09581
0.119912	12388.53717
0.119918	12388.96989
0.119924	12389.40519
0.11993	12389.82743
0.119936	12390.25991
0.119942	12390.68564
0.119948	12391.11904
0.119954	12391.55807
0.11996	12391.99604
0.119966	12392.42303
0.119972	12392.85249
0.119978	12393.28276
0.119984	12393.72031
0.11999	12394.15773
0.119995	12394.59079
0.120001	12395.0161
0.120007	12395.44902
0.120013	12395.88411
0.120019	12396.32617
0.120026	12396.78132
0.120032	12397.22984
0.120038	12397.67025
0.120044	12398.11104
0.12005	12398.55225
0.120055	12398.99295
0.120061	12399.41781
0.120067	12399.84724
0.120073	12400.24829
0.120078	12400.67309
0.120084	12401.09681
0.12009	12401.56408
0.120097	12402.01206
0.120102	12402.4468
0.120108	12402.9057
0.120114	12403.35644
0.12012	12403.79713
0.120126	12404.23696
0.120132	12404.66371
0.120138	12405.10019
0.120144	12405.53131
0.12015	12405.97237
0.120156	12406.41491
0.120162	12406.85547
0.120168	12407.29377
0.120174	12407.72664
0.120179	12408.15984
0.120185	12408.59493
0.120191	12409.02847
0.120197	12409.4624
0.120203	12409.89663
0.120209	12410.33218
0.120215	12410.75998
0.120221	12411.19754
0.120227	12411.62111
0.120233	12412.05549
0.120239	12412.48119
0.120245	12412.90615
0.12025	12413.33101
0.120256	12413.75225
0.120262	12414.17747
0.120268	12414.60361
0.120274	12415.02101
0.12028	12415.44189
0.120286	12415.88422
0.120292	12416.31719
0.120297	12416.73229
0.120303	12417.15688
0.120309	12417.5978
0.120315	12418.03047
0.120321	12418.44392
0.120326	12418.85426
0.120332	12419.27048
0.120338	12419.70411
0.120344	12420.13086
0.12035	12420.56309
0.120356	12420.99382
0.120362	12421.41652
0.120367	12421.83402
0.120373	12422.26251
0.120379	12422.68859
0.120385	12423.11772
0.120391	12423.54133
0.120397	12423.97387
0.120403	12424.40091
0.120409	12424.83205
0.120415	12425.27103
0.120421	12425.70698
0.120427	12426.14042
0.120433	12426.56265
0.120439	12426.98876
0.120444	12427.42083
0.120451	12427.84222
0.120456	12428.26679
0.120462	12428.69559
0.120468	12429.12988
0.120474	12429.55373
0.12048	12429.97392
0.120485	12430.40396
0.120491	12430.82944
0.120497	12431.25171
0.120503	12431.66856
0.120509	12432.09523
0.120514	12432.52407
0.12052	12432.95735
0.120526	12433.37865
0.120532	12433.80238
0.120538	12434.22628
0.120544	12434.65663
0.12055	12435.09421
0.120556	12435.52719
0.120562	12435.94496
0.120568	12436.36269
0.120573	12436.77461
0.120579	12437.1951
0.120585	12437.61967
0.12059	12438.05465
0.120596	12438.48761
0.120602	12438.92164
0.120608	12439.35806
0.120614	12439.78245
0.12062	12440.20432
0.120626	12440.62007
0.120631	12441.03454
0.120637	12441.44592
0.120643	12441.87141
0.120649	12442.29478
0.120655	12442.72347
0.120661	12443.14936
0.120667	12443.58516
0.120673	12444.01354
0.120678	12444.41127
0.120684	12444.83701
0.12069	12445.26753
0.120696	12445.68436
0.120702	12446.10063
0.120707	12446.51627
0.120713	12446.93494
0.120719	12447.35047
0.120725	12447.77314
0.120731	12448.21688
0.120736	12448.65138
0.120742	12449.08593
0.120748	12449.50996
0.120754	12449.9484
0.120761	12450.38367
0.120767	12450.80787
0.120773	12451.24629
0.120778	12451.66374
0.120784	12452.08751
0.12079	12452.51355
0.120796	12452.93569
0.120802	12453.36248
0.120808	12453.78956
0.120814	12454.22051
0.12082	12454.64261
0.120825	12455.05002
0.120832	12455.46989
0.120838	12455.89651
0.120843	12456.31008
0.120849	12456.7121
0.120855	12457.1213
0.120861	12457.548
0.120867	12457.96356
0.120873	12458.385
0.120879	12458.80456
0.120885	12459.22165
0.120891	12459.65124
0.120897	12460.08031
0.120903	12460.51138
0.120909	12460.94566
0.120914	12461.37936
0.120921	12461.8022
0.120926	12462.22338
0.120933	12462.65163
0.120939	12463.07552
0.120945	12463.50125
0.120951	12463.93124
0.120956	12464.345
0.120962	12464.77057
0.120968	12465.1895
0.120974	12465.61304
0.12098	12466.03423
0.120986	12466.46346
0.120992	12466.89225
0.120998	12467.31878
0.121004	12467.7485
0.12101	12468.18084
0.121016	12468.61714
0.121022	12469.03949
0.121028	12469.45495
0.121034	12469.88772
0.12104	12470.31035
0.121046	12470.73186
0.121052	12471.16114
0.121057	12471.59097
0.121063	12472.02646
0.121069	12472.44589
0.121075	12472.86997
0.121081	12473.29422
0.121087	12473.72489
0.121093	12474.15507
0.121099	12474.57674
0.121105	12475.01382
0.121111	12475.44732
0.121116	12475.8822
0.121122	12476.3153
0.121128	12476.75628
0.121134	12477.20503
0.12114	12477.64011
0.121146	12478.068
0.121152	12478.4907
0.121158	12478.91364
0.121164	12479.33917
0.12117	12479.7718
0.121176	12480.20826
0.121181	12480.63162
0.121187	12481.06867
0.121193	12481.50131
0.121199	12481.9225
0.121205	12482.35168
0.121211	12482.79401
0.121217	12483.2187
0.121223	12483.65009
0.121229	12484.06908
0.121234	12484.50079
0.12124	12484.93047
0.121246	12485.35773
0.121252	12485.78754
0.121258	12486.21415
0.121264	12486.64885
0.121271	12487.09227
0.121276	12487.51946
0.121282	12487.95528
0.121288	12488.38188
0.121294	12488.81152
0.1213	12489.23821
0.121306	12489.66753
0.121312	12490.10391
0.121318	12490.53975
0.121324	12490.98496
0.12133	12491.42367
0.121336	12491.85481
0.121342	12492.30233
0.121348	12492.71903
0.121354	12493.14884
0.12136	12493.58325
0.121366	12494.03623
0.121372	12494.47503
0.121378	12494.91299
0.121384	12495.3558
0.12139	12495.79504
0.121396	12496.2284
0.121402	12496.64965
0.121408	12497.06739
0.121414	12497.4843
0.12142	12497.91244
0.121426	12498.35136
0.121432	12498.7836
0.121438	12499.20671
0.121444	12499.6305
0.121449	12500.05178
0.121455	12500.47124
0.121461	12500.89042
0.121467	12501.30293
0.121473	12501.71611
0.121479	12502.12833
0.121484	12502.55083
0.12149	12502.98543
0.121496	12503.41781
0.121502	12503.85636
0.121508	12504.29162
0.121514	12504.73459
0.121521	12505.18538
0.121527	12505.61787
0.121533	12506.04643
0.121539	12506.462
0.121544	12506.84396
0.12155	12507.25183
0.121556	12507.66625
0.121562	12508.08362
0.121567	12508.48756
0.121573	12508.90955
0.121579	12509.32046
0.121585	12509.72708
0.121591	12510.13209
0.121596	12510.54383
0.121602	12510.97242
0.121608	12511.39927
0.121614	12511.82915
0.12162	12512.25643
0.121626	12512.69102
0.121632	12513.11619
0.121638	12513.54242
0.121644	12513.9662
0.12165	12514.39027
0.121656	12514.81143
0.121662	12515.24058
0.121668	12515.66815
0.121674	12516.10529
0.12168	12516.53945
0.121686	12516.97024
0.121692	12517.40846
0.121698	12517.84596
0.121704	12518.27794
0.12171	12518.702
0.121716	12519.13178
0.121722	12519.55992
0.121728	12519.99113
0.121734	12520.41994
0.121739	12520.84666
0.121745	12521.27462
0.121751	12521.69842
0.121757	12522.12164
0.121763	12522.54278
0.121769	12522.97302
0.121775	12523.39509
0.121781	12523.84057
0.121788	12524.28226
0.121794	12524.71634
0.1218	12525.1634
0.121806	12525.60597
0.121812	12526.04498
0.121818	12526.49211
0.121824	12526.91218
0.12183	12527.32115
0.121836	12527.7392
0.121842	12528.15841
0.121848	12528.58478
0.121854	12529.01899
0.12186	12529.43993
0.121866	12529.87286
0.121872	12530.29726
0.121878	12530.74438
0.121884	12531.18113
0.12189	12531.61432
0.121896	12532.03542
0.121902	12532.45654
0.121908	12532.88519
0.121914	12533.31376
0.12192	12533.7401
0.121926	12534.14495
0.121932	12534.55032
0.121938	12534.97565
0.121944	12535.40045
0.12195	12535.83404
0.121956	12536.26503
0.121962	12536.68136
0.121968	12537.10705
0.121974	12537.53136
0.12198	12537.96052
0.121986	12538.37875
0.121991	12538.80477
0.121997	12539.2402
0.122003	12539.66425
0.12201	12540.10951
0.122016	12540.54552
0.122021	12540.97319
0.122028	12541.40492
0.122034	12541.83699
0.12204	12542.26811
0.122046	12542.69796
0.122052	12543.12421
0.122057	12543.55341
0.122063	12543.97689
0.122069	12544.40708
0.122075	12544.83241
0.122082	12545.27111
0.122088	12545.71663
0.122094	12546.15876
0.1221	12546.59593
0.122106	12547.03815
0.122112	12547.47871
0.122118	12547.91416
0.122124	12548.35269
0.12213	12548.77858
0.122136	12549.20131
0.122142	12549.61785
0.122148	12550.04048
0.122154	12550.47275
0.12216	12550.89886
0.122166	12551.33092
0.122172	12551.77522
0.122178	12552.20393
0.122184	12552.63566
0.12219	12553.0803
0.122196	12553.51391
0.122202	12553.95603
0.122208	12554.38699
0.122214	12554.81785
0.12222	12555.24151
0.122226	12555.65912
0.122232	12556.0902
0.122238	12556.53251
0.122244	12556.98056
0.12225	12557.4217
0.122256	12557.85759
0.122262	12558.29385
0.122268	12558.72147
0.122274	12559.15923
0.122281	12559.57782
0.122287	12560.00134
0.122293	12560.43735
0.122299	12560.8658
0.122305	12561.30086
0.122311	12561.73424
0.122317	12562.16406
0.122323	12562.58923
0.122329	12563.01208
0.122335	12563.4422
0.122341	12563.87516
0.122347	12564.30792
0.122353	12564.7352
0.122359	12565.16215
0.122365	12565.57935
0.122371	12566.00817
0.122377	12566.43384
0.122383	12566.8621
0.122389	12567.30253
0.122395	12567.73798
0.122402	12568.16418
0.122407	12568.57996
0.122413	12568.99877
0.122419	12569.42663
0.122425	12569.86015
0.122432	12570.28762
0.122438	12570.72294
0.122444	12571.15508
0.12245	12571.57968
0.122455	12572.00287
0.122462	12572.41786
0.122468	12572.85071
0.122474	12573.2903
0.12248	12573.71775
0.122486	12574.15383
0.122492	12574.58242
0.122498	12575.02713
0.122504	12575.46159
0.12251	12575.90219
0.122516	12576.34036
0.122522	12576.77482
0.122528	12577.21295
0.122534	12577.64381
0.122541	12578.08256
0.122547	12578.52913
0.122553	12578.97948
0.122559	12579.42902
0.122565	12579.86041
0.122572	12580.29672
0.122578	12580.72935
0.122584	12581.17615
0.12259	12581.63295
0.122596	12582.06911
0.122603	12582.50045
0.122609	12582.92825
0.122615	12583.36148
0.122622	12583.80183
0.122628	12584.23616
0.122634	12584.6871
0.122641	12585.13391
0.122647	12585.57088
0.122653	12586.00847
0.122659	12586.44313
0.122665	12586.87724
0.122671	12587.30529
0.122678	12587.74567
0.122684	12588.18648
0.12269	12588.62296
0.122696	12589.05066
0.122702	12589.47854
0.122708	12589.90839
0.122714	12590.32401
0.12272	12590.74141
0.122726	12591.17088
0.122733	12591.59796
0.122739	12592.03336
0.122745	12592.4723
0.122751	12592.90854
0.122758	12593.35704
0.122764	12593.79912
0.12277	12594.24396
0.122777	12594.68122
0.122783	12595.11803
0.122789	12595.55007
0.122795	12595.98474
0.122802	12596.43482
0.122808	12596.87605
0.122814	12597.31678
0.12282	12597.73925
0.122826	12598.14921
0.122832	12598.56408
0.122838	12598.9961
0.122844	12599.43521
0.12285	12599.86953
0.122856	12600.30451
0.122863	12600.74463
0.122869	12601.17815
0.122875	12601.60514
0.122881	12602.02619
0.122887	12602.4504
0.122893	12602.88457
0.122899	12603.32221
0.122905	12603.75831
0.122912	12604.18951
0.122918	12604.6167
0.122924	12605.04726
0.12293	12605.47279
0.122936	12605.90695
0.122942	12606.32225
0.122949	12606.74796
0.122955	12607.17192
0.122961	12607.59741
0.122967	12608.02272
0.122973	12608.44301
0.122979	12608.86828
0.122986	12609.29964
0.122992	12609.74422
0.122998	12610.17616
0.123004	12610.59806
0.123011	12611.03129
0.123017	12611.47665
0.123023	12611.90692
0.123029	12612.33514
0.123035	12612.77074
0.123041	12613.19901
0.123048	12613.62589
0.123054	12614.06806
0.12306	12614.49914
0.123066	12614.91649
0.123072	12615.3437
0.123079	12615.76133
0.123085	12616.18403
0.123091	12616.61623
0.123097	12617.0378
0.123103	12617.45931
0.123109	12617.8899
0.123115	12618.32213
0.123121	12618.75049
0.123127	12619.18668
0.123133	12619.61882
0.123139	12620.04285
0.123145	12620.46879
0.123152	12620.89566
0.123157	12621.31313
0.123164	12621.74387
0.12317	12622.16521
0.123176	12622.58773
0.123182	12623.00526
0.123188	12623.42957
0.123195	12623.87676
0.123201	12624.31942
0.123207	12624.7504
0.123213	12625.17958
0.123219	12625.60541
0.123225	12626.02185
0.123231	12626.44332
0.123238	12626.88306
0.123244	12627.31696
0.12325	12627.74666
0.123256	12628.16221
0.123262	12628.57392
0.123269	12629.00709
0.123275	12629.42354
0.123281	12629.86707
0.123287	12630.30655
0.123293	12630.73532
0.1233	12631.15959
0.123306	12631.59367
0.123312	12632.0198
0.123318	12632.45209
0.123324	12632.88202
0.12333	12633.30653
0.123336	12633.72744
0.123342	12634.15874
0.123349	12634.59807
0.123355	12635.02926
0.123361	12635.45144
0.123367	12635.87061
0.123373	12636.29546
0.123379	12636.71854
0.123385	12637.13628
0.123392	12637.55218
0.123398	12637.96012
0.123404	12638.38112
0.12341	12638.80604
0.123415	12639.24625
0.123422	12639.68829
0.123428	12640.13219
0.123435	12640.57199
0.123441	12641.00192
0.123447	12641.42776
0.123453	12641.8472
0.123459	12642.28063
0.123465	12642.7221
0.123472	12643.15188
0.123478	12643.58291
0.123484	12643.99727
0.12349	12644.42284
0.123497	12644.84719
0.123502	12645.27886
0.123509	12645.7159
0.123515	12646.14628
0.123521	12646.58936
0.123528	12647.02137
0.123534	12647.4566
0.12354	12647.89179
0.123546	12648.29669
0.123552	12648.71847
0.123558	12649.14427
0.123564	12649.57254
0.12357	12649.99927
0.123576	12650.4258
0.123582	12650.85273
0.123588	12651.27861
0.123595	12651.70788
0.123601	12652.14326
0.123607	12652.58369
0.123613	12652.99878
0.123619	12653.41975
0.123625	12653.84278
0.123632	12654.275
0.123638	12654.70934
0.123645	12655.14671
0.123651	12655.5651
0.123657	12655.98662
0.123663	12656.41014
0.123669	12656.83901
0.123675	12657.26599
0.123682	12657.69359
0.123688	12658.13276
0.123694	12658.57605
0.1237	12659.0211
0.123707	12659.4626
0.123713	12659.89782
0.123719	12660.33208
0.123725	12660.77428
0.123732	12661.20841
0.123738	12661.62848
0.123744	12662.0278
0.12375	12662.44737
0.123756	12662.87389
0.123762	12663.30684
0.123768	12663.73529
0.123774	12664.14616
0.12378	12664.56842
0.123786	12664.9861
0.123792	12665.40306
0.123799	12665.82824
0.123804	12666.26486
0.123811	12666.70257
0.123817	12667.12618
0.123823	12667.56462
0.123829	12667.99861
0.123835	12668.43545
0.123842	12668.86311
0.123848	12669.28526
0.123854	12669.71443
0.12386	12670.13814
0.123867	12670.58762
0.123873	12671.03488
0.123879	12671.47873
0.123885	12671.91043
0.123891	12672.33702
0.123898	12672.76957
0.123904	12673.19489
0.123909	12673.62249
0.123916	12674.03914
0.123922	12674.46324
0.123928	12674.89287
0.123934	12675.32476
0.123941	12675.77245
0.123947	12676.1962
0.123953	12676.62602
0.12396	12677.06356
0.123966	12677.50057
0.123972	12677.93653
0.123978	12678.36609
0.123985	12678.79048
0.123991	12679.21731
0.123997	12679.64202
0.124004	12680.06639
0.12401	12680.49716
0.124016	12680.92601
0.124022	12681.33193
0.124028	12681.73399
0.124034	12682.14782
0.12404	12682.58192
0.124047	12683.02317
0.124053	12683.44973
0.124059	12683.88553
0.124065	12684.31094
0.124072	12684.74016
0.124078	12685.16306
0.124084	12685.5893
0.12409	12686.0183
0.124097	12686.44423
0.124103	12686.874
0.124109	12687.29756
0.124115	12687.72625
0.124122	12688.15218
0.124128	12688.58324
0.124134	12689.01628
0.12414	12689.44487
0.124146	12689.86173
0.124153	12690.28876
0.124159	12690.71984
0.124165	12691.14646
0.124171	12691.57124
0.124177	12691.99629
0.124183	12692.41905
0.12419	12692.84844
0.124196	12693.28861
0.124203	12693.71787
0.124209	12694.13698
0.124215	12694.56243
0.124221	12694.9821
0.124228	12695.4079
0.124234	12695.84048
0.12424	12696.27895
0.124246	12696.71813
0.124253	12697.14388
0.124259	12697.58294
0.124265	12698.0172
0.124272	12698.44162
0.124278	12698.85974
0.124284	12699.2785
0.12429	12699.71193
0.124297	12700.13912
0.124303	12700.58535
0.12431	12701.02611
0.124316	12701.48235
0.124322	12701.92916
0.124329	12702.35946
0.124335	12702.78876
0.124341	12703.21257
0.124347	12703.65715
0.124354	12704.09911
0.12436	12704.53376
0.124366	12704.96562
0.124372	12705.39766
0.124379	12705.83869
0.124385	12706.2799
0.124391	12706.71796
0.124398	12707.14452
0.124404	12707.57361
0.12441	12708.00368
0.124416	12708.43056
0.124422	12708.85523
0.124429	12709.2958
0.124435	12709.72518
0.124441	12710.15364
0.124447	12710.58147
0.124454	12711.01375
0.12446	12711.43674
0.124466	12711.8651
0.124472	12712.29167
0.124479	12712.73878
0.124485	12713.17596
0.124491	12713.61184
0.124498	12714.04184
0.124504	12714.46347
0.12451	12714.88659
0.124516	12715.30223
0.124522	12715.72576
0.124529	12716.15348
0.124535	12716.57697
0.124541	12716.98856
0.124548	12717.41963
0.124554	12717.85634
0.12456	12718.28426
0.124567	12718.71293
0.124573	12719.14444
0.124579	12719.57246
0.124586	12719.99046
0.124592	12720.42525
0.124598	12720.86774
0.124604	12721.30495
0.124611	12721.74402
0.124617	12722.17163
0.124623	12722.61183
0.124629	12723.04295
0.124635	12723.46906
0.124642	12723.89059
0.124648	12724.29927
0.124654	12724.72633
0.12466	12725.14967
0.124667	12725.58654
0.124673	12726.01888
0.12468	12726.45153
0.124686	12726.88056
0.124692	12727.2622
0.124698	12727.68809
0.124704	12728.09576
0.12471	12728.50999
0.124717	12728.93752
0.124723	12729.36029
0.124729	12729.78675
0.124735	12730.21166
0.124741	12730.6313
0.124748	12731.05038
0.124754	12731.47045
0.12476	12731.88839
0.124766	12732.30856
0.124772	12732.73595
0.124779	12733.16056
0.124785	12733.57818
0.124791	12734.00556
0.124797	12734.42735
0.124803	12734.84718
0.124809	12735.26943
0.124816	12735.69692
0.124822	12736.12638
0.124828	12736.55191
0.124834	12736.97686
0.12484	12737.40273
0.124847	12737.82272
0.124853	12738.23761
0.124859	12738.662
0.124865	12739.08441
0.124872	12739.52027
0.124878	12739.95586
0.124885	12740.38845
0.124891	12740.82762
0.124897	12741.25628
0.124903	12741.69047
0.12491	12742.12639
0.124916	12742.55964
0.124922	12742.98613
0.124928	12743.41234
0.124935	12743.83742
0.124941	12744.27198
0.124947	12744.69918
0.124954	12745.13684
0.12496	12745.55999
0.124967	12745.9723
0.124973	12746.39489
0.124979	12746.80844
0.124985	12747.1862
0.124991	12747.58613
0.124997	12747.99275
0.125003	12748.39031
0.125009	12748.7989
0.125015	12749.20864
0.125021	12749.60095
0.125027	12749.99453
0.125034	12750.39756
0.12504	12750.81325
0.125046	12751.23606
0.125052	12751.65265
0.125058	12752.06401
0.125065	12752.47902
0.125071	12752.90133
0.125077	12753.31335
0.125083	12753.72386
0.12509	12754.15327
0.125096	12754.59287
0.125102	12755.02881
0.125108	12755.4446
0.125114	12755.84848
0.12512	12756.25814
0.125126	12756.67368
0.125133	12757.11413
0.125139	12757.5322
0.125145	12757.94279
0.125151	12758.36056
0.125158	12758.77577
0.125164	12759.20812
0.12517	12759.63025
0.125176	12760.05121
0.125182	12760.46438
0.125188	12760.87541
0.125194	12761.29746
0.125201	12761.714
0.125207	12762.14015
0.125213	12762.56526
0.125219	12762.99315
0.125226	12763.41372
0.125232	12763.8283
0.125238	12764.24386
0.125244	12764.65393
0.125251	12765.07813
0.125257	12765.49414
0.125263	12765.91134
0.125269	12766.33145
0.125275	12766.74234
0.125281	12767.16858
0.125288	12767.58241
0.125294	12768.02056
0.1253	12768.44652
0.125307	12768.871
0.125313	12769.28689
0.125319	12769.69281
0.125325	12770.09995
0.125331	12770.52307
0.125337	12770.96428
0.125344	12771.39012
0.12535	12771.80954
0.125356	12772.23838
0.125363	12772.67283
0.125369	12773.09469
0.125375	12773.5212
0.125381	12773.94568
0.125387	12774.36635
0.125394	12774.81056
0.1254	12775.24259
0.125406	12775.66767
0.125412	12776.08811
0.125419	12776.52503
0.125425	12776.9602
0.125432	12777.39708
0.125438	12777.82522
0.125444	12778.24439
0.125451	12778.67118
0.125457	12779.08488
0.125463	12779.51392
0.12547	12779.93939
0.125476	12780.3667
0.125482	12780.78825
0.125488	12781.21615
0.125495	12781.64602
0.125501	12782.0701
0.125507	12782.49303
0.125513	12782.92064
0.125519	12783.34393
0.125526	12783.76824
0.125532	12784.1715
0.125538	12784.5922
0.125544	12785.01041
0.125551	12785.42723
0.125557	12785.84238
0.125563	12786.25936
0.125569	12786.68176
0.125575	12787.09942
0.125582	12787.5263
0.125588	12787.95148
0.125594	12788.37939
0.125601	12788.79779
0.125607	12789.20795
0.125614	12789.64104
0.12562	12790.06844
0.125626	12790.50665
0.125633	12790.92762
0.125639	12791.3472
0.125645	12791.77104
0.125652	12792.20234
0.125658	12792.63702
0.125665	12793.07004
0.125671	12793.50521
0.125677	12793.92776
0.125683	12794.35234
0.125689	12794.7741
0.125695	12795.18051
0.125702	12795.58848
0.125708	12795.98265
0.125714	12796.39292
0.12572	12796.80178
0.125726	12797.2255
0.125732	12797.65214
0.125739	12798.0827
0.125745	12798.50899
0.125751	12798.94251
0.125758	12799.37096
0.125764	12799.79802
0.125771	12800.23181
0.125777	12800.64721
0.125783	12801.05882
0.125789	12801.46804
0.125795	12801.87958
0.125802	12802.28935
0.125808	12802.69591
0.125814	12803.11617
0.125821	12803.53983
0.125827	12803.9725
0.125833	12804.39595
0.12584	12804.81648
0.125846	12805.234
0.125852	12805.64973
0.125859	12806.07348
0.125865	12806.48889
0.125871	12806.91243
0.125878	12807.33423
0.125884	12807.74683
0.12589	12808.15808
0.125896	12808.54518
0.125902	12808.94146
0.125909	12809.35491
0.125915	12809.76657
0.125921	12810.17667
0.125927	12810.57542
0.125934	12810.97783
0.12594	12811.38094
0.125946	12811.77862
0.125952	12812.17983
0.125959	12812.58474
0.125965	12812.98781
0.125971	12813.40184
0.125978	12813.81569
0.125984	12814.22981
0.12599	12814.63484
0.125997	12815.04426
0.126003	12815.47432
0.12601	12815.90705
0.126016	12816.34648
0.126023	12816.77873
0.126029	12817.20589
0.126036	12817.62658
0.126042	12818.0507
0.126049	12818.46501
0.126055	12818.88035
0.126061	12819.30712
0.126068	12819.7312
0.126074	12820.1718
0.12608	12820.59281
0.126087	12821.01739
0.126093	12821.45043
0.1261	12821.89242
0.126106	12822.33335
0.126113	12822.77323
0.126119	12823.19765
0.126125	12823.62384
0.126132	12824.04362
0.126138	12824.46535
0.126144	12824.88466
0.126151	12825.31272
0.126157	12825.73853
0.126164	12826.16758
0.126171	12826.59345
0.126177	12827.03565
0.126183	12827.45216
0.12619	12827.87761
0.126196	12828.29968
0.126202	12828.71654
0.126208	12829.13932
0.126215	12829.55655
0.126221	12829.97912
0.126227	12830.39375
0.126234	12830.82018
0.12624	12831.26347
0.126246	12831.69267
0.126253	12832.12314
0.126259	12832.54607
0.126266	12832.96647
0.126272	12833.38649
0.126278	12833.81518
0.126285	12834.2497
0.126291	12834.68245
0.126298	12835.12107
0.126305	12835.54186
0.126311	12835.96785
0.126317	12836.39563
0.126324	12836.8199
0.12633	12837.26092
0.126336	12837.68354
0.126343	12838.11018
0.126349	12838.53425
0.126355	12838.96926
0.126362	12839.41435
0.126368	12839.86003
0.126375	12840.30196
0.126381	12840.73258
0.126388	12841.15502
0.126394	12841.58092
0.126401	12842.0171
0.126407	12842.45226
0.126413	12842.8777
0.12642	12843.31789
0.126426	12843.75374
0.126432	12844.16319
0.126439	12844.58427
0.126445	12845.01575
0.126452	12845.45307
0.126458	12845.89172
0.126465	12846.32071
0.126471	12846.75224
0.126478	12847.18111
0.126484	12847.6085
0.12649	12848.04035
0.126497	12848.47189
0.126504	12848.90091
0.12651	12849.32877
0.126516	12849.75432
0.126522	12850.18849
0.126529	12850.61103
0.126536	12851.07123
0.126542	12851.51796
0.126549	12851.95909
0.126556	12852.40932
0.126562	12852.85604
0.126569	12853.28544
0.126575	12853.7085
0.126582	12854.14215
0.126588	12854.58164
0.126594	12855.01813
0.126601	12855.45739
0.126608	12855.88863
0.126614	12856.32798
0.126621	12856.76583
0.126627	12857.19973
0.126634	12857.62925
0.12664	12858.05844
0.126647	12858.5023
0.126653	12858.93844
0.12666	12859.38253
0.126666	12859.81603
0.126673	12860.26722
0.12668	12860.71434
0.126686	12861.15555
0.126693	12861.59886
0.126699	12862.02202
0.126706	12862.44049
0.126712	12862.86403
0.126718	12863.29745
0.126725	12863.72809
0.126731	12864.14986
0.126738	12864.5808
0.126745	12865.00328
0.126751	12865.43298
0.126758	12865.85517
0.126765	12866.27639
0.126771	12866.70466
0.126777	12867.12288
0.126784	12867.56169
0.12679	12868.00632
0.126797	12868.44718
0.126803	12868.88184
0.12681	12869.31736
0.126817	12869.75068
0.126823	12870.17525
0.126829	12870.5934
0.126836	12871.01741
0.126843	12871.48009
0.126849	12871.91548
0.126856	12872.33935
0.126862	12872.76692
0.126869	12873.20352
0.126875	12873.62811
0.126882	12874.05184
0.126888	12874.47638
0.126895	12874.90017
0.126902	12875.33559
0.126908	12875.78533
0.126915	12876.22497
0.126921	12876.65969
0.126928	12877.08143
0.126934	12877.50389
0.126941	12877.9246
0.126947	12878.34405
0.126954	12878.78028
0.12696	12879.20355
0.126966	12879.63208
0.126973	12880.06019
0.126979	12880.50736
0.126986	12880.93878
0.126993	12881.3703
0.126999	12881.80931
0.127006	12882.24042
0.127012	12882.65894
0.127018	12883.08396
0.127025	12883.52955
0.127031	12883.96306
0.127038	12884.4041
0.127044	12884.83615
0.127051	12885.27459
0.127057	12885.70982
0.127063	12886.13246
0.12707	12886.57044
0.127076	12886.9975
0.127083	12887.42138
0.127089	12887.83174
0.127096	12888.24543
0.127102	12888.66083
0.127109	12889.08494
0.127115	12889.50704
0.127121	12889.9239
0.127128	12890.33586
0.127134	12890.76768
0.12714	12891.19184
0.127147	12891.61952
0.127153	12892.03451
0.127159	12892.45156
0.127166	12892.86889
0.127172	12893.28972
0.127179	12893.70703
0.127185	12894.12015
0.127192	12894.53662
0.127199	12894.95428
0.127205	12895.37202
0.127211	12895.78554
0.127218	12896.21231
0.127224	12896.63906
0.127231	12897.05768
0.127237	12897.48784
0.127244	12897.91652
0.12725	12898.35285
0.127257	12898.78667
0.127263	12899.21456
0.12727	12899.6457
0.127276	12900.06957
0.127283	12900.5033
0.127289	12900.92669
0.127296	12901.35478
0.127302	12901.77872
0.127308	12902.20011
0.127315	12902.61896
0.127322	12903.03988
0.127328	12903.45346
0.127335	12903.86368
0.127341	12904.27522
0.127347	12904.68997
0.127354	12905.11614
0.12736	12905.54299
0.127367	12905.97094
0.127373	12906.39933
0.12738	12906.82801
0.127386	12907.24848
0.127393	12907.66295
0.127399	12908.07533
0.127406	12908.49817
0.127413	12908.91822
0.127419	12909.34887
0.127426	12909.7534
0.127432	12910.17868
0.127439	12910.59801
0.127445	12911.0262
0.127451	12911.44487
0.127458	12911.86002
0.127465	12912.28797
0.127471	12912.70334
0.127477	12913.11565
0.127484	12913.56118
0.12749	12914.00562
0.127497	12914.45183
0.127504	12914.89131
0.12751	12915.33411
0.127517	12915.76899
0.127523	12916.19334
0.12753	12916.61038
0.127536	12917.03564
0.127543	12917.45885
0.127549	12917.87946
0.127556	12918.30861
0.127563	12918.73264
0.12757	12919.15816
0.127576	12919.58361
0.127582	12920.0073
0.127589	12920.42532
0.127596	12920.83896
0.127602	12921.25468
0.127609	12921.67413
0.127615	12922.09839
0.127622	12922.51427
0.127629	12922.93831
0.127635	12923.36703
0.127642	12923.78418
0.127648	12924.21124
0.127655	12924.62784
0.127661	12925.04508
0.127668	12925.47707
0.127674	12925.90656
0.127681	12926.3315
0.127688	12926.75503
0.127694	12927.17689
0.127701	12927.61133
0.127708	12928.04358
0.127715	12928.475
0.127721	12928.90428
0.127728	12929.33035
0.127734	12929.74516
0.127741	12930.15735
0.127747	12930.56687
0.127754	12930.98514
0.12776	12931.39579
0.127767	12931.80506
0.127773	12932.21977
0.12778	12932.64794
0.127786	12933.08362
0.127793	12933.55349
0.1278	12933.98932
0.127806	12934.41048
0.127813	12934.83694
0.12782	12935.28155
0.127827	12935.70867
0.127833	12936.14539
0.12784	12936.59582
0.127847	12937.03141
0.127854	12937.47942
0.12786	12937.91871
0.127867	12938.34442
0.127873	12938.76693
0.12788	12939.18406
0.127887	12939.60473
0.127893	12940.01988
0.1279	12940.44524
0.127906	12940.88166
0.127913	12941.31346
0.12792	12941.74547
0.127926	12942.16259
0.127932	12942.58793
0.127939	12943.0051
0.127945	12943.4268
0.127952	12943.85027
0.127958	12944.2625
0.127965	12944.67566
0.127971	12945.08926
0.127978	12945.51593
0.127985	12945.93831
0.127991	12946.3692
0.127998	12946.78552
0.128004	12947.20014
0.128011	12947.60901
0.128018	12948.01388
0.128024	12948.43568
0.128031	12948.86114
0.128037	12949.29814
0.128044	12949.72766
0.128051	12950.15344
0.128057	12950.55394
0.128063	12950.96807
0.12807	12951.38954
0.128076	12951.79347
0.128083	12952.20436
0.128089	12952.61476
0.128096	12953.03718
0.128102	12953.44829
0.128108	12953.86964
0.128115	12954.28294
0.128121	12954.69907
0.128128	12955.1267
0.128135	12955.54035
0.128141	12955.95848
0.128148	12956.37446
0.128154	12956.77958
0.128161	12957.18466
0.128167	12957.59982
0.128174	12958.00745
0.12818	12958.43096
0.128187	12958.85673
0.128193	12959.2714
0.1282	12959.67973
0.128206	12960.0925
0.128213	12960.51463
0.128219	12960.93768
0.128226	12961.36248
0.128233	12961.79247
0.128239	12962.2113
0.128246	12962.63309
0.128253	12963.05676
0.12826	12963.4785
0.128266	12963.90725
0.128273	12964.32352
0.128279	12964.75051
0.128286	12965.16222
0.128293	12965.56166
0.128299	12965.96332
0.128305	12966.35327
0.128312	12966.75043
0.128318	12967.15107
0.128324	12967.55379
0.128331	12967.96074
0.128337	12968.37441
0.128344	12968.79841
0.12835	12969.21595
0.128357	12969.62767
0.128364	12970.04069
0.12837	12970.45752
0.128377	12970.86867
0.128383	12971.27075
0.128389	12971.67461
0.128395	12972.06957
0.128402	12972.48071
0.128408	12972.88185
0.128415	12973.2878
0.128421	12973.69015
0.128428	12974.09431
0.128434	12974.50236
0.128441	12974.90973
0.128448	12975.30928
0.128454	12975.7266
0.128461	12976.14818
0.128468	12976.57129
0.128474	12976.98652
0.128481	12977.39258
0.128487	12977.80003
0.128493	12978.21565
0.1285	12978.61647
0.128506	12979.02384
0.128513	12979.42186
0.128519	12979.84687
0.128526	12980.27743
0.128533	12980.68744
0.128539	12981.09954
0.128546	12981.51834
0.128552	12981.92136
0.128559	12982.33747
0.128565	12982.74123
0.128572	12983.14743
0.128578	12983.5591
0.128585	12983.97399
0.128591	12984.3988
0.128598	12984.83339
0.128604	12985.25971
0.128611	12985.67385
0.128617	12986.09034
0.128624	12986.49997
0.12863	12986.90797
0.128637	12987.32384
0.128644	12987.74977
0.12865	12988.17562
0.128657	12988.59011
0.128663	12989.00916
0.12867	12989.4232
0.128676	12989.84084
0.128683	12990.26867
0.12869	12990.69175
0.128696	12991.10036
0.128703	12991.50953
0.12871	12991.93093
0.128716	12992.34843
0.128723	12992.76304
0.128729	12993.17679
0.128736	12993.59829
0.128742	12994.01116
0.128749	12994.42952
0.128755	12994.82681
0.128762	12995.23225
0.128769	12995.64173
0.128775	12996.05579
0.128782	12996.47159
0.128788	12996.88368
0.128795	12997.30432
0.128802	12997.71646
0.128808	12998.1189
0.128815	12998.5287
0.128821	12998.93564
0.128828	12999.34633
0.128834	12999.75973
0.128841	13000.17359
0.128847	13000.59083
0.128854	13001.00361
0.12886	13001.41606
0.128867	13001.82246
0.128873	13002.23987
0.128879	13002.64203
0.128886	13003.05026
0.128893	13003.46444
0.128899	13003.87828
0.128906	13004.29752
0.128912	13004.71914
0.128919	13005.14316
0.128926	13005.55072
0.128932	13005.95579
0.128939	13006.36737
0.128945	13006.77249
0.128952	13007.19485
0.128958	13007.60495
0.128965	13008.02699
0.128971	13008.44053
0.128978	13008.84135
0.128984	13009.23658
0.12899	13009.64041
0.128997	13010.05514
0.129003	13010.45503
0.12901	13010.86953
0.129016	13011.27675
0.129022	13011.68997
0.129029	13012.09859
0.129035	13012.50251
0.129042	13012.92015
0.129049	13013.33001
0.129055	13013.73705
0.129061	13014.13714
0.129068	13014.54584
0.129074	13014.96343
0.129081	13015.3739
0.129087	13015.77893
0.129094	13016.1747
0.1291	13016.59316
0.129106	13017.00076
0.129113	13017.4077
0.129119	13017.81087
0.129125	13018.21044
0.129132	13018.61402
0.129138	13019.00972
0.129144	13019.41374
0.12915	13019.81184
0.129157	13020.20783
0.129163	13020.61081
0.12917	13021.03277
0.129176	13021.4657
0.129183	13021.8898
0.129189	13022.30053
0.129196	13022.72638
0.129202	13023.14437
0.129209	13023.55637
0.129215	13023.96712
0.129221	13024.37901
0.129228	13024.7986
0.129234	13025.21723
0.129241	13025.63246
0.129247	13026.03544
0.129254	13026.44136
0.12926	13026.83718
0.129267	13027.23818
0.129273	13027.64459
0.12928	13028.05811
0.129286	13028.47399
0.129293	13028.87822
0.129299	13029.29068
0.129306	13029.69275
0.129312	13030.0978
0.129319	13030.50939
0.129325	13030.92218
0.129332	13031.33774
0.129338	13031.74504
0.129344	13032.15436
0.129351	13032.56969
0.129357	13032.97946
0.129364	13033.39082
0.12937	13033.8074
0.129377	13034.22576
0.129383	13034.63404
0.12939	13035.03982
0.129396	13035.40497
0.129403	13035.80801
0.129409	13036.22395
0.129416	13036.63259
0.129422	13037.04516
0.129429	13037.45536
0.129435	13037.86612
0.129442	13038.27194
0.129448	13038.68355
0.129455	13039.09934
0.129461	13039.51989
0.129468	13039.93047
0.129474	13040.34023
0.129481	13040.74511
0.129487	13041.155
0.129493	13041.5636
0.1295	13041.98755
0.129507	13042.40784
0.129513	13042.82875
0.12952	13043.24391
0.129526	13043.6615
0.129533	13044.06947
0.129539	13044.48548
0.129546	13044.90355
0.129553	13045.32135
0.129559	13045.73597
0.129565	13046.13485
0.129572	13046.53132
0.129578	13046.93696
0.129585	13047.34079
0.129591	13047.74628
0.129598	13048.16291
0.129604	13048.58069
0.129611	13048.98672
0.129617	13049.39116
0.129624	13049.80689
0.12963	13050.22702
0.129637	13050.64882
0.129643	13051.04894
0.12965	13051.4613
0.129656	13051.86376
0.129663	13052.26965
0.12967	13052.69401
0.129676	13053.11797
0.129683	13053.53844
0.12969	13053.9544
0.129696	13054.35202
0.129703	13054.75946
0.129709	13055.17263
0.129716	13055.57864
0.129722	13055.99539
0.129729	13056.40412
0.129735	13056.81576
0.129741	13057.23228
0.129748	13057.64886
0.129755	13058.07191
0.129761	13058.48988
0.129768	13058.92211
0.129774	13059.35327
0.129781	13059.78609
0.129787	13060.20467
0.129794	13060.61606
0.129801	13061.02529
0.129807	13061.43928
0.129814	13061.8502
0.12982	13062.25522
0.129827	13062.67058
0.129833	13063.08476
0.12984	13063.50589
0.129846	13063.92141
0.129853	13064.32551
0.129859	13064.73397
0.129866	13065.13794
0.129872	13065.55156
0.129879	13065.96023
0.129885	13066.37449
0.129892	13066.77556
0.129898	13067.19327
0.129905	13067.59883
0.129911	13067.9998
0.129918	13068.40137
0.129924	13068.8043
0.129931	13069.22533
0.129938	13069.65577
0.129945	13070.08401
0.129952	13070.51875
0.129958	13070.94263
0.129965	13071.36685
0.129972	13071.78406
0.129978	13072.19685
0.129985	13072.6073
0.129991	13073.02375
0.129998	13073.44027
0.130004	13073.86186
0.130011	13074.28389
0.130018	13074.69634
0.130024	13075.11383
0.130031	13075.52854
0.130037	13075.93682
0.130044	13076.33017
0.13005	13076.7317
0.130057	13077.14763
0.130064	13077.55978
0.13007	13077.97701
0.130077	13078.38609
0.130083	13078.78785
0.13009	13079.18953
0.130096	13079.58737
0.130103	13079.98124
0.130109	13080.38045
0.130116	13080.78485
0.130123	13081.19496
0.130129	13081.59762
0.130136	13082.00111
0.130142	13082.41041
0.130149	13082.82749
0.130155	13083.23948
0.130162	13083.64729
0.130169	13084.04211
0.130175	13084.44161
0.130182	13084.86047
0.130188	13085.27577
0.130195	13085.68857
0.130201	13086.10622
0.130208	13086.51077
0.130215	13086.91838
0.130221	13087.32848
0.130228	13087.75017
0.130234	13088.15582
0.130241	13088.55527
0.130248	13088.95952
0.130254	13089.36831
0.13026	13089.78782
0.130267	13090.20979
0.130274	13090.63415
0.13028	13091.04006
0.130287	13091.44818
0.130294	13091.85252
0.130301	13092.26454
0.130307	13092.68359
0.130314	13093.08804
0.130321	13093.48858
0.130327	13093.89147
0.130334	13094.31502
0.13034	13094.73591
0.130347	13095.16013
0.130354	13095.58138
0.13036	13095.98343
0.130367	13096.40413
0.130373	13096.81745
0.130379	13097.21897
0.130386	13097.6238
0.130393	13098.02668
0.1304	13098.43547
0.130406	13098.85235
0.130413	13099.28505
0.13042	13099.70525
0.130427	13100.13439
0.130433	13100.54176
0.13044	13100.93509
0.130447	13101.35712
0.130453	13101.77638
0.13046	13102.2133
0.130467	13102.62937
0.130473	13103.04874
0.13048	13103.46745
0.130486	13103.88178
0.130493	13104.28952
0.1305	13104.69164
0.130506	13105.10149
0.130513	13105.50306
0.130519	13105.91253
0.130526	13106.31906
0.130533	13106.73302
0.13054	13107.15714
0.130546	13107.56977
0.130553	13107.97695
0.13056	13108.36704
0.130566	13108.75773
0.130573	13109.16749
0.13058	13109.5795
0.130586	13109.99488
0.130593	13110.40712
0.130599	13110.82324
0.130606	13111.24099
0.130613	13111.66904
0.13062	13112.09577
0.130626	13112.51588
0.130633	13112.91642
0.13064	13113.31522
0.130646	13113.7276
0.130653	13114.13859
0.13066	13114.55724
0.130667	13114.97087
0.130673	13115.39163
0.13068	13115.80322
0.130686	13116.21029
0.130693	13116.62879
0.130699	13117.03735
0.130706	13117.44622
0.130713	13117.86216
0.130719	13118.2824
0.130726	13118.69989
0.130732	13119.10136
0.130739	13119.50682
0.130746	13119.89717
0.130752	13120.30382
0.130759	13120.70437
0.130765	13121.11884
0.130772	13121.53628
0.130779	13121.95024
0.130785	13122.36522
0.130792	13122.76953
0.130799	13123.18885
0.130806	13123.61234
0.130812	13124.03657
0.130819	13124.45949
0.130825	13124.87136
0.130832	13125.27915
0.130839	13125.68993
0.130846	13126.11526
0.130852	13126.52473
0.130859	13126.93319
0.130866	13127.32853
0.130872	13127.7433
0.130879	13128.15713
0.130886	13128.56683
0.130892	13128.99174
0.130899	13129.40992
0.130906	13129.82491
0.130913	13130.24771
0.130919	13130.66463
0.130926	13131.08518
0.130933	13131.4899
0.13094	13131.90846
0.130946	13132.32798
0.130953	13132.74379
0.13096	13133.16068
0.130966	13133.57407
0.130973	13134.00229
0.13098	13134.42041
0.130986	13134.85639
0.130993	13135.28421
0.131	13135.71057
0.131007	13136.12238
0.131013	13136.52597
0.13102	13136.93922
0.131026	13137.34287
0.131033	13137.74812
0.13104	13138.15428
0.131047	13138.56507
0.131053	13138.9711
0.13106	13139.37497
0.131067	13139.77874
0.131074	13140.18137
0.13108	13140.58912
0.131087	13140.9924
0.131094	13141.39522
0.1311	13141.80474
0.131107	13142.2198
0.131114	13142.63978
0.131121	13143.04931
0.131127	13143.47724
0.131134	13143.88241
0.131141	13144.29448
0.131147	13144.69492
0.131154	13145.09217
0.131161	13145.53347
0.131167	13145.94444
0.131174	13146.38113
0.131181	13146.80732
0.131188	13147.22934
0.131195	13147.63542
0.131201	13148.04044
0.131208	13148.45794
0.131214	13148.87714
0.131221	13149.29331
0.131228	13149.70876
0.131235	13150.13337
0.131242	13150.55316
0.131248	13150.96311
0.131255	13151.37433
0.131262	13151.7942
0.131268	13152.21576
0.131275	13152.63865
0.131282	13153.0598
0.131289	13153.48963
0.131296	13153.89943
0.131302	13154.29685
0.131309	13154.70036
0.131316	13155.11257
0.131322	13155.52342
0.131329	13155.93519
0.131336	13156.35917
0.131342	13156.77969
0.131349	13157.2029
0.131356	13157.60321
0.131363	13158.01888
0.131369	13158.42587
0.131376	13158.82532
0.131383	13159.2389
0.13139	13159.65053
0.131396	13160.07541
0.131403	13160.49656
0.13141	13160.92246
0.131417	13161.34076
0.131423	13161.74978
0.13143	13162.1605
0.131437	13162.5773
0.131443	13162.99786
0.13145	13163.4152
0.131456	13163.8355
0.131463	13164.25255
0.13147	13164.67809
0.131477	13165.08876
0.131484	13165.50619
0.13149	13165.92379
0.131497	13166.34995
0.131504	13166.76438
0.131511	13167.18631
0.131517	13167.61589
0.131524	13168.03557
0.13153	13168.45249
0.131537	13168.87244
0.131544	13169.29074
0.131551	13169.71628
0.131558	13170.14346
0.131565	13170.57122
0.131571	13170.98423
0.131578	13171.3981
0.131585	13171.81785
0.131592	13172.20963
0.131598	13172.61019
0.131605	13173.0162
0.131612	13173.4453
0.131619	13173.87873
0.131626	13174.29447
0.131633	13174.71016
0.131639	13175.1052
0.131646	13175.51448
0.131653	13175.9282
0.13166	13176.34353
0.131666	13176.75705
0.131673	13177.16114
0.13168	13177.57544
0.131687	13177.99209
0.131693	13178.40888
0.1317	13178.82514
0.131707	13179.23666
0.131714	13179.65111
0.13172	13180.06894
0.131727	13180.48231
0.131734	13180.89043
0.131741	13181.30151
0.131748	13181.72155
0.131754	13182.13898
0.131761	13182.56626
0.131768	13182.98826
0.131775	13183.42272
0.131782	13183.84986
0.131788	13184.26897
0.131796	13184.69657
0.131802	13185.12021
0.13181	13185.55488
0.131816	13185.96391
0.131823	13186.37649
0.13183	13186.76761
0.131836	13187.17177
0.131843	13187.59718
0.13185	13188.01979
0.131857	13188.43008
0.131864	13188.82502
0.131871	13189.23734
0.131878	13189.66082
0.131884	13190.07437
0.131891	13190.48838
0.131898	13190.90129
0.131905	13191.30963
0.131912	13191.72216
0.131918	13192.14732
0.131925	13192.55159
0.131932	13192.95735
0.131939	13193.36969
0.131945	13193.77969
0.131952	13194.18898
0.131958	13194.59372
0.131965	13194.99434
0.131972	13195.40288
0.131978	13195.82
0.131985	13196.23888
0.131992	13196.65464
0.131999	13197.0662
0.132006	13197.48077
0.132012	13197.88486
0.132019	13198.29167
0.132026	13198.70455
0.132033	13199.12434
0.13204	13199.54501
0.132047	13199.97373
0.132054	13200.38876
0.132061	13200.80675
0.132068	13201.22267
0.132075	13201.65051
0.132082	13202.06671
0.132089	13202.48133
0.132096	13202.89571
0.132102	13203.31925
0.132109	13203.73585
0.132116	13204.1397
0.132123	13204.55085
0.132129	13204.94679
0.132136	13205.35551
0.132143	13205.76146
0.13215	13206.17527
0.132157	13206.59808
0.132164	13207.00309
0.132171	13207.40693
0.132177	13207.81842
0.132184	13208.23854
0.132191	13208.65522
0.132198	13209.06755
0.132204	13209.47816
0.132211	13209.89007
0.132218	13210.30192
0.132225	13210.71456
0.132232	13211.1313
0.132238	13211.5394
0.132246	13211.95721
0.132253	13212.38529
0.13226	13212.80627
0.132267	13213.21887
0.132273	13213.62482
0.13228	13214.04002
0.132287	13214.44214
0.132294	13214.84632
0.132301	13215.25046
0.132308	13215.67324
0.132314	13216.08801
0.132321	13216.5018
0.132328	13216.91606
0.132335	13217.32905
0.132342	13217.75519
0.132349	13218.17981
0.132356	13218.6072
0.132363	13219.01887
0.13237	13219.4407
0.132377	13219.86885
0.132384	13220.27939
0.132391	13220.69447
0.132398	13221.09502
0.132404	13221.51
0.132411	13221.9232
0.132418	13222.33957
0.132425	13222.76554
0.132432	13223.18012
0.132439	13223.60751
0.132446	13224.02475
0.132453	13224.44804
0.13246	13224.86586
0.132467	13225.28284
0.132474	13225.70125
0.132481	13226.11417
0.132488	13226.52466
0.132495	13226.93673
0.132502	13227.35456
0.132508	13227.76317
0.132515	13228.17339
0.132522	13228.58449
0.132529	13228.98993
0.132536	13229.40238
0.132542	13229.81135
0.132549	13230.23031
0.132556	13230.65272
0.132563	13231.07502
0.13257	13231.49346
0.132577	13231.90097
0.132584	13232.31663
0.13259	13232.70825
0.132597	13233.11239
0.132604	13233.504
0.132611	13233.90052
0.132617	13234.30246
0.132624	13234.7137
0.132631	13235.12539
0.132637	13235.53249
0.132644	13235.94035
0.132651	13236.34977
0.132658	13236.76445
0.132665	13237.16221
0.132672	13237.5735
0.132679	13237.98326
0.132686	13238.3824
0.132692	13238.78362
0.132699	13239.18206
0.132706	13239.58883
0.132713	13240.01004
0.13272	13240.41316
0.132727	13240.82799
0.132733	13241.24029
0.13274	13241.66174
0.132748	13242.06973
0.132754	13242.47326
0.132761	13242.89271
0.132768	13243.29713
0.132775	13243.7042
0.132782	13244.10927
0.132789	13244.50889
0.132796	13244.91975
0.132802	13245.34171
0.13281	13245.76813
0.132817	13246.17095
0.132824	13246.57849
0.132831	13246.99061
0.132837	13247.371
0.132844	13247.77365
0.132851	13248.18613
0.132858	13248.59828
0.132865	13249.00497
0.132872	13249.42387
0.132879	13249.83815
0.132886	13250.2626
0.132893	13250.68253
0.132899	13251.08753
0.132906	13251.49694
0.132913	13251.91569
0.13292	13252.3317
0.132927	13252.73233
0.132934	13253.13683
0.132941	13253.54071
0.132948	13253.95035
0.132955	13254.36394
0.132962	13254.76953
0.132969	13255.17151
0.132976	13255.56555
0.132983	13255.95763
0.132989	13256.35305
0.132996	13256.75109
0.133003	13257.15872
0.13301	13257.57095
0.133017	13257.9814
0.133024	13258.38439
0.133031	13258.80243
0.133038	13259.22679
0.133045	13259.64152
0.133052	13260.07632
0.133059	13260.51846
0.133067	13260.95195
0.133074	13261.3732
0.133081	13261.78649
0.133088	13262.20725
0.133095	13262.62355
0.133102	13263.03325
0.133109	13263.449
0.133116	13263.85836
0.133123	13264.26941
0.13313	13264.68481
0.133137	13265.10252
0.133144	13265.51536
0.133151	13265.92514
0.133158	13266.33153
0.133164	13266.70542
0.133171	13267.08662
0.133178	13267.48129
0.133185	13267.87531
0.133192	13268.26873
0.133198	13268.68119
0.133205	13269.09348
0.133213	13269.50529
0.13322	13269.90691
0.133227	13270.31014
0.133233	13270.70257
0.13324	13271.09802
0.133247	13271.49356
0.133254	13271.89001
0.133261	13272.2905
0.133268	13272.69514
0.133276	13273.11387
0.133282	13273.5235
0.13329	13273.93046
0.133296	13274.33152
0.133303	13274.7328
0.13331	13275.12317
0.133317	13275.52392
0.133324	13275.9128
0.133331	13276.30197
0.133338	13276.68943
0.133344	13277.087
0.133351	13277.49
0.133358	13277.89184
0.133365	13278.30179
0.133372	13278.71381
0.133379	13279.11881
0.133386	13279.52519
0.133393	13279.92687
0.133399	13280.32445
0.133406	13280.72497
0.133414	13281.13844
0.13342	13281.55253
0.133427	13281.95658
0.133434	13282.35922
0.133442	13282.76985
0.133448	13283.17856
0.133455	13283.57803
0.133462	13283.9759
0.133469	13284.37849
0.133476	13284.79
0.133483	13285.19324
0.13349	13285.59614
0.133497	13285.99151
0.133504	13286.38837
0.13351	13286.79507
0.133517	13287.19548
0.133524	13287.60744
0.133531	13288.01647
0.133538	13288.43915
0.133545	13288.8541
0.133551	13289.23747
0.133558	13289.61249
0.133565	13289.99888
0.133572	13290.39886
0.133579	13290.79761
0.133586	13291.19577
0.133592	13291.5924
0.133599	13291.99441
0.133606	13292.3905
0.133613	13292.79332
0.133621	13293.19918
0.133628	13293.59968
0.133634	13293.97966
0.133641	13294.37249
0.133648	13294.76233
0.133655	13295.16012
0.133662	13295.56945
0.133669	13295.98504
0.133676	13296.38753
0.133683	13296.78531
0.13369	13297.17842
0.133697	13297.57711
0.133704	13297.97173
0.133711	13298.35608
0.133718	13298.75701
0.133724	13299.16262
0.133732	13299.55932
0.133738	13299.9498
0.133745	13300.33555
0.133752	13300.74196
0.133758	13301.13842
0.133765	13301.5393
0.133772	13301.93738
0.133779	13302.33167
0.133786	13302.73867
0.133793	13303.15357
0.1338	13303.55317
0.133807	13303.94728
0.133814	13304.35121
0.133821	13304.75793
0.133828	13305.16679
0.133835	13305.575
0.133842	13305.98308
0.133849	13306.41313
0.133857	13306.84838
0.133864	13307.27455
0.133871	13307.68368
0.133878	13308.09994
0.133885	13308.51281
0.133892	13308.92475
0.133899	13309.33727
0.133906	13309.75793
0.133913	13310.17546
0.13392	13310.58946
0.133928	13310.99897
0.133935	13311.40511
0.133942	13311.81143
0.133949	13312.22196
0.133956	13312.62972
0.133963	13313.04242
0.13397	13313.4508
0.133977	13313.8608
0.133984	13314.26729
0.133991	13314.67498
0.133998	13315.08616
0.134005	13315.49001
0.134012	13315.90606
0.13402	13316.31478
0.134027	13316.72436
0.134034	13317.12453
0.13404	13317.52108
0.134047	13317.92631
0.134054	13318.333
0.134061	13318.7424
0.134069	13319.1465
0.134076	13319.5676
0.134082	13319.97989
0.13409	13320.39332
0.134097	13320.80447
0.134104	13321.21828
0.134111	13321.62641
0.134118	13322.0371
0.134125	13322.42783
0.134131	13322.83249
0.134139	13323.23169
0.134146	13323.63578
0.134153	13324.03025
0.13416	13324.42701
0.134166	13324.82951
0.134174	13325.24591
0.13418	13325.63368
0.134188	13326.01339
0.134194	13326.40444
0.134202	13326.79668
0.134208	13327.18792
0.134215	13327.58271
0.134222	13327.99039
0.134229	13328.39434
0.134236	13328.7973
0.134243	13329.1918
0.13425	13329.59152
0.134257	13329.99147
0.134264	13330.39332
0.134271	13330.78523
0.134278	13331.17222
0.134285	13331.56742
0.134292	13331.95936
0.134298	13332.3593
0.134305	13332.76546
0.134312	13333.15275
0.134319	13333.55174
0.134326	13333.96772
0.134333	13334.36063
0.13434	13334.7574
0.134347	13335.16617
0.134354	13335.56626
0.134361	13335.97182
0.134368	13336.38039
0.134375	13336.77804
0.134382	13337.19065
0.13439	13337.59295
0.134396	13337.99123
0.134403	13338.39514
0.13441	13338.78315
0.134417	13339.18117
0.134424	13339.58638
0.134431	13339.98345
0.134438	13340.38606
0.134445	13340.79076
0.134452	13341.19861
0.134459	13341.60605
0.134466	13342.01709
0.134473	13342.42499
0.13448	13342.82959
0.134487	13343.25012
0.134494	13343.65289
0.134501	13344.05485
0.134508	13344.45954
0.134515	13344.87138
0.134522	13345.27288
0.134529	13345.67779
0.134536	13346.07919
0.134543	13346.48098
0.13455	13346.89202
0.134557	13347.28896
0.134564	13347.69299
0.134571	13348.08014
0.134578	13348.46411
0.134585	13348.86187
0.134592	13349.26014
0.134599	13349.66685
0.134606	13350.06535
0.134613	13350.467
0.13462	13350.85719
0.134627	13351.25236
0.134634	13351.64314
0.134641	13352.03999
0.134648	13352.44726
0.134655	13352.85435
0.134662	13353.26739
0.13467	13353.67847
0.134676	13354.08596
0.134684	13354.50109
0.134691	13354.9085
0.134698	13355.31963
0.134705	13355.71991
0.134712	13356.12313
0.134719	13356.52171
0.134726	13356.92703
0.134733	13357.32914
0.13474	13357.73524
0.134747	13358.15388
0.134754	13358.55065
0.134761	13358.94138
0.134768	13359.31872
0.134775	13359.70126
0.134782	13360.08923
0.134789	13360.48875
0.134796	13360.89019
0.134803	13361.28381
0.13481	13361.69305
0.134817	13362.09174
0.134824	13362.4903
0.134832	13362.88337
0.134839	13363.27704
0.134846	13363.67101
0.134853	13364.06789
0.13486	13364.45626
0.134867	13364.84337
0.134873	13365.24095
0.134881	13365.67936
0.134888	13366.09627
0.134895	13366.52113
0.134902	13366.92364
0.134909	13367.32385
0.134916	13367.73422
0.134923	13368.13913
0.13493	13368.54646
0.134937	13368.96059
0.134944	13369.38353
0.134951	13369.78841
0.134958	13370.21302
0.134965	13370.63724
0.134973	13371.0508
0.13498	13371.45349
0.134987	13371.87102
0.134994	13372.27648
0.135001	13372.67072
0.135008	13373.06961
0.135015	13373.47252
0.135022	13373.8864
0.135029	13374.29003
0.135036	13374.70598
0.135043	13375.11989
0.13505	13375.53485
0.135058	13375.95128
0.135065	13376.3595
0.135072	13376.77815
0.135079	13377.19035
0.135086	13377.60634
0.135093	13378.01997
0.1351	13378.4348
0.135108	13378.85209
0.135115	13379.26048
0.135122	13379.67583
0.135129	13380.07781
0.135136	13380.48689
0.135143	13380.89659
0.13515	13381.30125
0.135157	13381.71686
0.135165	13382.12248
0.135172	13382.53745
0.135179	13382.95145
0.135186	13383.3631
0.135193	13383.77456
0.1352	13384.18841
0.135207	13384.59924
0.135214	13385.02465
0.135221	13385.4338
0.135228	13385.82749
0.135235	13386.23514
0.135242	13386.63837
0.135249	13387.04001
0.135256	13387.44828
0.135264	13387.85778
0.135271	13388.28851
0.135278	13388.71154
0.135285	13389.13325
0.135292	13389.53613
0.135299	13389.91526
0.135307	13390.33328
0.135314	13390.74331
0.135321	13391.14849
0.135328	13391.56013
0.135335	13391.96344
0.135342	13392.39138
0.135349	13392.81317
0.135356	13393.24181
0.135363	13393.665
0.13537	13394.0667
0.135377	13394.46669
0.135384	13394.86921
0.135391	13395.27208
0.135398	13395.6825
0.135406	13396.1007
0.135413	13396.51776
0.13542	13396.92603
0.135427	13397.33733
0.135434	13397.75802
0.135442	13398.17641
0.135449	13398.60068
0.135456	13399.01384
0.135463	13399.43133
0.13547	13399.82964
0.135477	13400.23712
0.135484	13400.6472
0.135491	13401.0543
0.135498	13401.45913
0.135505	13401.86313
0.135512	13402.26066
0.135519	13402.6677
0.135527	13403.08036
0.135534	13403.51087
0.135541	13403.94028
0.135548	13404.37131
0.135556	13404.79242
0.135562	13405.20497
0.13557	13405.61359
0.135577	13406.02325
0.135584	13406.4421
0.135591	13406.85476
0.135598	13407.27775
0.135606	13407.69889
0.135613	13408.11209
0.13562	13408.52955
0.135627	13408.93783
0.135634	13409.34132
0.135641	13409.74702
0.135649	13410.14701
0.135656	13410.55814
0.135663	13410.97145
0.13567	13411.39307
0.135678	13411.80414
0.135685	13412.21093
0.135692	13412.60939
0.135699	13413.00336
0.135706	13413.39755
0.135713	13413.79887
0.135721	13414.19863
0.135728	13414.59457
0.135735	13414.99402
0.135742	13415.39138
0.135749	13415.78516
0.135756	13416.181
0.135763	13416.55852
0.13577	13416.9588
0.135777	13417.35662
0.135785	13417.76526
0.135792	13418.17856
0.135799	13418.59204
0.135806	13418.99392
0.135814	13419.40869
0.135821	13419.83206
0.135828	13420.24335
0.135835	13420.65907
0.135843	13421.0607
0.13585	13421.47467
0.135858	13421.89069
0.135865	13422.30336
0.135872	13422.7156
0.135879	13423.12837
0.135887	13423.54795
0.135894	13423.96227
0.135901	13424.3747
0.135909	13424.78789
0.135916	13425.19807
0.135923	13425.63155
0.135931	13426.04213
0.135938	13426.45065
0.135945	13426.85556
0.135953	13427.26698
0.13596	13427.68319
0.135967	13428.11318
0.135975	13428.54928
0.135982	13428.97068
0.135989	13429.39793
0.135997	13429.81426
0.136004	13430.23342
0.136012	13430.64455
0.136019	13431.0499
0.136026	13431.46759
0.136034	13431.87947
0.13604	13432.27181
0.136048	13432.66795
0.136055	13433.06706
0.136062	13433.47506
0.136069	13433.8898
0.136076	13434.30789
0.136084	13434.70927
0.136091	13435.11966
0.136099	13435.52992
0.136106	13435.93501
0.136113	13436.34783
0.13612	13436.75961
0.136127	13437.17223
0.136135	13437.577
0.136142	13437.98008
0.136149	13438.38352
0.136157	13438.79458
0.136164	13439.21177
0.136171	13439.62598
0.136178	13440.03413
0.136186	13440.43716
0.136193	13440.84992
0.1362	13441.25587
0.136208	13441.66776
0.136215	13442.06517
0.136222	13442.46564
0.136229	13442.87888
0.136236	13443.28812
0.136243	13443.68319
0.136251	13444.09319
0.136258	13444.50507
0.136265	13444.94661
0.136272	13445.36597
0.13628	13445.76925
0.136287	13446.18083
0.136295	13446.58896
0.136302	13447.00031
0.136309	13447.4116
0.136316	13447.81952
0.136324	13448.22521
0.136331	13448.61414
0.136338	13449.00811
0.136345	13449.41472
0.136353	13449.82163
0.13636	13450.23307
0.136367	13450.6451
0.136374	13451.04377
0.136381	13451.43219
0.136388	13451.82731
0.136395	13452.23792
0.136403	13452.64339
0.13641	13453.05119
0.136418	13453.46328
0.136425	13453.87112
0.136432	13454.27578
0.136439	13454.68433
0.136446	13455.09645
0.136454	13455.50356
0.136461	13455.92093
0.136469	13456.3271
0.136476	13456.73508
0.136483	13457.13259
0.13649	13457.53052
0.136498	13457.93293
0.136505	13458.33848
0.136513	13458.763
0.13652	13459.16411
0.136527	13459.58099
0.136535	13459.98562
0.136542	13460.39527
0.136549	13460.79926
0.136556	13461.2061
0.136564	13461.6095
0.136571	13461.99642
0.136578	13462.39714
0.136585	13462.79846
0.136592	13463.20642
0.1366	13463.62244
0.136607	13464.0289
0.136614	13464.4366
0.136622	13464.84607
0.136629	13465.24839
0.136636	13465.65322
0.136644	13466.06403
0.136651	13466.46747
0.136658	13466.86634
0.136666	13467.26625
0.136673	13467.6676
0.136681	13468.07298
0.136688	13468.48057
0.136696	13468.88508
0.136703	13469.28657
0.13671	13469.67439
0.136718	13470.06486
0.136725	13470.44262
0.136732	13470.82644
0.136739	13471.23473
0.136747	13471.63706
0.136754	13472.04227
0.136761	13472.44572
0.136769	13472.8542
0.136776	13473.26075
0.136784	13473.6564
0.136791	13474.06492
0.136798	13474.47468
0.136806	13474.88067
0.136813	13475.29305
0.13682	13475.70302
0.136828	13476.09694
0.136835	13476.50808
0.136842	13476.91334
0.13685	13477.32307
0.136857	13477.72596
0.136864	13478.10864
0.136871	13478.51631
0.136878	13478.90537
0.136886	13479.29516
0.136893	13479.68696
0.1369	13480.06714
0.136907	13480.45268
0.136914	13480.8506
0.136922	13481.25007
0.136929	13481.64821
0.136936	13482.04461
0.136944	13482.4388
0.136951	13482.84511
0.136959	13483.26121
0.136966	13483.67271
0.136973	13484.07891
0.136981	13484.4847
0.136988	13484.89545
0.136995	13485.28701
0.137003	13485.68643
0.13701	13486.0882
0.137017	13486.48654
0.137025	13486.88342
0.137032	13487.28663
0.137039	13487.68555
0.137047	13488.07843
0.137054	13488.49019
0.137061	13488.89937
0.137069	13489.31064
0.137076	13489.71034
0.137083	13490.11339
0.137091	13490.51327
0.137098	13490.90816
0.137106	13491.298
0.137113	13491.69185
0.137121	13492.08134
0.137128	13492.47981
0.137136	13492.8817
0.137143	13493.27978
0.13715	13493.6712
0.137158	13494.06938
0.137165	13494.46291
0.137172	13494.86201
0.13718	13495.26379
0.137187	13495.65381
0.137195	13496.04748
0.137202	13496.4353
0.137209	13496.82829
0.137216	13497.22041
0.137224	13497.61545
0.137231	13498.00655
0.137238	13498.38774
0.137245	13498.76388
0.137252	13499.15374
0.137259	13499.54208
0.137267	13499.93106
0.137274	13500.33016
0.137282	13500.72455
0.137289	13501.1274
0.137296	13501.53674
0.137304	13501.9476
0.137311	13502.34445
0.137319	13502.73985
0.137326	13503.13905
0.137333	13503.52609
0.137341	13503.925
0.137348	13504.31874
0.137355	13504.71787
0.137363	13505.11903
0.13737	13505.51455
0.137377	13505.91798
0.137385	13506.30929
0.137392	13506.69982
0.137399	13507.07591
0.137406	13507.45426
0.137413	13507.82375
0.137421	13508.20828
0.137428	13508.60253
0.137435	13508.97872
0.137442	13509.36182
0.13745	13509.74089
0.137457	13510.12177
0.137464	13510.50936
0.137472	13510.89884
0.137479	13511.29396
0.137486	13511.70079
0.137494	13512.10652
0.137501	13512.50808
0.137508	13512.90652
0.137516	13513.30065
0.137523	13513.6946
0.137531	13514.08866
0.137538	13514.47938
0.137545	13514.89253
0.137553	13515.30178
0.13756	13515.71145
0.137568	13516.11935
0.137575	13516.52019
0.137582	13516.9265
0.137589	13517.32113
0.137597	13517.71862
0.137604	13518.11119
0.137611	13518.50503
0.137619	13518.89957
0.137627	13519.30101
0.137634	13519.70714
0.137641	13520.11678
0.137649	13520.52778
0.137656	13520.93034
0.137663	13521.32588
0.13767	13521.71457
0.137677	13522.09626
0.137685	13522.46781
0.137692	13522.86035
0.137699	13523.26153
0.137707	13523.65755
0.137714	13524.05117
0.137722	13524.45119
0.137729	13524.85078
0.137737	13525.24791
0.137744	13525.64374
0.137752	13526.04542
0.137759	13526.44459
0.137767	13526.84154
0.137774	13527.23278
0.137781	13527.61732
0.137789	13528.00054
0.137797	13528.38767
0.137804	13528.78022
0.137812	13529.17631
0.137819	13529.57538
0.137827	13529.9661
0.137834	13530.35821
0.137842	13530.74644
0.137849	13531.13024
0.137857	13531.52735
0.137864	13531.92244
0.137872	13532.31862
0.137879	13532.71512
0.137886	13533.12023
0.137894	13533.5224
0.137901	13533.92427
0.137909	13534.30225
0.137916	13534.67584
0.137923	13535.07619
0.137931	13535.47586
0.137938	13535.8743
0.137946	13536.26303
0.137953	13536.65791
0.137961	13537.0615
0.137968	13537.46282
0.137976	13537.85989
0.137983	13538.24457
0.137991	13538.62857
0.137998	13539.01435
0.138006	13539.39788
0.138013	13539.78798
0.13802	13540.16492
0.138028	13540.56406
0.138035	13540.94263
0.138043	13541.34001
0.13805	13541.73508
0.138058	13542.14024
0.138065	13542.53529
0.138072	13542.92626
0.13808	13543.32217
0.138087	13543.72015
0.138095	13544.11831
0.138102	13544.51054
0.138109	13544.90736
0.138117	13545.30198
0.138124	13545.70227
0.138132	13546.1032
0.13814	13546.49856
0.138147	13546.91086
0.138155	13547.31925
0.138162	13547.71774
0.13817	13548.09793
0.138177	13548.48167
0.138184	13548.8717
0.138192	13549.2484
0.138199	13549.63868
0.138207	13550.02728
0.138214	13550.41896
0.138222	13550.81581
0.138229	13551.21226
0.138237	13551.60643
0.138244	13551.98933
0.138252	13552.37837
0.138259	13552.77076
0.138267	13553.18378
0.138274	13553.5969
0.138282	13553.99078
0.138289	13554.3707
0.138297	13554.756
0.138304	13555.14175
0.138312	13555.5275
0.138319	13555.91942
0.138327	13556.31139
0.138334	13556.71612
0.138342	13557.11427
0.138349	13557.50643
0.138357	13557.89782
0.138364	13558.29507
0.138372	13558.67494
0.138379	13559.06379
0.138387	13559.45761
0.138394	13559.8521
0.138402	13560.242
0.13841	13560.63714
0.138417	13561.03316
0.138425	13561.41922
0.138432	13561.79545
0.138439	13562.17192
0.138447	13562.55536
0.138454	13562.93882
0.138462	13563.32369
0.13847	13563.7125
0.138477	13564.0957
0.138484	13564.47684
0.138492	13564.8479
0.138499	13565.2302
0.138507	13565.60784
0.138514	13565.99009
0.138521	13566.37461
0.138528	13566.75397
0.138536	13567.13964
0.138543	13567.50834
0.138551	13567.88452
0.138558	13568.2644
0.138566	13568.65756
0.138573	13569.03055
0.138581	13569.41683
0.138588	13569.79912
0.138596	13570.1771
0.138603	13570.55065
0.13861	13570.9369
0.138618	13571.36858
0.138626	13571.7886
0.138633	13572.18339
0.138641	13572.58529
0.138648	13572.98199
0.138656	13573.37502
0.138663	13573.76927
0.138671	13574.17124
0.138678	13574.57599
0.138686	13574.97344
0.138693	13575.38114
0.138701	13575.77748
0.138708	13576.18487
0.138716	13576.59557
0.138724	13576.99357
0.138731	13577.38908
0.138739	13577.78574
0.138746	13578.19629
0.138753	13578.5926
0.138761	13578.98449
0.138768	13579.38517
0.138776	13579.79508
0.138783	13580.21231
0.138791	13580.61901
0.138799	13581.02511
0.138806	13581.42584
0.138814	13581.83208
0.138822	13582.23731
0.13883	13582.62892
0.138837	13583.02334
0.138845	13583.4175
0.138852	13583.80384
0.13886	13584.19091
0.138868	13584.58666
0.138875	13584.98315
0.138882	13585.37357
0.13889	13585.77332
0.138897	13586.16211
0.138905	13586.54817
0.138913	13586.92378
0.13892	13587.30823
0.138928	13587.68936
0.138935	13588.0676
0.138943	13588.43734
0.138949	13588.80345
0.138957	13589.18842
0.138965	13589.57562
0.138972	13589.97951
0.13898	13590.36811
0.138987	13590.767
0.138995	13591.15406
0.139003	13591.54293
0.13901	13591.93537
0.139018	13592.3139
0.139025	13592.69071
0.139033	13593.08263
0.13904	13593.47446
0.139047	13593.8707
0.139055	13594.26766
0.139062	13594.65272
0.13907	13595.03455
0.139077	13595.41559
0.139084	13595.78855
0.139092	13596.16496
0.139099	13596.55299
0.139107	13596.94444
0.139115	13597.33063
0.139122	13597.72129
0.13913	13598.10513
0.139137	13598.48772
0.139145	13598.87596
0.139152	13599.27562
0.13916	13599.6737
0.139167	13600.07352
0.139175	13600.47676
0.139183	13600.87935
0.13919	13601.26766
0.139197	13601.65654
0.139205	13602.04499
0.139212	13602.42607
0.13922	13602.81136
0.139227	13603.19502
0.139234	13603.57631
0.139242	13603.95283
0.139249	13604.34096
0.139257	13604.7237
0.139264	13605.10168
0.139271	13605.47864
0.139279	13605.86917
0.139286	13606.26486
0.139294	13606.65402
0.139302	13607.04265
0.139309	13607.42291
0.139317	13607.80948
0.139324	13608.2027
0.139332	13608.59328
0.139339	13608.98313
0.139347	13609.37102
0.139354	13609.74576
0.139362	13610.13254
0.13937	13610.52185
0.139377	13610.9047
0.139385	13611.28944
0.139392	13611.66795
0.1394	13612.05477
0.139407	13612.43782
0.139414	13612.8288
0.139422	13613.21832
0.13943	13613.60952
0.139437	13613.99433
0.139445	13614.36977
0.139452	13614.76424
0.13946	13615.15286
0.139468	13615.54864
0.139475	13615.94608
0.139483	13616.33841
0.13949	13616.71822
0.139498	13617.09368
0.139505	13617.47505
0.139513	13617.85364
0.13952	13618.23965
0.139528	13618.61966
0.139535	13619.00437
0.139543	13619.39303
0.13955	13619.77166
0.139558	13620.15809
0.139565	13620.53539
0.139573	13620.92111
0.13958	13621.30482
0.139588	13621.68302
0.139595	13622.07122
0.139603	13622.45529
0.13961	13622.84886
0.139618	13623.24588
0.139626	13623.63563
0.139633	13624.01435
0.13964	13624.39292
0.139648	13624.7781
0.139655	13625.16839
0.139663	13625.56166
0.139671	13625.95683
0.139678	13626.33549
0.139686	13626.7179
0.139693	13627.10628
0.139701	13627.48204
0.139708	13627.8596
0.139715	13628.25425
0.139723	13628.68803
0.139731	13629.09617
0.139739	13629.49249
0.139746	13629.88637
0.139754	13630.27384
0.139761	13630.65827
0.139769	13631.04298
0.139777	13631.4341
0.139784	13631.82846
0.139792	13632.223
0.1398	13632.61868
0.139807	13633.01694
0.139815	13633.41281
0.139822	13633.79956
0.13983	13634.18512
0.139837	13634.57515
0.139845	13634.96407
0.139853	13635.36193
0.13986	13635.76592
0.139868	13636.17156
0.139876	13636.56175
0.139883	13636.95277
0.139891	13637.34241
0.139898	13637.72027
0.139906	13638.09849
0.139913	13638.47717
0.139921	13638.8696
0.139928	13639.25236
0.139936	13639.64859
0.139943	13640.0298
0.139951	13640.42588
0.139958	13640.81096
0.139966	13641.2023
0.139974	13641.58797
0.139981	13641.96992
0.139989	13642.36693
0.139996	13642.75158
0.140004	13643.1425
0.140012	13643.52709
0.140019	13643.91725
0.140027	13644.29679
0.140034	13644.6716
0.140042	13645.05136
0.14005	13645.43414
0.140057	13645.83153
0.140065	13646.22777
0.140073	13646.62961
0.140081	13647.04341
0.140089	13647.42275
0.140096	13647.80006
0.140104	13648.18073
0.140112	13648.56365
0.140119	13648.94386
0.140127	13649.32684
0.140134	13649.70655
0.140142	13650.07644
0.140149	13650.45708
0.140157	13650.83465
0.140164	13651.21565
0.140172	13651.59436
0.140179	13651.97129
0.140187	13652.35305
0.140194	13652.72201
0.140202	13653.09671
0.14021	13653.4726
0.140217	13653.85244
0.140225	13654.23324
0.140233	13654.60972
0.14024	13654.98608
0.140248	13655.36368
0.140255	13655.74935
0.140263	13656.12252
0.14027	13656.50559
0.140278	13656.88069
0.140285	13657.26807
0.140293	13657.65927
0.140301	13658.03643
0.140308	13658.42446
0.140316	13658.7899
0.140323	13659.15297
0.140331	13659.52148
0.140338	13659.90116
0.140346	13660.27087
0.140353	13660.63691
0.140361	13661.01423
0.140368	13661.4019
0.140376	13661.78145
0.140383	13662.15864
0.140391	13662.54839
0.140399	13662.9342
0.140406	13663.32081
0.140414	13663.69962
0.140421	13664.07348
0.140429	13664.45107
0.140437	13664.82628
0.140444	13665.21083
0.140451	13665.57936
0.140459	13665.95248
0.140467	13666.33963
0.140474	13666.7201
0.140482	13667.10655
0.140489	13667.49424
0.140497	13667.88959
0.140505	13668.28745
0.140513	13668.68847
0.14052	13669.08637
0.140528	13669.47914
0.140535	13669.86534
0.140543	13670.25227
0.14055	13670.63794
0.140558	13671.01651
0.140565	13671.38698
0.140573	13671.75585
0.140581	13672.13244
0.140588	13672.50627
0.140596	13672.88544
0.140603	13673.26335
0.140611	13673.65366
0.140618	13674.03841
0.140626	13674.43387
0.140634	13674.82769
0.140641	13675.21399
0.140649	13675.60055
0.140656	13675.97865
0.140664	13676.34349
0.140672	13676.72156
0.140679	13677.09715
0.140687	13677.47199
0.140694	13677.84875
0.140702	13678.23018
0.140709	13678.60831
0.140717	13678.99036
0.140725	13679.37952
0.140733	13679.77218
0.14074	13680.15292
0.140748	13680.52919
0.140756	13680.91136
0.140764	13681.29158
0.140771	13681.67205
0.140779	13682.05114
0.140787	13682.43302
0.140794	13682.81711
0.140802	13683.19582
0.14081	13683.57686
0.140818	13683.95862
0.140825	13684.33468
0.140833	13684.69681
0.14084	13685.06729
0.140848	13685.43271
0.140856	13685.80345
0.140864	13686.18661
0.140871	13686.57009
0.140879	13686.96049
0.140886	13687.3432
0.140894	13687.72966
0.140902	13688.11419
0.140909	13688.50239
0.140917	13688.8912
0.140925	13689.27474
0.140932	13689.65623
0.14094	13690.02372
0.140948	13690.40087
0.140955	13690.78294
0.140963	13691.16196
0.140971	13691.54749
0.140979	13691.92108
0.140986	13692.29509
0.140994	13692.67695
0.141002	13693.06365
0.141009	13693.44855
0.141017	13693.84106
0.141025	13694.23862
0.141032	13694.6295
0.14104	13695.03016
0.141048	13695.41312
0.141056	13695.80354
0.141063	13696.18604
0.141071	13696.58153
0.141079	13696.9883
0.141087	13697.37859
0.141095	13697.77398
0.141103	13698.15926
0.141111	13698.55942
0.141118	13698.95588
0.141126	13699.34367
0.141134	13699.72592
0.141142	13700.10883
0.14115	13700.49786
0.141157	13700.89258
0.141165	13701.30516
0.141173	13701.70355
0.141181	13702.09878
0.141189	13702.49119
0.141197	13702.86429
0.141204	13703.23507
0.141212	13703.61431
0.14122	13704.00994
0.141227	13704.39205
0.141235	13704.76755
0.141243	13705.1512
0.141251	13705.53572
0.141259	13705.9063
0.141266	13706.28507
0.141274	13706.66556
0.141281	13707.04175
0.141289	13707.41734
0.141296	13707.79723
0.141304	13708.18198
0.141312	13708.57435
0.14132	13708.95996
0.141328	13709.34917
0.141335	13709.73596
0.141343	13710.12526
0.141351	13710.49843
0.141359	13710.88216
0.141367	13711.2636
0.141374	13711.63505
0.141382	13712.01254
0.14139	13712.39318
0.141398	13712.78256
0.141406	13713.17539
0.141414	13713.56563
0.141421	13713.94159
0.141429	13714.315
0.141437	13714.68342
0.141445	13715.05079
0.141452	13715.44532
0.14146	13715.82294
0.141468	13716.19666
0.141475	13716.5728
0.141483	13716.95574
0.141491	13717.34943
0.141499	13717.7482
0.141507	13718.13093
0.141515	13718.51941
0.141522	13718.90344
0.14153	13719.29613
0.141538	13719.68123
0.141546	13720.06066
0.141554	13720.43342
0.141561	13720.79773
0.141569	13721.16824
0.141577	13721.5385
0.141585	13721.90938
0.141592	13722.2846
0.1416	13722.66074
0.141608	13723.03651
0.141616	13723.41863
0.141624	13723.79369
0.141632	13724.17749
0.141639	13724.54566
0.141647	13724.91832
0.141655	13725.29437
0.141663	13725.68804
0.141671	13726.07635
0.141679	13726.46188
0.141687	13726.8482
0.141694	13727.23137
0.141702	13727.6095
0.14171	13728.00436
0.141718	13728.38565
0.141726	13728.75703
0.141734	13729.14995
0.141741	13729.53194
0.141749	13729.91866
0.141757	13730.29534
0.141765	13730.66868
0.141772	13731.03851
0.141779	13731.41332
0.141787	13731.77198
0.141795	13732.14607
0.141802	13732.52804
0.14181	13732.9006
0.141818	13733.28576
0.141826	13733.66278
0.141834	13734.04089
0.141841	13734.41281
0.141849	13734.78289
0.141857	13735.15678
0.141864	13735.53117
0.141872	13735.91382
0.14188	13736.27545
0.141888	13736.64948
0.141896	13737.02361
0.141903	13737.39582
0.141912	13737.78935
0.141919	13738.16555
0.141927	13738.5449
0.141935	13738.90812
0.141943	13739.29193
0.14195	13739.65548
0.141958	13740.01472
0.141966	13740.37619
0.141973	13740.69126
0.141981	13741.04894
0.141988	13741.41086
0.141996	13741.77348
0.142004	13742.14107
0.142012	13742.51311
0.14202	13742.88115
0.142028	13743.2549
0.142035	13743.62687
0.142043	13744.00497
0.142051	13744.39434
0.142059	13744.76874
0.142067	13745.14936
0.142074	13745.52695
0.142082	13745.90355
0.14209	13746.27095
0.142098	13746.63284
0.142106	13746.99721
0.142113	13747.36237
0.142121	13747.73221
0.142129	13748.09989
0.142137	13748.46956
0.142145	13748.85121
0.142152	13749.23195
0.14216	13749.60722
0.142168	13749.98125
0.142176	13750.36104
0.142184	13750.73092
0.142192	13751.09906
0.142199	13751.4767
0.142207	13751.85614
0.142215	13752.23807
0.142223	13752.61674
0.142231	13753.00494
0.142239	13753.38347
0.142247	13753.76075
0.142255	13754.13651
0.142262	13754.50869
0.14227	13754.88142
0.142278	13755.26347
0.142286	13755.63884
0.142294	13756.01197
0.142301	13756.37726
0.142309	13756.74058
0.142317	13757.1164
0.142325	13757.49147
0.142333	13757.86266
0.14234	13758.18416
0.142348	13758.53287
0.142356	13758.87817
0.142364	13759.24804
0.142371	13759.61658
0.142379	13759.97164
0.142387	13760.33525
0.142395	13760.68466
0.142402	13761.03859
0.14241	13761.39318
0.142418	13761.75574
0.142426	13762.10978
0.142434	13762.46374
0.142441	13762.81984
0.142449	13763.17381
0.142457	13763.53577
0.142465	13763.91185
0.142472	13764.29479
0.14248	13764.66329
0.142488	13765.02018
0.142496	13765.38765
0.142504	13765.76086
0.142512	13766.12332
0.14252	13766.49344
0.142528	13766.87162
0.142536	13767.24272
0.142543	13767.61471
0.142551	13767.98258
0.142559	13768.35679
0.142567	13768.71739
0.142575	13769.07514
0.142583	13769.42721
0.14259	13769.78091
0.142598	13770.15707
0.142606	13770.5271
0.142614	13770.89936
0.142622	13771.26792
0.14263	13771.62859
0.142637	13771.99885
0.142646	13772.36262
0.142653	13772.73776
0.142661	13773.10536
0.142669	13773.4909
0.142677	13773.86778
0.142685	13774.25326
0.142693	13774.62661
0.142701	13774.9964
0.142709	13775.37147
0.142716	13775.72794
0.142724	13776.0994
0.142732	13776.45933
0.14274	13776.82851
0.142748	13777.20208
0.142756	13777.57308
0.142764	13777.93568
0.142772	13778.29204
0.142779	13778.66037
0.142787	13779.03254
0.142795	13779.40249
0.142803	13779.79138
0.142811	13780.16446
0.142819	13780.53152
0.142826	13780.88583
0.142835	13781.25521
0.142842	13781.61452
0.14285	13781.97373
0.142858	13782.32778
0.142866	13782.67771
0.142874	13783.02809
0.142881	13783.38069
0.142889	13783.74697
0.142897	13784.10446
0.142905	13784.46542
0.142913	13784.8291
0.142921	13785.1858
0.142929	13785.54682
0.142937	13785.91442
0.142945	13786.28045
0.142952	13786.63139
0.14296	13786.9935
0.142968	13787.35299
0.142976	13787.72554
0.142984	13788.08896
0.142992	13788.4611
0.143	13788.83409
0.143008	13789.20233
0.143015	13789.57743
0.143023	13789.9402
0.143031	13790.29893
0.143039	13790.66781
0.143047	13791.03116
0.143055	13791.38702
0.143063	13791.73122
0.143071	13792.06612
0.143078	13792.41033
0.143086	13792.77507
0.143095	13793.14149
0.143102	13793.51864
0.14311	13793.88134
0.143118	13794.23981
0.143126	13794.5948
0.143133	13794.94951
0.143141	13795.2934
0.143149	13795.65567
0.143157	13796.01872
0.143165	13796.39088
0.143173	13796.77186
0.143181	13797.13412
0.143189	13797.49547
0.143197	13797.83821
0.143204	13798.19354
0.143213	13798.551
0.14322	13798.89977
0.143228	13799.26671
0.143236	13799.62719
0.143244	13799.98308
0.143252	13800.34161
0.143259	13800.71199
0.143267	13801.07554
0.143275	13801.44306
0.143283	13801.80206
0.143291	13802.16977
0.143299	13802.53989
0.143307	13802.89966
0.143315	13803.27393
0.143323	13803.64267
0.143331	13804.02053
0.143339	13804.39038
0.143347	13804.74965
0.143355	13805.11326
0.143363	13805.4743
0.14337	13805.82289
0.143378	13806.17397
0.143386	13806.53553
0.143394	13806.8924
0.143402	13807.25434
0.143409	13807.61027
0.143417	13807.9687
0.143425	13808.3404
0.143433	13808.70783
0.143441	13809.07333
0.143449	13809.42953
0.143456	13809.79453
0.143465	13810.15407
0.143472	13810.52166
0.14348	13810.88106
0.143488	13811.22154
0.143496	13811.56835
0.143504	13811.91907
0.143511	13812.28631
0.143519	13812.64386
0.143527	13812.99862
0.143535	13813.35483
0.143543	13813.71
0.143551	13814.07292
0.143559	13814.41865
0.143566	13814.76653
0.143574	13815.11504
0.143582	13815.47329
0.14359	13815.83056
0.143598	13816.18077
0.143606	13816.53871
0.143614	13816.88908
0.143622	13817.25156
0.14363	13817.61497
0.143638	13817.98375
0.143646	13818.33274
0.143653	13818.67178
0.143661	13819.02612
0.143669	13819.37205
0.143677	13819.72773
0.143685	13820.08019
0.143693	13820.44415
0.143701	13820.8023
0.143709	13821.16619
0.143717	13821.53457
0.143725	13821.89984
0.143733	13822.26589
0.14374	13822.62697
0.143748	13822.98816
0.143756	13823.34069
0.143764	13823.69657
0.143772	13824.05378
0.14378	13824.39619
0.143788	13824.75503
0.143796	13825.11028
0.143804	13825.47032
0.143812	13825.81987
0.14382	13826.17152
0.143828	13826.52329
0.143836	13826.87807
0.143844	13827.23886
0.143852	13827.60368
0.14386	13827.96652
0.143868	13828.33475
0.143876	13828.71676
0.143884	13829.07218
0.143891	13829.44284
0.143899	13829.81041
0.143907	13830.15794
0.143915	13830.51922
0.143923	13830.88403
0.143931	13831.26088
0.143939	13831.63232
0.143947	13831.99679
0.143955	13832.35848
0.143963	13832.73063
0.143971	13833.10083
0.143979	13833.47738
0.143988	13833.83297
0.143996	13834.18991
0.144004	13834.53945
0.144012	13834.89193
0.144019	13835.24668
0.144027	13835.60257
0.144035	13835.95059
0.144043	13836.2968
0.144051	13836.64486
0.144059	13837.00021
0.144067	13837.36469
0.144075	13837.72696
0.144083	13838.08334
0.144091	13838.44524
0.144099	13838.80961
0.144107	13839.17058
0.144115	13839.52104
0.144123	13839.86982
0.144131	13840.21293
0.144139	13840.56691
0.144147	13840.91231
0.144154	13841.2684
0.144162	13841.61474
0.14417	13841.96761
0.144178	13842.32086
0.144187	13842.66974
0.144195	13843.02097
0.144203	13843.37759
0.14421	13843.72899
0.144219	13844.07339
0.144227	13844.42005
0.144235	13844.78386
0.144243	13845.13963
0.144251	13845.49851
0.144259	13845.85561
0.144266	13846.20342
0.144274	13846.56652
0.144282	13846.94121
0.14429	13847.31205
0.144298	13847.66673
0.144306	13848.03435
0.144314	13848.38981
0.144322	13848.75172
0.14433	13849.1224
0.144338	13849.49199
0.144346	13849.87005
0.144354	13850.23535
0.144362	13850.61066
0.14437	13850.9722
0.144378	13851.33447
0.144386	13851.69005
0.144394	13852.04745
0.144402	13852.41051
0.14441	13852.77137
0.144418	13853.13912
0.144426	13853.51576
0.144434	13853.88394
0.144442	13854.25541
0.14445	13854.6232
0.144458	13854.97237
0.144466	13855.33227
0.144474	13855.69642
0.144482	13856.05571
0.14449	13856.42011
0.144498	13856.77976
0.144506	13857.14148
0.144514	13857.50386
0.144522	13857.85034
0.144531	13858.19911
0.144539	13858.54683
0.144546	13858.89957
0.144555	13859.26085
0.144563	13859.63396
0.144571	13859.98922
0.144579	13860.34946
0.144587	13860.70179
0.144595	13861.05831
0.144603	13861.40688
0.144611	13861.75643
0.144619	13862.09984
0.144627	13862.44833
0.144635	13862.80356
0.144643	13863.15366
0.144651	13863.51663
0.144659	13863.88077
0.144667	13864.23691
0.144675	13864.59735
0.144683	13864.95494
0.144691	13865.32357
0.144699	13865.67921
0.144708	13866.0331
0.144716	13866.38713
0.144724	13866.74137
0.144732	13867.09136
0.144739	13867.44165
0.144748	13867.80356
0.144756	13868.16517
0.144764	13868.53279
0.144772	13868.89837
0.14478	13869.25145
0.144787	13869.59721
0.144796	13869.95368
0.144804	13870.32
0.144811	13870.67406
0.144819	13871.02274
0.144827	13871.36911
0.144835	13871.70739
0.144843	13872.05647
0.144852	13872.41711
0.144859	13872.76543
0.144867	13873.11891
0.144875	13873.47465
0.144883	13873.83909
0.144891	13874.19716
0.144899	13874.55507
0.144907	13874.90384
0.144915	13875.27176
0.144923	13875.63459
0.144932	13875.99312
0.14494	13876.34382
0.144948	13876.70871
0.144956	13877.06919
0.144964	13877.41769
0.144972	13877.77262
0.14498	13878.12797
0.144989	13878.47338
0.144996	13878.82725
0.145004	13879.18007
0.145012	13879.53149
0.14502	13879.87425
0.145028	13880.22763
0.145036	13880.58196
0.145044	13880.93309
0.145052	13881.28039
0.14506	13881.62455
0.145068	13881.97513
0.145076	13882.32845
0.145084	13882.69563
0.145092	13883.05998
0.1451	13883.42652
0.145108	13883.79402
0.145116	13884.15106
0.145124	13884.51075
0.145133	13884.86659
0.145141	13885.23543
0.145149	13885.59821
0.145157	13885.95879
0.145165	13886.33255
0.145173	13886.6937
0.145181	13887.05291
0.145189	13887.40274
0.145197	13887.75141
0.145205	13888.10569
0.145213	13888.48217
0.145221	13888.8436
0.145229	13889.20054
0.145237	13889.55452
0.145245	13889.90723
0.145253	13890.26323
0.145261	13890.60224
0.145269	13890.95837
0.145277	13891.3053
0.145285	13891.65328
0.145294	13892.00024
0.145302	13892.3587
0.14531	13892.7182
0.145318	13893.07674
0.145326	13893.43349
0.145334	13893.78426
0.145342	13894.12634
0.14535	13894.4648
0.145358	13894.80369
0.145366	13895.14518
0.145374	13895.48619
0.145382	13895.8188
0.145389	13896.16273
0.145398	13896.50985
0.145406	13896.85939
0.145414	13897.21367
0.145422	13897.55721
0.14543	13897.89558
0.145438	13898.23981
0.145446	13898.59566
0.145454	13898.94783
0.145462	13899.30848
0.14547	13899.66876
0.145478	13900.02768
0.145487	13900.38651
0.145495	13900.73126
0.145503	13901.08039
0.145511	13901.42647
0.145519	13901.7824
0.145526	13902.12122
0.145534	13902.46287
0.145542	13902.81255
0.14555	13903.15635
0.145558	13903.49395
0.145566	13903.83015
0.145574	13904.16507
0.145581	13904.49813
0.145589	13904.8351
0.145597	13905.17357
0.145605	13905.51486
0.145614	13905.86663
0.145622	13906.21542
0.145629	13906.55778
0.145638	13906.89257
0.145645	13907.23316
0.145654	13907.58837
0.145661	13907.94269
0.145669	13908.27708
0.145677	13908.61983
0.145685	13908.96556
0.145693	13909.31628
0.145701	13909.655
0.145709	13909.99169
0.145716	13910.32977
0.145724	13910.67039
0.145732	13911.01598
0.14574	13911.36484
0.145748	13911.70934
0.145756	13912.06712
0.145764	13912.41268
0.145772	13912.76016
0.14578	13913.09263
0.145787	13913.44183
0.145796	13913.78221
0.145803	13914.12643
0.145811	13914.46117
0.145819	13914.81277
0.145827	13915.16115
0.145835	13915.49684
0.145843	13915.84227
0.145851	13916.18884
0.145859	13916.5494
0.145867	13916.88851
0.145875	13917.2315
0.145883	13917.56824
0.14589	13917.90577
0.145898	13918.24504
0.145906	13918.56895
0.145914	13918.89883
0.145922	13919.23819
0.14593	13919.5991
0.145938	13919.94945
0.145946	13920.29578
0.145954	13920.64587
0.145962	13920.99862
0.14597	13921.3431
0.145978	13921.70098
0.145987	13922.05394
0.145994	13922.39045
0.146002	13922.74415
0.14601	13923.09671
0.146018	13923.4492
0.146026	13923.78067
0.146034	13924.10366
0.146042	13924.43762
0.14605	13924.76901
0.146058	13925.12834
0.146065	13925.47253
0.146074	13925.82393
0.146082	13926.17506
0.14609	13926.52774
0.146097	13926.87205
0.146106	13927.2082
0.146113	13927.55222
0.146121	13927.9056
0.146129	13928.25563
0.146137	13928.6092
0.146145	13928.96151
0.146153	13929.30639
0.146161	13929.64654
0.146169	13929.99825
0.146177	13930.35298
0.146185	13930.69172
0.146193	13931.03402
0.146201	13931.38559
0.146209	13931.73706
0.146217	13932.09264
0.146225	13932.45291
0.146233	13932.81816
0.146242	13933.18404
0.14625	13933.54111
0.146257	13933.892
0.146266	13934.25165
0.146274	13934.60352
0.146282	13934.95237
0.14629	13935.30769
0.146298	13935.66752
0.146306	13936.03046
0.146314	13936.38416
0.146322	13936.7263
0.14633	13937.08858
0.146338	13937.45196
0.146346	13937.81508
0.146354	13938.16819
0.146362	13938.53593
0.146371	13938.88932
0.146379	13939.25158
0.146387	13939.61504
0.146395	13939.98416
0.146403	13940.33581
0.146411	13940.63333
0.146419	13940.95661
0.146427	13941.29876
0.146435	13941.63285
0.146443	13941.96909
0.146451	13942.31281
0.146459	13942.64428
0.146467	13942.97815
0.146475	13943.31065
0.146483	13943.64531
0.146491	13943.97167
0.146499	13944.2986
0.146507	13944.63317
0.146514	13944.95316
0.146522	13945.28073
0.14653	13945.60448
0.146538	13945.93946
0.146546	13946.28366
0.146555	13946.62645
0.146563	13946.97851
0.146571	13947.31793
0.146579	13947.65628
0.146587	13947.9908
0.146595	13948.32516
0.146603	13948.66541
0.14661	13949.0092
0.146619	13949.34657
0.146626	13949.68329
0.146634	13950.02997
0.146642	13950.36914
0.14665	13950.70932
0.146659	13951.05203
0.146666	13951.4012
0.146675	13951.74495
0.146683	13952.09207
0.146691	13952.44163
0.146699	13952.78296
0.146707	13953.1357
0.146715	13953.47636
0.146723	13953.83017
0.146731	13954.16457
0.146739	13954.50542
0.146747	13954.84611
0.146754	13955.20106
0.146763	13955.5596
0.146771	13955.91386
0.146779	13956.26451
0.146787	13956.61331
0.146795	13956.96091
0.146803	13957.29624
0.146811	13957.6505
0.146819	13957.99279
0.146827	13958.34272
0.146835	13958.6837
0.146843	13959.02911
0.146851	13959.36581
0.146859	13959.69183
0.146867	13960.02062
0.146875	13960.35492
0.146883	13960.69527
0.146891	13961.04785
0.146899	13961.40255
0.146908	13961.77288
0.146916	13962.12259
0.146924	13962.46275
0.146932	13962.79988
0.14694	13963.14566
0.146948	13963.48754
0.146956	13963.83715
0.146964	13964.17779
0.146972	13964.50992
0.14698	13964.84089
0.146988	13965.16474
0.146996	13965.49056
0.147004	13965.82499
0.147012	13966.16957
0.14702	13966.52099
0.147028	13966.86768
0.147036	13967.21813
0.147044	13967.56929
0.147053	13967.92252
0.147061	13968.27272
0.147069	13968.62606
0.147078	13968.9771
0.147086	13969.32691
0.147094	13969.68756
0.147102	13970.04186
0.14711	13970.38806
0.147118	13970.72637
0.147126	13971.07786
0.147134	13971.43505
0.147143	13971.78904
0.147151	13972.14531
0.147159	13972.48865
0.147167	13972.82806
0.147175	13973.16146
0.147182	13973.50109
0.14719	13973.84619
0.147199	13974.19697
0.147207	13974.53206
0.147214	13974.86452
0.147222	13975.20574
0.147231	13975.55434
0.147239	13975.9098
0.147247	13976.25319
0.147255	13976.59466
0.147263	13976.93089
0.147271	13977.27269
0.147279	13977.61595
0.147287	13977.95731
0.147295	13978.3127
0.147303	13978.65288
0.147311	13978.99642
0.14732	13979.33575
0.147328	13979.67264
0.147336	13980.00731
0.147343	13980.34877
0.147351	13980.68875
0.14736	13981.03342
0.147368	13981.37379
0.147376	13981.70833
0.147384	13982.04247
0.147392	13982.38439
0.1474	13982.71901
0.147408	13983.06473
0.147416	13983.41674
0.147424	13983.76853
0.147432	13984.10792
0.14744	13984.44811
0.147448	13984.79104
0.147456	13985.12628
0.147464	13985.45655
0.147473	13985.79195
0.147481	13986.11932
0.147489	13986.44985
0.147497	13986.77919
0.147505	13987.11083
0.147513	13987.44723
0.147521	13987.78752
0.147529	13988.12169
0.147536	13988.46315
0.147545	13988.81008
0.147553	13989.15841
0.147561	13989.50118
0.147569	13989.84785
0.147577	13990.19176
0.147585	13990.5319
0.147593	13990.84323
0.147601	13991.17257
0.147609	13991.50987
0.147617	13991.8417
0.147625	13992.18195
0.147633	13992.51552
0.147641	13992.84743
0.147649	13993.17669
0.147657	13993.49882
0.147665	13993.83862
0.147673	13994.16874
0.147681	13994.50844
0.147689	13994.83163
0.147697	13995.16383
0.147705	13995.50469
0.147713	13995.8534
0.147721	13996.18904
0.147729	13996.51811
0.147737	13996.8531
0.147745	13997.18044
0.147754	13997.52
0.147762	13997.85376
0.14777	13998.18849
0.147778	13998.53278
0.147786	13998.8663
0.147794	13999.20677
0.147802	13999.54101
0.147811	13999.89301
0.147819	14000.21958
0.147827	14000.55187
0.147835	14000.88188
0.147843	14001.21131
0.147851	14001.55148
0.147859	14001.89183
0.147867	14002.24012
0.147875	14002.57654
0.147883	14002.91593
0.147891	14003.25551
0.147899	14003.59869
0.147908	14003.94265
0.147916	14004.29119
0.147924	14004.6478
0.147932	14004.99571
0.14794	14005.34139
0.147948	14005.6937
0.147956	14006.04171
0.147964	14006.37632
0.147972	14006.7211
0.147981	14007.07925
0.147989	14007.43082
0.147997	14007.78409
0.148005	14008.13702
0.148013	14008.49343
0.148021	14008.83954
0.14803	14009.18943
0.148038	14009.54875
0.148046	14009.9022
0.148055	14010.24857
0.148063	14010.59112
0.148071	14010.94997
0.148079	14011.30939
0.148088	14011.66435
0.148096	14012.02236
0.148104	14012.3693
0.148112	14012.71209
0.14812	14013.06175
0.148128	14013.41942
0.148137	14013.77928
0.148145	14014.13672
0.148153	14014.48851
0.148161	14014.83318
0.14817	14015.18712
0.148178	14015.53383
0.148186	14015.87972
0.148194	14016.21934
0.148202	14016.55131
0.14821	14016.88822
0.148218	14017.22751
0.148226	14017.57826
0.148235	14017.92343
0.148243	14018.26716
0.148251	14018.6126
0.148259	14018.95178
0.148267	14019.30058
0.148275	14019.64334
0.148284	14019.98821
0.148292	14020.34119
0.148301	14020.69114
0.148309	14021.03029
0.148317	14021.37188
0.148325	14021.71046
0.148333	14022.05152
0.148342	14022.39438
0.14835	14022.73792
0.148358	14023.07917
0.148366	14023.41811
0.148375	14023.7853
0.148383	14024.13922
0.148391	14024.47664
0.1484	14024.8437
0.148408	14025.2041
0.148416	14025.55575
0.148425	14025.90798
0.148433	14026.25024
0.148441	14026.5975
0.148449	14026.94238
0.148458	14027.29608
0.148466	14027.64638
0.148474	14027.98831
0.148483	14028.33384
0.148491	14028.68138
0.1485	14029.04587
0.148508	14029.40657
0.148516	14029.76574
0.148524	14030.12524
0.148533	14030.49025
0.148541	14030.8377
0.148549	14031.18827
0.148558	14031.52673
0.148566	14031.87544
0.148574	14032.23594
0.148583	14032.59033
0.148591	14032.93905
0.1486	14033.2887
0.148608	14033.64933
0.148616	14033.99674
0.148624	14034.34698
0.148633	14034.69481
0.148642	14035.05883
0.14865	14035.42385
0.148658	14035.77377
0.148666	14036.11941
0.148674	14036.46495
0.148683	14036.81113
0.148691	14037.15193
0.148699	14037.50216
0.148708	14037.85525
0.148716	14038.21455
0.148725	14038.57113
0.148733	14038.92563
0.148741	14039.27476
0.14875	14039.61344
0.148758	14039.96372
0.148766	14040.30933
0.148774	14040.65689
0.148783	14041.00761
0.148791	14041.38338
0.1488	14041.7499
0.148808	14042.11328
0.148816	14042.47003
0.148825	14042.82521
0.148833	14043.18168
0.148842	14043.51087
0.14885	14043.84822
0.148858	14044.18579
0.148867	14044.53674
0.148875	14044.88313
0.148883	14045.22197
0.148892	14045.57151
0.1489	14045.91549
0.148908	14046.26781
0.148916	14046.61345
0.148925	14046.95609
0.148933	14047.30572
0.148941	14047.65698
0.14895	14048.00729
0.148958	14048.36001
0.148966	14048.70073
0.148974	14049.04012
0.148983	14049.3787
0.148991	14049.71424
0.148999	14050.04546
0.149008	14050.3862
0.149016	14050.73278
0.149024	14051.07143
0.149033	14051.41623
0.149041	14051.76823
0.14905	14052.12206
0.149058	14052.46627
0.149066	14052.81424
0.149075	14053.15324
0.149083	14053.49851
0.149091	14053.83518
0.149099	14054.17679
0.149107	14054.51938
0.149116	14054.85953
0.149124	14055.21039
0.149132	14055.55726
0.14914	14055.89345
0.149149	14056.21062
0.149157	14056.54287
0.149165	14056.87969
0.149174	14057.21065
0.149182	14057.55102
0.14919	14057.89073
0.149198	14058.22813
0.149206	14058.5614
0.149215	14058.89239
0.149223	14059.24038
0.149231	14059.57543
0.14924	14059.91303
0.149248	14060.25346
0.149256	14060.58969
0.149265	14060.92154
0.149273	14061.27117
0.149282	14061.62059
0.14929	14061.97209
0.149299	14062.31687
0.149307	14062.64905
0.149315	14062.98044
0.149324	14063.32216
0.149332	14063.65927
0.14934	14063.99202
0.149349	14064.34894
0.149357	14064.69556
0.149365	14065.05501
0.149374	14065.42364
0.149383	14065.78665
0.149391	14066.1374
0.149399	14066.48258
0.149408	14066.82464
0.149416	14067.13786
0.149425	14067.47166
0.149433	14067.8049
0.149441	14068.14859
0.14945	14068.48959
0.149458	14068.81435
0.149467	14069.15712
0.149475	14069.49719
0.149483	14069.83563
0.149491	14070.16167
0.1495	14070.48978
0.149508	14070.81498
0.149517	14071.16473
0.149525	14071.49873
0.149533	14071.84088
0.149542	14072.18174
0.14955	14072.52414
0.149559	14072.8688
0.149567	14073.21436
0.149575	14073.56633
0.149584	14073.91828
0.149592	14074.26056
0.1496	14074.59913
0.149608	14074.94482
0.149617	14075.29351
0.149625	14075.66085
0.149634	14076.02439
0.149642	14076.36761
0.149651	14076.70439
0.149659	14077.04807
0.149667	14077.39901
0.149676	14077.74026
0.149684	14078.06717
0.149693	14078.40916
0.149701	14078.75073
0.149709	14079.10382
0.149718	14079.44288
0.149726	14079.77706
0.149735	14080.10406
0.149743	14080.43828
0.149752	14080.77455
0.14976	14081.11581
0.149768	14081.45089
0.149776	14081.77888
0.149785	14082.11981
0.149793	14082.46656
0.149802	14082.82146
0.149811	14083.16213
0.149819	14083.51984
0.149828	14083.87098
0.149836	14084.22056
0.149845	14084.57117
0.149853	14084.91077
0.149861	14085.25303
0.14987	14085.58978
0.149878	14085.93941
0.149887	14086.27894
0.149895	14086.62542
0.149903	14086.96842
0.149911	14087.31304
0.14992	14087.65705
0.149928	14087.99345
0.149937	14088.33531
0.149945	14088.66988
0.149953	14088.98294
0.149962	14089.31164
0.14997	14089.64655
0.149979	14089.99075
0.149987	14090.33278
0.149995	14090.67989
0.150004	14091.02867
0.150012	14091.3752
0.150021	14091.75741
0.150029	14092.09754
0.150038	14092.43901
0.150046	14092.79218
0.150055	14093.1336
0.150063	14093.46995
0.150071	14093.79915
0.15008	14094.12536
0.150088	14094.46014
0.150096	14094.79638
0.150105	14095.12682
0.150113	14095.45875
0.150122	14095.81686
0.15013	14096.16871
0.150139	14096.51183
0.150147	14096.85509
0.150156	14097.20452
0.150164	14097.54749
0.150172	14097.88923
0.150181	14098.22201
0.150189	14098.56554
0.150198	14098.90703
0.150206	14099.24179
0.150214	14099.58003
0.150223	14099.92192
0.150231	14100.26461
0.150239	14100.6028
0.150248	14100.94425
0.150256	14101.28616
0.150265	14101.63337
0.150273	14101.97793
0.150282	14102.32571
0.15029	14102.67387
0.150299	14103.01204
0.150307	14103.34419
0.150316	14103.66333
0.150324	14104.00073
0.150332	14104.33223
0.15034	14104.67122
0.150349	14104.99938
0.150357	14105.32803
0.150365	14105.65821
0.150373	14105.99919
0.150382	14106.34705
0.150391	14106.69107
0.150399	14107.03869
0.150407	14107.37605
0.150416	14107.71234
0.150424	14108.04284
0.150433	14108.39363
0.150441	14108.73148
0.150449	14109.07929
0.150458	14109.42298
0.150466	14109.75017
0.150475	14110.10185
0.150483	14110.44613
0.150492	14110.79307
0.1505	14111.14889
0.150509	14111.49597
0.150517	14111.84263
0.150526	14112.18714
0.150534	14112.54439
0.150542	14112.8805
0.150551	14113.21865
0.150559	14113.55907
0.150568	14113.90315
0.150577	14114.24395
0.150585	14114.58401
0.150593	14114.92089
0.150602	14115.26583
0.15061	14115.60494
0.150619	14115.94205
0.150627	14116.28372
0.150636	14116.63896
0.150644	14116.99464
0.150653	14117.33982
0.150661	14117.69734
0.15067	14118.05522
0.150678	14118.41305
0.150687	14118.77014
0.150696	14119.11112
0.150704	14119.45174
0.150713	14119.79396
0.150722	14120.14037
0.15073	14120.48951
0.150739	14120.84188
0.150747	14121.18923
0.150756	14121.53129
0.150764	14121.87445
0.150773	14122.20297
0.150781	14122.52982
0.15079	14122.86614
0.150798	14123.20537
0.150807	14123.54468
0.150816	14123.88895
0.150824	14124.24483
0.150833	14124.58606
0.150841	14124.9255
0.15085	14125.27633
0.150858	14125.61199
0.150867	14125.96321
0.150875	14126.31069
0.150884	14126.6555
0.150892	14126.99397
0.150901	14127.32427
0.150909	14127.66013
0.150918	14127.98651
0.150927	14128.32558
0.150935	14128.66851
0.150944	14129.01454
0.150953	14129.34636
0.150961	14129.68359
0.15097	14130.02447
0.150978	14130.37087
0.150987	14130.705
0.150996	14131.04186
0.151005	14131.38178
0.151013	14131.71157
0.151021	14132.04657
0.15103	14132.38317
0.151039	14132.71721
0.151047	14133.057
0.151056	14133.39372
0.151064	14133.73062
0.151073	14134.07273
0.151081	14134.41827
0.15109	14134.75484
0.151098	14135.0918
0.151107	14135.42103
0.151115	14135.75277
0.151124	14136.08184
0.151132	14136.40901
0.151141	14136.73973
0.151149	14137.06491
0.151158	14137.39762
0.151166	14137.7374
0.151175	14138.08114
0.151183	14138.42164
0.151192	14138.75942
0.1512	14139.09584
0.151209	14139.42808
0.151218	14139.76673
0.151226	14140.09427
0.151234	14140.42204
0.151243	14140.73962
0.151251	14141.07684
0.15126	14141.40586
0.151268	14141.75183
0.151277	14142.09386
0.151286	14142.47621
0.151295	14142.8484
0.151303	14143.19889
0.151312	14143.55553
0.151321	14143.87566
0.151329	14144.22903
0.151337	14144.57667
0.151346	14144.94312
0.151355	14145.29317
0.151364	14145.64439
0.151373	14146.00276
0.151381	14146.35287
0.15139	14146.70194
0.151398	14147.04973
0.151407	14147.39993
0.151416	14147.73232
0.151424	14148.06757
0.151433	14148.41637
0.151441	14148.7682
0.15145	14149.11205
0.151458	14149.45858
0.151467	14149.81725
0.151476	14150.16469
0.151484	14150.51363
0.151493	14150.84187
0.151501	14151.17882
0.15151	14151.52365
0.151519	14151.86045
0.151527	14152.19993
0.151536	14152.5383
0.151545	14152.87771
0.151553	14153.20742
0.151561	14153.54576
0.15157	14153.88231
0.151578	14154.22625
0.151587	14154.55706
0.151596	14154.87683
0.151604	14155.21079
0.151613	14155.54592
0.151621	14155.88111
0.15163	14156.21243
0.151638	14156.55118
0.151647	14156.88268
0.151656	14157.22486
0.151664	14157.56119
0.151673	14157.91298
0.151682	14158.25636
0.151691	14158.59239
0.1517	14158.93391
0.151709	14159.28061
0.151717	14159.60874
0.151726	14159.93015
0.151734	14160.25269
0.151743	14160.5941
0.151751	14160.94802
0.15176	14161.29002
0.151768	14161.62993
0.151777	14161.97696
0.151786	14162.32532
0.151794	14162.65408
0.151803	14162.99728
0.151811	14163.33324
0.15182	14163.66861
0.151829	14164.00322
0.151837	14164.35383
0.151846	14164.70215
0.151855	14165.04359
0.151864	14165.38742
0.151872	14165.72255
0.151881	14166.06115
0.15189	14166.39138
0.151899	14166.73518
0.151907	14167.0812
0.151916	14167.41752
0.151924	14167.7529
0.151933	14168.08795
0.151942	14168.42979
0.151951	14168.7684
0.151959	14169.11573
0.151968	14169.44986
0.151976	14169.79348
0.151985	14170.13784
0.151993	14170.485
0.152002	14170.8246
0.15201	14171.16324
0.152019	14171.52061
0.152028	14171.86303
0.152037	14172.20493
0.152045	14172.54905
0.152054	14172.89323
0.152063	14173.23254
0.152072	14173.56937
0.15208	14173.8895
0.152089	14174.20687
0.152097	14174.54646
0.152106	14174.87229
0.152115	14175.19611
0.152123	14175.51476
0.152132	14175.86842
0.152141	14176.21408
0.15215	14176.5473
0.152158	14176.88368
0.152167	14177.21809
0.152176	14177.55393
0.152185	14177.88492
0.152193	14178.21134
0.152201	14178.53906
0.15221	14178.88721
0.152219	14179.23357
0.152227	14179.58107
0.152236	14179.92231
0.152244	14180.25932
0.152253	14180.59621
0.152262	14180.93558
0.152271	14181.28086
0.152279	14181.62662
0.152288	14181.97415
0.152296	14182.31346
0.152305	14182.64881
0.152313	14182.99706
0.152322	14183.34426
0.152331	14183.687
0.15234	14184.03096
0.152349	14184.37248
0.152357	14184.72043
0.152366	14185.06456
0.152375	14185.40293
0.152384	14185.73999
0.152392	14186.06811
0.152401	14186.40882
0.152409	14186.75475
0.152418	14187.09793
0.152427	14187.44569
0.152436	14187.79578
0.152445	14188.14867
0.152454	14188.50121
0.152463	14188.85433
0.152471	14189.21036
0.15248	14189.5529
0.152489	14189.89918
0.152498	14190.24406
0.152506	14190.58272
0.152515	14190.92696
0.152524	14191.25792
0.152532	14191.56834
0.152541	14191.89179
0.152549	14192.22923
0.152558	14192.55818
0.152567	14192.89405
0.152576	14193.21634
0.152585	14193.53274
0.152593	14193.85738
0.152602	14194.19105
0.152611	14194.52838
0.15262	14194.86827
0.152628	14195.2128
0.152637	14195.54668
0.152646	14195.88255
0.152655	14196.21372
0.152663	14196.54008
0.152672	14196.87202
0.15268	14197.18703
0.152689	14197.51613
0.152698	14197.84251
0.152706	14198.17351
0.152715	14198.51546
0.152724	14198.86812
0.152733	14199.21788
0.152741	14199.56111
0.15275	14199.90013
0.152758	14200.22231
0.152767	14200.56679
0.152776	14200.90742
0.152784	14201.25476
0.152793	14201.59922
0.152802	14201.96
0.152811	14202.31503
0.15282	14202.65701
0.152829	14203.00187
0.152837	14203.33363
0.152846	14203.67499
0.152855	14204.01301
0.152863	14204.35846
0.152872	14204.69811
0.152881	14205.0494
0.152889	14205.3977
0.152898	14205.74871
0.152907	14206.09674
0.152916	14206.43887
0.152925	14206.78641
0.152934	14207.12395
0.152943	14207.48418
0.152951	14207.83699
0.15296	14208.18159
0.152969	14208.51787
0.152977	14208.84915
0.152986	14209.20062
0.152995	14209.54317
0.153004	14209.89715
0.153012	14210.23063
0.153021	14210.57377
0.15303	14210.91538
0.153039	14211.25355
0.153048	14211.5761
0.153056	14211.90251
0.153065	14212.24748
0.153074	14212.59778
0.153083	14212.95254
0.153092	14213.3026
0.153101	14213.64101
0.153109	14213.97568
0.153118	14214.33145
0.153127	14214.68321
0.153136	14215.04516
0.153145	14215.38931
0.153153	14215.72793
0.153162	14216.06501
0.153171	14216.41002
0.15318	14216.75089
0.153189	14217.08759
0.153197	14217.43278
0.153206	14217.78005
0.153215	14218.12954
0.153224	14218.46479
0.153233	14218.81837
0.153241	14219.1727
0.15325	14219.53275
0.153259	14219.86888
0.153268	14220.21472
0.153277	14220.55363
0.153286	14220.895
0.153294	14221.23387
0.153303	14221.57348
0.153312	14221.91136
0.153321	14222.24449
0.15333	14222.59103
0.153338	14222.94266
0.153348	14223.29628
0.153357	14223.64807
0.153366	14223.99769
0.153375	14224.34717
0.153384	14224.68942
0.153392	14225.03158
0.153401	14225.35892
0.15341	14225.70075
0.153419	14226.02909
0.153428	14226.36788
0.153437	14226.71092
0.153446	14227.0585
0.153454	14227.40374
0.153463	14227.74843
0.153472	14228.08946
0.153481	14228.43871
0.15349	14228.775
0.153499	14229.10699
0.153508	14229.43934
0.153516	14229.77078
0.153525	14230.10697
0.153534	14230.44389
0.153542	14230.77868
0.153551	14231.10082
0.15356	14231.43625
0.15357	14231.7965
0.153579	14232.14188
0.153588	14232.49524
0.153596	14232.84322
0.153605	14233.19422
0.153614	14233.52992
0.153623	14233.87352
0.153632	14234.23057
0.153641	14234.58217
0.153649	14234.92748
0.153658	14235.2655
0.153667	14235.60609
0.153676	14235.95082
0.153685	14236.30498
0.153694	14236.66047
0.153703	14237.01276
0.153712	14237.36215
0.153721	14237.71021
0.15373	14238.05753
0.153739	14238.41777
0.153748	14238.77062
0.153757	14239.1142
0.153766	14239.45897
0.153775	14239.78991
0.153784	14240.13912
0.153793	14240.49258
0.153802	14240.8446
0.153811	14241.19078
0.153819	14241.53231
0.153828	14241.86653
0.153837	14242.19803
0.153846	14242.53276
0.153855	14242.85551
0.153864	14243.1973
0.153873	14243.53783
0.153882	14243.88978
0.153891	14244.23107
0.1539	14244.5833
0.153909	14244.91729
0.153917	14245.24572
0.153926	14245.58828
0.153935	14245.93464
0.153944	14246.28506
0.153953	14246.63161
0.153962	14246.98131
0.153971	14247.33239
0.15398	14247.67903
0.153989	14248.02329
0.153998	14248.36803
0.154007	14248.72077
0.154016	14249.0724
0.154025	14249.43854
0.154034	14249.7899
0.154043	14250.14634
0.154052	14250.49884
0.154061	14250.86304
0.15407	14251.21082
0.154079	14251.56111
0.154088	14251.90094
0.154097	14252.25233
0.154107	14252.61662
0.154116	14252.97114
0.154125	14253.32274
0.154134	14253.67399
0.154143	14254.02052
0.154152	14254.37807
0.154162	14254.73349
0.154171	14255.09389
0.15418	14255.45628
0.154189	14255.81327
0.154198	14256.16083
0.154207	14256.50651
0.154216	14256.85536
0.154226	14257.21639
0.154234	14257.56626
0.154244	14257.92281
0.154253	14258.2829
0.154262	14258.65225
0.154272	14259.01668
0.154281	14259.37375
0.15429	14259.73326
0.1543	14260.09015
0.154309	14260.44597
0.154318	14260.7949
0.154327	14261.15399
0.154336	14261.51121
0.154345	14261.87517
0.154354	14262.23096
0.154364	14262.57874
0.154373	14262.92596
0.154382	14263.27779
0.154391	14263.63398
0.1544	14263.97494
0.154409	14264.31886
0.154418	14264.65988
0.154427	14265.00757
0.154436	14265.35915
0.154445	14265.69248
0.154454	14266.02231
0.154463	14266.36231
0.154472	14266.71777
0.154481	14267.07267
0.154491	14267.41997
0.1545	14267.77125
0.154509	14268.11322
0.154518	14268.46588
0.154527	14268.80352
0.154536	14269.14476
0.154545	14269.485
0.154555	14269.83439
0.154564	14270.18491
0.154573	14270.52375
0.154582	14270.857
0.154591	14271.19422
0.1546	14271.5297
0.15461	14271.87273
0.154619	14272.23238
0.154628	14272.59044
0.154637	14272.9309
0.154647	14273.26932
0.154656	14273.6221
0.154665	14273.98158
0.154675	14274.32426
0.154684	14274.68487
0.154693	14275.03489
0.154702	14275.38246
0.154712	14275.70923
0.154721	14276.0422
0.15473	14276.38779
0.154739	14276.7318
0.154749	14277.0792
0.154758	14277.42944
0.154767	14277.77869
0.154776	14278.11818
0.154785	14278.45708
0.154794	14278.77961
0.154804	14279.11399
0.154813	14279.45199
0.154822	14279.79395
0.154831	14280.1398
0.154841	14280.47016
0.15485	14280.80695
0.154859	14281.14
0.154868	14281.48764
0.154877	14281.8151
0.154886	14282.1499
0.154896	14282.47935
0.154905	14282.82468
0.154914	14283.17091
0.154923	14283.50371
0.154932	14283.85321
0.154941	14284.1881
0.154951	14284.53723
0.15496	14284.88079
0.154969	14285.2284
0.154979	14285.56646
0.154988	14285.90902
0.154997	14286.25059
0.155006	14286.60305
0.155015	14286.95816
0.155025	14287.29441
0.155034	14287.64217
0.155043	14287.98192
0.155052	14288.33058
0.155061	14288.67164
0.155071	14288.99912
0.15508	14289.32987
0.155089	14289.67157
0.155098	14290.01094
0.155107	14290.34307
0.155116	14290.66308
0.155125	14290.99013
0.155135	14291.32659
0.155144	14291.65379
0.155153	14291.98426
0.155162	14292.31315
0.155171	14292.65672
0.15518	14293.00113
0.155189	14293.35116
0.155199	14293.69831
0.155208	14294.0434
0.155217	14294.38699
0.155226	14294.7317
0.155235	14295.0744
0.155245	14295.41699
0.155254	14295.75272
0.155263	14296.09835
0.155272	14296.43565
0.155282	14296.78461
0.155291	14297.14199
0.155301	14297.48622
0.15531	14297.82415
0.155319	14298.16217
0.155328	14298.50642
0.155337	14298.8479
0.155346	14299.19328
0.155356	14299.54235
0.155365	14299.88755
0.155374	14300.21279
0.155383	14300.5521
0.155393	14300.9039
0.155402	14301.27065
0.155412	14301.62337
0.155421	14301.96916
0.15543	14302.31833
0.15544	14302.67547
0.155449	14303.02474
0.155459	14303.37875
0.155468	14303.71952
0.155477	14304.07413
0.155486	14304.41504
0.155496	14304.75848
0.155505	14305.10177
0.155514	14305.44365
0.155524	14305.78593
0.155533	14306.13471
0.155542	14306.47198
0.155552	14306.82669
0.155561	14307.1781
0.15557	14307.52622
0.15558	14307.88864
0.155589	14308.24676
0.155599	14308.60615
0.155608	14308.94233
0.155617	14309.27961
0.155626	14309.60858
0.155636	14309.94226
0.155645	14310.2733
0.155654	14310.60298
0.155663	14310.93286
0.155673	14311.26369
0.155682	14311.59898
0.155691	14311.93478
0.155701	14312.26945
0.15571	14312.60613
0.15572	14312.95934
0.155729	14313.31186
0.155739	14313.65652
0.155748	14313.99246
0.155757	14314.33253
0.155767	14314.66059
0.155776	14315.00048
0.155785	14315.34209
0.155795	14315.68934
0.155805	14316.0288
0.155814	14316.37583
0.155824	14316.71644
0.155833	14317.06615
0.155842	14317.42217
0.155852	14317.77387
0.155862	14318.11396
0.155871	14318.45266
0.15588	14318.78621
0.15589	14319.1247
0.155899	14319.46199
0.155909	14319.80757
0.155918	14320.1504
0.155928	14320.50627
0.155937	14320.85096
0.155946	14321.19199
0.155956	14321.5356
0.155965	14321.87079
0.155974	14322.20768
0.155984	14322.55556
0.155994	14322.90485
0.156003	14323.24522
0.156013	14323.5836
0.156022	14323.92688
0.156031	14324.26785
0.156041	14324.61959
0.15605	14324.95454
0.156059	14325.29899
0.156069	14325.63547
0.156078	14325.96761
0.156088	14326.30926
0.156098	14326.65447
0.156107	14327.00852
0.156117	14327.38071
0.156127	14327.74712
0.156137	14328.11001
0.156146	14328.46009
0.156156	14328.8192
0.156165	14329.17672
0.156175	14329.54221
0.156185	14329.89934
0.156195	14330.26179
0.156204	14330.60092
0.156214	14330.95091
0.156224	14331.29539
0.156233	14331.65031
0.156242	14331.99832
0.156252	14332.35121
0.156262	14332.70753
0.156271	14333.06074
0.156281	14333.42118
0.15629	14333.76098
0.1563	14334.10335
0.156309	14334.44186
0.156319	14334.79237
0.156329	14335.13129
0.156338	14335.47821
0.156348	14335.82986
0.156357	14336.17791
0.156367	14336.53419
0.156376	14336.87702
0.156386	14337.21012
0.156395	14337.54401
0.156405	14337.89371
0.156415	14338.24885
0.156424	14338.60401
0.156434	14338.94245
0.156444	14339.29521
0.156453	14339.63599
0.156463	14339.97838
0.156472	14340.32426
0.156482	14340.66322
0.156491	14341.0079
0.156501	14341.35017
0.15651	14341.70021
0.15652	14342.0585
0.156529	14342.40808
0.156539	14342.73644
0.156548	14343.06632
0.156558	14343.40334
0.156568	14343.74578
0.156577	14344.0868
0.156587	14344.44055
0.156597	14344.78572
0.156606	14345.12923
0.156616	14345.47173
0.156625	14345.80033
0.156635	14346.13273
0.156645	14346.46458
0.156654	14346.80367
0.156664	14347.13396
0.156673	14347.48494
0.156683	14347.81878
0.156692	14348.15211
0.156701	14348.47862
0.156711	14348.79755
0.15672	14349.1252
0.15673	14349.46003
0.156739	14349.79692
0.156749	14350.12486
0.156758	14350.45519
0.156768	14350.79461
0.156778	14351.13293
0.156787	14351.41675
0.156796	14351.7319
0.156806	14352.05167
0.156816	14352.38266
0.156825	14352.71462
0.156835	14353.04688
0.156845	14353.38595
0.156854	14353.70541
0.156864	14354.04078
0.156873	14354.37213
0.156883	14354.70928
0.156893	14355.05568
0.156902	14355.39525
0.156912	14355.73223
0.156921	14356.05426
0.156931	14356.38526
0.15694	14356.71053
0.15695	14357.04523
0.15696	14357.37699
0.156969	14357.70974
0.156979	14358.03364
0.156989	14358.35546
0.156998	14358.68537
0.157009	14359.02599
0.157019	14359.36863
0.157028	14359.7101
0.157038	14360.03769
0.157047	14360.37134
0.157057	14360.71592
0.157067	14361.05437
0.157076	14361.40285
0.157086	14361.73315
0.157096	14362.07444
0.157105	14362.41221
0.157115	14362.74783
0.157124	14363.08993
0.157134	14363.42224
0.157144	14363.75425
0.157153	14364.08724
0.157163	14364.42329
0.157172	14364.76129
0.157182	14365.09801
0.157192	14365.43529
0.157202	14365.77627
0.157211	14366.10003
0.157221	14366.42521
0.15723	14366.76018
0.15724	14367.07778
0.157249	14367.39687
0.157259	14367.72127
0.157268	14368.04012
0.157278	14368.36431
0.157288	14368.67533
0.157297	14368.99505
0.157307	14369.31392
0.157316	14369.63405
0.157326	14369.96574
0.157336	14370.29761
0.157346	14370.62455
0.157355	14370.93643
0.157365	14371.26477
0.157375	14371.58872
0.157384	14371.93208
0.157394	14372.2646
0.157404	14372.60678
0.157414	14372.94303
0.157423	14373.28907
0.157433	14373.61856
0.157443	14373.94059
0.157452	14374.26698
0.157462	14374.59178
0.157471	14374.92403
0.157481	14375.24908
0.157491	14375.583
0.157501	14375.91168
0.15751	14376.24529
0.15752	14376.56345
0.157529	14376.8755
0.157539	14377.20935
0.157549	14377.53781
0.157559	14377.87078
0.157568	14378.19552
0.157578	14378.53353
0.157587	14378.86085
0.157597	14379.18822
0.157607	14379.51338
0.157616	14379.84705
0.157626	14380.17742
0.157636	14380.51589
0.157646	14380.85166
0.157656	14381.18745
0.157665	14381.52178
0.157675	14381.85303
0.157685	14382.1889
0.157695	14382.51504
0.157704	14382.84819
0.157714	14383.17029
0.157724	14383.50337
0.157734	14383.82568
0.157743	14384.15034
0.157753	14384.48954
0.157763	14384.82629
0.157772	14385.16688
0.157782	14385.49316
0.157792	14385.82293
0.157802	14386.15744
0.157811	14386.48699
0.157821	14386.82456
0.157831	14387.16054
0.157841	14387.49563
0.157851	14387.83714
0.157861	14388.16267
0.15787	14388.49017
0.15788	14388.82467
0.15789	14389.15498
0.1579	14389.49129
0.15791	14389.81981
0.157919	14390.15074
0.157929	14390.48709
0.157939	14390.81647
0.157949	14391.14463
0.157959	14391.46951
0.157969	14391.79705
0.157978	14392.11871
0.157988	14392.43246
0.157998	14392.74056
0.158007	14393.05579
0.158017	14393.37816
0.158027	14393.71578
0.158037	14394.05128
0.158046	14394.37972
0.158057	14394.71047
0.158066	14395.05049
0.158076	14395.3827
0.158086	14395.71823
0.158096	14396.04993
0.158105	14396.38026
0.158115	14396.71427
0.158125	14397.05347
0.158135	14397.38717
0.158145	14397.72769
0.158155	14398.06142
0.158165	14398.39026
0.158175	14398.7278
0.158185	14399.06249
0.158195	14399.40878
0.158204	14399.72767
0.158214	14400.06698
0.158224	14400.40381
0.158234	14400.75265
0.158244	14401.09047
0.158253	14401.44098
0.158264	14401.77438
0.158273	14402.10631
0.158283	14402.43317
0.158293	14402.76331
0.158303	14403.10168
0.158312	14403.43171
0.158322	14403.76403
0.158332	14404.0944
0.158342	14404.44307
0.158352	14404.77241
0.158362	14405.10287
0.158372	14405.42769
0.158381	14405.74743
0.158391	14406.06549
0.158401	14406.39707
0.158411	14406.72718
0.158421	14407.05759
0.15843	14407.40459
0.15844	14407.74336
0.15845	14408.0933
0.158461	14408.42687
0.158471	14408.7562
0.15848	14409.09383
0.15849	14409.41737
0.1585	14409.74269
0.15851	14410.07895
0.15852	14410.42359
0.15853	14410.76254
0.15854	14411.10449
0.15855	14411.42566
0.158559	14411.76154
0.158569	14412.09181
0.158579	14412.42586
0.158589	14412.75722
0.158599	14413.09699
0.158609	14413.43652
0.158619	14413.76757
0.158629	14414.09461
0.158639	14414.43034
0.158649	14414.76332
0.15866	14415.09997
0.15867	14415.431
0.158679	14415.73408
0.158689	14416.04851
0.158699	14416.37581
0.158709	14416.70831
0.158719	14417.03839
0.158729	14417.35826
0.158739	14417.69849
0.158749	14418.02492
0.158759	14418.35902
0.158769	14418.6819
0.158778	14419.00549
0.158788	14419.33837
0.158798	14419.67666
0.158808	14420.02012
0.158818	14420.35908
0.158828	14420.69798
0.158838	14421.02049
0.158848	14421.35079
0.158858	14421.6896
0.158868	14422.03388
0.158878	14422.36579
0.158888	14422.68246
0.158898	14423.01668
0.158908	14423.34618
0.158918	14423.68082
0.158928	14424.01181
0.158938	14424.33579
0.158948	14424.67177
0.158958	14425.01234
0.158968	14425.35735
0.158978	14425.69827
0.158988	14426.03997
0.158999	14426.36564
0.159009	14426.69946
0.159019	14427.03066
0.159029	14427.37399
0.159039	14427.73002
0.159049	14428.07613
0.159059	14428.4241
0.159069	14428.77176
0.159079	14429.11848
0.15909	14429.4496
0.159099	14429.78435
0.15911	14430.12545
0.15912	14430.47218
0.159131	14430.81858
0.159141	14431.16097
0.159151	14431.49568
0.159161	14431.83349
0.159171	14432.18118
0.159181	14432.51385
0.159191	14432.85771
0.159201	14433.19395
0.159211	14433.54776
0.159222	14433.90815
0.159232	14434.2873
0.159243	14434.64883
0.159253	14435.01317
0.159264	14435.379
0.159274	14435.71277
0.159284	14436.04864
0.159294	14436.38787
0.159304	14436.73964
0.159314	14437.08112
0.159324	14437.42215
0.159335	14437.76411
0.159345	14438.10184
0.159355	14438.43531
0.159365	14438.76743
0.159376	14439.09811
0.159386	14439.43249
0.159396	14439.76536
0.159407	14440.10252
0.159417	14440.44332
0.159427	14440.78505
0.159437	14441.14245
0.159447	14441.4856
0.159457	14441.82407
0.159468	14442.15621
0.159478	14442.48986
0.159488	14442.82444
0.159498	14443.1729
0.159509	14443.52896
0.159519	14443.8767
0.15953	14444.22837
0.15954	14444.575
0.159551	14444.92451
0.159561	14445.27302
0.159571	14445.62194
0.159581	14445.96188
0.159592	14446.30608
0.159602	14446.64415
0.159613	14446.98983
0.159623	14447.33326
0.159633	14447.68147
0.159643	14448.03518
0.159654	14448.37187
0.159664	14448.71284
0.159674	14449.04078
0.159685	14449.42871
0.159695	14449.80791
0.159706	14450.16656
0.159716	14450.52705
0.159727	14450.88353
0.159737	14451.23608
0.159747	14451.59368
0.159757	14451.94282
0.159768	14452.29005
0.159778	14452.62854
0.159789	14452.97722
0.159799	14453.31633
0.15981	14453.66402
0.15982	14454.02119
0.15983	14454.37752
0.159841	14454.72423
0.159851	14455.06583
0.159862	14455.4044
0.159872	14455.74558
0.159882	14456.07965
0.159893	14456.4209
0.159903	14456.75056
0.159913	14457.06935
0.159924	14457.41079
0.159934	14457.74488
0.159944	14458.08404
0.159954	14458.40862
0.159964	14458.7391
0.159974	14459.06725
0.159984	14459.4019
0.159995	14459.75065
0.160005	14460.08608
0.160015	14460.42816
0.160026	14460.75176
0.160036	14461.0828
0.160046	14461.40878
0.160057	14461.73903
0.160067	14462.06837
0.160077	14462.41526
0.160088	14462.74308
0.160098	14463.06683
0.160108	14463.41176
0.160119	14463.74506
0.160129	14464.08672
0.160139	14464.42497
0.16015	14464.76052
0.16016	14465.07707
0.16017	14465.41705
0.160181	14465.74515
0.160191	14466.07617
0.160202	14466.41254
0.160212	14466.75248
0.160223	14467.11225
0.160233	14467.4638
0.160244	14467.8184
0.160254	14468.15719
0.160264	14468.50128
0.160275	14468.84129
0.160285	14469.18153
0.160296	14469.52028
0.160306	14469.846
0.160316	14470.16918
0.160326	14470.51416
0.160337	14470.85737
0.160347	14471.1938
0.160358	14471.52611
0.160368	14471.85207
0.160379	14472.19267
0.160389	14472.53438
0.160399	14472.86927
0.16041	14473.21254
0.160421	14473.55165
0.160431	14473.88284
0.160441	14474.21706
0.160452	14474.5562
0.160462	14474.88495
0.160473	14475.21375
0.160483	14475.54674
0.160494	14475.89332
0.160505	14476.23636
0.160515	14476.57646
0.160526	14476.92153
0.160536	14477.26316
0.160547	14477.6042
0.160557	14477.93965
0.160568	14478.28306
0.160578	14478.62764
0.160589	14478.97537
0.1606	14479.31728
0.16061	14479.66151
0.160621	14480.00202
0.160631	14480.34048
0.160642	14480.67669
0.160653	14481.00887
0.160663	14481.35016
0.160674	14481.67758
0.160684	14482.00505
0.160695	14482.30529
0.160705	14482.60763
0.160716	14482.92093
0.160726	14483.23288
0.160736	14483.56754
0.160747	14483.8928
0.160758	14484.22435
0.160768	14484.55905
0.160779	14484.88551
0.160789	14485.20937
0.160799	14485.53684
0.16081	14485.8607
0.160821	14486.1835
0.160831	14486.50955
0.160842	14486.83937
0.160852	14487.16865
0.160863	14487.50419
0.160873	14487.81673
0.160884	14488.13784
0.160894	14488.45551
0.160905	14488.7773
0.160915	14489.10445
0.160926	14489.43195
0.160936	14489.75657
0.160947	14490.08549
0.160957	14490.40989
0.160968	14490.73653
0.160978	14491.06028
0.160989	14491.38396
0.160999	14491.71009
0.16101	14492.03601
0.161021	14492.3649
0.161031	14492.69428
0.161042	14493.02413
0.161052	14493.34339
0.161063	14493.67582
0.161074	14494.00441
0.161084	14494.33473
0.161095	14494.66183
0.161105	14494.99698
0.161116	14495.33921
0.161127	14495.66924
0.161137	14496.00765
0.161148	14496.34401
0.161159	14496.68784
0.161169	14497.01399
0.16118	14497.34225
0.16119	14497.66767
0.161201	14497.99698
0.161211	14498.32525
0.161222	14498.66002
0.161233	14498.99863
0.161243	14499.33871
0.161254	14499.67093
0.161265	14500.00079
0.161275	14500.32879
0.161286	14500.6589
0.161297	14500.99073
0.161308	14501.31568
0.161318	14501.66114
0.161329	14502.00219
0.16134	14502.34398
0.16135	14502.67946
0.161361	14503.00784
0.161372	14503.32501
0.161382	14503.64115
0.161393	14503.97051
0.161403	14504.30251
0.161414	14504.63941
0.161424	14504.97413
0.161435	14505.30851
0.161446	14505.62927
0.161457	14505.9469
0.161467	14506.27406
0.161478	14506.60939
0.161489	14506.9458
0.161499	14507.27821
0.16151	14507.61164
0.161521	14507.94669
0.161532	14508.29969
0.161543	14508.6434
0.161554	14508.98415
0.161564	14509.31323
0.161575	14509.64325
0.161586	14509.97379
0.161597	14510.30116
0.161608	14510.61856
0.161618	14510.94811
0.161629	14511.27542
0.16164	14511.61331
0.161651	14511.96936
0.161661	14512.3217
0.161672	14512.67047
0.161683	14513.0091
0.161694	14513.34644
0.161705	14513.68405
0.161715	14514.03767
0.161727	14514.40624
0.161738	14514.73387
0.161748	14515.06173
0.161759	14515.38974
0.16177	14515.70874
0.161781	14516.03636
0.161791	14516.3703
0.161802	14516.70472
0.161813	14517.03987
0.161824	14517.38273
0.161835	14517.7272
0.161846	14518.07196
0.161857	14518.39977
0.161868	14518.73346
0.161879	14519.06906
0.16189	14519.39899
0.1619	14519.735
0.161911	14520.07219
0.161922	14520.41052
0.161933	14520.72172
0.161944	14521.04782
0.161955	14521.37766
0.161966	14521.70454
0.161977	14522.02036
0.161987	14522.35263
0.161998	14522.67955
0.162009	14523.01372
0.16202	14523.34464
0.162031	14523.66853
0.162042	14523.99793
0.162052	14524.32688
0.162063	14524.6672
0.162074	14525.00295
0.162085	14525.33942
0.162096	14525.66457
0.162107	14525.99685
0.162117	14526.32764
0.162128	14526.63534
0.162139	14526.94361
0.162149	14527.26658
0.16216	14527.58176
0.162171	14527.89008
0.162182	14528.20608
0.162193	14528.53251
0.162204	14528.86692
0.162215	14529.19745
0.162226	14529.53084
0.162237	14529.85918
0.162248	14530.18817
0.162259	14530.50846
0.16227	14530.8338
0.16228	14531.15629
0.162291	14531.48076
0.162302	14531.80819
0.162313	14532.13673
0.162324	14532.46842
0.162335	14532.79704
0.162346	14533.12525
0.162357	14533.46154
0.162368	14533.79229
0.162379	14534.12003
0.16239	14534.44652
0.162401	14534.77795
0.162412	14535.10053
0.162423	14535.43645
0.162434	14535.76607
0.162445	14536.10831
0.162457	14536.44029
0.162468	14536.76484
0.162478	14537.08897
0.162489	14537.42426
0.162501	14537.75804
0.162512	14538.08849
0.162523	14538.43079
0.162534	14538.75707
0.162545	14539.07543
0.162556	14539.38416
0.162567	14539.69137
0.162578	14540.0056
0.162589	14540.3265
0.1626	14540.66428
0.162611	14540.99712
0.162622	14541.32178
0.162633	14541.65772
0.162644	14541.98942
0.162655	14542.32396
0.162666	14542.66373
0.162677	14542.98856
0.162689	14543.30637
0.1627	14543.62157
0.162711	14543.93914
0.162722	14544.25792
0.162732	14544.57076
0.162743	14544.88956
0.162754	14545.19638
0.162765	14545.50824
0.162776	14545.82243
0.162787	14546.14926
0.162798	14546.47378
0.162809	14546.76347
0.162821	14547.08719
0.162832	14547.40438
0.162843	14547.72792
0.162854	14548.04816
0.162865	14548.37142
0.162876	14548.70889
0.162887	14549.05076
0.162898	14549.38451
0.162909	14549.70419
0.16292	14550.02372
0.162931	14550.33879
0.162942	14550.65886
0.162953	14550.98537
0.162964	14551.32118
0.162976	14551.63821
0.162987	14551.96222
0.162998	14552.2826
0.163009	14552.61993
0.16302	14552.94548
0.163031	14553.28159
0.163043	14553.60663
0.163054	14553.93054
0.163065	14554.26215
0.163076	14554.58315
0.163088	14554.914
0.163099	14555.23838
0.16311	14555.5625
0.163121	14555.87462
0.163132	14556.19013
0.163143	14556.49993
0.163154	14556.82133
0.163165	14557.14053
0.163176	14557.46208
0.163188	14557.79214
0.163199	14558.11954
0.163211	14558.45693
0.163222	14558.79044
0.163233	14559.12708
0.163244	14559.46442
0.163256	14559.79041
0.163267	14560.1084
0.163278	14560.43072
0.163289	14560.75055
0.1633	14561.06536
0.163311	14561.38846
0.163322	14561.71864
0.163333	14562.04897
0.163345	14562.36318
0.163356	14562.69279
0.163367	14563.019
0.163378	14563.34506
0.163389	14563.66908
0.163401	14563.99383
0.163412	14564.32261
0.163423	14564.65386
0.163435	14564.98017
0.163446	14565.31678
0.163457	14565.65142
0.163469	14565.98579
0.16348	14566.31011
0.163492	14566.64864
0.163503	14566.97476
0.163514	14567.29645
0.163526	14567.61119
0.163537	14567.92709
0.163548	14568.22287
0.163559	14568.54195
0.16357	14568.86284
0.163581	14569.17926
0.163593	14569.50013
0.163604	14569.82004
0.163616	14570.15208
0.163627	14570.46789
0.163638	14570.7847
0.16365	14571.09554
0.163661	14571.41007
0.163672	14571.72409
0.163683	14572.0435
0.163694	14572.35687
0.163706	14572.67196
0.163717	14572.99198
0.163729	14573.31713
0.16374	14573.65156
0.163751	14573.97743
0.163763	14574.30112
0.163774	14574.62368
0.163786	14574.96316
0.163797	14575.29188
0.163809	14575.63423
0.16382	14575.95578
0.163831	14576.26793
0.163843	14576.57838
0.163854	14576.89366
0.163865	14577.20897
0.163877	14577.5352
0.163889	14577.86939
0.1639	14578.20859
0.163912	14578.55522
0.163923	14578.89466
0.163935	14579.22223
0.163946	14579.54047
0.163957	14579.8643
0.163969	14580.1862
0.16398	14580.52426
0.163992	14580.85065
0.164003	14581.17136
0.164014	14581.48401
0.164026	14581.79762
0.164037	14582.11274
0.164048	14582.42953
0.16406	14582.74503
0.164071	14583.0603
0.164083	14583.3854
0.164094	14583.6929
0.164105	14583.99131
0.164117	14584.30376
0.164129	14584.62041
0.16414	14584.94907
0.164152	14585.27674
0.164163	14585.59803
0.164174	14585.91663
0.164186	14586.23955
0.164197	14586.55619
0.164209	14586.88204
0.16422	14587.19633
0.164232	14587.4987
0.164243	14587.80716
0.164255	14588.12483
0.164266	14588.44091
0.164277	14588.76298
0.164289	14589.06479
0.1643	14589.36402
0.164311	14589.66913
0.164323	14589.97847
0.164334	14590.29057
0.164346	14590.60751
0.164357	14590.92529
0.164369	14591.23622
0.16438	14591.53473
0.164391	14591.83857
0.164403	14592.14375
0.164414	14592.45469
0.164425	14592.74115
0.164436	14593.03439
0.164447	14593.32199
0.164459	14593.61359
0.16447	14593.89118
0.164481	14594.20613
0.164492	14594.53177
0.164504	14594.82504
0.164515	14595.1269
0.164527	14595.41654
0.164538	14595.72184
0.164549	14596.03131
0.164561	14596.34712
0.164572	14596.65742
0.164583	14596.96204
0.164595	14597.26818
0.164607	14597.57935
0.164618	14597.89037
0.164629	14598.20013
0.164641	14598.52491
0.164653	14598.84877
0.164665	14599.17517
0.164676	14599.49887
0.164688	14599.83242
0.164699	14600.15064
0.164711	14600.4724
0.164722	14600.78712
0.164734	14601.09944
0.164745	14601.41263
0.164757	14601.74217
0.164769	14602.06132
0.164781	14602.37654
0.164792	14602.69477
0.164803	14603.00488
0.164815	14603.31571
0.164826	14603.62368
0.164838	14603.9267
0.164849	14604.24585
0.164861	14604.56251
0.164872	14604.86713
0.164884	14605.17271
0.164895	14605.48012
0.164907	14605.79531
0.164918	14606.10394
0.164929	14606.40445
0.16494	14606.71312
0.164952	14607.01404
0.164963	14607.32722
0.164975	14607.63948
0.164986	14607.95117
0.164998	14608.26577
0.165009	14608.56983
0.165021	14608.88478
0.165033	14609.18537
0.165044	14609.48852
0.165056	14609.79232
0.165067	14610.10394
0.165079	14610.4192
0.165091	14610.74738
0.165102	14611.06444
0.165114	14611.38895
0.165126	14611.70813
0.165137	14612.01423
0.165148	14612.32329
0.16516	14612.61114
0.165172	14612.92023
0.165183	14613.22251
0.165195	14613.54162
0.165207	14613.84804
0.165218	14614.1605
0.16523	14614.46978
0.165241	14614.80118
0.165253	14615.13228
0.165265	14615.44477
0.165277	14615.76635
0.165288	14616.06806
0.1653	14616.37882
0.165311	14616.69076
0.165323	14617.00563
0.165334	14617.31884
0.165346	14617.64638
0.165358	14617.96266
0.16537	14618.27504
0.165382	14618.59766
0.165393	14618.90471
0.165405	14619.22742
0.165417	14619.54146
0.165429	14619.85761
0.165441	14620.17085
0.165452	14620.49536
0.165464	14620.80609
0.165476	14621.1241
0.165488	14621.44374
0.1655	14621.77397
0.165512	14622.09455
0.165523	14622.41309
0.165535	14622.7391
0.165547	14623.04956
0.165559	14623.36314
0.165571	14623.6709
0.165583	14623.9789
0.165595	14624.28065
0.165606	14624.58256
0.165618	14624.88752
0.16563	14625.19784
0.165642	14625.50019
0.165653	14625.80191
0.165665	14626.11287
0.165677	14626.42116
0.165689	14626.73467
0.1657	14627.04398
0.165712	14627.34865
0.165724	14627.64776
0.165735	14627.95805
0.165747	14628.2697
0.165759	14628.58074
0.165771	14628.88719
0.165782	14629.19658
0.165794	14629.508
0.165806	14629.81902
0.165818	14630.12676
0.16583	14630.44121
0.165842	14630.75102
0.165853	14631.04493
0.165865	14631.33787
0.165876	14631.6376
0.165888	14631.94178
0.1659	14632.25735
0.165911	14632.5715
0.165923	14632.8877
0.165935	14633.19785
0.165947	14633.50637
0.165959	14633.80196
0.16597	14634.09924
0.165982	14634.40474
0.165994	14634.71221
0.166006	14635.02254
0.166018	14635.32418
0.16603	14635.63434
0.166042	14635.94957
0.166054	14636.26026
0.166065	14636.56867
0.166077	14636.8876
0.166089	14637.19162
0.166101	14637.48926
0.166113	14637.78013
0.166124	14638.08424
0.166136	14638.38369
0.166148	14638.69552
0.166161	14638.99711
0.166172	14639.29897
0.166184	14639.60308
0.166196	14639.91778
0.166208	14640.23678
0.16622	14640.55262
0.166232	14640.85911
0.166243	14641.16223
0.166255	14641.47148
0.166267	14641.78155
0.166279	14642.07882
0.16629	14642.37386
0.166302	14642.67731
0.166314	14642.97828
0.166326	14643.29098
0.166338	14643.59258
0.16635	14643.90443
0.166362	14644.20703
0.166374	14644.52137
0.166386	14644.83279
0.166397	14645.14977
0.166409	14645.46269
0.166421	14645.76802
0.166433	14646.07371
0.166445	14646.37853
0.166457	14646.6904
0.166469	14647.00376
0.166481	14647.31412
0.166493	14647.6266
0.166505	14647.93512
0.166517	14648.24643
0.166528	14648.5502
0.166541	14648.86805
0.166553	14649.18673
0.166565	14649.50488
0.166577	14649.8159
0.166589	14650.13491
0.166601	14650.44175
0.166612	14650.74971
0.166624	14651.0575
0.166636	14651.37025
0.166648	14651.67547
0.16666	14651.99065
0.166673	14652.29422
0.166685	14652.59802
0.166697	14652.90345
0.166708	14653.20731
0.16672	14653.50873
0.166732	14653.81201
0.166744	14654.11624
0.166756	14654.41277
0.166767	14654.68146
0.166779	14654.96567
0.166791	14655.27087
0.166803	14655.58278
0.166815	14655.88232
0.166827	14656.17725
0.166839	14656.47868
0.166851	14656.78395
0.166863	14657.07713
0.166875	14657.37922
0.166887	14657.68142
0.166899	14657.98645
0.166911	14658.28593
0.166923	14658.58364
0.166936	14658.88054
0.166948	14659.18195
0.16696	14659.48071
0.166973	14659.77984
0.166985	14660.08402
0.166997	14660.38505
0.167009	14660.68659
0.167021	14660.99316
0.167033	14661.29329
0.167045	14661.59853
0.167057	14661.89175
0.167069	14662.18471
0.167081	14662.47303
0.167093	14662.77108
0.167105	14663.08078
0.167117	14663.39582
0.16713	14663.71474
0.167142	14664.02931
0.167154	14664.3347
0.167166	14664.64739
0.167178	14664.94978
0.16719	14665.26481
0.167203	14665.5706
0.167215	14665.87133
0.167227	14666.18574
0.167239	14666.48819
0.167251	14666.8019
0.167263	14667.09198
0.167275	14667.39535
0.167288	14667.70416
0.1673	14668.01577
0.167312	14668.32125
0.167324	14668.63254
0.167337	14668.93376
0.167349	14669.2453
0.167361	14669.54762
0.167373	14669.85381
0.167385	14670.15397
0.167397	14670.4533
0.16741	14670.76789
0.167422	14671.07592
0.167434	14671.38889
0.167446	14671.69718
0.167459	14672.02119
0.167471	14672.32577
0.167483	14672.63307
0.167496	14672.93934
0.167508	14673.24809
0.167521	14673.55936
0.167533	14673.8665
0.167545	14674.18351
0.167558	14674.4904
0.16757	14674.79878
0.167582	14675.10737
0.167595	14675.4041
0.167607	14675.69874
0.167619	14676.0413
0.167632	14676.36093
0.167644	14676.67551
0.167656	14676.97605
0.167668	14677.27672
0.16768	14677.57735
0.167693	14677.88495
0.167705	14678.18305
0.167717	14678.4737
0.167729	14678.7678
0.167741	14679.07644
0.167754	14679.37671
0.167766	14679.67946
0.167778	14679.98365
0.167791	14680.30138
0.167803	14680.61964
0.167816	14680.93349
0.167828	14681.23881
0.16784	14681.54372
0.167852	14681.84754
0.167864	14682.15529
0.167877	14682.47043
0.167889	14682.77579
0.167901	14683.07192
0.167913	14683.37306
0.167926	14683.67739
0.167938	14683.98685
0.16795	14684.29206
0.167963	14684.58364
0.167975	14684.88409
0.167987	14685.19051
0.168	14685.49915
0.168012	14685.80713
0.168025	14686.11927
0.168037	14686.43115
0.16805	14686.73334
0.168062	14687.04773
0.168074	14687.36244
0.168087	14687.68725
0.168099	14688.00522
0.168112	14688.3229
0.168124	14688.63838
0.168137	14688.95184
0.168149	14689.26697
0.168162	14689.57769
0.168174	14689.88245
0.168187	14690.18893
0.168199	14690.47889
0.168212	14690.78506
0.168224	14691.08436
0.168237	14691.39504
0.168249	14691.69989
0.168261	14692.01157
0.168274	14692.32615
0.168287	14692.63073
0.168299	14692.94455
0.168311	14693.25037
0.168324	14693.55211
0.168336	14693.85367
0.168349	14694.16815
0.168361	14694.46381
0.168374	14694.76179
0.168386	14695.04419
0.168398	14695.33526
0.168411	14695.62441
0.168423	14695.91632
0.168435	14696.20802
0.168448	14696.50556
0.16846	14696.80038
0.168473	14697.09944
0.168485	14697.40078
0.168497	14697.69906
0.16851	14698.01202
0.168522	14698.31887
0.168535	14698.62423
0.168547	14698.93034
0.16856	14699.23752
0.168572	14699.54051
0.168585	14699.83251
0.168598	14700.13632
0.16861	14700.43532
0.168622	14700.73221
0.168635	14701.03844
0.168648	14701.34215
0.16866	14701.63989
0.168673	14701.94022
0.168685	14702.24093
0.168698	14702.53712
0.16871	14702.83077
0.168722	14703.12859
0.168735	14703.41988
0.168747	14703.71247
0.16876	14703.9994
0.168772	14704.29956
0.168785	14704.59645
0.168798	14704.88443
0.16881	14705.18316
0.168822	14705.47949
0.168835	14705.77825
0.168847	14706.08359
0.16886	14706.37208
0.168873	14706.67294
0.168885	14706.96309
0.168898	14707.25895
0.16891	14707.55949
0.168923	14707.86073
0.168935	14708.16254
0.168948	14708.47163
0.168961	14708.77564
0.168973	14709.0871
0.168986	14709.39814
0.168999	14709.70281
0.169012	14710.00359
0.169024	14710.29387
0.169037	14710.58796
0.16905	14710.88451
0.169062	14711.19529
0.169075	14711.51379
0.169087	14711.82442
0.1691	14712.13519
0.169112	14712.44414
0.169125	14712.74034
0.169138	14713.05411
0.16915	14713.35765
0.169163	14713.66495
0.169176	14713.97344
0.169188	14714.29021
0.169201	14714.59973
0.169213	14714.89982
0.169226	14715.20673
0.169239	14715.51506
0.169252	14715.82537
0.169264	14716.12474
0.169277	14716.42591
0.16929	14716.71396
0.169302	14717.01389
0.169315	14717.30066
0.169328	14717.60258
0.169341	14717.8927
0.169353	14718.1851
0.169366	14718.47032
0.169378	14718.75938
0.169391	14719.05849
0.169403	14719.34125
0.169416	14719.62869
0.169429	14719.9209
0.169442	14720.23168
0.169455	14720.52097
0.169467	14720.81815
0.16948	14721.09403
0.169492	14721.37857
0.169505	14721.66227
0.169517	14721.94479
0.16953	14722.21964
0.169543	14722.50369
0.169555	14722.78116
0.169568	14723.06568
0.169581	14723.35226
0.169593	14723.65272
0.169606	14723.95701
0.169619	14724.25213
0.169631	14724.54341
0.169644	14724.83166
0.169657	14725.12439
0.16967	14725.41738
0.169683	14725.72537
0.169695	14726.02814
0.169708	14726.33483
0.169721	14726.64001
0.169734	14726.94498
0.169746	14727.24068
0.169759	14727.53461
0.169772	14727.83186
0.169785	14728.12961
0.169798	14728.41806
0.16981	14728.71372
0.169823	14729.00526
0.169836	14729.29149
0.169848	14729.58013
0.169861	14729.86439
0.169874	14730.14788
0.169887	14730.44686
0.1699	14730.74028
0.169913	14731.0288
0.169926	14731.31742
0.169938	14731.61345
0.169951	14731.90398
0.169964	14732.18707
0.169977	14732.48092
0.169989	14732.77141
0.170002	14733.07021
0.170015	14733.3706
0.170028	14733.66251
0.17004	14733.94608
0.170053	14734.24268
0.170066	14734.53271
0.170079	14734.82795
0.170092	14735.12338
0.170105	14735.42227
0.170118	14735.71295
0.170131	14735.99273
0.170144	14736.27262
0.170156	14736.55237
0.17017	14736.84281
0.170182	14737.12761
0.170196	14737.41647
0.170209	14737.70704
0.170221	14738.00948
0.170234	14738.30346
0.170247	14738.59814
0.17026	14738.88372
0.170273	14739.17912
0.170286	14739.47093
0.170299	14739.75774
0.170312	14740.04437
0.170325	14740.34096
0.170338	14740.63059
0.170351	14740.9072
0.170364	14741.18783
0.170377	14741.46735
0.17039	14741.76575
0.170403	14742.04933
0.170416	14742.33724
0.170428	14742.61469
0.170441	14742.89665
0.170454	14743.18504
0.170467	14743.48451
0.170481	14743.77657
0.170494	14744.06992
0.170507	14744.36953
0.17052	14744.6482
0.170533	14744.93726
0.170546	14745.22799
0.170559	14745.51753
0.170572	14745.79558
0.170585	14746.08953
0.170598	14746.37577
0.170611	14746.67045
0.170624	14746.9567
0.170637	14747.24635
0.17065	14747.53793
0.170663	14747.83221
0.170676	14748.13358
0.170689	14748.42348
0.170703	14748.72416
0.170716	14749.01713
0.170728	14749.24887
0.170741	14749.51743
0.170754	14749.78918
0.170767	14750.04017
0.17078	14750.32592
0.170793	14750.60763
0.170806	14750.88532
0.170819	14751.16812
0.170832	14751.4429
0.170845	14751.72696
0.170858	14751.99968
0.170871	14752.2734
0.170884	14752.56814
0.170897	14752.85292
0.17091	14753.14687
0.170923	14753.43929
0.170936	14753.74313
0.17095	14754.0399
0.170963	14754.33258
0.170976	14754.62488
0.170989	14754.91609
0.171003	14755.20179
0.171016	14755.49851
0.171029	14755.77408
0.171042	14756.05204
0.171055	14756.33083
0.171068	14756.6144
0.171081	14756.90608
0.171094	14757.20104
0.171107	14757.48783
0.17112	14757.7661
0.171133	14758.05021
0.171146	14758.33302
0.17116	14758.62358
0.171173	14758.90495
0.171186	14759.19273
0.171199	14759.48487
0.171213	14759.7722
0.171226	14760.0613
0.171239	14760.35505
0.171252	14760.63512
0.171266	14760.92977
0.171279	14761.2277
0.171292	14761.51778
0.171305	14761.81743
0.171318	14762.10407
0.171332	14762.4
0.171345	14762.64419
0.171358	14762.91295
0.171371	14763.18693
0.171384	14763.45551
0.171397	14763.72676
0.17141	14764.00064
0.171424	14764.27165
0.171437	14764.55194
0.17145	14764.82668
0.171464	14765.11133
0.171477	14765.39002
0.17149	14765.67202
0.171503	14765.94275
0.171516	14766.20345
0.171529	14766.47496
0.171542	14766.74822
0.171556	14767.02951
0.171569	14767.30944
0.171582	14767.59745
0.171595	14767.89044
0.171609	14768.17929
0.171622	14768.46218
0.171635	14768.75464
0.171649	14769.02961
0.171662	14769.3046
0.171675	14769.57866
0.171689	14769.86116
0.171702	14770.13757
0.171715	14770.42061
0.171729	14770.69295
0.171742	14770.96793
0.171756	14771.25366
0.171769	14771.54253
0.171783	14771.83734
0.171796	14772.14104
0.17181	14772.44023
0.171824	14772.72804
0.171837	14773.01972
0.171851	14773.29835
0.171864	14773.58584
0.171878	14773.87542
0.171891	14774.15051
0.171905	14774.42924
0.171918	14774.70746
0.171932	14774.98082
0.171945	14775.27163
0.171958	14775.56431
0.171972	14775.85724
0.171986	14776.13939
0.171999	14776.41918
0.172013	14776.69868
0.172026	14776.97236
0.172039	14777.23245
0.172053	14777.49069
0.172066	14777.75614
0.172079	14778.02187
0.172093	14778.30018
0.172106	14778.58488
0.17212	14778.86506
0.172134	14779.14746
0.172147	14779.43502
0.172161	14779.72114
0.172175	14780.00153
0.172188	14780.28247
0.172202	14780.569
0.172216	14780.85679
0.172229	14781.15121
0.172242	14781.42673
0.172256	14781.70294
0.17227	14781.98108
0.172284	14782.26616
0.172297	14782.5425
0.172311	14782.81945
0.172325	14783.08986
0.172338	14783.36524
0.172352	14783.65401
0.172365	14783.95063
0.172379	14784.24468
0.172393	14784.5212
0.172406	14784.79673
0.17242	14785.08302
0.172434	14785.36444
0.172447	14785.64512
0.172461	14785.93032
0.172475	14786.21298
0.172488	14786.4884
0.172502	14786.76334
0.172516	14787.04177
0.172529	14787.32578
0.172543	14787.60688
0.172556	14787.88731
0.17257	14788.17565
0.172584	14788.45365
0.172597	14788.7322
0.172611	14789.00998
0.172625	14789.29507
0.172638	14789.57508
0.172652	14789.86198
0.172666	14790.1443
0.17268	14790.43923
0.172694	14790.7287
0.172708	14791.01201
0.172721	14791.29409
0.172735	14791.57412
0.172749	14791.83607
0.172762	14792.09996
0.172776	14792.36619
0.17279	14792.63841
0.172804	14792.92784
0.172817	14793.21307
0.172831	14793.50106
0.172845	14793.78308
0.172859	14794.07181
0.172873	14794.35304
0.172887	14794.64201
0.172901	14794.92824
0.172915	14795.22091
0.172929	14795.50678
0.172943	14795.77955
0.172956	14796.06149
0.17297	14796.33793
0.172984	14796.61018
0.172998	14796.88018
0.173012	14797.1503
0.173025	14797.42724
0.173039	14797.71121
0.173053	14797.99553
0.173067	14798.29174
0.173082	14798.57876
0.173096	14798.86716
0.17311	14799.14449
0.173124	14799.43345
0.173138	14799.72116
0.173152	14800.01898
0.173166	14800.30152
0.17318	14800.58543
0.173194	14800.85755
0.173208	14801.12811
0.173222	14801.39539
0.173236	14801.66373
0.173249	14801.93369
0.173263	14802.20557
0.173277	14802.47534
0.173291	14802.75091
0.173305	14803.02459
0.173319	14803.29431
0.173333	14803.5646
0.173347	14803.83101
0.173361	14804.0967
0.173375	14804.36537
0.173389	14804.64485
0.173403	14804.91989
0.173417	14805.19694
0.173431	14805.46404
0.173445	14805.73938
0.173459	14806.00952
0.173473	14806.28375
0.173487	14806.55385
0.173501	14806.8257
0.173515	14807.09489
0.17353	14807.36791
0.173544	14807.64324
0.173558	14807.92724
0.173572	14808.20715
0.173586	14808.49026
0.1736	14808.7746
0.173615	14809.07183
0.173629	14809.36751
0.173643	14809.66292
0.173657	14809.94731
0.173671	14810.22949
0.173685	14810.50968
0.1737	14810.79327
0.173714	14811.07524
0.173728	14811.35231
0.173742	14811.63833
0.173757	14811.90234
0.173771	14812.17036
0.173785	14812.44618
0.1738	14812.73154
0.173814	14813.0118
0.173828	14813.28679
0.173843	14813.56216
0.173857	14813.84653
0.173871	14814.11678
0.173885	14814.38784
0.1739	14814.65253
0.173914	14814.89755
0.173928	14815.15283
0.173942	14815.41581
0.173957	14815.68511
0.17397	14815.94428
0.173985	14816.20944
0.173999	14816.46662
0.174013	14816.73486
0.174028	14816.99577
0.174042	14817.26538
0.174056	14817.53981
0.17407	14817.81789
0.174085	14818.0825
0.174099	14818.35122
0.174114	14818.61701
0.174128	14818.89036
0.174142	14819.15782
0.174157	14819.42012
0.174171	14819.6715
0.174185	14819.93636
0.174199	14820.21115
0.174214	14820.47363
0.174228	14820.74592
0.174243	14821.03185
0.174257	14821.3104
0.174272	14821.57844
0.174286	14821.86654
0.174301	14822.13695
0.174316	14822.40743
0.17433	14822.6784
0.174344	14822.95628
0.174359	14823.22167
0.174374	14823.491
0.174388	14823.75636
0.174402	14824.01553
0.174417	14824.28357
0.174431	14824.54463
0.174446	14824.81102
0.17446	14825.07473
0.174475	14825.34474
0.174489	14825.60699
0.174504	14825.87838
0.174518	14826.15316
0.174533	14826.41447
0.174548	14826.68522
0.174562	14826.95934
0.174577	14827.23213
0.174591	14827.50714
0.174606	14827.79495
0.174621	14828.07403
0.174635	14828.33293
0.17465	14828.5972
0.174664	14828.86293
0.174679	14829.1199
0.174693	14829.39501
0.174708	14829.66246
0.174723	14829.92869
0.174737	14830.19095
0.174752	14830.44875
0.174767	14830.76174
0.174781	14831.04247
0.174796	14831.32396
0.174811	14831.58958
0.174826	14831.86706
0.17484	14832.13383
0.174855	14832.40602
0.17487	14832.67227
0.174885	14832.9527
0.1749	14833.23793
0.174914	14833.51493
0.174929	14833.79797
0.174944	14834.07251
0.174958	14834.34535
0.174973	14834.60164
0.174988	14834.85406
0.175002	14835.10878
0.175017	14835.35884
0.175032	14835.60611
0.175047	14835.86094
0.175062	14836.1355
0.175076	14836.39754
0.175091	14836.64995
0.175106	14836.91203
0.17512	14837.18716
0.175135	14837.47126
0.17515	14837.74191
0.175165	14837.99968
0.17518	14838.24504
0.175194	14838.49441
0.175209	14838.76673
0.175224	14839.02042
0.175239	14839.29061
0.175254	14839.54932
0.175269	14839.79894
0.175284	14840.05679
0.175299	14840.3246
0.175314	14840.59458
0.175329	14840.84613
0.175344	14841.10722
0.175359	14841.36949
0.175374	14841.62652
0.175388	14841.89187
0.175403	14842.1517
0.175419	14842.4211
0.175433	14842.69077
0.175449	14842.9723
0.175464	14843.26804
0.175479	14843.54216
0.175494	14843.80639
0.175509	14844.08356
0.175524	14844.35863
0.175539	14844.62737
0.175554	14844.87825
0.175569	14845.13456
0.175584	14845.39614
0.175599	14845.65893
0.175614	14845.9194
0.175629	14846.19568
0.175645	14846.46341
0.17566	14846.72237
0.175675	14846.98339
0.17569	14847.25093
0.175705	14847.50959
0.17572	14847.77868
0.175735	14848.04198
0.17575	14848.31212
0.175766	14848.57487
0.175781	14848.84255
0.175796	14849.10669
0.175811	14849.37063
0.175827	14849.6351
0.175841	14849.89017
0.175857	14850.14539
0.175872	14850.40669
0.175888	14850.66764
0.175903	14850.92359
0.175918	14851.18658
0.175933	14851.44319
0.175949	14851.70895
0.175964	14851.97266
0.175979	14852.22585
0.175994	14852.47741
0.176009	14852.72101
0.176024	14852.97039
0.17604	14853.21694
0.176055	14853.45183
0.17607	14853.69837
0.176085	14853.94885
0.1761	14854.19418
0.176116	14854.45036
0.176131	14854.70927
0.176146	14854.97571
0.176162	14855.22405
0.176177	14855.48597
0.176192	14855.73971
0.176208	14856.0031
0.176223	14856.25438
0.176239	14856.50863
0.176254	14856.77449
0.17627	14857.05359
0.176285	14857.31804
0.1763	14857.57562
0.176316	14857.82953
0.176331	14858.08035
0.176346	14858.32125
0.176362	14858.577
0.176377	14858.84323
0.176392	14859.10272
0.176408	14859.36225
0.176423	14859.63303
0.176439	14859.89457
0.176454	14860.16195
0.17647	14860.4289
0.176486	14860.69072
0.176501	14860.94551
0.176516	14861.19316
0.176532	14861.43233
0.176547	14861.68955
0.176563	14861.94312
0.176578	14862.20373
0.176594	14862.46703
0.176609	14862.72758
0.176625	14862.9917
0.176641	14863.2506
0.176656	14863.50954
0.176671	14863.77252
0.176687	14864.02876
0.176702	14864.2803
0.176717	14864.52832
0.176733	14864.77248
0.176749	14865.02241
0.176764	14865.26677
0.17678	14865.51206
0.176795	14865.74699
0.176811	14866.00135
0.176826	14866.24143
0.176842	14866.48857
0.176857	14866.73589
0.176873	14866.99021
0.176889	14867.23717
0.176904	14867.49295
0.17692	14867.7344
0.176935	14867.96947
0.176951	14868.20069
0.176966	14868.43651
0.176981	14868.6764
0.176997	14868.93106
0.177013	14869.18991
0.177029	14869.44837
0.177044	14869.69866
0.17706	14869.95072
0.177076	14870.21597
0.177092	14870.48112
0.177108	14870.74741
0.177124	14871.00481
0.17714	14871.26353
0.177156	14871.52432
0.177171	14871.77666
0.177187	14872.02012
0.177203	14872.26609
0.177219	14872.51944
0.177235	14872.7886
0.17725	14873.0446
0.177266	14873.29253
0.177282	14873.53456
0.177297	14873.76917
0.177313	14874.01431
0.177329	14874.25206
0.177345	14874.48244
0.17736	14874.72855
0.177376	14874.97339
0.177392	14875.2237
0.177408	14875.47301
0.177423	14875.71782
0.17744	14875.96226
0.177455	14876.20057
0.177472	14876.44036
0.177487	14876.68778
0.177503	14876.9429
0.177519	14877.19256
0.177535	14877.44618
0.177551	14877.69404
0.177567	14877.94939
0.177583	14878.20072
0.177599	14878.4584
0.177615	14878.71103
0.177631	14878.95341
0.177647	14879.19454
0.177663	14879.44227
0.177679	14879.68367
0.177695	14879.93597
0.177711	14880.18896
0.177727	14880.45691
0.177744	14880.74119
0.17776	14880.98419
0.177776	14881.21531
0.177791	14881.4684
0.177807	14881.71772
0.177824	14881.97663
0.17784	14882.22338
0.177856	14882.46872
0.177872	14882.71457
0.177888	14882.95008
0.177904	14883.1938
0.17792	14883.44019
0.177936	14883.69329
0.177952	14883.93297
0.177968	14884.17794
0.177984	14884.42095
0.178	14884.6678
0.178016	14884.91439
0.178032	14885.15574
0.178048	14885.38106
0.178065	14885.61236
0.178081	14885.84781
0.178097	14886.09259
0.178113	14886.33132
0.178129	14886.5651
0.178145	14886.79784
0.178161	14887.05061
0.178177	14887.29791
0.178193	14887.54553
0.17821	14887.79661
0.178226	14888.05398
0.178242	14888.30865
0.178259	14888.5674
0.178275	14888.80796
0.178291	14889.05623
0.178307	14889.30358
0.178323	14889.55577
0.17834	14889.82211
0.178356	14890.06894
0.178373	14890.31477
0.178389	14890.55948
0.178405	14890.80537
0.178421	14891.04242
0.178438	14891.28446
0.178454	14891.52614
0.17847	14891.77424
0.178486	14892.02455
0.178503	14892.27412
0.178519	14892.51594
0.178536	14892.76595
0.178552	14893.00817
0.178568	14893.25309
0.178585	14893.48543
0.178601	14893.72386
0.178617	14893.96583
0.178633	14894.21257
0.17865	14894.45671
0.178666	14894.68665
0.178683	14894.92016
0.178699	14895.16442
0.178716	14895.41933
0.178732	14895.66403
0.178748	14895.90943
0.178765	14896.1606
0.178781	14896.41908
0.178798	14896.66904
0.178814	14896.91139
0.178831	14897.13819
0.178847	14897.35535
0.178864	14897.58777
0.17888	14897.83622
0.178897	14898.08501
0.178913	14898.32121
0.17893	14898.55877
0.178947	14898.78648
0.178963	14899.01435
0.178979	14899.2427
0.178996	14899.47759
0.179012	14899.72079
0.179028	14899.95334
0.179045	14900.19471
0.179062	14900.4331
0.179078	14900.66885
0.179095	14900.90235
0.179111	14901.14077
0.179128	14901.37175
0.179144	14901.60982
0.179161	14901.83796
0.179177	14902.06658
0.179194	14902.29401
0.17921	14902.52768
0.179227	14902.76114
0.179244	14902.98512
0.17926	14903.22578
0.179277	14903.47364
0.179293	14903.71445
0.17931	14903.95479
0.179326	14904.20206
0.179343	14904.43674
0.179359	14904.66037
0.179376	14904.88173
0.179393	14905.12453
0.179409	14905.37312
0.179426	14905.62089
0.179443	14905.87213
0.17946	14906.12318
0.179476	14906.35547
0.179493	14906.58862
0.17951	14906.83085
0.179526	14907.07403
0.179543	14907.29883
0.17956	14907.54433
0.179577	14907.78979
0.179594	14908.03636
0.17961	14908.27807
0.179627	14908.52817
0.179644	14908.76776
0.179661	14909.01247
0.179678	14909.25733
0.179695	14909.49899
0.179712	14909.73501
0.179729	14909.97685
0.179745	14910.21323
0.179762	14910.4392
0.179779	14910.66564
0.179796	14910.89587
0.179813	14911.15124
0.17983	14911.38328
0.179847	14911.61961
0.179864	14911.85164
0.179881	14912.09677
0.179898	14912.33689
0.179914	14912.57137
0.179931	14912.81009
0.179948	14913.03352
0.179965	14913.25965
0.179982	14913.489
0.179999	14913.72712
0.180016	14913.95372
0.180033	14914.18239
0.18005	14914.42151
0.180067	14914.65981
0.180084	14914.9009
0.180101	14915.15207
0.180118	14915.38989
0.180135	14915.62929
0.180152	14915.86868
0.180169	14916.10775
0.180186	14916.33843
0.180203	14916.56637
0.18022	14916.79593
0.180237	14917.02678
0.180254	14917.26399
0.180271	14917.49364
0.180288	14917.7211
0.180305	14917.96147
0.180322	14918.19547
0.180339	14918.42627
0.180356	14918.65862
0.180373	14918.88386
0.18039	14919.11271
0.180408	14919.33554
0.180424	14919.55596
0.180441	14919.76285
0.180458	14919.97809
0.180475	14920.19452
0.180492	14920.41681
0.180509	14920.64175
0.180527	14920.87661
0.180544	14921.1197
0.180561	14921.34583
0.180578	14921.5761
0.180595	14921.80079
0.180612	14922.0237
0.180629	14922.24286
0.180647	14922.45991
0.180664	14922.69055
0.180681	14922.89912
0.180698	14923.12306
0.180715	14923.34451
0.180733	14923.57609
0.18075	14923.78584
0.180767	14924.01722
0.180784	14924.24422
0.180802	14924.47267
0.180819	14924.68661
0.180836	14924.90944
0.180854	14925.12179
0.18087	14925.35037
0.180888	14925.58918
0.180905	14925.82098
0.180923	14926.04138
0.18094	14926.26768
0.180957	14926.49891
0.180975	14926.72652
0.180992	14926.95992
0.181009	14927.19466
0.181027	14927.42731
0.181044	14927.64611
0.181062	14927.85525
0.181079	14928.07069
0.181096	14928.29705
0.181114	14928.52005
0.181131	14928.73222
0.181148	14928.94665
0.181165	14929.15437
0.181183	14929.36466
0.1812	14929.58214
0.181217	14929.80087
0.181235	14930.02952
0.181252	14930.25272
0.181269	14930.46967
0.181286	14930.6937
0.181304	14930.91768
0.181321	14931.14564
0.181339	14931.37229
0.181356	14931.59373
0.181374	14931.80344
0.181391	14932.03038
0.181408	14932.24908
0.181426	14932.47639
0.181443	14932.70411
0.181461	14932.94392
0.181479	14933.18315
0.181496	14933.41976
0.181514	14933.64105
0.181531	14933.83672
0.181549	14934.04833
0.181566	14934.25945
0.181584	14934.47383
0.181601	14934.68514
0.181618	14934.90004
0.181636	14935.11693
0.181653	14935.33545
0.181671	14935.5434
0.181688	14935.76114
0.181706	14935.97693
0.181723	14936.20399
0.181741	14936.42659
0.181759	14936.64001
0.181777	14936.86171
0.181794	14937.07976
0.181812	14937.29416
0.18183	14937.52065
0.181847	14937.74084
0.181865	14937.95935
0.181883	14938.16912
0.181901	14938.37909
0.181918	14938.58807
0.181936	14938.79312
0.181954	14939.01362
0.181971	14939.22882
0.181988	14939.43388
0.182006	14939.63418
0.182024	14939.83582
0.182041	14940.04929
0.182059	14940.26275
0.182077	14940.48394
0.182094	14940.6971
0.182112	14940.90174
0.18213	14941.10549
0.182147	14941.31297
0.182165	14941.53016
0.182183	14941.74051
0.182201	14941.95333
0.182218	14942.15407
0.182236	14942.36592
0.182254	14942.58061
0.182272	14942.79839
0.182289	14943.01197
0.182307	14943.22228
0.182325	14943.44112
0.182343	14943.64715
0.182361	14943.8708
0.182379	14944.0914
0.182397	14944.30273
0.182414	14944.50732
0.182432	14944.72541
0.18245	14944.94453
0.182468	14945.14971
0.182486	14945.34364
0.182504	14945.52414
0.182522	14945.72983
0.18254	14945.94004
0.182557	14946.15099
0.182575	14946.36923
0.182593	14946.58153
0.182611	14946.79276
0.182629	14947.00422
0.182647	14947.21574
0.182665	14947.4158
0.182683	14947.6131
0.182701	14947.81003
0.182719	14948.01124
0.182737	14948.21205
0.182755	14948.41983
0.182773	14948.61894
0.18279	14948.82165
0.182808	14949.01111
0.182826	14949.22187
0.182845	14949.41988
0.182863	14949.61975
0.182881	14949.8136
0.182899	14950.00635
0.182917	14950.18972
0.182934	14950.38119
0.182953	14950.57262
0.182971	14950.77341
0.182989	14950.97459
0.183007	14951.16836
0.183025	14951.37016
0.183042	14951.57116
0.18306	14951.77261
0.183079	14951.98014
0.183097	14952.17783
0.183115	14952.37858
0.183133	14952.57695
0.183151	14952.77569
0.18317	14952.97399
0.183188	14953.16196
0.183206	14953.36017
0.183224	14953.55959
0.183242	14953.77919
0.18326	14953.99725
0.183278	14954.21698
0.183297	14954.4147
0.183315	14954.62719
0.183333	14954.82652
0.183351	14955.03525
0.18337	14955.24418
0.183388	14955.46591
0.183407	14955.6809
0.183425	14955.89433
0.183443	14956.09836
0.183461	14956.31046
0.18348	14956.52343
0.183498	14956.74095
0.183517	14956.9452
0.183535	14957.14436
0.183554	14957.34968
0.183572	14957.56204
0.18359	14957.7709
0.183609	14957.97994
0.183627	14958.20069
0.183645	14958.41519
0.183664	14958.62555
0.183683	14958.82585
0.183701	14959.02733
0.183719	14959.21007
0.183737	14959.4084
0.183756	14959.60969
0.183774	14959.82033
0.183793	14960.01605
0.183812	14960.21413
0.18383	14960.42202
0.183849	14960.62498
0.183867	14960.84401
0.183886	14961.06185
0.183904	14961.28101
0.183923	14961.48388
0.183941	14961.6946
0.18396	14961.9051
0.183979	14962.11291
0.183997	14962.3122
0.184016	14962.52057
0.184034	14962.72034
0.184053	14962.93806
0.184071	14963.13117
0.18409	14963.34405
0.184109	14963.54892
0.184127	14963.74366
0.184146	14963.93224
0.184164	14964.12341
0.184183	14964.3032
0.184202	14964.5031
0.18422	14964.69111
0.184239	14964.88258
0.184258	14965.09925
0.184276	14965.30945
0.184295	14965.51163
0.184314	14965.7123
0.184332	14965.90579
0.184351	14966.08674
0.18437	14966.26291
0.184388	14966.4485
0.184407	14966.6399
0.184426	14966.83526
0.184445	14967.03732
0.184464	14967.22772
0.184482	14967.42699
0.184501	14967.62984
0.18452	14967.82612
0.184539	14968.01233
0.184558	14968.19134
0.184576	14968.37823
0.184595	14968.57052
0.184614	14968.7549
0.184633	14968.94198
0.184652	14969.12217
0.184671	14969.31096
0.18469	14969.49907
0.184709	14969.69117
0.184728	14969.89667
0.184746	14970.08835
0.184765	14970.29888
0.184784	14970.49945
0.184803	14970.70804
0.184822	14970.90847
0.184841	14971.09613
0.18486	14971.29124
0.184879	14971.49767
0.184898	14971.68528
0.184917	14971.88574
0.184936	14972.09871
0.184955	14972.29521
0.184974	14972.48384
0.184993	14972.68032
0.185012	14972.88109
0.185031	14973.086
0.18505	14973.29582
0.185069	14973.49233
0.185088	14973.68853
0.185107	14973.87812
0.185127	14974.07906
0.185146	14974.26733
0.185165	14974.44167
0.185184	14974.61919
0.185203	14974.80203
0.185222	14974.99737
0.185241	14975.19018
0.18526	14975.37354
0.18528	14975.55064
0.185299	14975.72505
0.185318	14975.90447
0.185337	14976.08456
0.185357	14976.27296
0.185376	14976.45644
0.185395	14976.62531
0.185414	14976.80107
0.185433	14976.98084
0.185452	14977.17009
0.185472	14977.36518
0.185491	14977.5654
0.185511	14977.77138
0.18553	14977.96538
0.185549	14978.16304
0.185569	14978.35539
0.185588	14978.53436
0.185607	14978.71453
0.185627	14978.90628
0.185646	14979.1015
0.185666	14979.27876
0.185685	14979.46063
0.185705	14979.64209
0.185724	14979.81772
0.185743	14979.99987
0.185763	14980.17168
0.185782	14980.35899
0.185802	14980.53024
0.185821	14980.71109
0.18584	14980.88677
0.18586	14981.07059
0.185879	14981.24736
0.185898	14981.42926
0.185918	14981.60981
0.185937	14981.81574
0.185957	14982.0216
0.185977	14982.2258
0.185996	14982.42156
0.186015	14982.60873
0.186035	14982.79866
0.186055	14982.98867
0.186074	14983.1692
0.186094	14983.34081
0.186113	14983.52211
0.186133	14983.69542
0.186153	14983.88393
0.186172	14984.06312
0.186192	14984.24337
0.186211	14984.41807
0.186231	14984.60575
0.18625	14984.78978
0.18627	14984.97041
0.18629	14985.16039
0.186309	14985.34612
0.186329	14985.52637
0.186349	14985.70102
0.186368	14985.88779
0.186388	14986.06262
0.186408	14986.25075
0.186428	14986.43128
0.186448	14986.60912
0.186467	14986.78216
0.186487	14986.951
0.186507	14987.11551
0.186526	14987.26911
0.186546	14987.43646
0.186566	14987.60994
0.186586	14987.77017
0.186605	14987.9366
0.186625	14988.11177
0.186645	14988.28414
0.186664	14988.45779
0.186684	14988.62654
0.186704	14988.80483
0.186724	14988.9696
0.186744	14989.13624
0.186763	14989.30502
0.186783	14989.4744
0.186803	14989.6448
0.186823	14989.82213
0.186843	14989.99548
0.186863	14990.23113
0.186883	14990.4331
0.186904	14990.61309
0.186924	14990.79368
0.186943	14990.94318
0.186963	14991.09948
0.186983	14991.26425
0.187003	14991.42828
0.187023	14991.60594
0.187043	14991.76575
0.187063	14991.93046
0.187083	14992.09549
0.187103	14992.24111
0.187123	14992.40779
0.187143	14992.57548
0.187163	14992.74032
0.187183	14992.89519
0.187203	14993.05396
0.187223	14993.20946
0.187243	14993.36433
0.187262	14993.51671
0.187282	14993.67535
0.187302	14993.82601
0.187322	14993.99046
0.187343	14994.16234
0.187363	14994.33708
0.187383	14994.50765
0.187403	14994.66467
0.187423	14994.81174
0.187443	14994.95382
0.187463	14995.11683
0.187484	14995.26733
0.187504	14995.43461
0.187524	14995.59164
0.187544	14995.75754
0.187564	14995.91066
0.187584	14996.05988
0.187604	14996.21614
0.187625	14996.37391
0.187645	14996.52977
0.187665	14996.69064
0.187685	14996.83701
0.187705	14996.98799
0.187726	14997.14372
0.187746	14997.31532
0.187767	14997.48904
0.187787	14997.66038
0.187808	14997.82817
0.187828	14997.98055
0.187848	14998.13316
0.187869	14998.29924
0.187889	14998.45857
0.187909	14998.6128
0.18793	14998.75387
0.18795	14998.90279
0.18797	14999.06689
0.187991	14999.21602
0.188011	14999.36723
0.188031	14999.52
0.188052	14999.68296
0.188073	14999.84642
0.188093	15000.00181
0.188113	15000.15751
0.188134	15000.32194
0.188155	15000.48833
0.188175	15000.6416
0.188196	15000.79999
0.188216	15000.94623
0.188237	15001.09491
0.188258	15001.24572
0.188278	15001.39097
0.188299	15001.54472
0.188319	15001.69824
0.18834	15001.84819
0.18836	15002.00559
0.188381	15002.17007
0.188402	15002.32785
0.188422	15002.47602
0.188443	15002.62988
0.188464	15002.77011
0.188484	15002.91101
0.188504	15003.04834
0.188525	15003.19288
0.188546	15003.34242
0.188566	15003.49039
0.188587	15003.64228
0.188607	15003.79726
0.188628	15003.95768
0.188649	15004.11589
0.188669	15004.27649
0.18869	15004.42369
0.188711	15004.58176
0.188732	15004.73505
0.188753	15004.89351
0.188773	15005.03411
0.188794	15005.1867
0.188815	15005.33889
0.188836	15005.49011
0.188857	15005.64943
0.188878	15005.81168
0.188899	15005.9672
0.188919	15006.11612
0.18894	15006.28287
0.188961	15006.44436
0.188982	15006.6027
0.189002	15006.75638
0.189023	15006.90898
0.189044	15007.06499
0.189065	15007.21519
0.189086	15007.36361
0.189106	15007.50862
0.189127	15007.65681
0.189148	15007.81264
0.189169	15007.96729
0.189191	15008.12653
0.189211	15008.28159
0.189232	15008.43371
0.189253	15008.56245
0.189274	15008.70378
0.189295	15008.8451
0.189315	15008.99827
0.189337	15009.14205
0.189357	15009.28894
0.189379	15009.42788
0.189399	15009.56768
0.18942	15009.71056
0.189441	15009.85366
0.189462	15009.99086
0.189483	15010.135
0.189504	15010.27843
0.189525	15010.41087
0.189546	15010.54771
0.189567	15010.68203
0.189588	15010.8289
0.189609	15010.96747
0.189631	15011.11502
0.189652	15011.24836
0.189673	15011.38617
0.189694	15011.52372
0.189715	15011.67503
0.189736	15011.82365
0.189758	15011.96585
0.189779	15012.10336
0.1898	15012.24276
0.189821	15012.39162
0.189842	15012.54234
0.189863	15012.67711
0.189885	15012.82334
0.189906	15012.97007
0.189927	15013.10081
0.189949	15013.22977
0.18997	15013.37414
0.189991	15013.51807
0.190012	15013.67246
0.190034	15013.8222
0.190055	15013.9571
0.190076	15014.09544
0.190098	15014.23047
0.190119	15014.36408
0.19014	15014.50789
0.190161	15014.65296
0.190183	15014.79777
0.190204	15014.9289
0.190225	15015.07092
0.190247	15015.21221
0.190269	15015.36055
0.19029	15015.50161
0.190312	15015.64306
0.190333	15015.78407
0.190355	15015.93911
0.190376	15016.08533
0.190398	15016.23628
0.19042	15016.38842
0.190441	15016.53611
0.190463	15016.67015
0.190484	15016.81146
0.190505	15016.94646
0.190527	15017.08831
0.190548	15017.21143
0.19057	15017.34425
0.190592	15017.46613
0.190613	15017.59697
0.190635	15017.72966
0.190657	15017.86953
0.190678	15018.00615
0.1907	15018.14984
0.190721	15018.28276
0.190743	15018.42447
0.190765	15018.55619
0.190786	15018.69619
0.190808	15018.83561
0.19083	15018.97372
0.190852	15019.11055
0.190873	15019.24401
0.190895	15019.38333
0.190917	15019.52711
0.190939	15019.66547
0.190961	15019.78768
0.190983	15019.9206
0.191004	15020.05679
0.191026	15020.19646
0.191048	15020.32572
0.19107	15020.46053
0.191092	15020.59328
0.191114	15020.72071
0.191136	15020.84332
0.191157	15020.96901
0.191179	15021.09097
0.191201	15021.21328
0.191223	15021.34377
0.191245	15021.4689
0.191267	15021.58233
0.191288	15021.70122
0.19131	15021.80664
0.191332	15021.91962
0.191355	15022.03016
0.191376	15022.15056
0.191398	15022.26514
0.19142	15022.38266
0.191442	15022.48918
0.191464	15022.60025
0.191486	15022.72479
0.191508	15022.83795
0.19153	15022.95393
0.191552	15023.07244
0.191574	15023.18925
0.191596	15023.29648
0.191617	15023.40311
0.191639	15023.51621
0.191661	15023.63685
0.191683	15023.75549
0.191706	15023.87492
0.191727	15023.99508
0.191749	15024.11702
0.191772	15024.24007
0.191794	15024.35574
0.191816	15024.47591
0.191838	15024.59642
0.19186	15024.72665
0.191882	15024.84971
0.191904	15024.97097
0.191926	15025.08175
0.191949	15025.19831
0.191971	15025.32181
0.191993	15025.43487
0.192015	15025.55641
0.192037	15025.61962
0.192059	15025.71363
0.192081	15025.81564
0.192103	15025.91409
0.192125	15026.03143
0.192148	15026.14575
0.19217	15026.27217
0.192192	15026.39227
0.192215	15026.50122
0.192237	15026.62804
0.192259	15026.75054
0.192282	15026.85255
0.192304	15026.96065
0.192326	15027.06825
0.192348	15027.18445
0.192371	15027.30567
0.192393	15027.41597
0.192415	15027.52378
0.192437	15027.63252
0.19246	15027.74523
0.192482	15027.86066
0.192505	15027.98625
0.192527	15028.10857
0.192549	15028.21763
0.192572	15028.33894
0.192594	15028.47054
0.192617	15028.59711
0.192639	15028.71734
0.192662	15028.83872
0.192684	15028.94768
0.192707	15029.04946
0.192729	15029.17433
0.192752	15029.29575
0.192774	15029.41197
0.192797	15029.5304
0.19282	15029.66143
0.192842	15029.77538
0.192865	15029.89113
0.192887	15030.01465
0.19291	15030.12919
0.192933	15030.25434
0.192956	15030.38118
0.192978	15030.50187
0.193001	15030.62535
0.193024	15030.74906
0.193047	15030.86678
0.19307	15030.98654
0.193092	15031.05279
0.193115	15031.15933
0.193137	15031.26235
0.19316	15031.37078
0.193183	15031.47085
0.193206	15031.57145
0.193228	15031.66534
0.193251	15031.76902
0.193273	15031.87558
0.193296	15031.97215
0.193319	15032.06925
0.193342	15032.15698
0.193365	15032.25947
0.193387	15032.35586
0.19341	15032.46385
0.193433	15032.57861
0.193456	15032.69809
0.193479	15032.81952
0.193502	15032.94015
0.193525	15033.05119
0.193548	15033.14865
0.193571	15033.25134
0.193594	15033.36415
0.193617	15033.47538
0.19364	15033.57904
0.193663	15033.66859
0.193686	15033.76032
0.193709	15033.86906
0.193732	15033.98482
0.193755	15034.09531
0.193778	15034.1928
0.193801	15034.29953
0.193824	15034.38761
0.193847	15034.48295
0.19387	15034.58877
0.193893	15034.68983
0.193916	15034.7906
0.193939	15034.8869
0.193962	15034.99301
0.193985	15035.09986
0.194008	15035.21394
0.194031	15035.3423
0.194055	15035.45115
0.194078	15035.56937
0.194101	15035.67653
0.194124	15035.78053
0.194147	15035.86753
0.194171	15035.96194
0.194194	15036.05808
0.194217	15036.15586
0.19424	15036.24989
0.194263	15036.35322
0.194287	15036.45886
0.19431	15036.55995
0.194333	15036.65842
0.194357	15036.75938
0.19438	15036.86314
0.194404	15036.96935
0.194427	15037.07837
0.19445	15037.17568
0.194474	15037.27311
0.194497	15037.36525
0.19452	15037.45979
0.194544	15037.56286
0.194567	15037.6492
0.19459	15037.74387
0.194614	15037.84352
0.194637	15037.94117
0.194661	15038.038
0.194684	15038.13121
0.194708	15038.21498
0.194731	15038.29976
0.194755	15038.39124
0.194778	15038.48957
0.194802	15038.58949
0.194826	15038.69037
0.19485	15038.79214
0.194873	15038.88906
0.194896	15038.99414
0.19492	15039.08338
0.194944	15039.17789
0.194967	15039.26494
0.194991	15039.363
0.195015	15039.46716
0.195038	15039.57116
0.195062	15039.66388
0.195086	15039.76965
0.19511	15039.87986
0.195134	15039.99898
0.195157	15040.11318
0.195181	15040.20995
0.195205	15040.29714
0.195229	15040.38823
0.195253	15040.49049
0.195277	15040.59767
0.195301	15040.70516
0.195325	15040.79351
0.195349	15040.89333
0.195372	15040.98636
0.195396	15041.07629
0.19542	15041.15788
0.195444	15041.24694
0.195468	15041.33528
0.195492	15041.4267
0.195516	15041.52804
0.19554	15041.62864
0.195563	15041.71322
0.195587	15041.78983
0.195612	15041.8657
0.195636	15041.94812
0.19566	15042.02617
0.195684	15042.113
0.195708	15042.19668
0.195732	15042.28627
0.195757	15042.36687
0.195781	15042.44645
0.195805	15042.54082
0.195829	15042.64192
0.195853	15042.73216
0.195878	15042.8111
0.195902	15042.88577
0.195926	15042.96605
0.19595	15043.04561
0.195974	15043.12601
0.195999	15043.20682
0.196023	15043.28226
0.196048	15043.35649
0.196072	15043.43726
0.196097	15043.52852
0.196121	15043.62054
0.196146	15043.70593
0.19617	15043.79574
0.196194	15043.8859
0.196219	15043.97582
0.196243	15044.06604
0.196267	15044.15092
0.196292	15044.24201
0.196317	15044.33014
0.196341	15044.43072
0.196366	15044.51553
0.19639	15044.60951
0.196415	15044.70135
0.19644	15044.78004
0.196464	15044.86032
0.196489	15044.94638
0.196513	15045.0216
0.196538	15045.09354
0.196563	15045.1591
0.196587	15045.22587
0.196611	15045.29387
0.196636	15045.3723
0.196661	15045.44644
0.196686	15045.51711
0.19671	15045.58913
0.196735	15045.67327
0.196759	15045.74728
0.196784	15045.82817
0.196808	15045.89683
0.196833	15045.97152
0.196858	15046.05798
0.196882	15046.13086
0.196907	15046.21365
0.196932	15046.28041
0.196957	15046.34687
0.196982	15046.40364
0.197007	15046.47755
0.197032	15046.55172
0.197056	15046.62478
0.197081	15046.71547
0.197106	15046.80468
0.197131	15046.88221
0.197156	15046.9549
0.197181	15047.03005
0.197206	15047.10509
0.197231	15047.18823
0.197256	15047.26518
0.197281	15047.34198
0.197306	15047.42251
0.197332	15047.50111
0.197357	15047.57613
0.197382	15047.65114
0.197406	15047.7226
0.197431	15047.7993
0.197456	15047.86742
0.197481	15047.93412
0.197506	15047.98983
0.197531	15048.0489
0.197556	15048.10663
0.197582	15048.17736
0.197607	15048.24917
0.197633	15048.33922
0.197658	15048.41196
0.197683	15048.48624
0.197708	15048.53211
0.197733	15048.58336
0.197759	15048.63516
0.197784	15048.70999
0.197809	15048.78743
0.197835	15048.85816
0.19786	15048.92195
0.197886	15048.99283
0.197911	15049.04868
0.197936	15049.10979
0.197962	15049.18084
0.197987	15049.24381
0.198013	15049.31519
0.198039	15049.36975
0.198064	15049.43706
0.198089	15049.50519
0.198115	15049.55664
0.198141	15049.6157
0.198166	15049.6688
0.198191	15049.72298
0.198217	15049.78692
0.198243	15049.86427
0.198269	15049.93543
0.198294	15050.00194
0.19832	15050.05428
0.198345	15050.11509
0.198371	15050.16471
0.198397	15050.21311
0.198422	15050.26361
0.198448	15050.31641
0.198473	15050.36445
0.198499	15050.41857
0.198525	15050.47902
0.198551	15050.5312
0.198576	15050.58394
0.198602	15050.63041
0.198628	15050.67213
0.198654	15050.72419
0.198679	15050.76414
0.198705	15050.81466
0.198731	15050.86674
0.198757	15050.92119
0.198783	15050.96095
0.198808	15051.02583
0.198835	15051.08305
0.198861	15051.1385
0.198886	15051.18982
0.198912	15051.22953
0.198938	15051.27423
0.198964	15051.33045
0.19899	15051.37917
0.199016	15051.42864
0.199042	15051.47598
0.199068	15051.58651
0.199095	15051.67116
0.199121	15051.74552
0.199147	15051.79631
0.199173	15051.85022
0.199199	15051.90518
0.199225	15051.96542
0.199251	15052.0221
0.199278	15052.08579
0.199304	15052.14014
0.19933	15052.19461
0.199357	15052.2346
0.199383	15052.27225
0.199409	15052.31943
0.199435	15052.3699
0.199461	15052.41924
0.199487	15052.46665
0.199514	15052.51904
0.19954	15052.57004
0.199567	15052.62994
0.199593	15052.6923
0.199619	15052.7444
0.199646	15052.79954
0.199672	15052.85814
0.199699	15052.91033
0.199725	15052.96052
0.199752	15053.00327
0.199778	15053.05677
0.199805	15053.10534
0.199831	15053.14658
0.199858	15053.19719
0.199884	15053.24361
0.199911	15053.29757
0.199937	15053.34563
0.199964	15053.38399
0.19999	15053.42971
0.200017	15053.46575
0.200044	15053.50029
0.20007	15053.54419
0.200097	15053.59435
0.200124	15053.65397
0.200151	15053.70046
0.200177	15053.73951
0.200204	15053.77459
0.200231	15053.82022
0.200257	15053.85496
0.200284	15053.90359
0.200311	15053.95963
0.200338	15054.01057
0.200365	15054.04259
0.200392	15054.08508
0.200418	15054.10765
0.200445	15054.12606
0.200472	15054.13276
0.200499	15054.17762
0.200526	15054.22779
0.200553	15054.26801
0.20058	15054.29747
0.200607	15054.34824
0.200634	15054.37371
0.200661	15054.39932
0.200688	15054.41885
0.200715	15054.44538
0.200742	15054.47082
0.200769	15054.50679
0.200796	15054.52663
0.200823	15054.54771
0.20085	15054.58222
0.200877	15054.62169
0.200904	15054.66136
0.200931	15054.71219
0.200959	15054.75457
0.200986	15054.78422
0.201013	15054.80698
0.20104	15054.81561
0.201066	15054.847
0.201093	15054.87379
0.20112	15054.91164
0.201147	15054.93589
0.201175	15054.96135
0.201202	15054.98205
0.201229	15055.00982
0.201256	15055.04459
0.201284	15055.07784
0.201311	15055.1077
0.201338	15055.13343
0.201365	15055.16675
0.201393	15055.19277
0.20142	15055.21161
0.201447	15055.21975
0.201474	15055.23743
0.201502	15055.24606
0.201529	15055.26557
0.201556	15055.28805
0.201584	15055.32647
0.201611	15055.35382
0.201639	15055.37949
0.201666	15055.39739
0.201694	15055.42246
0.201721	15055.45222
0.201749	15055.46625
0.201776	15055.49574
0.201804	15055.52531
0.201831	15055.55087
0.201859	15055.5816
0.201886	15055.60657
0.201914	15055.63403
0.201942	15055.66697
0.201969	15055.70543
0.201997	15055.73772
0.202025	15055.77108
0.202053	15055.80224
0.20208	15055.81855
0.202108	15055.81884
0.202135	15055.83211
0.202163	15055.85202
0.202191	15055.87187
0.202218	15055.86698
0.202246	15055.88334
0.202274	15055.90494
0.202302	15055.93813
0.20233	15055.95484
0.202358	15055.97089
0.202385	15055.98136
0.202413	15055.98511
0.202441	15056.00833
0.202469	15056.02216
0.202497	15056.04063
0.202525	15056.05338
0.202552	15056.07659
0.20258	15056.09189
0.202608	15056.11103
0.202636	15056.13541
0.202664	15056.16297
0.202692	15056.19031
0.20272	15056.21966
0.202748	15056.23793
0.202776	15056.24623
0.202804	15056.26374
0.202832	15056.28747
0.20286	15056.3162
0.202888	15056.33024
0.202917	15056.34579
0.202945	15056.35989
0.202973	15056.37418
0.203001	15056.38941
0.20303	15056.42346
0.203058	15056.47616
0.203086	15056.51722
0.203114	15056.54358
0.203143	15056.56719
0.203171	15056.59286
0.2032	15056.6166
0.203228	15056.64677
0.203256	15056.67348
0.203285	15056.69458
0.203313	15056.711
0.203342	15056.72082
0.20337	15056.74079
0.203399	15056.75753
0.203427	15056.77114
0.203456	15056.77906
0.203484	15056.77772
0.203512	15056.78225
0.203541	15056.79671
0.20357	15056.81518
0.203599	15056.84177
0.203627	15056.85799
0.203656	15056.8704
0.203685	15056.88105
0.203714	15056.89495
0.203742	15056.89243
0.203771	15056.89567
0.203799	15056.89655
0.203828	15056.91387
0.203857	15056.9167
0.203886	15056.92491
0.203915	15056.9323
0.203944	15056.94325
0.203972	15056.93638
0.204001	15056.93534
0.20403	15056.94357
0.204059	15056.94498
0.204088	15056.95464
0.204117	15056.95115
0.204146	15056.94795
0.204175	15056.94205
0.204204	15056.93978
0.204232	15056.93146
0.204261	15056.92741
0.20429	15056.93451
0.204319	15056.92716
0.204348	15056.92013
0.204377	15056.91545
0.204406	15056.91776
0.204435	15056.92472
0.204464	15056.92839
0.204493	15056.93615
0.204522	15056.9266
0.204552	15056.91445
0.204581	15056.90335
0.20461	15056.8986
0.204639	15056.88929
0.204668	15056.87811
0.204697	15056.86889
0.204727	15056.85759
0.204756	15056.8465
0.204785	15056.84278
0.204814	15056.83256
0.204843	15056.83124
0.204873	15056.8243
0.204902	15056.82465
0.204931	15056.81437
0.204961	15056.82007
0.20499	15056.80518
0.205019	15056.79105
0.205049	15056.77427
0.205078	15056.76797
0.205108	15056.76179
0.205137	15056.75599
0.205166	15056.74263
0.205196	15056.73195
0.205226	15056.72158
0.205255	15056.71916
0.205285	15056.71114
0.205314	15056.69661
0.205344	15056.68309
0.205373	15056.67634
0.205403	15056.66497
0.205432	15056.65848
0.205462	15056.64477
0.205491	15056.6283
0.205521	15056.62736
0.205551	15056.62555
0.205581	15056.6168
0.20561	15056.61502
0.20564	15056.61005
0.20567	15056.60356
0.205699	15056.59699
0.205729	15056.58895
0.205759	15056.58269
0.205789	15056.56416
0.205818	15056.55111
0.205848	15056.53512
0.205878	15056.52417
0.205908	15056.51139
0.205938	15056.5002
0.205968	15056.46675
0.205997	15056.44807
0.206027	15056.43391
0.206057	15056.41144
0.206087	15056.39809
0.206117	15056.36495
0.206147	15056.35499
0.206177	15056.33909
0.206207	15056.31699
0.206237	15056.29967
0.206267	15056.27969
0.206297	15056.25003
0.206327	15056.23729
0.206357	15056.21387
0.206387	15056.18562
0.206417	15056.15488
0.206447	15056.13055
0.206477	15056.0989
0.206507	15056.0758
0.206537	15056.05851
0.206567	15056.04203
0.206597	15056.02066
0.206627	15055.99751
0.206657	15055.94991
0.206687	15055.91325
0.206718	15055.87438
0.206748	15055.84122
0.206778	15055.7938
0.206808	15055.76287
0.206838	15055.72929
0.206868	15055.69139
0.206898	15055.65186
0.206928	15055.61801
0.206959	15055.59133
0.206989	15055.574
0.207019	15055.53622
0.20705	15055.49837
0.20708	15055.45813
0.20711	15055.42745
0.207141	15055.39772
0.207171	15055.35929
0.207202	15055.32097
0.207232	15055.28115
0.207262	15055.23946
0.207293	15055.20158
0.207323	15055.15402
0.207353	15055.10676
0.207383	15055.06375
0.207414	15055.02765
0.207445	15054.99828
0.207475	15054.9651
0.207505	15054.93227
0.207536	15054.88693
0.207566	15054.85233
0.207597	15054.82098
0.207627	15054.78249
0.207658	15054.74958
0.207688	15054.70214
0.207719	15054.6618
0.20775	15054.62745
0.20778	15054.58748
0.207811	15054.55004
0.207842	15054.51063
0.207872	15054.4763
0.207903	15054.44899
0.207934	15054.41436
0.207964	15054.37631
0.207995	15054.3373
0.208026	15054.31028
0.208057	15054.27679
0.208088	15054.24601
0.208119	15054.21842
0.20815	15054.18514
0.20818	15054.1411
0.208211	15054.11157
0.208242	15054.07144
0.208273	15054.03358
0.208304	15053.99121
0.208335	15053.93523
0.208366	15053.90163
0.208397	15053.87497
0.208428	15053.83699
0.208458	15053.79258
0.208489	15053.74625
0.208521	15053.71067
0.208552	15053.66816
0.208583	15053.62641
0.208614	15053.57939
0.208645	15053.53872
0.208676	15053.51537
0.208707	15053.482
0.208739	15053.43879
0.20877	15053.39773
0.208801	15053.35729
0.208832	15053.3386
0.208863	15053.30641
0.208894	15053.25748
0.208926	15053.22175
0.208957	15053.18088
0.208988	15053.14374
0.20902	15053.10704
0.209051	15053.07792
0.209083	15053.03762
0.209114	15052.99227
0.209145	15052.95459
0.209177	15052.89769
0.209208	15052.84992
0.20924	15052.8014
0.209271	15052.75223
0.209303	15052.71053
0.209334	15052.65335
0.209365	15052.59599
0.209397	15052.54674
0.209428	15052.49628
0.20946	15052.43787
0.209491	15052.39789
0.209523	15052.37156
0.209555	15052.33139
0.209586	15052.27626
0.209618	15052.21544
0.20965	15052.15226
0.209681	15052.09739
0.209712	15052.04658
0.209744	15051.99986
0.209776	15051.94925
0.209808	15051.89257
0.209839	15051.85127
0.209871	15051.81136
0.209903	15051.76668
0.209935	15051.71494
0.209966	15051.64424
0.209998	15051.59309
0.21003	15051.53828
0.210062	15051.48551
0.210093	15051.43008
0.210125	15051.37504
0.210156	15051.31842
0.210189	15051.27485
0.21022	15051.22628
0.210252	15051.1759
0.210284	15051.13516
0.210316	15051.09626
0.210348	15051.04183
0.21038	15050.97765
0.210412	15050.90091
0.210444	15050.83758
0.210476	15050.78255
0.210508	15050.73495
0.21054	15050.68359
0.210572	15050.64552
0.210604	15050.59932
0.210636	15050.54927
0.210668	15050.50062
0.210701	15050.43553
0.210733	15050.38232
0.210765	15050.33149
0.210797	15050.27101
0.210829	15050.21581
0.210862	15050.15569
0.210894	15050.10602
0.210926	15050.0589
0.210959	15050.01041
0.210991	15049.95328
0.211023	15049.91101
0.211056	15049.8611
0.211088	15049.80973
0.211121	15049.72677
0.211153	15049.63578
0.211185	15049.56597
0.211218	15049.49257
0.21125	15049.4316
0.211283	15049.36354
0.211315	15049.28596
0.211348	15049.23057
0.21138	15049.17436
0.211413	15049.11137
0.211446	15049.04728
0.211478	15048.98766
0.211511	15048.93543
0.211544	15048.87541
0.211576	15048.81436
0.211609	15048.75678
0.211642	15048.70631
0.211674	15048.65528
0.211707	15048.59092
0.21174	15048.51714
0.211773	15048.45801
0.211806	15048.39693
0.211839	15048.33368
0.211871	15048.26771
0.211904	15048.19243
0.211937	15048.12103
0.21197	15048.05386
0.212003	15047.9848
0.212036	15047.93356
0.212069	15047.8676
0.212102	15047.80923
0.212135	15047.73806
0.212168	15047.65759
0.212201	15047.58736
0.212234	15047.52745
0.212267	15047.45847
0.2123	15047.38817
0.212333	15047.31612
0.212367	15047.24008
0.2124	15047.15599
0.212433	15047.07051
0.212466	15046.98422
0.212499	15046.91066
0.212533	15046.83213
0.212566	15046.75751
0.212599	15046.6682
0.212633	15046.60018
0.212666	15046.5249
0.212699	15046.43558
0.212732	15046.35141
0.212766	15046.2746
0.212799	15046.1915
0.212833	15046.10778
0.212866	15046.0209
0.2129	15045.93675
0.212933	15045.85973
0.212967	15045.78782
0.213001	15045.71477
0.213034	15045.644
0.213068	15045.57323
0.213101	15045.4948
0.213135	15045.40418
0.213169	15045.32043
0.213202	15045.24648
0.213236	15045.16684
0.21327	15045.0867
0.213304	15044.99887
0.213337	15044.91479
0.213371	15044.82305
0.213405	15044.73091
0.213439	15044.64458
0.213472	15044.55341
0.213506	15044.46148
0.21354	15044.37245
0.213574	15044.28151
0.213608	15044.20256
0.213642	15044.12241
0.213676	15044.03208
0.21371	15043.94722
0.213744	15043.84791
0.213778	15043.75804
0.213812	15043.67019
0.213846	15043.58329
0.21388	15043.50533
0.213914	15043.42872
0.213948	15043.34738
0.213982	15043.25757
0.214017	15043.16128
0.214051	15043.0685
0.214085	15042.96507
0.214119	15042.86672
0.214153	15042.75652
0.214188	15042.65241
0.214222	15042.53862
0.214256	15042.42546
0.21429	15042.31426
0.214325	15042.20528
0.214359	15042.08955
0.214393	15041.97549
0.214428	15041.8708
0.214462	15041.82742
0.214497	15041.74368
0.214531	15041.63141
0.214566	15041.52262
0.2146	15041.42305
0.214635	15041.32345
0.21467	15041.22249
0.214704	15041.12262
0.214739	15041.03349
0.214774	15040.93705
0.214808	15040.83665
0.214843	15040.72618
0.214878	15040.61589
0.214912	15040.49787
0.214947	15040.38729
0.214982	15040.28556
0.215017	15040.18312
0.215051	15040.07638
0.215087	15039.95808
0.215122	15039.84959
0.215156	15039.74013
0.215191	15039.6306
0.215226	15039.51441
0.215261	15039.41689
0.215296	15039.3098
0.215331	15039.18625
0.215366	15039.07728
0.215401	15038.96278
0.215437	15038.84786
0.215472	15038.73404
0.215507	15038.62403
0.215542	15038.5032
0.215577	15038.38545
0.215613	15038.25778
0.215648	15038.13557
0.215683	15038.01106
0.215718	15037.88744
0.215754	15037.77107
0.215789	15037.65168
0.215825	15037.52241
0.21586	15037.39228
0.215895	15037.27616
0.215931	15037.15638
0.215966	15037.03992
0.216002	15036.91629
0.216037	15036.78594
0.216073	15036.65235
0.216109	15036.53262
0.216144	15036.40952
0.21618	15036.27571
0.216215	15036.12538
0.216251	15035.97636
0.216287	15035.84333
0.216322	15035.70913
0.216358	15035.56802
0.216394	15035.43322
0.21643	15035.29643
0.216465	15035.16335
0.216501	15035.02361
0.216537	15034.88539
0.216573	15034.74076
0.216609	15034.59823
0.216645	15034.4621
0.216681	15034.32481
0.216717	15034.19686
0.216753	15034.07512
0.216789	15033.94135
0.216825	15033.80025
0.216861	15033.66443
0.216898	15033.5122
0.216934	15033.36543
0.21697	15033.22223
0.217006	15033.07798
0.217043	15032.93183
0.217079	15032.77799
0.217115	15032.622
0.217151	15032.47594
0.217188	15032.33615
0.217224	15032.20068
0.217261	15032.06855
0.217297	15031.92326
0.217333	15031.7776
0.21737	15031.63481
0.217406	15031.49509
0.217443	15031.36314
0.21748	15031.22114
0.217517	15031.07317
0.217553	15030.9291
0.21759	15030.78786
0.217627	15030.64909
0.217664	15030.51009
0.2177	15030.36417
0.217737	15030.20657
0.217774	15030.06315
0.21781	15029.89978
0.217847	15029.73976
0.217884	15029.59467
0.217921	15029.44373
0.217958	15029.28853
0.217995	15029.13774
0.218032	15028.97716
0.218069	15028.81037
0.218106	15028.65642
0.218143	15028.50848
0.21818	15028.34723
0.218217	15028.18096
0.218254	15028.00518
0.218292	15027.83852
0.218329	15027.66811
0.218366	15027.50957
0.218403	15027.34225
0.218441	15027.18288
0.218478	15027.01258
0.218515	15026.85121
0.218553	15026.70447
0.21859	15026.55899
0.218628	15026.3946
0.218665	15026.23418
0.218702	15026.06386
0.21874	15025.88954
0.218777	15025.71792
0.218815	15025.53982
0.218853	15025.35892
0.21889	15025.17557
0.218928	15024.99849
0.218966	15024.83403
0.219003	15024.66075
0.219041	15024.49596
0.219079	15024.32666
0.219117	15024.15626
0.219155	15023.98326
0.219193	15023.80821
0.219231	15023.63521
0.219269	15023.46543
0.219307	15023.28371
0.219345	15023.1136
0.219384	15022.9481
0.219422	15022.78155
0.21946	15022.60911
0.219498	15022.43206
0.219536	15022.24663
0.219575	15022.06589
0.219613	15021.88115
0.219651	15021.7086
0.219689	15021.52577
0.219728	15021.34126
0.219766	15021.16673
0.219805	15021.00732
0.219844	15020.84062
0.219882	15020.67124
0.21992	15020.48845
0.21996	15020.31931
0.219998	15020.13824
0.220037	15019.96474
0.220076	15019.78475
0.220115	15019.61813
0.220154	15019.44243
0.220193	15019.26023
0.220232	15019.0864
0.220271	15018.90272
0.22031	15018.71631
0.220349	15018.52226
0.220388	15018.33486
0.220427	15018.13763
0.220466	15017.94364
0.220506	15017.7466
0.220545	15017.55525
0.220584	15017.35912
0.220623	15017.15783
0.220663	15016.96291
0.220702	15016.76911
0.220741	15016.56829
0.22078	15016.36856
0.22082	15016.17233
0.22086	15015.97602
0.220899	15015.78067
0.220939	15015.57215
0.220978	15015.36879
0.221018	15015.16928
0.221058	15014.97741
0.221097	15014.77059
0.221137	15014.56517
0.221176	15014.36229
0.221216	15014.16033
0.221256	15013.95397
0.221296	15013.75647
0.221336	15013.54366
0.221376	15013.3181
0.221416	15013.09823
0.221456	15012.88282
0.221496	15012.66455
0.221537	15012.4632
0.221577	15012.25657
0.221618	15012.10107
0.221658	15011.89598
0.221699	15011.67268
0.221739	15011.45281
0.22178	15011.22426
0.22182	15011.0016
0.221861	15010.76817
0.221901	15010.53192
0.221942	15010.30228
0.221983	15010.06682
0.222024	15009.83088
0.222065	15009.59687
0.222106	15009.36782
0.222147	15009.14043
0.222188	15008.90688
0.222229	15008.6688
0.22227	15008.43127
0.222312	15008.19463
0.222354	15007.95993
0.222396	15007.72221
0.222437	15007.48001
0.222479	15007.22888
0.222521	15006.98145
0.222563	15006.73928
0.222606	15006.48514
0.222648	15006.22231
0.22269	15005.95641
0.222732	15005.69295
0.222775	15005.42484
0.222817	15005.16814
0.22286	15004.91102
0.222903	15004.64523
0.222946	15004.38324
0.222989	15004.12486
0.223032	15003.8572
0.223076	15003.58003
0.223119	15003.30142
0.223163	15003.01801
0.223208	15002.72732
0.223252	15002.43997
0.223296	15002.13436
0.223341	15001.82482
0.223387	15001.50738
0.223434	15001.1769
0.223471	15001.03917
0.223507	15000.9171
0.223544	15000.78235
0.22358	15000.65196
0.223617	15000.52395
0.223654	15000.3825
0.22369	15000.24566
0.223727	15000.11716
0.223764	14999.98098
0.223801	14999.83897
0.223837	14999.68269
0.223874	14999.53464
0.22391	14999.39771
0.223947	14999.26302
0.223984	14999.1388
0.224021	14998.99325
0.224058	14998.85277
0.224095	14998.71596
0.224132	14998.58355
0.22417	14998.44294
0.224207	14998.30625
0.224244	14998.15703
0.224281	14997.99084
0.224318	14997.82877
0.224355	14997.67218
0.224392	14997.52398
0.224429	14997.38367
0.224466	14997.21712
0.224504	14997.06457
0.224541	14996.90557
0.224578	14996.73771
0.224615	14996.59004
0.224653	14996.4413
0.22469	14996.29611
0.224728	14996.14087
0.224765	14995.98696
0.224802	14995.84
0.22484	14995.70303
0.224877	14995.54775
0.224914	14995.38028
0.224952	14995.21069
0.224989	14995.05169
0.225027	14994.90046
0.225064	14994.73389
0.225102	14994.57293
0.225139	14994.37816
0.225177	14994.20302
0.225215	14994.04956
0.225252	14993.86936
0.22529	14993.69867
0.225327	14993.52704
0.225365	14993.34685
0.225403	14993.16551
0.22544	14992.97722
0.225478	14992.80758
0.225516	14992.6528
0.225554	14992.49262
0.225591	14992.32496
0.225629	14992.15083
0.225667	14991.98288
0.225704	14991.80027
0.225742	14991.63786
0.22578	14991.47464
0.225818	14991.31024
0.225856	14991.14566
0.225894	14990.96998
0.225931	14990.79112
0.22597	14990.61105
0.226008	14990.43837
0.226046	14990.2633
0.226084	14990.08362
0.226121	14989.90035
0.226159	14989.71728
0.226197	14989.5494
0.226236	14989.39339
0.226274	14989.23176
0.226312	14989.05788
0.22635	14988.87478
0.226388	14988.66823
0.226427	14988.48017
0.226465	14988.31275
0.226504	14988.14353
0.226542	14987.95827
0.22658	14987.79421
0.226619	14987.6238
0.226657	14987.42859
0.226695	14987.23306
0.226734	14987.05167
0.226772	14986.86428
0.226811	14986.68134
0.226849	14986.50115
0.226888	14986.31533
0.226927	14986.12448
0.226966	14985.93666
0.227005	14985.7747
0.227043	14985.62931
0.227082	14985.43306
0.227121	14985.23975
0.227159	14985.0925
0.227198	14984.92785
0.227237	14984.73866
0.227276	14984.55057
0.227315	14984.37367
0.227354	14984.1959
0.227393	14984.0161
0.227432	14983.83128
0.227471	14983.66122
0.22751	14983.49198
0.227549	14983.29711
0.227588	14983.09217
0.227627	14982.93969
0.227666	14982.77276
0.227705	14982.589
0.227745	14982.40454
0.227784	14982.20544
0.227823	14982.02059
0.227863	14981.84638
0.227902	14981.66273
0.227941	14981.47999
0.227981	14981.31195
0.22802	14981.10856
0.22806	14980.92126
0.2281	14980.72574
0.22814	14980.53567
0.228179	14980.28375
0.228218	14980.01125
0.228257	14979.80333
0.228296	14979.58835
0.228336	14979.36466
0.228375	14979.14267
0.228414	14978.93121
0.228454	14978.71886
0.228494	14978.5093
0.228533	14978.27947
0.228572	14978.03069
0.228612	14977.8092
0.228652	14977.58486
0.228691	14977.363
0.228731	14977.14485
0.228771	14976.92854
0.22881	14976.69656
0.22885	14976.47701
0.22889	14976.27735
0.22893	14976.07702
0.228969	14975.83959
0.229009	14975.61833
0.229049	14975.40721
0.229089	14975.19258
0.229129	14974.9733
0.229169	14974.75166
0.229209	14974.54844
0.229249	14974.35091
0.229289	14974.12369
0.229329	14973.9103
0.229369	14973.69399
0.22941	14973.48756
0.22945	14973.26091
0.22949	14973.06827
0.229531	14972.84156
0.229571	14972.589
0.229612	14972.35833
0.229652	14972.13458
0.229693	14971.90682
0.229734	14971.67367
0.229774	14971.45323
0.229815	14971.22994
0.229856	14970.9932
0.229896	14970.75137
0.229937	14970.53354
0.229978	14970.33445
0.230019	14970.11662
0.230059	14969.87533
0.230101	14969.64335
0.230142	14969.42281
0.230182	14969.19658
0.230224	14968.94685
0.230265	14968.68822
0.230306	14968.43971
0.230347	14968.18791
0.230388	14967.94826
0.230429	14967.72614
0.230471	14967.52877
0.230512	14967.28387
0.230554	14967.06609
0.230595	14966.80646
0.230637	14966.58314
0.230678	14966.36606
0.23072	14966.11957
0.230761	14965.87356
0.230803	14965.62622
0.230844	14965.35161
0.230886	14965.08772
0.230928	14964.8268
0.23097	14964.56357
0.231012	14964.29358
0.231054	14964.02705
0.231095	14963.75359
0.231137	14963.45332
0.231178	14963.10709
0.23122	14962.80554
0.231261	14962.52963
0.231304	14962.26166
0.231345	14961.97427
0.231387	14961.68866
0.231429	14961.41604
0.231471	14961.14635
0.231513	14960.88419
0.231554	14960.59134
0.231596	14960.3088
0.231638	14960.01762
0.23168	14959.74005
0.231722	14959.46595
0.231764	14959.18674
0.231805	14958.90392
0.231848	14958.64803
0.23189	14958.38247
0.231932	14958.11262
0.231975	14957.8533
0.232017	14957.60572
0.232059	14957.33957
0.232102	14957.06494
0.232145	14956.78193
0.232187	14956.50271
0.23223	14956.23944
0.232272	14956.00322
0.232315	14955.76269
0.232358	14955.52015
0.232401	14955.25169
0.232443	14954.98194
0.232486	14954.68981
0.232529	14954.40499
0.232572	14954.15581
0.232615	14953.90642
0.232658	14953.63269
0.232701	14953.36696
0.232744	14953.08385
0.232787	14952.80651
0.232831	14952.52711
0.232874	14952.26758
0.232918	14952.00235
0.232961	14951.7041
0.233004	14951.39175
0.233047	14951.0714
0.233091	14950.75442
0.233135	14950.46059
0.233179	14950.19197
0.233222	14949.89727
0.233266	14949.61352
0.23331	14949.3121
0.233354	14949.02902
0.233398	14948.75636
0.233442	14948.44824
0.233486	14948.14722
0.23353	14947.86943
0.233574	14947.56984
0.233619	14947.29008
0.233664	14947.00433
0.233708	14946.69812
0.233753	14946.39514
0.233798	14946.09741
0.233843	14945.78151
0.233888	14945.512
0.233933	14945.22009
0.233977	14944.91251
0.234022	14944.57992
0.234067	14944.26233
0.234112	14943.96181
0.234158	14943.65717
0.234203	14943.33545
0.234249	14943.03832
0.234294	14942.72254
0.23434	14942.43411
0.234386	14942.13868
0.234432	14941.8318
0.234478	14941.52347
0.234524	14941.19978
0.23457	14940.87196
0.234617	14940.52056
0.234663	14940.18098
0.234709	14939.83451
0.234755	14939.46911
0.234801	14939.12253
0.234848	14938.76146
0.234894	14938.40265
0.234942	14938.09676
0.234988	14937.7403
0.235036	14937.39033
0.235082	14936.99917
0.235128	14936.61055
0.235176	14936.30272
0.235223	14935.9548
0.235269	14935.59378
0.235316	14935.17119
0.235363	14934.77183
0.235411	14934.40213
0.235459	14933.98388
0.235506	14933.61324
0.235554	14933.2261
0.235601	14932.83267
0.235648	14932.44587
0.235696	14932.05186
0.235743	14931.65803
0.235792	14931.27761
0.23584	14930.9324
0.235889	14930.54237
0.235937	14930.11261
0.235985	14929.69883
0.236034	14929.30781
0.236083	14928.95205
0.236132	14928.57633
0.23618	14928.1796
0.236229	14927.74464
0.236278	14927.32485
0.236328	14926.95221
0.236377	14926.56225
0.236427	14926.16466
0.236476	14925.72608
0.236527	14925.34052
0.236576	14924.8615
0.236625	14924.44685
0.236675	14924.05793
0.236725	14923.58749
0.236774	14923.1221
0.236824	14922.61097
0.236874	14922.18143
0.236925	14921.74017
0.236975	14921.32678
0.237026	14920.86181
0.237077	14920.38748
0.237128	14919.90065
0.237178	14919.37691
0.237229	14918.95322
0.23728	14918.51673
0.23733	14918.06296
0.237381	14917.60258
0.237432	14917.08382
0.237483	14916.60015
0.237534	14916.08155
0.237586	14915.54601
0.237637	14914.97784
0.237688	14914.48536
0.237739	14913.95708
0.237791	14913.44336
0.237842	14912.97164
0.237895	14912.48456
0.237947	14911.96498
0.237999	14911.47472
0.238051	14911.00597
0.238104	14910.50332
0.238157	14910.01706
0.238209	14909.52333
0.238263	14909.10478
0.238315	14908.61724
0.238368	14908.08811
0.23842	14907.49737
0.238474	14906.98927
0.238527	14906.49028
0.238581	14905.99085
0.238633	14905.43875
0.238687	14904.89219
0.23874	14904.33859
0.238794	14903.8
0.238848	14903.2511
0.238902	14902.70941
0.238957	14902.22993
0.239012	14901.7667
0.239066	14901.21479
0.239121	14900.67703
0.239177	14900.15264
0.239232	14899.67243
0.239287	14899.16187
0.239342	14898.60612
0.239397	14898.03518
0.239453	14897.40518
0.239509	14896.86703
0.239566	14896.36223
0.239622	14895.7882
0.239678	14895.19683
0.239734	14894.68477
0.239791	14894.20707
0.239848	14893.69291
0.239904	14892.84906
0.23996	14892.29343
0.240017	14891.6761
0.240073	14891.03358
0.24013	14890.36172
0.240186	14889.69493
0.240244	14889.13493
0.240301	14888.53312
0.24036	14887.92014
0.240417	14887.36438
0.240475	14886.77605
0.240533	14886.13347
0.240593	14885.54915
0.240651	14884.9522
0.240708	14884.34449
0.240767	14883.71493
0.240827	14883.12064
0.240887	14882.51055
0.240944	14881.90251
0.241004	14881.28843
0.241063	14880.6521
0.241122	14879.98202
0.241182	14879.34791
0.241243	14878.72302
0.241304	14878.08428
0.241365	14877.53843
0.241426	14876.90486
0.241488	14876.28845
0.24155	14875.65916
0.241613	14875.06299
0.241675	14874.45566
0.241737	14873.79254
0.241799	14873.06807
0.241861	14872.43473
0.241924	14871.81551
0.241987	14871.18976
0.242049	14870.5989
0.242115	14870.07894
0.24218	14869.43082
0.242245	14868.70968
0.242309	14868.06542
0.242373	14867.34294
0.242436	14866.58477
0.242501	14865.8802
0.242566	14865.11469
0.242632	14864.28097
0.242699	14863.47594
0.242766	14862.80291
0.242833	14862.14755
0.2429	14861.52526
0.242968	14860.8417
0.243035	14859.94722
0.243104	14859.26366
0.243173	14858.5845
0.243241	14857.85165
0.24331	14857.0296
0.243378	14856.27171
0.243448	14855.27876
0.243519	14854.39059
0.243589	14853.56974
0.243661	14852.704
0.243733	14852.01761
0.243806	14851.30018
0.243878	14850.48945
0.24395	14849.63411
0.244022	14848.80152
0.244096	14847.93767
0.24417	14847.0404
0.244244	14845.99758
0.24432	14845.12536
0.244396	14844.408
0.244477	14843.45731
0.244556	14842.65659
0.244629	14841.3673
0.244708	14840.10563
0.244786	14838.91259
0.244862	14837.83169
0.244941	14836.70988
0.245025	14835.50899
0.245105	14834.31468
0.245184	14833.2284
0.24527	14832.15658
0.245353	14831.1569
0.245442	14830.17797
0.245527	14828.98657
0.245619	14827.94677
0.245711	14826.86524
0.245801	14825.84279
0.2459	14824.82339
0.245997	14823.57667
0.246104	14822.44455
0.246206	14821.12755
0.246309	14819.47137
0.246417	14818.3751
0.246525	14817.18234
0.246639	14815.444
0.246748	14813.71791
0.246873	14812.79268
0.246997	14811.51462
0.247131	14809.96595
0.247259	14808.70314
0.247399	14807.23576
0.24754	14805.67516
0.247678	14803.6831
0.247844	14801.8
0.247996	14799.8836
0.248149	14797.6413
0.248322	14795.31286
0.248501	14793.20684
0.248691	14791.01412
0.248933	14789.03
0.249195	14786.50077
0.249458	14783.09455
0.249751	14778.19556
0.250091	14771.34
0.250541	14764.956
0.251298	14755.72
0.252498	14743.34
