0.003842	284.8806
0.003647	284.2645
0.003785	284.14734
0.003767	281.087329
0.003711	276.752344
0.003699	275.000045
0.003712	276.343769
0.003731	278.114273
0.003719	278.625729
0.003724	278.634547
0.003714	275.53281
0.003705	275.76557
0.003714	275.945332
0.003702	275.757681
0.003702	276.362469
0.003708	276.546145
0.003703	276.618188
0.003696	276.121591
0.0037	276.429084
0.003703	276.630972
0.003712	277.135132
0.003714	277.633028
0.003723	278.38226
0.003727	279.137138
0.003729	279.297567
0.003729	279.179645
0.003729	279.09006
0.003724	279.160144
0.003719	279.219639
0.00372	279.431393
0.003725	280.030282
0.003729	280.561327
0.003736	281.05068
0.00374	281.410119
0.00374	281.734084
0.003746	281.947475
0.00375	282.268989
0.003756	282.593152
0.00376	282.931956
0.003765	283.590996
0.003773	284.231083
0.003776	284.820243
0.00378	285.372648
0.003785	285.712051
0.003789	285.876528
0.003788	286.141546
0.003788	286.15396
0.003785	286.278759
0.003791	286.761074
0.003795	287.290827
0.003796	287.514
0.003796	287.669279
0.003799	287.937052
0.003803	288.348581
0.003807	288.928198
0.00381	289.436701
0.003813	289.731996
0.003809	289.520628
0.003813	289.977561
0.003816	290.356413
0.00382	290.789267
0.003823	291.335978
0.003828	291.747469
0.003831	291.995772
0.003836	292.356244
0.003841	292.657137
0.003845	293.007986
0.003848	293.39692
0.003854	293.851538
0.003859	294.352438
0.003862	294.98146
0.003864	295.30267
0.003864	295.533174
0.003868	295.742154
0.003869	296.011478
0.003874	296.270591
0.003876	296.646704
0.003878	296.969388
0.003882	297.244415
0.003883	297.52815
0.003885	297.820896
0.003889	298.21607
0.003891	298.771528
0.003896	299.689801
0.003897	300.070402
0.003898	300.331237
0.0039	300.702279
0.003902	301.210395
0.003906	301.675017
0.00391	302.140879
0.003917	302.656321
0.003921	303.238813
0.003927	303.755425
0.003927	304.108353
0.00393	304.466584
0.003934	304.836825
0.003937	305.23681
0.00394	305.736789
0.003945	306.256507
0.00395	306.783592
0.003955	307.476963
0.003958	307.910391
0.003957	308.163514
0.003961	308.716112
0.003962	309.227882
0.003967	309.747183
0.003973	310.259908
0.003977	310.725607
0.00398	311.24281
0.003983	311.844187
0.003986	312.385733
0.003989	312.804292
0.003992	313.191304
0.003995	313.46974
0.003999	313.856662
0.004004	314.388253
0.004007	314.8776
0.004011	315.329049
0.004014	315.771599
0.004018	316.181979
0.004023	316.712657
0.004027	317.251017
0.004031	317.717679
0.004033	318.140759
0.004037	318.446672
0.004039	318.788433
0.004042	319.248864
0.004045	319.689042
0.004048	320.139425
0.004052	320.595175
0.004055	321.011125
0.004058	321.445365
0.004061	321.918482
0.004064	322.429979
0.004068	322.890054
0.004071	323.335698
0.004074	323.756129
0.004078	324.234754
0.004082	324.728163
0.004085	325.184849
0.004088	325.65049
0.004092	326.102661
0.004096	326.568226
0.0041	327.074107
0.004103	327.497008
0.004106	327.900873
0.004109	328.349862
0.004112	328.762498
0.004115	329.176479
0.004118	329.612757
0.004122	330.07904
0.004125	330.565267
0.004129	331.054952
0.004134	331.489073
0.004137	331.900611
0.00414	332.37145
0.004144	332.783028
0.004147	333.209453
0.00415	333.678479
0.004154	334.100275
0.004158	334.51049
0.004161	334.9564
0.004165	335.373918
0.004169	335.824012
0.004172	336.243029
0.004176	336.656312
0.004179	337.09672
0.004183	337.509167
0.004187	337.993173
0.004191	338.495422
0.004195	338.924041
0.004199	339.380966
0.004203	339.847435
0.004208	340.294672
0.004211	340.748909
0.004216	341.261505
0.00422	341.722999
0.004223	342.110472
0.004225	342.526619
0.004229	342.990626
0.004234	343.483262
0.004239	344.018576
0.004242	344.485875
0.004246	344.971334
0.00425	345.381215
0.004253	345.799853
0.004256	346.206202
0.004259	346.585513
0.004263	346.96396
0.004266	347.386755
0.004268	347.801135
0.004272	348.217489
0.004275	348.627025
0.004279	349.055765
0.004281	349.450965
0.004284	349.848785
0.004287	350.241092
0.004291	350.649627
0.004293	351.075033
0.004297	351.520552
0.004301	351.987368
0.004304	352.429876
0.004307	352.880035
0.004311	353.390587
0.004316	353.892196
0.004318	354.272023
0.004321	354.700751
0.004325	355.125151
0.004328	355.556573
0.004331	355.998219
0.004335	356.417221
0.004338	356.821849
0.004341	357.233483
0.004345	357.716809
0.004348	358.191697
0.004352	358.646454
0.004355	359.079422
0.004359	359.525358
0.004362	359.956257
0.004366	360.386981
0.004369	360.817416
0.004373	361.235756
0.004377	361.690011
0.004381	362.147159
0.004384	362.572657
0.004387	363.009721
0.004391	363.428233
0.004394	363.870502
0.004398	364.327112
0.004402	364.748892
0.004405	365.17376
0.004408	365.613478
0.004412	366.033535
0.004415	366.449238
0.00442	366.880734
0.004423	367.283412
0.004426	367.702799
0.00443	368.107747
0.004433	368.532167
0.004437	368.952135
0.00444	369.399752
0.004444	369.825929
0.004448	370.253359
0.004452	370.654549
0.004455	371.045022
0.004459	371.496842
0.004462	371.920863
0.004465	372.319503
0.004468	372.741923
0.004472	373.194555
0.004476	373.635953
0.004479	374.096912
0.004483	374.54068
0.004486	374.986087
0.004489	375.4271
0.004492	375.859285
0.004496	376.294814
0.004499	376.747984
0.004503	377.185555
0.004506	377.627149
0.004508	378.076828
0.004513	378.53651
0.004516	378.978202
0.00452	379.388178
0.004523	379.818748
0.004527	380.269584
0.00453	380.605103
0.004533	380.958502
0.004536	381.407692
0.00454	381.837621
0.004543	382.268552
0.004546	382.681206
0.00455	383.081881
0.004553	383.473052
0.004556	383.884903
0.00456	384.291051
0.004563	384.724524
0.004567	385.178932
0.004571	385.588516
0.004574	386.007871
0.004578	386.415162
0.004581	386.811199
0.004584	387.198123
0.004587	387.577097
0.00459	387.959407
0.004593	388.349263
0.004597	388.747008
0.0046	389.156917
0.004604	389.626685
0.004608	390.091777
0.004611	390.513336
0.004614	390.935953
0.004617	391.30323
0.00462	391.671393
0.004624	392.106744
0.004627	392.518727
0.004631	392.952593
0.004634	393.378195
0.004637	393.801047
0.00464	394.246688
0.004644	394.685867
0.004647	395.11808
0.004651	395.564113
0.004654	395.981815
0.004657	396.400803
0.004661	396.818834
0.004665	397.260153
0.004669	397.724369
0.004672	398.157486
0.004675	398.554942
0.004679	398.973957
0.004682	399.43266
0.004686	399.896766
0.00469	400.339692
0.004694	400.793162
0.004698	401.278826
0.004701	401.724101
0.004703	402.125949
0.004707	402.511225
0.00471	402.913705
0.004712	403.310506
0.004716	403.707147
0.004719	404.150044
0.004722	404.554001
0.004725	404.963064
0.004729	405.366913
0.004732	405.771351
0.004736	406.200952
0.004739	406.617284
0.004743	407.034705
0.004747	407.451725
0.00475	407.90707
0.004754	408.368364
0.004758	408.836507
0.004761	409.283327
0.004765	409.736845
0.004767	410.156153
0.004771	410.562576
0.004774	410.990229
0.004778	411.512927
0.004782	411.986223
0.004786	412.438395
0.004789	412.906416
0.004793	413.388384
0.004797	413.886595
0.004802	414.42662
0.004806	414.889753
0.004809	415.323175
0.004812	415.773441
0.004815	416.21155
0.004818	416.676638
0.004823	417.164739
0.004826	417.622866
0.00483	418.067986
0.004834	418.521008
0.004837	418.976723
0.004841	419.445181
0.004844	419.909859
0.004848	420.416444
0.004851	420.84694
0.004855	421.30046
0.004859	421.747265
0.004862	422.201175
0.004866	422.660076
0.004869	423.119674
0.004873	423.586111
0.004877	424.050222
0.00488	424.494947
0.004884	424.939835
0.004887	425.427499
0.004891	425.941412
0.004895	426.397409
0.004898	426.814734
0.004901	427.23987
0.004904	427.662183
0.004907	428.094027
0.004911	428.516026
0.004914	428.947428
0.004917	429.4118
0.004921	429.875681
0.004924	430.355014
0.004928	430.834125
0.004932	431.280232
0.004935	431.725856
0.004938	432.170634
0.004942	432.605741
0.004946	433.075261
0.00495	433.538968
0.004953	434.005813
0.004957	434.473074
0.004961	434.941925
0.004965	435.428104
0.004969	435.920941
0.004973	436.414878
0.004976	436.870546
0.00498	437.329821
0.004984	437.791097
0.004988	438.246076
0.004991	438.693297
0.004995	439.151615
0.004998	439.605261
0.005002	440.053264
0.005005	440.516029
0.005008	440.993409
0.005012	441.458603
0.005016	441.910319
0.005019	442.366782
0.005023	442.817634
0.005026	443.258836
0.005029	443.712522
0.005033	444.181564
0.005036	444.666429
0.00504	445.133799
0.005043	445.54428
0.005047	446.022652
0.00505	446.48833
0.005054	446.952099
0.005057	447.414723
0.00506	447.868065
0.005064	448.318872
0.005067	448.778056
0.005071	449.230927
0.005074	449.640968
0.005076	450.081828
0.00508	450.543227
0.005084	450.990932
0.005087	451.437699
0.00509	451.887124
0.005094	452.335512
0.005098	452.800966
0.005101	453.229207
0.005104	453.674164
0.005108	454.129196
0.005112	454.596527
0.005115	455.059707
0.005119	455.51196
0.005122	455.942079
0.005125	456.345484
0.005128	456.757747
0.005132	457.185164
0.005135	457.618229
0.005138	458.05544
0.005142	458.496758
0.005145	458.945423
0.005149	459.381027
0.005152	459.828663
0.005156	460.272484
0.005159	460.730752
0.005163	461.173612
0.005166	461.615355
0.00517	462.060382
0.005174	462.490856
0.005177	462.922574
0.005181	463.355451
0.005184	463.807133
0.005188	464.287222
0.005192	464.712748
0.005195	465.142287
0.005199	465.578841
0.005202	466.008857
0.005206	466.459935
0.00521	466.905065
0.005213	467.337963
0.005217	467.76544
0.00522	468.186435
0.005223	468.609993
0.005226	469.024341
0.00523	469.438894
0.005233	469.864159
0.005237	470.285687
0.00524	470.707656
0.005244	471.120841
0.005247	471.552145
0.005251	471.959039
0.005254	472.373009
0.005258	472.814348
0.005261	473.273197
0.005265	473.719782
0.005269	474.152922
0.005272	474.5788
0.005275	474.992396
0.005279	475.406213
0.005282	475.838704
0.005286	476.272049
0.005289	476.699623
0.005293	477.145126
0.005297	477.687451
0.005301	478.134383
0.005304	478.576901
0.005308	478.999825
0.005311	479.413735
0.005314	479.853671
0.005318	480.305982
0.005321	480.751363
0.005325	481.200254
0.005329	481.646996
0.005332	482.081432
0.005336	482.556836
0.00534	483.028114
0.005343	483.486333
0.005347	483.913475
0.00535	484.345834
0.005354	484.773683
0.005357	485.206194
0.00536	485.631284
0.005363	486.07537
0.005367	486.525937
0.005371	486.976515
0.005375	487.429255
0.005378	487.874697
0.005381	488.313597
0.005385	488.74814
0.005388	489.175302
0.005391	489.59196
0.005394	490.015593
0.005398	490.447255
0.005402	490.888794
0.005404	491.338077
0.005408	491.774672
0.005412	492.252243
0.005416	492.719714
0.005419	493.156289
0.005423	493.592439
0.005426	494.033351
0.005429	494.471857
0.005433	494.919371
0.005437	495.363174
0.00544	495.798698
0.005444	496.235556
0.005447	496.678935
0.00545	497.12288
0.005454	497.569676
0.005458	498.025086
0.005462	498.50474
0.005465	498.958562
0.005469	499.393802
0.005472	499.824453
0.005475	500.243446
0.005479	500.671538
0.005482	501.102522
0.005485	501.522597
0.005489	501.949648
0.005492	502.380713
0.005495	502.814912
0.005499	503.244541
0.005502	503.683229
0.005506	504.132168
0.005509	504.565831
0.005513	505.005864
0.005516	505.425575
0.005519	505.84469
0.005522	506.282488
0.005526	506.715322
0.005529	507.147023
0.005533	507.592606
0.005537	508.051686
0.00554	508.509199
0.005544	508.963921
0.005548	509.408524
0.005551	509.841863
0.005555	510.279803
0.005558	510.717186
0.005561	511.15186
0.005565	511.590144
0.005568	512.027062
0.005572	512.468217
0.005575	512.907006
0.005578	513.349131
0.005582	513.786646
0.005585	514.23506
0.005589	514.686739
0.005593	515.133444
0.005596	515.583385
0.005599	516.037783
0.005603	516.49743
0.005606	516.961413
0.00561	517.424092
0.005614	517.866015
0.005617	518.303803
0.00562	518.741065
0.005624	519.17032
0.005627	519.595319
0.005631	520.027577
0.005634	520.456296
0.005637	520.886117
0.005641	521.327929
0.005644	521.775726
0.005648	522.22415
0.005651	522.665901
0.005655	523.088231
0.005658	523.51882
0.005662	523.957498
0.005665	524.403839
0.005669	524.871057
0.005673	525.334454
0.005676	525.779512
0.00568	526.218998
0.005683	526.64618
0.005686	527.081016
0.00569	527.501971
0.005693	527.940366
0.005697	528.381753
0.005701	528.852055
0.005705	529.306343
0.005708	529.756242
0.005712	530.204616
0.005715	530.638582
0.005718	531.066573
0.005722	531.506404
0.005725	531.944262
0.005728	532.387429
0.005732	532.831495
0.005735	533.29745
0.005739	533.784828
0.005743	534.268395
0.005747	534.72977
0.00575	535.160673
0.005754	535.607762
0.005757	536.034439
0.00576	536.458154
0.005764	536.887965
0.005767	537.32555
0.005771	537.769364
0.005774	538.209417
0.005778	538.668426
0.005782	539.139426
0.005785	539.586798
0.005789	540.019662
0.005792	540.45836
0.005796	540.902336
0.005799	541.346452
0.005802	541.782309
0.005806	542.21574
0.005809	542.642852
0.005813	543.070469
0.005816	543.487905
0.005819	543.903532
0.005822	544.312486
0.005825	544.719923
0.005829	545.128655
0.005833	545.562793
0.005836	546.011055
0.00584	546.46509
0.005843	546.923533
0.005847	547.372553
0.005851	547.824687
0.005854	548.28588
0.005857	548.736741
0.005861	549.191069
0.005864	549.649502
0.005868	550.100807
0.005871	550.546612
0.005874	550.995825
0.005878	551.451083
0.005882	551.898405
0.005885	552.352005
0.005889	552.809599
0.005893	553.275675
0.005896	553.732156
0.0059	554.183714
0.005904	554.644078
0.005907	555.085475
0.005911	555.521272
0.005914	555.948201
0.005918	556.386849
0.005922	556.790576
0.005925	557.200349
0.005929	557.62834
0.005933	558.083457
0.005936	558.539817
0.00594	558.998098
0.005944	559.450121
0.005947	559.895765
0.005951	560.325647
0.005955	560.763364
0.005958	561.190233
0.005961	561.619559
0.005965	562.054758
0.005968	562.481476
0.005971	562.904857
0.005974	563.343848
0.005978	563.779543
0.005981	564.205705
0.005984	564.639873
0.005987	565.067228
0.005991	565.505895
0.005994	565.966916
0.005998	566.415623
0.006002	566.871437
0.006006	567.330436
0.006009	567.774017
0.006012	568.212766
0.006016	568.651979
0.00602	569.085713
0.006023	569.523107
0.006026	569.949036
0.00603	570.381091
0.006033	570.817646
0.006037	571.250227
0.00604	571.674134
0.006043	572.092379
0.006047	572.519521
0.00605	572.961535
0.006054	573.405622
0.006058	573.848627
0.006062	574.280015
0.006065	574.703446
0.006068	575.128182
0.006072	575.554718
0.006075	575.977007
0.006078	576.406828
0.006082	576.828015
0.006085	577.2563
0.006088	577.685676
0.006092	578.114729
0.006095	578.549646
0.006098	578.967254
0.006102	579.402343
0.006105	579.816311
0.006108	580.218137
0.006112	580.637697
0.006116	581.076334
0.006119	581.508814
0.006122	581.945561
0.006126	582.386989
0.00613	582.83248
0.006133	583.295655
0.006136	583.744473
0.00614	584.173991
0.006143	584.600658
0.006147	585.024292
0.00615	585.447582
0.006153	585.886917
0.006157	586.32154
0.00616	586.750512
0.006164	587.184428
0.006167	587.626664
0.006171	588.070478
0.006174	588.492646
0.006178	588.914328
0.006181	589.344615
0.006184	589.780027
0.006188	590.212436
0.006191	590.647585
0.006195	591.093401
0.006198	591.539216
0.006202	591.981554
0.006206	592.421232
0.006209	592.87822
0.006212	593.327311
0.006216	593.768394
0.00622	594.202887
0.006223	594.63845
0.006226	595.070728
0.00623	595.506403
0.006233	595.92849
0.006236	596.357978
0.00624	596.774413
0.006243	597.197188
0.006246	597.627747
0.00625	598.065424
0.006254	598.501402
0.006257	598.934711
0.006261	599.368021
0.006265	599.802796
0.006269	600.280933
0.006272	600.748516
0.006275	601.175122
0.006279	601.583449
0.006282	601.99579
0.006286	602.416846
0.006289	602.844281
0.006293	603.288903
0.006296	603.719847
0.0063	604.155319
0.006303	604.593198
0.006307	605.050206
0.00631	605.497406
0.006314	605.923719
0.006317	606.340327
0.006321	606.75838
0.006324	607.180962
0.006328	607.603241
0.006331	608.035185
0.006335	608.471821
0.006338	608.911419
0.006342	609.324042
0.006345	609.753449
0.006348	610.188093
0.006353	610.621756
0.006356	611.047472
0.006359	611.460561
0.006363	611.880262
0.006366	612.302521
0.006369	612.728056
0.006373	613.161608
0.006376	613.59517
0.00638	614.035586
0.006383	614.458472
0.006386	614.890396
0.00639	615.312756
0.006393	615.740717
0.006397	616.161571
0.0064	616.578299
0.006403	617.006412
0.006406	617.448416
0.00641	617.891734
0.006414	618.335052
0.006417	618.767896
0.006421	619.195119
0.006425	619.625315
0.006428	620.067854
0.006432	620.518836
0.006435	620.970313
0.006439	621.412519
0.006442	621.830552
0.006445	622.249636
0.006449	622.685129
0.006452	623.135282
0.006456	623.572746
0.00646	624.00919
0.006463	624.438374
0.006466	624.864515
0.006469	625.29563
0.006473	625.729091
0.006476	626.165434
0.00648	626.60307
0.006484	627.04566
0.006487	627.483398
0.006491	627.927969
0.006494	628.354151
0.006498	628.778573
0.006501	629.201308
0.006505	629.628985
0.006508	630.055086
0.006511	630.479043
0.006515	630.90567
0.006518	631.317121
0.006522	631.738753
0.006525	632.188663
0.006529	632.626815
0.006532	633.067424
0.006536	633.500035
0.006539	633.930979
0.006543	634.368211
0.006546	634.800944
0.006549	635.236528
0.006553	635.665843
0.006556	636.094482
0.006559	636.492446
0.006562	636.893362
0.006565	637.31735
0.006569	637.763711
0.006573	638.212691
0.006577	638.651157
0.00658	639.066369
0.006584	639.483198
0.006587	639.885611
0.00659	640.303998
0.006593	640.745122
0.006596	641.168695
0.0066	641.580551
0.006603	642.004427
0.006607	642.433501
0.00661	642.867184
0.006614	643.296449
0.006617	643.721478
0.006621	644.162986
0.006624	644.606648
0.006627	645.047581
0.006631	645.487937
0.006635	645.917556
0.006638	646.358478
0.006641	646.796367
0.006645	647.247834
0.006649	647.695934
0.006652	648.140273
0.006655	648.578486
0.006659	649.010592
0.006663	649.442031
0.006666	649.885056
0.00667	650.343873
0.006673	650.790689
0.006677	651.249294
0.00668	651.702824
0.006684	652.151429
0.006687	652.594879
0.006691	653.050248
0.006695	653.492738
0.006698	653.933346
0.006702	654.363825
0.006705	654.805353
0.006709	655.240422
0.006712	655.671133
0.006716	656.093543
0.006719	656.512223
0.006723	656.93978
0.006726	657.36215
0.00673	657.77538
0.006733	658.182686
0.006736	658.59896
0.006739	659.025061
0.006743	659.46111
0.006747	659.900151
0.00675	660.332379
0.006753	660.756013
0.006757	661.174885
0.00676	661.59128
0.006763	662.024508
0.006767	662.470242
0.006771	662.919121
0.006775	663.36248
0.006778	663.809862
0.006781	664.251169
0.006785	664.68008
0.006788	665.102602
0.006791	665.525396
0.006795	665.945027
0.006799	666.372856
0.006802	666.807015
0.006806	667.252972
0.006809	667.700374
0.006813	668.132885
0.006816	668.561361
0.00682	668.985218
0.006823	669.407466
0.006826	669.816724
0.006829	670.230824
0.006833	670.651293
0.006836	671.072652
0.00684	671.501806
0.006843	671.933245
0.006847	672.366433
0.00685	672.790471
0.006854	673.213074
0.006857	673.644614
0.006861	674.079419
0.006864	674.506339
0.006868	674.947645
0.006871	675.377689
0.006874	675.794508
0.006878	676.228737
0.006881	676.662178
0.006884	677.109065
0.006888	677.551059
0.006891	677.967727
0.006894	678.391007
0.006898	678.797929
0.006901	679.215537
0.006904	679.632498
0.006908	680.050652
0.006911	680.482243
0.006915	680.914794
0.006918	681.350357
0.006922	681.771514
0.006925	682.189608
0.006928	682.614748
0.006932	683.048057
0.006935	683.478485
0.006939	683.91048
0.006942	684.328553
0.006946	684.739529
0.006949	685.154024
0.006952	685.577405
0.006956	686.00666
0.006959	686.451525
0.006963	686.890314
0.006966	687.324411
0.006969	687.758954
0.006972	688.20202
0.006976	688.648199
0.006979	689.087665
0.006983	689.528769
0.006986	689.967659
0.00699	690.396237
0.006993	690.826028
0.006997	691.247013
0.007	691.671213
0.007004	692.087689
0.007007	692.503093
0.007011	692.923279
0.007014	693.343991
0.007017	693.773802
0.00702	694.207091
0.007024	694.643221
0.007027	695.082971
0.007031	695.520395
0.007034	695.959487
0.007038	696.39596
0.007041	696.807594
0.007044	697.22868
0.007048	697.658956
0.007052	698.098867
0.007055	698.54449
0.007059	698.997757
0.007063	699.431652
0.007066	699.859351
0.007069	700.288515
0.007072	700.708418
0.007076	701.136824
0.007079	701.570527
0.007083	701.992877
0.007086	702.417775
0.007089	702.842531
0.007093	703.271189
0.007096	703.700333
0.0071	704.136797
0.007104	704.567204
0.007107	705.002404
0.007111	705.435278
0.007114	705.858467
0.007118	706.278755
0.007121	706.694665
0.007125	707.10466
0.007128	707.518972
0.007131	707.937389
0.007135	708.360528
0.007138	708.782857
0.007142	709.203357
0.007146	709.633229
0.00715	710.070238
0.007153	710.51021
0.007157	710.966995
0.00716	711.390821
0.007164	711.817376
0.007167	712.253537
0.00717	712.686765
0.007173	713.11506
0.007177	713.522356
0.00718	713.933685
0.007183	714.342265
0.007187	714.78162
0.00719	715.234786
0.007194	715.677912
0.007198	716.12485
0.007201	716.565529
0.007204	716.993591
0.007208	717.418165
0.007211	717.832518
0.007215	718.256273
0.007218	718.677602
0.007222	719.090357
0.007225	719.516185
0.007228	719.937433
0.007232	720.374988
0.007235	720.818812
0.007239	721.263738
0.007242	721.710059
0.007246	722.144096
0.00725	722.582207
0.007253	723.022412
0.007256	723.450918
0.00726	723.8789
0.007263	724.288794
0.007266	724.695898
0.007269	725.112454
0.007273	725.536937
0.007276	725.950896
0.00728	726.36351
0.007283	726.786527
0.007286	727.218138
0.00729	727.648141
0.007293	728.088436
0.007297	728.542309
0.007301	728.991309
0.007304	729.44223
0.007308	729.89762
0.007312	730.348966
0.007315	730.793254
0.007319	731.231871
0.007323	731.677373
0.007326	732.122067
0.007329	732.559521
0.007333	732.996531
0.007337	733.42895
0.007339	733.838541
0.007343	734.244705
0.007346	734.653497
0.007349	735.078819
0.007352	735.503474
0.007356	735.938027
0.007359	736.374753
0.007363	736.813026
0.007367	737.262653
0.007371	737.725393
0.007374	738.173938
0.007378	738.596096
0.007381	738.994424
0.007385	739.412406
0.007388	739.833048
0.007391	740.267024
0.007395	740.694287
0.007398	741.132955
0.007402	741.569965
0.007405	742.01581
0.007409	742.454721
0.007413	742.890497
0.007417	743.314828
0.00742	743.731445
0.007423	744.157233
0.007427	744.584506
0.007431	745.007918
0.007434	745.429438
0.007437	745.835541
0.007441	746.241493
0.007444	746.662447
0.007448	747.100084
0.007451	747.534222
0.007455	747.974022
0.007458	748.417643
0.007461	748.855259
0.007465	749.280157
0.007468	749.700141
0.007471	750.100613
0.007475	750.491844
0.007478	750.898715
0.007481	751.316394
0.007485	751.749996
0.007489	752.184994
0.007492	752.610771
0.007495	753.038499
0.007499	753.46181
0.007502	753.878518
0.007505	754.300049
0.007509	754.713896
0.007512	755.128573
0.007515	755.556645
0.007519	755.976326
0.007522	756.394237
0.007526	756.796063
0.007529	757.208253
0.007532	757.591426
0.007535	757.990876
0.007539	758.411871
0.007542	758.8442
0.007545	759.276559
0.007549	759.701436
0.007552	760.128477
0.007556	760.560158
0.007559	760.986421
0.007563	761.410874
0.007566	761.833456
0.007569	762.256888
0.007573	762.671928
0.007576	763.099525
0.00758	763.539527
0.007583	763.980439
0.007587	764.410796
0.007591	764.837281
0.007594	765.265838
0.007597	765.696772
0.007601	766.117504
0.007604	766.53854
0.007607	766.951315
0.00761	767.366426
0.007614	767.794043
0.007617	768.230598
0.00762	768.656678
0.007624	769.092444
0.007627	769.522721
0.00763	769.946799
0.007634	770.362749
0.007637	770.77693
0.00764	771.194427
0.007644	771.594393
0.007646	771.994996
0.00765	772.399249
0.007653	772.812753
0.007656	773.225124
0.007659	773.638091
0.007663	774.053829
0.007667	774.480719
0.00767	774.904737
0.007674	775.334851
0.007677	775.755098
0.007681	776.170987
0.007685	776.599171
0.007688	777.030246
0.007691	777.41349
0.007694	777.813294
0.007697	778.236028
0.007701	778.650502
0.007704	779.051145
0.007707	779.455924
0.00771	779.851401
0.007713	780.248243
0.007716	780.644266
0.00772	781.043029
0.007723	781.422563
0.007726	781.790854
0.007729	782.175726
0.007733	782.569706
0.007736	782.991146
0.007739	783.410554
0.007743	783.819498
0.007746	784.225874
0.00775	784.621149
0.007753	785.009812
0.007756	785.399253
0.007759	785.786349
0.007763	786.186052
0.007766	786.596725
0.00777	787.009399
0.007773	787.423934
0.007776	787.84406
0.00778	788.256653
0.007783	788.673706
0.007787	789.088554
0.00779	789.499772
0.007794	789.910243
0.007797	790.322472
0.0078	790.721519
0.007804	791.147609
0.007807	791.556341
0.00781	791.935328
0.007813	792.305732
0.007816	792.689269
0.007819	793.103177
0.007823	793.530279
0.007827	793.950435
0.00783	794.36318
0.007834	794.784125
0.007837	795.196324
0.00784	795.601234
0.007844	796.009672
0.007847	796.413581
0.007851	796.820776
0.007854	797.232804
0.007858	797.631314
0.007861	798.02759
0.007864	798.420529
0.007867	798.815036
0.00787	799.207096
0.007874	799.61057
0.007877	800.006492
0.00788	800.412999
0.007883	800.82534
0.007887	801.219715
0.00789	801.604466
0.007893	801.983605
0.007896	802.377293
0.0079	802.772133
0.007903	803.189276
0.007907	803.625507
0.007911	804.061495
0.007914	804.497868
0.007918	804.924585
0.007922	805.355438
0.007925	805.790264
0.007929	806.212442
0.007933	806.626188
0.007936	807.04138
0.007939	807.441002
0.007943	807.835054
0.007946	808.239802
0.00795	808.632711
0.007953	809.035275
0.007957	809.451205
0.00796	809.85568
0.007963	810.240208
0.007966	810.629175
0.00797	811.021861
0.007973	811.408694
0.007976	811.809641
0.007979	812.208445
0.007982	812.59554
0.007986	812.97841
0.007989	813.371906
0.007992	813.775441
0.007995	814.191664
0.007999	814.608585
0.008002	815.012918
0.008006	815.398518
0.008009	815.790416
0.008012	816.180899
0.008016	816.576063
0.008019	816.979527
0.008022	817.397893
0.008026	817.82547
0.00803	818.240005
0.008033	818.648746
0.008036	819.046761
0.008039	819.445777
0.008042	819.839606
0.008046	820.229786
0.008049	820.622442
0.008052	821.016372
0.008055	821.411172
0.008058	821.81772
0.008061	822.221073
0.008065	822.624062
0.008068	823.025504
0.008071	823.415855
0.008074	823.815508
0.008078	824.215858
0.008081	824.607969
0.008084	825.010746
0.008087	825.426817
0.008091	825.847226
0.008095	826.276562
0.008098	826.70794
0.008102	827.128793
0.008105	827.552579
0.008108	827.960532
0.008112	828.373955
0.008116	828.791917
0.008119	829.204894
0.008123	829.622088
0.008126	830.028333
0.008129	830.436548
0.008133	830.85169
0.008136	831.258238
0.00814	831.666201
0.008143	832.071798
0.008147	832.46219
0.00815	832.853704
0.008154	833.247452
0.008157	833.639057
0.00816	834.028489
0.008164	834.417445
0.008167	834.803368
0.00817	835.202717
0.008174	835.590379
0.008177	835.966253
0.00818	836.384164
0.008184	836.806969
0.008187	837.227014
0.008191	837.629154
0.008194	838.042263
0.008198	838.452582
0.008201	838.850354
0.008205	839.244557
0.008208	839.653137
0.008212	840.049747
0.008215	840.43934
0.008219	840.853874
0.008222	841.258693
0.008226	841.671095
0.008229	842.082364
0.008233	842.486546
0.008236	842.898867
0.00824	843.31331
0.008243	843.727168
0.008247	844.161205
0.008251	844.601894
0.008255	845.03758
0.008259	845.461577
0.008262	845.863768
0.008266	846.271387
0.008269	846.68392
0.008273	847.089487
0.008276	847.494225
0.00828	847.895576
0.008283	848.301022
0.008287	848.70389
0.00829	849.111226
0.008293	849.517046
0.008296	849.927152
0.008299	850.332851
0.008303	850.750055
0.008306	851.170291
0.00831	851.589912
0.008313	852.003385
0.008317	852.405221
0.00832	852.814964
0.008323	853.221987
0.008327	853.623115
0.00833	854.030472
0.008333	854.442176
0.008337	854.859107
0.008341	855.277594
0.008344	855.708599
0.008348	856.143333
0.008352	856.581819
0.008355	857.014744
0.008359	857.451298
0.008362	857.871566
0.008365	858.29246
0.008369	858.695479
0.008372	859.084546
0.008376	859.489264
0.008379	859.899168
0.008383	860.321437
0.008387	860.751784
0.00839	861.185761
0.008394	861.589549
0.008397	861.990384
0.008401	862.399095
0.008404	862.806786
0.008407	863.207662
0.008411	863.599287
0.008414	863.995563
0.008417	864.390251
0.008421	864.787417
0.008424	865.175827
0.008427	865.57829
0.008431	865.993179
0.008434	866.403831
0.008437	866.821258
0.008441	867.243405
0.008444	867.665138
0.008448	868.087074
0.008451	868.504399
0.008454	868.913676
0.008457	869.326937
0.008461	869.73576
0.008464	870.143339
0.008467	870.544639
0.00847	870.925457
0.008473	871.307801
0.008476	871.698152
0.00848	872.108926
0.008483	872.525311
0.008486	872.940513
0.00849	873.351893
0.008493	873.773141
0.008497	874.191022
0.0085	874.613362
0.008504	875.026916
0.008507	875.438873
0.008511	875.850385
0.008514	876.268458
0.008518	876.684974
0.008521	877.101298
0.008525	877.479295
0.008527	877.871911
0.008531	878.275305
0.008534	878.686109
0.008538	879.101988
0.008541	879.516159
0.008545	879.931462
0.008549	880.342751
0.008552	880.758944
0.008555	881.168303
0.008559	881.582018
0.008562	881.988991
0.008566	882.397672
0.008569	882.805362
0.008573	883.214852
0.008576	883.626424
0.008579	884.053202
0.008582	884.483509
0.008586	884.9097
0.00859	885.325004
0.008593	885.74244
0.008596	886.17031
0.0086	886.588939
0.008604	887.008236
0.008607	887.420253
0.008611	887.825709
0.008614	888.219912
0.008617	888.618028
0.008621	889.014243
0.008624	889.416959
0.008627	889.818189
0.008631	890.221835
0.008634	890.627493
0.008637	891.03574
0.00864	891.446524
0.008644	891.85847
0.008648	892.290829
0.008651	892.714392
0.008654	893.139785
0.008658	893.55522
0.008661	893.947451
0.008664	894.339279
0.008668	894.741075
0.008671	895.165275
0.008675	895.5826
0.008678	895.998196
0.008682	896.406271
0.008684	896.740117
0.008687	897.110359
0.008691	897.50801
0.008694	897.907753
0.008697	898.312239
0.008701	898.720364
0.008704	899.116326
0.008708	899.522611
0.008711	899.929998
0.008715	900.345847
0.008718	900.767358
0.008722	901.168678
0.008725	901.583415
0.008728	901.99607
0.008731	902.403103
0.008735	902.807285
0.008738	903.206695
0.008742	903.606681
0.008745	904.002977
0.008748	904.390902
0.008752	904.791505
0.008756	905.196556
0.008759	905.581256
0.008762	905.953864
0.008765	906.332902
0.008768	906.713821
0.008771	907.100937
0.008775	907.489742
0.008778	907.881165
0.008781	908.273831
0.008784	908.666336
0.008788	909.055161
0.008791	909.471616
0.008794	909.875829
0.008797	910.27994
0.008801	910.68027
0.008804	911.070884
0.008807	911.466129
0.00881	911.839475
0.008814	912.211648
0.008817	912.597733
0.008821	913.003159
0.008824	913.411021
0.008827	913.818772
0.008831	914.213268
0.008834	914.601759
0.008837	915.005507
0.008841	915.406291
0.008844	915.807218
0.008848	916.216647
0.008851	916.617058
0.008854	917.013314
0.008858	917.411976
0.008861	917.804854
0.008864	918.185975
0.008868	918.557481
0.008871	918.942434
0.008874	919.336779
0.008877	919.7381
0.008881	920.13572
0.008884	920.527194
0.008887	920.898144
0.008891	921.285947
0.008894	921.684437
0.008898	922.094736
0.008901	922.506905
0.008905	922.900491
0.008908	923.287163
0.008912	923.681841
0.008915	924.075074
0.008918	924.463868
0.008921	924.862247
0.008924	925.256723
0.008928	925.652838
0.008931	926.053147
0.008935	926.465508
0.008938	926.862037
0.008942	927.27365
0.008945	927.677559
0.008949	928.0725
0.008952	928.486166
0.008956	928.895312
0.008959	929.284834
0.008962	929.658584
0.008965	930.036521
0.008969	930.417975
0.008972	930.804181
0.008975	931.194694
0.008978	931.581335
0.008982	931.965853
0.008985	932.359227
0.008989	932.752885
0.008992	933.138424
0.008995	933.53564
0.008998	933.94422
0.009002	934.354721
0.009005	934.762845
0.009008	935.166684
0.009011	935.565437
0.009015	935.994944
0.009018	936.409934
0.009021	936.808323
0.009025	937.189434
0.009027	937.565206
0.009031	937.938785
0.009034	938.321129
0.009037	938.714382
0.00904	939.110243
0.009044	939.51306
0.009047	939.926079
0.009051	940.33936
0.009054	940.741914
0.009057	941.132478
0.009061	941.500172
0.009064	941.870698
0.009067	942.257339
0.00907	942.656344
0.009074	943.079948
0.009077	943.503652
0.009081	943.93224
0.009084	944.363477
0.009088	944.746741
0.009091	945.129823
0.009094	945.532357
0.009097	945.948277
0.009101	946.377128
0.009104	946.805756
0.009108	947.225416
0.009111	947.648474
0.009115	948.063534
0.009118	948.454624
0.009121	948.860979
0.009125	949.271561
0.009128	949.687501
0.009132	950.099589
0.009135	950.504742
0.009139	950.915061
0.009142	951.314764
0.009146	951.716358
0.009149	952.113725
0.009153	952.498759
0.009156	952.884925
0.00916	953.279644
0.009163	953.685322
0.009166	954.073267
0.009169	954.46106
0.009173	954.86961
0.009176	955.283194
0.00918	955.691329
0.009183	956.086028
0.009186	956.46082
0.009189	956.848795
0.009192	957.236053
0.009195	957.624413
0.009199	958.023722
0.009202	958.432605
0.009206	958.846503
0.009209	959.258712
0.009212	959.670365
0.009216	960.071929
0.009219	960.479225
0.009223	960.885419
0.009226	961.298862
0.00923	961.719917
0.009233	962.13241
0.009237	962.554557
0.00924	962.976746
0.009244	963.384193
0.009247	963.777214
0.00925	964.175087
0.009254	964.574345
0.009257	964.991741
0.009261	965.411341
0.009264	965.819577
0.009267	966.221727
0.009271	966.62141
0.009274	967.015735
0.009278	967.424011
0.009282	967.82517
0.009285	968.223539
0.009289	968.617651
0.009292	969.012117
0.009295	969.425368
0.009298	969.827124
0.009301	970.231012
0.009304	970.620606
0.009307	971.01495
0.00931	971.414391
0.009314	971.79902
0.009317	972.195205
0.00932	972.591925
0.009323	972.98715
0.009326	973.376874
0.00933	973.764739
0.009332	974.15236
0.009336	974.559262
0.00934	974.967569
0.009343	975.380172
0.009346	975.789086
0.00935	976.182025
0.009353	976.564552
0.009356	976.943337
0.009359	977.337156
0.009362	977.749285
0.009366	978.163526
0.009369	978.587999
0.009373	979.011946
0.009376	979.42453
0.00938	979.821251
0.009383	980.215949
0.009387	980.611588
0.00939	981.000231
0.009394	981.39769
0.009397	981.802306
0.009401	982.20293
0.009404	982.605292
0.009407	983.009636
0.00941	983.410441
0.009414	983.816109
0.009417	984.218481
0.009421	984.609257
0.009424	984.996919
0.009427	985.386431
0.00943	985.77376
0.009434	986.158985
0.009437	986.548932
0.00944	986.927374
0.009443	987.307383
0.009446	987.68909
0.00945	988.083142
0.009453	988.496079
0.009456	988.907237
0.009459	989.30879
0.009462	989.694865
0.009466	990.079757
0.009469	990.471898
0.009472	990.873552
0.009476	991.281556
0.00948	991.687568
0.009483	992.097674
0.009486	992.499905
0.00949	992.908293
0.009493	993.306924
0.009497	993.698378
0.0095	994.105461
0.009504	994.503122
0.009506	994.858867
0.00951	995.258721
0.009513	995.664005
0.009517	996.072787
0.00952	996.46874
0.009523	996.864389
0.009527	997.26022
0.00953	997.657709
0.009533	998.056654
0.009537	998.456236
0.00954	998.859104
0.009543	999.256663
0.009547	999.646984
0.00955	1000.040045
0.009553	1000.428324
0.009556	1000.819696
0.00956	1001.192244
0.009562	1001.57202
0.009566	1001.948258
0.009569	1002.352268
0.009572	1002.765013
0.009576	1003.169519
0.009579	1003.557262
0.009582	1003.938787
0.009585	1004.31827
0.009589	1004.700523
0.009592	1005.090045
0.009595	1005.467435
0.009598	1005.834746
0.009601	1006.217393
0.009604	1006.594197
0.009608	1006.991929
0.009611	1007.381886
0.009614	1007.770539
0.009618	1008.155512
0.009622	1008.546651
0.009625	1008.942301
0.009628	1009.345937
0.009632	1009.76588
0.009635	1010.180688
0.009639	1010.593787
0.009642	1010.994077
0.009645	1011.396651
0.009648	1011.794292
0.009652	1012.199141
0.009656	1012.60121
0.009659	1012.995757
0.009661	1013.343787
0.009665	1013.714697
0.009668	1014.122347
0.009672	1014.548084
0.009675	1014.963093
0.009679	1015.363151
0.009682	1015.768455
0.009685	1016.158361
0.009688	1016.551958
0.009692	1016.944695
0.009695	1017.327029
0.009698	1017.692045
0.009701	1018.078049
0.009704	1018.479835
0.009708	1018.884209
0.009711	1019.281748
0.009714	1019.669997
0.009717	1020.066424
0.00972	1020.460314
0.009724	1020.857227
0.009727	1021.257345
0.00973	1021.667562
0.009734	1022.088456
0.009737	1022.510382
0.009741	1022.926089
0.009744	1023.340503
0.009748	1023.766138
0.009751	1024.181886
0.009755	1024.599767
0.009758	1025.009601
0.009762	1025.410517
0.009764	1025.79915
0.009768	1026.190472
0.009771	1026.588881
0.009774	1026.980981
0.009777	1027.375478
0.009781	1027.750229
0.009784	1028.138488
0.009787	1028.540173
0.009791	1028.937318
0.009794	1029.33784
0.009797	1029.760948
0.009801	1030.173956
0.009804	1030.556088
0.009807	1030.930931
0.00981	1031.332696
0.009814	1031.728598
0.009817	1032.13367
0.00982	1032.526882
0.009824	1032.920995
0.009828	1033.329777
0.009831	1033.744594
0.009834	1034.144803
0.009837	1034.521314
0.00984	1034.908774
0.009843	1035.296618
0.009847	1035.69351
0.00985	1036.085823
0.009854	1036.502754
0.009857	1036.917814
0.009861	1037.316436
0.009863	1037.689701
0.009866	1038.066535
0.00987	1038.447616
0.009873	1038.83822
0.009877	1039.236699
0.00988	1039.637889
0.009883	1040.047116
0.009887	1040.456383
0.00989	1040.866712
0.009894	1041.273755
0.009897	1041.683205
0.009901	1042.099569
0.009904	1042.500192
0.009907	1042.883902
0.00991	1043.263314
0.009913	1043.643029
0.009917	1044.023412
0.00992	1044.397992
0.009923	1044.778182
0.009926	1045.172386
0.00993	1045.562009
0.009933	1045.951622
0.009936	1046.341832
0.00994	1046.756276
0.009943	1047.183094
0.009947	1047.595031
0.009949	1047.973766
0.009952	1048.348487
0.009955	1048.727121
0.009958	1049.124266
0.009961	1049.517256
0.009965	1049.908891
0.009968	1050.298151
0.009971	1050.677603
0.009975	1051.052213
0.009978	1051.449349
0.009981	1051.844806
0.009984	1052.244458
0.009987	1052.637509
0.00999	1053.036504
0.009994	1053.42629
0.009997	1053.809564
0.01	1054.195679
0.010003	1054.580197
0.010007	1054.970963
0.01001	1055.372637
0.010014	1055.776273
0.010017	1056.180455
0.01002	1056.575063
0.010023	1056.975039
0.010027	1057.36901
0.01003	1057.758654
0.010033	1058.155021
0.010036	1058.54797
0.010039	1058.937644
0.010043	1059.310657
0.010046	1059.688866
0.010049	1060.059037
0.010052	1060.412254
0.010055	1060.772296
0.010058	1061.122813
0.010061	1061.487717
0.010065	1061.865583
0.010068	1062.271433
0.010071	1062.675938
0.010075	1063.077906
0.010078	1063.492673
0.010082	1063.905884
0.010085	1064.315566
0.010089	1064.727785
0.010092	1065.124152
0.010095	1065.525584
0.010099	1065.93017
0.010102	1066.329439
0.010105	1066.71974
0.010109	1067.10907
0.010112	1067.493709
0.010115	1067.872707
0.010118	1068.255789
0.010122	1068.638224
0.010125	1069.025997
0.010128	1069.423456
0.010132	1069.797965
0.010135	1070.18494
0.010138	1070.576615
0.010141	1070.964874
0.010144	1071.349008
0.010148	1071.739955
0.010151	1072.131581
0.010155	1072.535227
0.010158	1072.936305
0.010161	1073.336625
0.010165	1073.732355
0.010168	1074.130349
0.010172	1074.524795
0.010175	1074.90718
0.010178	1075.312383
0.010182	1075.723662
0.010185	1076.133556
0.010189	1076.533998
0.010192	1076.935581
0.010196	1077.338378
0.010199	1077.746786
0.010202	1078.145438
0.010206	1078.544909
0.010209	1078.943702
0.010212	1079.332961
0.010216	1079.735708
0.010219	1080.140132
0.010222	1080.534113
0.010225	1080.93046
0.010229	1081.322904
0.010232	1081.715156
0.010236	1082.112382
0.010239	1082.518485
0.010243	1082.914953
0.010246	1083.296711
0.010249	1083.670684
0.010252	1084.0495
0.010255	1084.459819
0.010259	1084.870269
0.010263	1085.292902
0.010266	1085.712168
0.01027	1086.120161
0.010273	1086.524364
0.010276	1086.930406
0.010279	1087.33935
0.010283	1087.734514
0.010286	1088.139332
0.010289	1088.543241
0.010293	1088.941185
0.010296	1089.337957
0.0103	1089.743241
0.010303	1090.14807
0.010307	1090.549967
0.01031	1090.963804
0.010314	1091.379744
0.010317	1091.781085
0.010321	1092.1773
0.010324	1092.568056
0.010327	1092.947013
0.01033	1093.330045
0.010334	1093.727453
0.010337	1094.115277
0.010341	1094.505659
0.010344	1094.895808
0.010347	1095.283338
0.01035	1095.680544
0.010354	1096.099497
0.010357	1096.512637
0.010361	1096.930114
0.010364	1097.345204
0.010368	1097.765461
0.010371	1098.177802
0.010374	1098.591862
0.010378	1098.997692
0.010382	1099.405028
0.010385	1099.794611
0.010388	1100.189532
0.010392	1100.582725
0.010395	1100.976523
0.010398	1101.374104
0.010402	1101.771067
0.010405	1102.173722
0.010408	1102.570514
0.010411	1102.963393
0.010414	1103.352602
0.010418	1103.737716
0.01042	1104.120373
0.010424	1104.515345
0.010427	1104.920204
0.010431	1105.319796
0.010434	1105.722442
0.010438	1106.11529
0.010441	1106.512628
0.010444	1106.905041
0.010447	1107.298901
0.010451	1107.699838
0.010454	1108.099965
0.010458	1108.507797
0.010461	1108.914254
0.010464	1109.315949
0.010468	1109.718301
0.010471	1110.123919
0.010475	1110.517414
0.010478	1110.911031
0.010482	1111.322381
0.010485	1111.734004
0.010488	1112.141411
0.010491	1112.547767
0.010494	1112.955528
0.010498	1113.374774
0.010501	1113.787034
0.010505	1114.186777
0.010508	1114.583336
0.010511	1114.969977
0.010514	1115.347044
0.010517	1115.731906
0.01052	1116.120892
0.010524	1116.507119
0.010527	1116.911806
0.01053	1117.299832
0.010534	1117.707724
0.010537	1118.112634
0.01054	1118.526087
0.010544	1118.948599
0.010547	1119.365449
0.010551	1119.786747
0.010554	1120.200059
0.010557	1120.597103
0.010561	1120.996887
0.010564	1121.401251
0.010568	1121.810225
0.010571	1122.207097
0.010575	1122.60766
0.010578	1123.026118
0.010581	1123.446637
0.010585	1123.877136
0.010589	1124.281075
0.010592	1124.671346
0.010595	1125.055297
0.010598	1125.443091
0.010602	1125.836496
0.010605	1126.235805
0.010608	1126.630068
0.010612	1127.013464
0.010615	1127.398467
0.010618	1127.797513
0.010622	1128.201837
0.010625	1128.608556
0.010628	1129.016489
0.010631	1129.443732
0.010635	1129.864424
0.010639	1130.286966
0.010642	1130.70323
0.010646	1131.121879
0.010649	1131.533371
0.010653	1131.923581
0.010656	1132.316126
0.01066	1132.706406
0.010663	1133.104927
0.010666	1133.502881
0.01067	1133.907295
0.010673	1134.324378
0.010676	1134.72859
0.01068	1135.128546
0.010683	1135.524974
0.010686	1135.915628
0.01069	1136.311207
0.010693	1136.710465
0.010697	1137.101858
0.0107	1137.489024
0.010703	1137.869761
0.010706	1138.251721
0.01071	1138.62996
0.010713	1139.016965
0.010716	1139.409895
0.01072	1139.807212
0.010723	1140.211141
0.010726	1140.622845
0.01073	1141.058277
0.010733	1141.502465
0.010737	1141.924633
0.010741	1142.343576
0.010744	1142.73416
0.010748	1143.12625
0.010751	1143.510727
0.010755	1143.899613
0.010758	1144.278641
0.010761	1144.667405
0.010764	1145.048293
0.010768	1145.44375
0.010771	1145.84683
0.010775	1146.245279
0.010778	1146.645033
0.010781	1147.042057
0.010785	1147.449272
0.010789	1147.869529
0.010792	1148.287785
0.010795	1148.693291
0.010799	1149.098565
0.010802	1149.499876
0.010805	1149.902592
0.010809	1150.288778
0.010812	1150.681909
0.010815	1151.079419
0.010818	1151.479971
0.010821	1151.888531
0.010825	1152.319757
0.010829	1152.734979
0.010832	1153.125634
0.010835	1153.516582
0.010838	1153.91211
0.010841	1154.322914
0.010845	1154.720231
0.010848	1155.113747
0.010852	1155.516493
0.010855	1155.912921
0.010858	1156.311431
0.010862	1156.707232
0.010865	1157.112647
0.010869	1157.524755
0.010872	1157.939148
0.010876	1158.362924
0.010879	1158.79136
0.010883	1159.251016
0.010887	1159.680463
0.01089	1160.073676
0.010894	1160.474097
0.010897	1160.880847
0.010901	1161.291449
0.010904	1161.705973
0.010908	1162.110651
0.010911	1162.515055
0.010915	1162.934554
0.010919	1163.345409
0.010922	1163.751309
0.010926	1164.148323
0.010929	1164.539342
0.010933	1164.926569
0.010936	1165.319195
0.010939	1165.719333
0.010942	1166.123899
0.010946	1166.540406
0.010949	1166.950138
0.010953	1167.371922
0.010957	1167.794747
0.01096	1168.219301
0.010964	1168.639871
0.010968	1169.048926
0.010971	1169.445505
0.010975	1169.850658
0.010978	1170.252474
0.010982	1170.664137
0.010985	1171.076771
0.010989	1171.475575
0.010992	1171.869788
0.010995	1172.269906
0.010998	1172.677222
0.011002	1173.083932
0.011005	1173.493118
0.011009	1173.913577
0.011012	1174.324149
0.011016	1174.726471
0.011019	1175.12947
0.011023	1175.524947
0.011026	1175.931151
0.01103	1176.329853
0.011033	1176.735602
0.011036	1177.13846
0.011039	1177.53328
0.011043	1177.930577
0.011046	1178.3303
0.01105	1178.738061
0.011053	1179.136794
0.011056	1179.534849
0.01106	1179.936463
0.011063	1180.32918
0.011067	1180.728479
0.011071	1181.124138
0.011074	1181.524216
0.011077	1181.923524
0.01108	1182.328808
0.011084	1182.752351
0.011087	1183.167664
0.01109	1183.5768
0.011094	1183.99451
0.011097	1184.408135
0.011101	1184.831081
0.011104	1185.250863
0.011108	1185.676165
0.011111	1186.110566
0.011115	1186.5269
0.011118	1186.934813
0.011121	1187.322303
0.011124	1187.698975
0.011127	1188.092815
0.011131	1188.489758
0.011134	1188.896801
0.011138	1189.302075
0.011141	1189.699958
0.011144	1190.09955
0.011148	1190.499931
0.011151	1190.906418
0.011154	1191.311196
0.011158	1191.716683
0.011161	1192.103526
0.011165	1192.508719
0.011169	1192.946335
0.011172	1193.377521
0.011175	1193.80252
0.011179	1194.212849
0.011182	1194.59771
0.011185	1194.981733
0.011188	1195.37998
0.011191	1195.776468
0.011194	1196.187717
0.011199	1196.628154
0.011202	1197.056064
0.011206	1197.473288
0.011208	1197.876318
0.011212	1198.26861
0.011215	1198.666544
0.011218	1199.06193
0.011221	1199.437885
0.011225	1199.813304
0.011228	1200.250606
0.011232	1200.667578
0.011235	1201.068818
0.011238	1201.467439
0.011242	1201.85687
0.011245	1202.25995
0.011248	1202.67499
0.011252	1203.083287
0.011255	1203.48478
0.011259	1203.889275
0.011262	1204.287543
0.011265	1204.670757
0.011268	1205.051665
0.011271	1205.434353
0.011275	1205.828031
0.011278	1206.214075
0.011281	1206.610877
0.011284	1207.018809
0.011287	1207.428835
0.011291	1207.841742
0.011295	1208.271988
0.011298	1208.697381
0.011302	1209.106183
0.011305	1209.515713
0.011308	1209.915184
0.011312	1210.300399
0.011315	1210.694916
0.011318	1211.106913
0.011322	1211.517859
0.011325	1211.929452
0.011328	1212.33789
0.011332	1212.750928
0.011335	1213.170801
0.011339	1213.600016
0.011342	1214.034609
0.011346	1214.455938
0.01135	1214.87119
0.011353	1215.270186
0.011356	1215.674904
0.011359	1216.082483
0.011363	1216.506137
0.011366	1216.932328
0.01137	1217.35212
0.011373	1217.767171
0.011376	1218.173638
0.01138	1218.559874
0.011383	1218.929025
0.011386	1219.312734
0.011389	1219.710415
0.011393	1220.119146
0.011396	1220.521458
0.0114	1220.918987
0.011403	1221.318943
0.011406	1221.709194
0.011409	1222.106703
0.011413	1222.513028
0.011417	1222.93
0.01142	1223.328186
0.011423	1223.731802
0.011427	1224.139785
0.01143	1224.551914
0.011433	1224.964922
0.011436	1225.37884
0.01144	1225.815809
0.011444	1226.246368
0.011447	1226.657537
0.01145	1227.044309
0.011454	1227.43004
0.011456	1227.818228
0.01146	1228.21603
0.011464	1228.608181
0.011467	1229.00931
0.01147	1229.391644
0.011474	1229.774625
0.011477	1230.164724
0.01148	1230.556298
0.011483	1230.960025
0.011487	1231.366543
0.01149	1231.773333
0.011494	1232.178415
0.011497	1232.58843
0.0115	1233.001439
0.011504	1233.43402
0.011508	1233.87848
0.011511	1234.305006
0.011514	1234.72682
0.011518	1235.129374
0.011521	1235.527753
0.011524	1235.925667
0.011527	1236.320628
0.01153	1236.715408
0.011533	1237.116496
0.011537	1237.514895
0.01154	1237.911393
0.011543	1238.309984
0.011546	1238.705148
0.011549	1239.0937
0.011553	1239.488479
0.011556	1239.895715
0.011559	1240.307206
0.011562	1240.719395
0.011566	1241.170691
0.011569	1241.610935
0.011573	1242.018727
0.011576	1242.431563
0.011579	1242.836281
0.011582	1243.239816
0.011586	1243.629025
0.011589	1244.004554
0.011592	1244.373766
0.011595	1244.759183
0.011599	1245.170149
0.011602	1245.580468
0.011605	1245.982557
0.011608	1246.379399
0.011612	1246.789182
0.011615	1247.192201
0.011618	1247.598143
0.011621	1248.000747
0.011624	1248.399864
0.011628	1248.80988
0.011631	1249.214132
0.011635	1249.644975
0.011638	1250.067557
0.011642	1250.489735
0.011645	1250.888619
0.011649	1251.289303
0.011652	1251.687268
0.011656	1252.087769
0.011659	1252.472308
0.011662	1252.840255
0.011666	1253.226673
0.011669	1253.612991
0.011672	1253.9976
0.011676	1254.385262
0.011678	1254.777686
0.011682	1255.189693
0.011685	1255.59253
0.011689	1255.996995
0.011692	1256.374921
0.011695	1256.741878
0.011698	1257.109764
0.011702	1257.488803
0.011705	1257.864868
0.011708	1258.263095
0.011712	1258.734409
0.011715	1259.175978
0.011719	1259.59943
0.011723	1260.016836
0.011726	1260.45066
0.011729	1260.868906
0.011733	1261.278345
0.011736	1261.676926
0.011739	1262.101399
0.011743	1262.518461
0.011746	1262.91139
0.011749	1263.310315
0.011753	1263.721726
0.011756	1264.143681
0.011759	1264.571187
0.011763	1265.000149
0.011766	1265.423611
0.01177	1265.859397
0.011773	1266.285286
0.011777	1266.702055
0.01178	1267.118228
0.011784	1267.524705
0.011787	1267.929897
0.011791	1268.334807
0.011794	1268.747401
0.011798	1269.161491
0.011802	1269.584336
0.011805	1270.001449
0.011809	1270.422879
0.011812	1270.843672
0.011816	1271.265405
0.01182	1271.698916
0.011824	1272.124218
0.011827	1272.54218
0.011831	1272.962296
0.011835	1273.385738
0.011838	1273.810281
0.011842	1274.229527
0.011845	1274.646994
0.011849	1275.069455
0.011852	1275.482008
0.011856	1275.898767
0.011859	1276.305932
0.011862	1276.717615
0.011865	1277.109625
0.011869	1277.511613
0.011872	1277.917251
0.011875	1278.363056
0.011879	1278.799186
0.011883	1279.225883
0.011886	1279.644057
0.011889	1280.059189
0.011892	1280.470064
0.011896	1280.888642
0.011899	1281.318807
0.011903	1281.75979
0.011906	1282.190329
0.01191	1282.600051
0.011913	1283.00939
0.011916	1283.418596
0.01192	1283.829724
0.011923	1284.248313
0.011927	1284.673787
0.01193	1285.078707
0.011934	1285.490835
0.011937	1285.908403
0.011941	1286.318762
0.011944	1286.738261
0.011948	1287.157942
0.011951	1287.587399
0.011955	1288.00338
0.011958	1288.424557
0.011961	1288.848777
0.011965	1289.270621
0.011968	1289.681951
0.011972	1290.092917
0.011975	1290.505622
0.011979	1290.914293
0.011982	1291.330192
0.011986	1291.742331
0.011989	1292.153853
0.011993	1292.570773
0.011996	1292.993042
0.012	1293.394626
0.012003	1293.810121
0.012007	1294.227497
0.012011	1294.638978
0.012014	1295.06611
0.012017	1295.495386
0.012021	1295.925227
0.012024	1296.332513
0.012027	1296.737534
0.012031	1297.133092
0.012034	1297.531724
0.012038	1297.948745
0.012041	1298.361784
0.012044	1298.764965
0.012048	1299.160513
0.012051	1299.544212
0.012055	1299.942358
0.012058	1300.352636
0.012061	1300.75056
0.012064	1301.162729
0.012068	1301.593228
0.012072	1302.007176
0.012075	1302.429718
0.012079	1302.83301
0.012082	1303.226516
0.012086	1303.624298
0.012089	1304.028763
0.012092	1304.436474
0.012095	1304.848764
0.012099	1305.265604
0.012102	1305.684587
0.012106	1306.106351
0.012109	1306.521492
0.012112	1306.937887
0.012116	1307.356708
0.012119	1307.776278
0.012123	1308.197061
0.012126	1308.617965
0.012129	1309.033511
0.012133	1309.447378
0.012137	1309.855463
0.01214	1310.280188
0.012144	1310.713922
0.012147	1311.120399
0.012151	1311.504047
0.012154	1311.900354
0.012158	1312.305557
0.012161	1312.722205
0.012165	1313.142553
0.012169	1313.580543
0.012172	1314.015045
0.012176	1314.434564
0.012179	1314.830688
0.012183	1315.223719
0.012186	1315.623806
0.01219	1316.037289
0.012193	1316.456444
0.012197	1316.883748
0.0122	1317.285231
0.012203	1317.690586
0.012207	1318.090491
0.012211	1318.503277
0.012214	1318.910017
0.012217	1319.261666
0.01222	1319.63754
0.012223	1320.078806
0.012227	1320.517676
0.012231	1320.945839
0.012234	1321.373537
0.012238	1321.788153
0.012241	1322.197784
0.012244	1322.607739
0.012248	1323.020413
0.012251	1323.44061
0.012255	1323.85842
0.012258	1324.259336
0.012262	1324.680524
0.012265	1325.105907
0.012269	1325.536971
0.012272	1325.966509
0.012276	1326.382975
0.01228	1326.797884
0.012283	1327.208557
0.012286	1327.620584
0.01229	1328.021885
0.012293	1328.411862
0.012296	1328.811302
0.0123	1329.228385
0.012303	1329.661674
0.012307	1330.100948
0.012311	1330.538979
0.012314	1330.964432
0.012318	1331.377612
0.012321	1331.79614
0.012325	1332.214628
0.012328	1332.644915
0.012332	1333.067901
0.012335	1333.493527
0.012339	1333.914623
0.012342	1334.330513
0.012346	1334.754288
0.012349	1335.177841
0.012353	1335.600969
0.012357	1336.023117
0.01236	1336.43662
0.012364	1336.846727
0.012368	1337.254579
0.012371	1337.656011
0.012375	1338.064894
0.012379	1338.474364
0.012382	1338.856445
0.012385	1339.243278
0.012389	1339.656397
0.012392	1340.087523
0.012396	1340.50869
0.0124	1340.922001
0.012403	1341.339842
0.012407	1341.747957
0.01241	1342.145163
0.012414	1342.536404
0.012417	1342.926148
0.01242	1343.314083
0.012423	1343.714353
0.012427	1344.129636
0.01243	1344.572155
0.012434	1345.014695
0.012438	1345.431707
0.012441	1345.846585
0.012445	1346.252648
0.012448	1346.656557
0.012451	1347.047686
0.012454	1347.42725
0.012458	1347.832393
0.012461	1348.23248
0.012464	1348.617028
0.012468	1348.998119
0.012471	1349.372203
0.012475	1349.74934
0.012478	1350.156808
0.012482	1350.57012
0.012485	1350.984998
0.012488	1351.388118
0.012492	1351.786487
0.012495	1352.173654
0.012498	1352.556443
0.012501	1352.941446
0.012505	1353.340906
0.012509	1353.739285
0.012512	1354.140636
0.012516	1354.539248
0.012519	1354.935473
0.012522	1355.341849
0.012526	1355.748033
0.012529	1356.152467
0.012533	1356.572462
0.012536	1357.001919
0.01254	1357.426806
0.012543	1357.816096
0.012546	1358.20763
0.01255	1358.610205
0.012554	1359.030664
0.012557	1359.46553
0.012561	1359.895938
0.012564	1360.303962
0.012567	1360.700268
0.012571	1361.106209
0.012574	1361.511341
0.012577	1361.913178
0.01258	1362.310414
0.012584	1362.705093
0.012587	1363.119678
0.012591	1363.531938
0.012594	1363.950395
0.012597	1364.373797
0.012601	1364.789029
0.012604	1365.207891
0.012608	1365.62463
0.012611	1366.039943
0.012615	1366.44551
0.012618	1366.84491
0.012621	1367.246261
0.012625	1367.640272
0.012628	1368.017096
0.012631	1368.396124
0.012634	1368.795261
0.012638	1369.204175
0.012641	1369.615403
0.012645	1370.024135
0.012648	1370.421594
0.012652	1370.833065
0.012655	1371.261774
0.012659	1371.685084
0.012662	1372.105018
0.012666	1372.513487
0.01267	1372.930286
0.012673	1373.333295
0.012677	1373.73953
0.012681	1374.146644
0.012684	1374.550401
0.012688	1374.96813
0.012691	1375.381058
0.012695	1375.792236
0.012698	1376.201968
0.012702	1376.613935
0.012705	1377.040572
0.012709	1377.466379
0.012712	1377.889831
0.012716	1378.312383
0.012719	1378.721873
0.012723	1379.11552
0.012727	1379.570141
0.01273	1380.012246
0.012734	1380.41931
0.012738	1380.821166
0.012741	1381.218595
0.012745	1381.629267
0.012748	1382.024896
0.012752	1382.43846
0.012755	1382.86077
0.012759	1383.29053
0.012763	1383.72568
0.012766	1384.161152
0.01277	1384.604339
0.012774	1385.042704
0.012777	1385.465892
0.012781	1385.875322
0.012784	1386.291757
0.012788	1386.70334
0.012791	1387.106046
0.012795	1387.512007
0.012798	1387.927057
0.012802	1388.35148
0.012805	1388.785133
0.012809	1389.215419
0.012813	1389.6608
0.012817	1390.098416
0.01282	1390.524233
0.012824	1390.967754
0.012828	1391.41459
0.012832	1391.857069
0.012835	1392.291713
0.012838	1392.719613
0.012842	1393.139648
0.012846	1393.567933
0.01285	1394.002839
0.012853	1394.44179
0.012857	1394.873886
0.012861	1395.295882
0.012864	1395.713672
0.012868	1396.125689
0.012871	1396.538596
0.012875	1396.958651
0.012878	1397.374814
0.012881	1397.79497
0.012885	1398.225306
0.012889	1398.652347
0.012893	1399.06578
0.012896	1399.530906
0.0129	1399.974032
0.012903	1400.405461
0.012907	1400.819813
0.01291	1401.250666
0.012914	1401.684299
0.012917	1402.109843
0.012921	1402.54018
0.012925	1402.966675
0.012928	1403.386204
0.012932	1403.810728
0.012935	1404.226607
0.012939	1404.656388
0.012943	1405.087614
0.012947	1405.51871
0.01295	1405.958095
0.012954	1406.418701
0.012958	1406.867681
0.012961	1407.312344
0.012965	1407.740002
0.012968	1408.160724
0.012971	1408.58729
0.012975	1409.01792
0.012979	1409.449005
0.012982	1409.885852
0.012986	1410.330333
0.012989	1410.777878
0.012993	1411.229061
0.012997	1411.665373
0.013	1412.082092
0.013004	1412.514602
0.013008	1412.944211
0.013012	1413.385609
0.013015	1413.839138
0.013019	1414.289685
0.013023	1414.728717
0.013026	1415.158639
0.01303	1415.574114
0.013034	1415.982299
0.013037	1416.407419
0.01304	1416.828667
0.013044	1417.258681
0.013047	1417.686743
0.013051	1418.122064
0.013054	1418.548923
0.013058	1418.977227
0.013061	1419.413145
0.013065	1419.839013
0.013069	1420.261909
0.013072	1420.690426
0.013076	1421.116355
0.01308	1421.548097
0.013083	1421.985228
0.013087	1422.409903
0.01309	1422.837834
0.013094	1423.265886
0.013097	1423.693594
0.013101	1424.125437
0.013105	1424.559555
0.013108	1424.98331
0.013112	1425.417317
0.013116	1425.861252
0.01312	1426.308978
0.013123	1426.758929
0.013127	1427.197829
0.013131	1427.627124
0.013134	1428.039344
0.013137	1428.43288
0.013141	1428.8323
0.013144	1429.21607
0.013147	1429.625478
0.013151	1430.037567
0.013154	1430.453072
0.013157	1430.861652
0.013161	1431.269261
0.013164	1431.683088
0.013168	1432.108602
0.013172	1432.533692
0.013176	1432.969418
0.01318	1433.410421
0.013183	1433.854649
0.013187	1434.297846
0.01319	1434.736058
0.013194	1435.193642
0.013198	1435.639245
0.013201	1436.066721
0.013205	1436.499079
0.013208	1436.922177
0.013212	1437.3172
0.013215	1437.720472
0.013218	1438.157774
0.013222	1438.595138
0.013225	1438.985004
0.013229	1439.387538
0.013232	1439.778455
0.013235	1440.180049
0.013238	1440.600276
0.013241	1441.0276
0.013245	1441.450809
0.013249	1441.840786
0.013252	1442.239731
0.013256	1442.654216
0.013259	1443.088415
0.013263	1443.525768
0.013266	1443.96579
0.01327	1444.37988
0.013273	1444.790401
0.013276	1445.201943
0.01328	1445.635212
0.013284	1446.07024
0.013287	1446.513285
0.013291	1446.942641
0.013294	1447.367347
0.013298	1447.785471
0.013301	1448.206981
0.013304	1448.631282
0.013308	1449.061104
0.013311	1449.494423
0.013315	1449.910484
0.013318	1450.333491
0.013321	1450.746055
0.013325	1451.164007
0.013328	1451.586983
0.013331	1451.999081
0.013335	1452.415466
0.013338	1452.838039
0.013342	1453.272045
0.013345	1453.699703
0.013349	1454.107737
0.013353	1454.503679
0.013356	1454.906628
0.013359	1455.331303
0.013363	1455.759082
0.013366	1456.177873
0.01337	1456.603792
0.013374	1457.039628
0.013378	1457.483472
0.013382	1457.93037
0.013386	1458.379804
0.01339	1458.833253
0.013393	1459.272103
0.013397	1459.702642
0.0134	1460.136729
0.013404	1460.551587
0.013408	1460.967851
0.013412	1461.380829
0.013415	1461.798437
0.013419	1462.213932
0.013422	1462.640407
0.013426	1463.071421
0.013429	1463.50193
0.013433	1463.928
0.013436	1464.359854
0.01344	1464.785681
0.013444	1465.211641
0.013447	1465.629785
0.013451	1466.041226
0.013454	1466.451858
0.013457	1466.870811
0.01346	1467.29038
0.013464	1467.706674
0.013467	1468.129752
0.013471	1468.552355
0.013475	1468.975827
0.013478	1469.403434
0.013481	1469.83551
0.013485	1470.279404
0.013489	1470.724461
0.013493	1471.181934
0.013496	1471.640407
0.0135	1472.093026
0.013504	1472.52029
0.013507	1472.949949
0.013511	1473.378678
0.013514	1473.796944
0.013518	1474.216554
0.013522	1474.6386
0.013525	1475.057573
0.013529	1475.491489
0.013532	1475.917691
0.013535	1476.344034
0.013539	1476.776727
0.013543	1477.214849
0.013546	1477.650109
0.01355	1478.076311
0.013553	1478.502543
0.013557	1478.930939
0.01356	1479.361154
0.013564	1479.797416
0.013567	1480.224588
0.013571	1480.669028
0.013574	1481.102651
0.013578	1481.525173
0.013582	1481.944853
0.013585	1482.351684
0.013588	1482.75897
0.013592	1483.178701
0.013595	1483.59999
0.013598	1484.031075
0.013602	1484.460542
0.013605	1484.890171
0.013608	1485.292776
0.013612	1485.699152
0.013615	1486.135413
0.013619	1486.573555
0.013622	1486.998695
0.013626	1487.421884
0.013629	1487.847661
0.013632	1488.272387
0.013636	1488.693706
0.013639	1489.125721
0.013642	1489.553945
0.013646	1489.97863
0.013649	1490.398776
0.013652	1490.829861
0.013656	1491.258196
0.01366	1491.683498
0.013663	1492.10606
0.013666	1492.527237
0.01367	1492.955026
0.013673	1493.403157
0.013677	1493.856585
0.013681	1494.303806
0.013684	1494.748893
0.013689	1495.199279
0.013692	1495.639746
0.013696	1496.074561
0.013699	1496.498893
0.013702	1496.922951
0.013706	1497.347616
0.013709	1497.754467
0.013712	1498.168062
0.013716	1498.582799
0.01372	1498.985889
0.013723	1499.39546
0.013726	1499.814281
0.01373	1500.245224
0.013733	1500.66812
0.013737	1501.09142
0.01374	1501.519199
0.013744	1501.933724
0.013747	1502.356883
0.013751	1502.78448
0.013754	1503.210328
0.013758	1503.630989
0.013761	1504.059102
0.013764	1504.490369
0.013768	1504.916965
0.013772	1505.366218
0.013776	1505.804996
0.013779	1506.219966
0.013783	1506.634379
0.013786	1507.048014
0.013789	1507.464268
0.013792	1507.893027
0.013796	1508.326478
0.013799	1508.734836
0.013802	1509.144952
0.013805	1509.552652
0.013809	1509.953094
0.013813	1510.373624
0.013816	1510.793375
0.013819	1511.213653
0.013823	1511.637337
0.013826	1512.054945
0.01383	1512.48511
0.013833	1512.903487
0.013837	1513.328859
0.01384	1513.752817
0.013844	1514.176703
0.013847	1514.625451
0.013851	1515.068779
0.013855	1515.509368
0.013859	1515.940008
0.013862	1516.362813
0.013866	1516.787558
0.013869	1517.216429
0.013873	1517.646038
0.013876	1518.060785
0.01388	1518.488706
0.013884	1518.922591
0.013887	1519.357912
0.01389	1519.796024
0.013894	1520.234115
0.013898	1520.66609
0.013901	1521.093202
0.013905	1521.521486
0.013909	1521.918733
0.013912	1522.30873
0.013915	1522.705319
0.013919	1523.096823
0.013921	1523.501309
0.013925	1523.924629
0.013928	1524.367684
0.013932	1524.791773
0.013935	1525.219795
0.013939	1525.639769
0.013942	1526.048743
0.013945	1526.45526
0.013949	1526.870432
0.013953	1527.293874
0.013956	1527.720621
0.01396	1528.136561
0.013963	1528.55608
0.013967	1528.976459
0.01397	1529.415986
0.013974	1529.844826
0.013978	1530.271493
0.013981	1530.688131
0.013985	1531.132885
0.013988	1531.564829
0.013992	1531.996713
0.013996	1532.416495
0.013999	1532.823609
0.014002	1533.236617
0.014006	1533.64556
0.014009	1534.069386
0.014013	1534.481343
0.014016	1534.890944
0.01402	1535.307096
0.014023	1535.734501
0.014026	1536.157539
0.014029	1536.588381
0.014033	1537.016655
0.014037	1537.432201
0.01404	1537.839487
0.014043	1538.250069
0.014046	1538.676371
0.01405	1539.090583
0.014054	1539.499274
0.014057	1539.90658
0.01406	1540.308922
0.014064	1540.729128
0.014067	1541.156806
0.014071	1541.58408
0.014074	1542.012506
0.014078	1542.443206
0.014082	1542.876647
0.014085	1543.303749
0.014089	1543.718122
0.014092	1544.137732
0.014095	1544.558777
0.014098	1544.962343
0.014101	1545.366838
0.014105	1545.772536
0.014108	1546.18786
0.014111	1546.607197
0.014114	1547.029132
0.014118	1547.439572
0.014121	1547.858475
0.014124	1548.268652
0.014128	1548.672045
0.014131	1549.074862
0.014134	1549.487102
0.014138	1549.904255
0.014141	1550.328981
0.014145	1550.752109
0.014149	1551.176946
0.014152	1551.603947
0.014155	1552.048589
0.014159	1552.494698
0.014163	1552.941828
0.014167	1553.382164
0.01417	1553.814411
0.014174	1554.250733
0.014177	1554.697934
0.014181	1555.126542
0.014184	1555.555443
0.014187	1555.965833
0.014191	1556.360632
0.014194	1556.744867
0.014197	1557.137685
0.0142	1557.566859
0.014204	1558.007296
0.014207	1558.443093
0.014211	1558.873217
0.014214	1559.309094
0.014218	1559.750259
0.014221	1560.212807
0.014225	1560.659289
0.014228	1561.0964
0.014232	1561.519731
0.014235	1561.936439
0.014238	1562.361589
0.014242	1562.790895
0.014245	1563.209443
0.014249	1563.624473
0.014252	1564.046813
0.014256	1564.471054
0.014259	1564.901016
0.014263	1565.323306
0.014266	1565.760184
0.01427	1566.185809
0.014273	1566.605288
0.014276	1567.008914
0.014279	1567.418909
0.014283	1567.831088
0.014287	1568.257563
0.01429	1568.701963
0.014294	1569.150154
0.014297	1569.588802
0.014301	1570.008755
0.014304	1570.431722
0.014308	1570.855639
0.014311	1571.271619
0.014314	1571.69316
0.014318	1572.116471
0.014321	1572.544705
0.014325	1572.959158
0.014328	1573.375574
0.014331	1573.79395
0.014335	1574.201428
0.014338	1574.599685
0.014341	1574.99863
0.014345	1575.419494
0.014349	1575.860699
0.014352	1576.324632
0.014356	1576.774401
0.01436	1577.209206
0.014363	1577.627168
0.014367	1578.047091
0.01437	1578.462759
0.014373	1578.877091
0.014377	1579.301251
0.01438	1579.721487
0.014383	1580.141472
0.014386	1580.551487
0.01439	1580.968762
0.014393	1581.382538
0.014396	1581.79682
0.0144	1582.209323
0.014404	1582.614303
0.014407	1583.0217
0.014411	1583.43672
0.014414	1583.865359
0.014418	1584.278579
0.014421	1584.683054
0.014424	1585.095092
0.014427	1585.516774
0.014431	1585.939195
0.014434	1586.365124
0.014438	1586.78343
0.014441	1587.197307
0.014444	1587.62544
0.014448	1588.062814
0.014452	1588.493868
0.014456	1588.930362
0.014459	1589.370031
0.014463	1589.811509
0.014467	1590.239965
0.014471	1590.669948
0.014474	1591.100669
0.014477	1591.520421
0.01448	1591.939181
0.014484	1592.354394
0.014487	1592.783012
0.014491	1593.20525
0.014494	1593.627833
0.014498	1594.044915
0.014501	1594.45858
0.014505	1594.865411
0.014508	1595.276994
0.014512	1595.712254
0.014515	1596.160992
0.014519	1596.6016
0.014523	1597.055848
0.014526	1597.522702
0.01453	1597.973027
0.014534	1598.417538
0.014538	1598.843072
0.014541	1599.266787
0.014544	1599.666622
0.014548	1600.070652
0.014551	1600.483296
0.014554	1600.888206
0.014558	1601.306411
0.014561	1601.719712
0.014564	1602.141182
0.014568	1602.574421
0.014572	1603.026858
0.014576	1603.486302
0.01458	1603.942824
0.014583	1604.394241
0.014587	1604.842806
0.014591	1605.256512
0.014594	1605.665344
0.014597	1606.06252
0.014601	1606.466207
0.014604	1606.883117
0.014607	1607.309835
0.014611	1607.731891
0.014615	1608.160914
0.014618	1608.585791
0.014621	1609.017159
0.014625	1609.446859
0.014629	1609.878379
0.014632	1610.302174
0.014636	1610.732066
0.01464	1611.158632
0.014643	1611.593822
0.014647	1612.036149
0.01465	1612.479296
0.014654	1612.919247
0.014658	1613.367297
0.014662	1613.800171
0.014665	1614.200987
0.014668	1614.626774
0.014672	1615.050054
0.014676	1615.484738
0.014679	1615.923557
0.014683	1616.367482
0.014686	1616.807889
0.01469	1617.260822
0.014694	1617.710105
0.014697	1618.107463
0.014701	1618.525313
0.014705	1618.9657
0.014708	1619.411535
0.014712	1619.864094
0.014716	1620.315005
0.01472	1620.749386
0.014723	1621.175426
0.014726	1621.611566
0.01473	1622.043935
0.014734	1622.478902
0.014737	1622.918085
0.014741	1623.362041
0.014745	1623.798838
0.014748	1624.236484
0.014752	1624.681552
0.014755	1625.112768
0.014759	1625.539
0.014763	1625.973705
0.014766	1626.394133
0.01477	1626.807263
0.014773	1627.228076
0.014777	1627.658484
0.01478	1628.095281
0.014784	1628.533837
0.014787	1628.966964
0.014791	1629.406572
0.014795	1629.837273
0.014798	1630.274707
0.014801	1630.713526
0.014805	1631.154843
0.014809	1631.582723
0.014812	1632.011351
0.014816	1632.448037
0.014819	1632.881296
0.014823	1633.316768
0.014826	1633.756841
0.01483	1634.197167
0.014833	1634.6235
0.014836	1635.04766
0.01484	1635.460284
0.014843	1635.876466
0.014846	1636.292042
0.01485	1636.7142
0.014853	1637.139664
0.014857	1637.567322
0.01486	1638.002582
0.014864	1638.439056
0.014867	1638.870272
0.01487	1639.279125
0.014874	1639.69823
0.014878	1640.139829
0.014881	1640.590416
0.014885	1641.04987
0.014889	1641.491702
0.014892	1641.921574
0.014895	1642.341225
0.014899	1642.767295
0.014902	1643.174995
0.014906	1643.600358
0.014909	1644.012315
0.014913	1644.436737
0.014917	1644.876648
0.01492	1645.291628
0.014924	1645.704959
0.014927	1646.111002
0.014931	1646.526942
0.014934	1646.933772
0.014937	1647.349975
0.014941	1647.766229
0.014944	1648.18593
0.014948	1648.616904
0.014952	1649.060222
0.014955	1649.496888
0.014959	1649.92955
0.014963	1650.367055
0.014966	1650.79723
0.01497	1651.230084
0.014973	1651.654476
0.014977	1652.089089
0.01498	1652.531053
0.014984	1652.96696
0.014987	1653.402686
0.014991	1653.825501
0.014994	1654.25878
0.014998	1654.694263
0.015002	1655.149491
0.015006	1655.603778
0.015009	1656.052071
0.015014	1656.491608
0.015017	1656.925402
0.015021	1657.346852
0.015024	1657.755928
0.015027	1658.168824
0.015031	1658.594551
0.015035	1659.033067
0.015038	1659.461473
0.015042	1659.890586
0.015045	1660.272415
0.015048	1660.674534
0.015052	1661.098269
0.015055	1661.486831
0.015059	1661.878729
0.015062	1662.274014
0.015065	1662.672049
0.015069	1663.095188
0.015072	1663.524777
0.015076	1663.967155
0.015079	1664.422908
0.015083	1664.881836
0.015087	1665.321555
0.01509	1665.726991
0.015093	1666.120103
0.015096	1666.520898
0.0151	1666.93339
0.015103	1667.362332
0.015106	1667.79828
0.01511	1668.229617
0.015114	1668.67426
0.015117	1669.115111
0.01512	1669.539918
0.015124	1669.967505
0.015127	1670.372587
0.015131	1670.778245
0.015134	1671.182285
0.015137	1671.596011
0.01514	1672.019756
0.015144	1672.44434
0.015147	1672.862424
0.015151	1673.290941
0.015154	1673.728911
0.015157	1674.141019
0.015161	1674.54974
0.015164	1674.97202
0.015168	1675.395542
0.015171	1675.824271
0.015175	1676.232356
0.015178	1676.646476
0.015181	1677.062214
0.015185	1677.497353
0.015188	1677.941824
0.015192	1678.390581
0.015196	1678.839309
0.015199	1679.281151
0.015203	1679.70899
0.015206	1680.068496
0.015209	1680.47201
0.015213	1680.894097
0.015216	1681.314931
0.015219	1681.718466
0.015222	1682.11372
0.015225	1682.508197
0.015229	1682.916574
0.015232	1683.32295
0.015235	1683.738577
0.015239	1684.196636
0.015242	1684.646445
0.015246	1685.076195
0.01525	1685.48712
0.015253	1685.874742
0.015256	1686.262232
0.015259	1686.640249
0.015262	1687.02504
0.015265	1687.420406
0.015269	1687.850541
0.015272	1688.267805
0.015276	1688.682795
0.015279	1689.082245
0.015282	1689.48394
0.015285	1689.86771
0.015288	1690.260831
0.015291	1690.65368
0.015295	1691.052079
0.015298	1691.456049
0.015301	1691.86477
0.015304	1692.278668
0.015308	1692.691059
0.015311	1693.118262
0.015314	1693.547588
0.015318	1693.970049
0.015321	1694.387809
0.015325	1694.79561
0.015328	1695.203391
0.015331	1695.604035
0.015334	1695.997682
0.015337	1696.403067
0.01534	1696.813133
0.015344	1697.218417
0.015347	1697.62453
0.01535	1698.04598
0.015353	1698.452457
0.015357	1698.863403
0.01536	1699.267949
0.015363	1699.669553
0.015366	1700.063392
0.01537	1700.461114
0.015373	1700.858724
0.015376	1701.275867
0.01538	1701.679756
0.015383	1702.076386
0.015386	1702.462966
0.01539	1702.862164
0.015393	1703.281339
0.015397	1703.702283
0.0154	1704.121904
0.015404	1704.542252
0.015407	1704.957646
0.01541	1705.377448
0.015414	1705.806854
0.015417	1706.228931
0.01542	1706.639998
0.015423	1707.041279
0.015427	1707.436746
0.015429	1707.834316
0.015433	1708.234029
0.015436	1708.641557
0.015439	1709.045477
0.015443	1709.447455
0.015446	1709.846581
0.015449	1710.254504
0.015452	1710.6636
0.015455	1711.070289
0.015458	1711.500606
0.015462	1711.943813
0.015466	1712.374898
0.015469	1712.804668
0.015472	1713.221458
0.015475	1713.625619
0.015479	1714.026071
0.015482	1714.427624
0.015485	1714.826852
0.015488	1715.23436
0.015491	1715.646276
0.015495	1716.058779
0.015498	1716.461849
0.015502	1716.877526
0.015505	1717.294508
0.015508	1717.718728
0.015511	1718.148296
0.015515	1718.56914
0.015518	1719.000012
0.015522	1719.434171
0.015525	1719.873566
0.015528	1720.317451
0.015533	1720.794719
0.015537	1721.272876
0.01554	1721.707116
0.015543	1722.113188
0.015546	1722.50087
0.015549	1722.899795
0.015552	1723.339352
0.015556	1723.779547
0.015559	1724.215201
0.015563	1724.654516
0.015566	1725.063945
0.015569	1725.473678
0.015573	1725.881984
0.015576	1726.308459
0.01558	1726.751555
0.015583	1727.175047
0.015587	1727.601603
0.01559	1728.026086
0.015593	1728.448133
0.015597	1728.880047
0.0156	1729.328157
0.015604	1729.764135
0.015608	1730.199972
0.015611	1730.620391
0.015615	1731.044662
0.015618	1731.453939
0.015621	1731.85708
0.015624	1732.259826
0.015627	1732.689627
0.01563	1733.113483
0.015634	1733.524854
0.015637	1733.939267
0.01564	1734.349545
0.015643	1734.77596
0.015647	1735.201656
0.01565	1735.636755
0.015654	1736.086766
0.015657	1736.51776
0.015661	1736.947045
0.015664	1737.373146
0.015667	1737.79678
0.015671	1738.209292
0.015674	1738.649092
0.015677	1739.074778
0.015681	1739.503174
0.015684	1739.93712
0.015688	1740.375869
0.015692	1740.864339
0.015696	1741.332255
0.015699	1741.753442
0.015702	1742.188116
0.015706	1742.626511
0.015709	1743.043725
0.015712	1743.470644
0.015716	1743.893843
0.015719	1744.323088
0.015723	1744.751838
0.015726	1745.177281
0.015729	1745.608245
0.015733	1746.042575
0.015736	1746.487794
0.01574	1746.9465
0.015743	1747.386057
0.015746	1747.794475
0.01575	1748.224388
0.015753	1748.674338
0.015757	1749.11343
0.015761	1749.562046
0.015764	1749.998884
0.015768	1750.441535
0.015771	1750.867191
0.015775	1751.289662
0.015778	1751.714013
0.015782	1752.140994
0.015785	1752.56391
0.015789	1752.985805
0.015792	1753.424563
0.015796	1753.878426
0.015799	1754.335707
0.015803	1754.764689
0.015806	1755.18905
0.01581	1755.617911
0.015813	1756.040524
0.015817	1756.458557
0.01582	1756.8739
0.015823	1757.289577
0.015826	1757.709501
0.015829	1758.137573
0.015832	1758.572186
0.015835	1759.0197
0.015839	1759.450816
0.015842	1759.864936
0.015845	1760.27207
0.015848	1760.677768
0.015852	1761.099724
0.015855	1761.535642
0.015859	1761.955727
0.015862	1762.360121
0.015865	1762.780762
0.015869	1763.217084
0.015873	1763.668733
0.015876	1764.096917
0.01588	1764.534533
0.015884	1764.979964
0.015887	1765.419835
0.015891	1765.863042
0.015895	1766.31
0.015898	1766.749193
0.015902	1767.178236
0.015905	1767.600161
0.015908	1768.029588
0.015912	1768.459429
0.015915	1768.880707
0.015918	1769.301136
0.015922	1769.730776
0.015926	1770.174256
0.01593	1770.626855
0.015933	1771.082619
0.015937	1771.54181
0.01594	1771.968123
0.015943	1772.395932
0.015947	1772.82362
0.01595	1773.245111
0.015953	1773.663224
0.015957	1774.082602
0.015961	1774.519237
0.015964	1774.969056
0.015968	1775.433757
0.015972	1775.892948
0.015975	1776.354505
0.015979	1776.804375
0.015982	1777.240464
0.015986	1777.674006
0.015989	1778.111572
0.015993	1778.550775
0.015996	1778.986814
0.015999	1779.409437
0.016003	1779.830594
0.016006	1780.233421
0.01601	1780.647763
0.016013	1781.066261
0.016016	1781.523178
0.01602	1781.970884
0.016023	1782.395609
0.016026	1782.794928
0.01603	1783.18991
0.016033	1783.593809
0.016036	1783.98598
0.01604	1784.401101
0.016043	1784.837858
0.016047	1785.274726
0.016051	1785.717064
0.016054	1786.160048
0.016058	1786.603326
0.016061	1787.043995
0.016065	1787.485069
0.016068	1787.914253
0.016072	1788.313825
0.016075	1788.723709
0.016078	1789.140923
0.016082	1789.555205
0.016085	1789.97797
0.016089	1790.428183
0.016093	1790.876121
0.016096	1791.319743
0.0161	1791.761251
0.016104	1792.207208
0.016108	1792.651042
0.016111	1793.081561
0.016114	1793.507601
0.016118	1793.932691
0.016121	1794.359216
0.016124	1794.789229
0.016128	1795.213531
0.016131	1795.618562
0.016134	1796.03251
0.016138	1796.445852
0.016141	1796.862075
0.016144	1797.27208
0.016148	1797.701275
0.016151	1798.117417
0.016155	1798.537927
0.016158	1798.966747
0.016162	1799.384628
0.016165	1799.805168
0.016169	1800.226325
0.016172	1800.651577
0.016176	1801.079619
0.016179	1801.493547
0.016183	1801.921225
0.016186	1802.340976
0.016189	1802.761294
0.016193	1803.176162
0.016196	1803.600696
0.016199	1803.988237
0.016202	1804.41275
0.016206	1804.869575
0.01621	1805.315259
0.016213	1805.741562
0.016216	1806.140396
0.016219	1806.537107
0.016222	1806.913385
0.016225	1807.300248
0.016228	1807.698789
0.016231	1808.100959
0.016234	1808.505848
0.016238	1808.900689
0.016241	1809.291636
0.016244	1809.701824
0.016248	1810.112709
0.016251	1810.504961
0.016254	1810.90061
0.016257	1811.315337
0.01626	1811.739476
0.016263	1812.154496
0.016267	1812.567676
0.01627	1812.974426
0.016274	1813.386524
0.016277	1813.79018
0.016281	1814.195343
0.016284	1814.602619
0.016287	1815.010562
0.01629	1815.412196
0.016293	1815.825821
0.016297	1816.253054
0.016301	1816.663484
0.016304	1817.08368
0.016307	1817.496122
0.01631	1817.898606
0.016313	1818.299836
0.016317	1818.704007
0.01632	1819.113052
0.016323	1819.516992
0.016326	1819.92998
0.01633	1820.335708
0.016333	1820.73435
0.016336	1821.136429
0.01634	1821.558496
0.016343	1821.985961
0.016347	1822.407735
0.01635	1822.834928
0.016354	1823.24469
0.016357	1823.638752
0.01636	1824.038799
0.016364	1824.445964
0.016367	1824.850156
0.016371	1825.2564
0.016374	1825.670995
0.016377	1826.082265
0.01638	1826.488539
0.016384	1826.892115
0.016387	1827.29475
0.01639	1827.701743
0.016393	1828.105186
0.016397	1828.505031
0.0164	1828.916412
0.016403	1829.333282
0.016407	1829.737646
0.01641	1830.160996
0.016414	1830.596469
0.016417	1831.033246
0.016421	1831.46059
0.016425	1831.883992
0.016428	1832.291824
0.016431	1832.686441
0.016434	1833.065773
0.016437	1833.449219
0.01644	1833.829278
0.016443	1834.246259
0.016447	1834.701053
0.016451	1835.170425
0.016454	1835.615482
0.016458	1836.042553
0.016461	1836.449475
0.016464	1836.852686
0.016467	1837.251348
0.01647	1837.656723
0.016474	1838.063493
0.016477	1838.482001
0.01648	1838.897759
0.016484	1839.314255
0.016487	1839.731267
0.016491	1840.139433
0.016494	1840.540369
0.016497	1840.941366
0.0165	1841.34205
0.016503	1841.744797
0.016506	1842.137847
0.01651	1842.539482
0.016513	1842.939215
0.016516	1843.34086
0.016519	1843.74218
0.016523	1844.140165
0.016526	1844.566417
0.01653	1844.99914
0.016533	1845.42147
0.016537	1845.851847
0.01654	1846.281415
0.016544	1846.704109
0.016547	1847.122324
0.016551	1847.544037
0.016554	1847.96488
0.016557	1848.378899
0.01656	1848.801886
0.016564	1849.226501
0.016567	1849.645342
0.016571	1850.068723
0.016574	1850.50274
0.016578	1850.939537
0.016581	1851.379176
0.016584	1851.819451
0.016588	1852.240082
0.016591	1852.66872
0.016594	1853.095367
0.016598	1853.535601
0.016601	1853.996653
0.016605	1854.453165
0.016608	1854.899668
0.016612	1855.327174
0.016615	1855.743346
0.016618	1856.139015
0.016621	1856.518751
0.016624	1856.895727
0.016628	1857.282691
0.016631	1857.684194
0.016634	1858.098132
0.016638	1858.524021
0.016642	1858.95547
0.016645	1859.380236
0.016649	1859.805427
0.016652	1860.239241
0.016655	1860.674937
0.016659	1861.120479
0.016663	1861.577567
0.016666	1862.02586
0.01667	1862.468692
0.016674	1862.908513
0.016678	1863.341377
0.016681	1863.755861
0.016685	1864.174966
0.016688	1864.633995
0.016692	1865.091579
0.016695	1865.53797
0.016699	1865.961695
0.016702	1866.374946
0.016706	1866.792857
0.016709	1867.221698
0.016712	1867.645332
0.016716	1868.088478
0.01672	1868.528834
0.016723	1868.967572
0.016727	1869.391671
0.01673	1869.816023
0.016733	1870.244934
0.016737	1870.686493
0.016741	1871.118973
0.016744	1871.54655
0.016747	1871.96063
0.016751	1872.371353
0.016754	1872.784068
0.016758	1873.196672
0.016761	1873.626048
0.016765	1874.04946
0.016769	1874.490624
0.016773	1874.941596
0.016776	1875.395136
0.016779	1875.83355
0.016783	1876.25125
0.016786	1876.669626
0.01679	1877.108577
0.016793	1877.570528
0.016797	1878.018739
0.016801	1878.448187
0.016804	1878.872356
0.016808	1879.302046
0.016811	1879.737125
0.016814	1880.170221
0.016818	1880.583452
0.016821	1881.002637
0.016824	1881.415433
0.016827	1881.840513
0.016831	1882.257898
0.016834	1882.68133
0.016838	1883.101233
0.016842	1883.528699
0.016845	1883.958176
0.016848	1884.39282
0.016851	1884.831488
0.016855	1885.271823
0.016859	1885.702817
0.016862	1886.130485
0.016866	1886.557233
0.016869	1886.993211
0.016873	1887.419464
0.016876	1887.836253
0.01688	1888.247451
0.016883	1888.674917
0.016887	1889.111037
0.016891	1889.538998
0.016894	1889.967767
0.016898	1890.395435
0.016901	1890.829169
0.016905	1891.263944
0.016909	1891.695888
0.016912	1892.132473
0.016915	1892.545653
0.016919	1892.953071
0.016922	1893.372569
0.016925	1893.798923
0.016929	1894.225115
0.016932	1894.632431
0.016935	1895.041192
0.016938	1895.458922
0.016941	1895.875479
0.016945	1896.293987
0.016948	1896.717216
0.016951	1897.136968
0.016955	1897.561168
0.016958	1897.984023
0.016961	1898.406858
0.016965	1898.831877
0.016968	1899.257533
0.016972	1899.68884
0.016975	1900.134262
0.016979	1900.574385
0.016982	1901.010859
0.016985	1901.440761
0.016989	1901.862403
0.016992	1902.279546
0.016996	1902.686316
0.016999	1903.100052
0.017003	1903.521654
0.017006	1903.951768
0.01701	1904.377141
0.017013	1904.806983
0.017017	1905.248137
0.01702	1905.68824
0.017024	1906.12521
0.017027	1906.555203
0.017031	1906.974064
0.017034	1907.350484
0.017037	1907.749712
0.017041	1908.188299
0.017045	1908.628271
0.017048	1909.047213
0.017052	1909.457714
0.017056	1909.87974
0.017059	1910.298895
0.017063	1910.726098
0.017066	1911.14129
0.01707	1911.558777
0.017073	1911.974707
0.017077	1912.404376
0.01708	1912.823895
0.017084	1913.244203
0.017087	1913.659537
0.01709	1914.077923
0.017094	1914.509959
0.017097	1914.941842
0.017101	1915.375788
0.017105	1915.797673
0.017108	1916.197619
0.017111	1916.596635
0.017114	1916.996955
0.017118	1917.403088
0.017121	1917.808402
0.017124	1918.207064
0.017127	1918.610761
0.017131	1919.011526
0.017134	1919.397924
0.017137	1919.794321
0.017141	1920.218329
0.017144	1920.649384
0.017148	1921.077446
0.017151	1921.504982
0.017155	1921.921276
0.017158	1922.340279
0.017161	1922.748768
0.017165	1923.179166
0.017168	1923.617075
0.017172	1924.048918
0.017175	1924.481712
0.017179	1924.908601
0.017182	1925.333893
0.017186	1925.752947
0.017189	1926.174761
0.017192	1926.598607
0.017196	1927.019329
0.017199	1927.44272
0.017202	1927.862907
0.017206	1928.292778
0.017209	1928.730354
0.017213	1929.158851
0.017216	1929.580392
0.01722	1929.998475
0.017224	1930.406651
0.017227	1930.814139
0.017231	1931.233031
0.017234	1931.655189
0.017238	1932.074314
0.017241	1932.504074
0.017244	1932.914888
0.017248	1933.321567
0.017251	1933.72122
0.017254	1934.133814
0.017258	1934.543465
0.017261	1934.94697
0.017265	1935.357713
0.017268	1935.762138
0.017271	1936.180889
0.017274	1936.590297
0.017277	1936.978536
0.01728	1937.382546
0.017284	1937.792602
0.017287	1938.212748
0.017291	1938.652315
0.017295	1939.102842
0.017298	1939.54252
0.017302	1939.97584
0.017306	1940.402598
0.017309	1940.814332
0.017312	1941.212862
0.017315	1941.612849
0.017318	1941.990138
0.017321	1942.381096
0.017325	1942.776775
0.017328	1943.187124
0.017331	1943.613346
0.017335	1944.045038
0.017338	1944.485424
0.017342	1944.923242
0.017345	1945.364134
0.017349	1945.792833
0.017352	1946.2204
0.017355	1946.624198
0.017359	1947.026438
0.017362	1947.428103
0.017365	1947.849836
0.017369	1948.282225
0.017372	1948.71606
0.017376	1949.131424
0.017379	1949.5387
0.017382	1949.958057
0.017386	1950.397645
0.017389	1950.831732
0.017393	1951.270238
0.017396	1951.70568
0.0174	1952.131559
0.017403	1952.558266
0.017407	1952.981971
0.01741	1953.381917
0.017413	1953.788717
0.017417	1954.202059
0.01742	1954.617645
0.017424	1955.031937
0.017428	1955.449111
0.017431	1955.862088
0.017434	1956.264643
0.017438	1956.67484
0.017441	1957.086382
0.017444	1957.50486
0.017448	1957.918434
0.017451	1958.330896
0.017454	1958.730701
0.017458	1959.129322
0.017461	1959.539631
0.017465	1959.978925
0.017468	1960.427763
0.017472	1960.86544
0.017476	1961.312843
0.017479	1961.75788
0.017483	1962.202988
0.017487	1962.647812
0.01749	1963.076835
0.017494	1963.510943
0.017497	1963.94961
0.017501	1964.374811
0.017504	1964.792086
0.017508	1965.206246
0.017511	1965.620953
0.017514	1966.043687
0.017518	1966.462771
0.017521	1966.871654
0.017524	1967.291962
0.017528	1967.713048
0.017531	1968.128978
0.017535	1968.551328
0.017538	1968.969725
0.017542	1969.390123
0.017545	1969.817548
0.017549	1970.234004
0.017552	1970.660641
0.017556	1971.094031
0.017559	1971.533264
0.017563	1971.963045
0.017567	1972.395505
0.01757	1972.831807
0.017574	1973.266916
0.017577	1973.703208
0.017581	1974.133979
0.017584	1974.55645
0.017588	1974.973644
0.017591	1975.38556
0.017594	1975.804897
0.017598	1976.219604
0.0176	1976.629387
0.017604	1977.018525
0.017607	1977.414255
0.01761	1977.817648
0.017614	1978.223923
0.017617	1978.64597
0.017621	1979.083849
0.017624	1979.521778
0.017628	1979.940175
0.017631	1980.332518
0.017633	1980.732069
0.017637	1981.15175
0.01764	1981.589417
0.017643	1982.012646
0.017647	1982.423127
0.01765	1982.84298
0.017654	1983.264157
0.017657	1983.699619
0.017661	1984.130199
0.017664	1984.564266
0.017668	1984.981632
0.017671	1985.407156
0.017675	1985.840981
0.017678	1986.267557
0.017682	1986.677289
0.017685	1987.070482
0.017689	1987.466596
0.017692	1987.865025
0.017695	1988.277973
0.017699	1988.708865
0.017703	1989.148493
0.017706	1989.586524
0.01771	1990.015739
0.017713	1990.453284
0.017717	1990.877494
0.017721	1991.287085
0.017724	1991.698213
0.017728	1992.133059
0.017731	1992.56752
0.017735	1992.996371
0.017738	1993.430166
0.017742	1993.851029
0.017745	1994.276331
0.017749	1994.70039
0.017752	1995.127855
0.017755	1995.546404
0.017759	1995.959574
0.017762	1996.37981
0.017766	1996.8067
0.017769	1997.241273
0.017773	1997.666423
0.017776	1998.087762
0.017779	1998.477527
0.017782	1998.889554
0.017786	1999.312309
0.017789	1999.742514
0.017793	2000.164156
0.017796	2000.585465
0.017799	2001.00462
0.017803	2001.428991
0.017806	2001.852312
0.01781	2002.273853
0.017813	2002.699408
0.017817	2003.119655
0.01782	2003.545311
0.017824	2003.971229
0.017827	2004.396309
0.01783	2004.816556
0.017834	2005.239553
0.017837	2005.654259
0.01784	2006.061737
0.017843	2006.485017
0.017846	2006.922522
0.01785	2007.35938
0.017854	2007.776321
0.017858	2008.195193
0.017861	2008.610162
0.017865	2009.028316
0.017868	2009.450171
0.017872	2009.869073
0.017875	2010.287581
0.017878	2010.706099
0.017882	2011.136274
0.017885	2011.576529
0.017889	2011.993116
0.017891	2012.382194
0.017895	2012.787832
0.017898	2013.191255
0.017902	2013.607387
0.017905	2014.032659
0.017909	2014.450591
0.017912	2014.867855
0.017916	2015.297201
0.017919	2015.732947
0.017923	2016.172828
0.017927	2016.604368
0.01793	2017.041681
0.017934	2017.47497
0.017937	2017.896905
0.01794	2018.311056
0.017944	2018.728472
0.017947	2019.148112
0.01795	2019.550444
0.017953	2019.968901
0.017957	2020.409834
0.01796	2020.853799
0.017964	2021.295651
0.017968	2021.739303
0.017971	2022.174189
0.017975	2022.607145
0.017979	2023.040686
0.017982	2023.470427
0.017986	2023.906678
0.017989	2024.327714
0.017992	2024.736122
0.017996	2025.127221
0.017999	2025.534011
0.018002	2025.9498
0.018006	2026.369228
0.01801	2026.787695
0.018013	2027.231883
0.018017	2027.677992
0.01802	2028.134999
0.018024	2028.594079
0.018028	2029.043352
0.018031	2029.486701
0.018035	2029.91454
0.018038	2030.336516
0.018041	2030.758542
0.018045	2031.180488
0.018048	2031.610086
0.018051	2032.030536
0.018055	2032.449852
0.018058	2032.85731
0.018061	2033.269044
0.018064	2033.684105
0.018068	2034.096557
0.018071	2034.51183
0.018075	2034.938446
0.018078	2035.353264
0.018081	2035.761601
0.018085	2036.182738
0.018088	2036.577578
0.018091	2036.984621
0.018094	2037.398216
0.018098	2037.818604
0.018101	2038.23419
0.018105	2038.650231
0.018109	2039.087302
0.018112	2039.523704
0.018116	2039.970046
0.018119	2040.416912
0.018123	2040.8547
0.018126	2041.28436
0.018129	2041.703313
0.018133	2042.115815
0.018136	2042.533353
0.01814	2042.954924
0.018143	2043.369054
0.018146	2043.792921
0.01815	2044.226725
0.018153	2044.659984
0.018157	2045.090402
0.01816	2045.517847
0.018163	2045.939894
0.018166	2046.360707
0.01817	2046.792722
0.018173	2047.242015
0.018177	2047.673788
0.01818	2048.118006
0.018184	2048.562436
0.018187	2048.995583
0.018191	2049.431612
0.018194	2049.837675
0.018198	2050.247731
0.018201	2050.665026
0.018204	2051.086961
0.018208	2051.525457
0.018211	2051.954722
0.018215	2052.376981
0.018218	2052.804709
0.018222	2053.238766
0.018225	2053.665271
0.018228	2054.086307
0.018232	2054.502904
0.018235	2054.915751
0.018239	2055.320529
0.018242	2055.723478
0.018245	2056.138973
0.018249	2056.565943
0.018252	2056.996381
0.018256	2057.426152
0.01826	2057.866356
0.018263	2058.305367
0.018267	2058.742447
0.01827	2059.178254
0.018274	2059.610138
0.018277	2060.035894
0.018281	2060.469234
0.018285	2060.906254
0.018288	2061.355638
0.018292	2061.857585
0.018296	2062.309689
0.018299	2062.72482
0.018302	2063.142276
0.018306	2063.581015
0.018309	2064.01209
0.018313	2064.444084
0.018316	2064.891305
0.01832	2065.325737
0.018323	2065.766821
0.018327	2066.195408
0.01833	2066.605848
0.018333	2067.024599
0.018337	2067.445645
0.01834	2067.888104
0.018344	2068.327984
0.018347	2068.773264
0.018351	2069.211103
0.018354	2069.66171
0.018358	2070.110255
0.018361	2070.546881
0.018364	2070.985841
0.018368	2071.418352
0.018371	2071.851014
0.018374	2072.285557
0.018378	2072.725721
0.018381	2073.168715
0.018385	2073.619111
0.018388	2074.048719
0.018392	2074.464397
0.018395	2074.885574
0.018398	2075.306629
0.018401	2075.73459
0.018405	2076.1652
0.018408	2076.593727
0.018412	2077.023508
0.018415	2077.460821
0.018418	2077.903351
0.018422	2078.34587
0.018425	2078.790492
0.018429	2079.250765
0.018433	2079.718034
0.018437	2080.195302
0.01844	2080.653988
0.018444	2081.086195
0.018447	2081.520212
0.018451	2081.958445
0.018454	2082.434308
0.018458	2082.890385
0.018462	2083.333875
0.018466	2083.784897
0.018469	2084.245716
0.018473	2084.711529
0.018477	2085.182842
0.01848	2085.630376
0.018484	2086.069115
0.018487	2086.510552
0.018491	2086.948037
0.018494	2087.382317
0.018498	2087.830913
0.018501	2088.281854
0.018505	2088.73238
0.018509	2089.18501
0.018512	2089.632827
0.018516	2090.070706
0.018519	2090.507423
0.018523	2090.944169
0.018527	2091.374678
0.01853	2091.807583
0.018534	2092.238739
0.018537	2092.670703
0.018541	2093.099271
0.018544	2093.543206
0.018548	2093.984957
0.018551	2094.438688
0.018555	2094.886667
0.018559	2095.337548
0.018563	2095.800904
0.018567	2096.26418
0.018571	2096.730529
0.018575	2097.201963
0.018578	2097.671993
0.018582	2098.130456
0.018586	2098.569184
0.01859	2098.996144
0.018593	2099.415208
0.018596	2099.831694
0.0186	2100.26015
0.018603	2100.694289
0.018607	2101.124403
0.01861	2101.572766
0.018613	2102.021382
0.018617	2102.464144
0.018621	2102.906047
0.018624	2103.343946
0.018628	2103.775749
0.018631	2104.212698
0.018635	2104.639284
0.018638	2105.056275
0.018642	2105.486279
0.018645	2105.91242
0.018649	2106.355152
0.018652	2106.798531
0.018656	2107.236885
0.01866	2107.665088
0.018663	2108.092766
0.018667	2108.526449
0.01867	2108.972477
0.018674	2109.436946
0.018679	2109.888726
0.018683	2110.345086
0.018686	2110.790093
0.01869	2111.22503
0.018693	2111.632882
0.018696	2112.053847
0.018699	2112.476358
0.018703	2112.916148
0.018707	2113.363217
0.018711	2113.822095
0.018714	2114.276716
0.018718	2114.727465
0.018721	2115.183391
0.018725	2115.634868
0.018729	2116.084202
0.018732	2116.525033
0.018736	2116.969645
0.018739	2117.398
0.018743	2117.823414
0.018746	2118.243246
0.018749	2118.666152
0.018753	2119.098804
0.018756	2119.544882
0.01876	2119.993205
0.018764	2120.449929
0.018768	2120.908847
0.018771	2121.353955
0.018775	2121.8126
0.018778	2122.264714
0.018782	2122.702714
0.018786	2123.14761
0.018789	2123.569161
0.018792	2123.999316
0.018796	2124.434485
0.018799	2124.883586
0.018803	2125.316997
0.018806	2125.760042
0.01881	2126.178368
0.018813	2126.583207
0.018817	2127.009298
0.01882	2127.455962
0.018824	2127.913688
0.018828	2128.370978
0.018831	2128.82295
0.018834	2129.254167
0.018838	2129.692147
0.018841	2130.121908
0.018845	2130.534956
0.018848	2130.952312
0.018852	2131.367554
0.018855	2131.801106
0.018859	2132.241998
0.018862	2132.686286
0.018866	2133.128452
0.01887	2133.568818
0.018873	2134.008456
0.018877	2134.446709
0.018881	2134.895224
0.018884	2135.351665
0.018888	2135.798967
0.018891	2136.245601
0.018895	2136.688748
0.018898	2137.11411
0.018901	2137.50341
0.018904	2137.903942
0.018907	2138.310541
0.018911	2138.729554
0.018914	2139.156727
0.018918	2139.610832
0.018922	2140.068972
0.018925	2140.520985
0.018929	2140.970814
0.018933	2141.420704
0.018937	2141.864265
0.01894	2142.303852
0.018943	2142.734816
0.018947	2143.162271
0.01895	2143.581922
0.018954	2143.988945
0.018957	2144.398738
0.01896	2144.817873
0.018964	2145.238039
0.018967	2145.661167
0.018971	2146.097438
0.018974	2146.488609
0.018977	2146.88444
0.018981	2147.318335
0.018985	2147.779781
0.018988	2148.224575
0.018992	2148.653396
0.018995	2149.039117
0.018998	2149.435544
0.019001	2149.847309
0.019005	2150.255252
0.019008	2150.686306
0.019012	2151.121051
0.019015	2151.554451
0.019019	2151.977923
0.019022	2152.38893
0.019025	2152.800816
0.019029	2153.224328
0.019033	2153.64873
0.019036	2154.088651
0.019039	2154.526439
0.019043	2154.947333
0.019047	2155.377852
0.01905	2155.809837
0.019054	2156.279684
0.019058	2156.745174
0.019062	2157.196621
0.019065	2157.62443
0.019069	2158.061338
0.019073	2158.496922
0.019076	2158.932628
0.01908	2159.375228
0.019083	2159.818
0.019087	2160.259084
0.01909	2160.691736
0.019094	2161.120213
0.019097	2161.533646
0.019101	2161.942276
0.019104	2162.359864
0.019107	2162.76812
0.019111	2163.178823
0.019114	2163.596775
0.019118	2164.027749
0.019121	2164.460522
0.019124	2164.888787
0.019128	2165.304241
0.019131	2165.707453
0.019134	2166.110674
0.019138	2166.517263
0.019141	2166.927925
0.019144	2167.337698
0.019148	2167.75107
0.019151	2168.164119
0.019155	2168.578805
0.019158	2168.99518
0.019162	2169.416893
0.019165	2169.849919
0.019169	2170.297271
0.019173	2170.747454
0.019176	2171.182239
0.01918	2171.610655
0.019183	2172.020317
0.019186	2172.422457
0.019189	2172.841197
0.019193	2173.285152
0.019197	2173.723324
0.0192	2174.151983
0.019204	2174.578296
0.019207	2174.982529
0.01921	2175.401401
0.019213	2175.811558
0.019217	2176.234372
0.01922	2176.672181
0.019223	2177.095066
0.019226	2177.519519
0.01923	2177.953617
0.019233	2178.384924
0.019237	2178.807274
0.01924	2179.225004
0.019244	2179.632198
0.019247	2180.058148
0.01925	2180.495642
0.019254	2180.923067
0.019258	2181.352788
0.019261	2181.794175
0.019265	2182.230082
0.019269	2182.672137
0.019272	2183.114767
0.019276	2183.558247
0.01928	2183.990566
0.019283	2184.401107
0.019286	2184.831029
0.01929	2185.283214
0.019294	2185.740323
0.019298	2186.19548
0.019301	2186.631094
0.019305	2187.0595
0.019308	2187.494609
0.019312	2187.930789
0.019316	2188.366282
0.019319	2188.804849
0.019323	2189.281257
0.019327	2189.745301
0.01933	2190.181876
0.019333	2190.626792
0.019337	2191.069847
0.01934	2191.502448
0.019344	2191.934686
0.019347	2192.372363
0.019351	2192.801143
0.019354	2193.236808
0.019358	2193.681824
0.019362	2194.137345
0.019365	2194.593564
0.019369	2195.056506
0.019373	2195.52241
0.019376	2195.973887
0.01938	2196.418206
0.019384	2196.861878
0.019388	2197.300576
0.019391	2197.768573
0.019395	2198.239573
0.019399	2198.701706
0.019403	2199.165275
0.019406	2199.61656
0.01941	2200.068613
0.019413	2200.516582
0.019417	2200.952338
0.01942	2201.383504
0.019423	2201.810757
0.019427	2202.237313
0.01943	2202.657701
0.019434	2203.085541
0.019437	2203.514199
0.01944	2203.948368
0.019444	2204.382628
0.019448	2204.8217
0.019451	2205.275553
0.019455	2205.747604
0.019459	2206.233172
0.019463	2206.702312
0.019466	2207.146459
0.01947	2207.570669
0.019474	2208.007911
0.019477	2208.449632
0.019481	2208.90583
0.019484	2209.365678
0.019488	2209.812869
0.019492	2210.29683
0.019496	2210.757901
0.019499	2211.19392
0.019502	2211.624146
0.019506	2212.058597
0.019509	2212.488378
0.019513	2212.921303
0.019516	2213.352408
0.01952	2213.788953
0.019523	2214.230299
0.019527	2214.687317
0.019531	2215.15957
0.019534	2215.637445
0.019538	2216.104815
0.019541	2216.539226
0.019544	2216.961071
0.019548	2217.391134
0.019551	2217.832552
0.019555	2218.287517
0.019558	2218.748801
0.019562	2219.205535
0.019565	2219.657983
0.019569	2220.101342
0.019572	2220.55389
0.019576	2221.004235
0.01958	2221.454266
0.019583	2221.902579
0.019587	2222.352782
0.01959	2222.796808
0.019594	2223.23959
0.019597	2223.680563
0.019601	2224.129179
0.019605	2224.571203
0.019609	2225.028524
0.019612	2225.477979
0.019615	2225.923269
0.019619	2226.376667
0.019623	2226.832451
0.019626	2227.292228
0.01963	2227.744494
0.019633	2228.191583
0.019636	2228.635114
0.01964	2229.070435
0.019643	2229.500094
0.019647	2229.934253
0.01965	2230.385315
0.019654	2230.855071
0.019658	2231.328892
0.019661	2231.784686
0.019665	2232.247092
0.019668	2232.701521
0.019672	2233.16139
0.019676	2233.633835
0.01968	2234.117624
0.019684	2234.589089
0.019687	2235.04646
0.019691	2235.503821
0.019694	2235.948464
0.019698	2236.38793
0.019702	2236.838568
0.019705	2237.285132
0.019708	2237.731483
0.019712	2238.188187
0.019716	2238.661067
0.01972	2239.136323
0.019724	2239.605877
0.019728	2240.061762
0.019732	2240.527757
0.019735	2241.002457
0.019739	2241.46087
0.019742	2241.909112
0.019746	2242.360367
0.019749	2242.810964
0.019753	2243.25503
0.019757	2243.700553
0.01976	2244.136683
0.019764	2244.56159
0.019767	2244.9839
0.01977	2245.427147
0.019773	2245.87001
0.019777	2246.318272
0.019781	2246.775158
0.019785	2247.231044
0.019788	2247.691529
0.019792	2248.158636
0.019796	2248.631344
0.0198	2249.086774
0.019804	2249.552163
0.019807	2250.018098
0.019811	2250.48753
0.019815	2250.938057
0.019818	2251.382588
0.019822	2251.82167
0.019826	2252.269154
0.019829	2252.735685
0.019833	2253.210163
0.019837	2253.678665
0.019841	2254.136795
0.019844	2254.594904
0.019848	2255.013503
0.019851	2255.434619
0.019855	2255.869233
0.019858	2256.317748
0.019862	2256.785451
0.019866	2257.253479
0.01987	2257.721991
0.019874	2258.183114
0.019877	2258.639383
0.019881	2259.083682
0.019884	2259.518184
0.019888	2259.958186
0.019891	2260.388129
0.019895	2260.805828
0.019898	2261.226105
0.019902	2261.66179
0.019906	2262.106028
0.019909	2262.557627
0.019913	2263.027221
0.019917	2263.508735
0.019921	2263.979856
0.019924	2264.445659
0.019928	2264.882396
0.019932	2265.31707
0.019935	2265.739096
0.019939	2266.168574
0.019942	2266.605978
0.019946	2267.050974
0.01995	2267.490279
0.019954	2267.941503
0.019957	2268.390523
0.019961	2268.846712
0.019964	2269.296602
0.019967	2269.735016
0.019971	2270.171237
0.019975	2270.607721
0.019979	2271.057146
0.019982	2271.503709
0.019986	2271.949636
0.019989	2272.399687
0.019993	2272.840084
0.019997	2273.281289
0.020001	2273.725376
0.020004	2274.172232
0.020008	2274.62373
0.020011	2275.070799
0.020015	2275.519142
0.020019	2275.951096
0.020022	2276.375286
0.020026	2276.812963
0.020029	2277.241106
0.020033	2277.670149
0.020036	2278.12111
0.02004	2278.564165
0.020043	2279.004279
0.020048	2279.441672
0.020051	2279.877812
0.020055	2280.310727
0.020058	2280.74345
0.020062	2281.18324
0.020066	2281.628873
0.020069	2282.085931
0.020073	2282.555546
0.020077	2282.990523
0.020081	2283.42266
0.020084	2283.849367
0.020088	2284.270352
0.020091	2284.69809
0.020095	2285.109461
0.020098	2285.510761
0.020102	2285.913043
0.020105	2286.333087
0.020109	2286.79974
0.020113	2287.271356
0.020117	2287.739646
0.02012	2288.192458
0.020124	2288.640204
0.020127	2289.100659
0.020131	2289.548739
0.020135	2289.990379
0.020138	2290.434051
0.020142	2290.874731
0.020146	2291.314864
0.020149	2291.747304
0.020153	2292.18395
0.020157	2292.614671
0.02016	2293.039002
0.020164	2293.470117
0.020167	2293.894024
0.020171	2294.316313
0.020174	2294.733002
0.020177	2295.150145
0.020181	2295.597709
0.020184	2296.048428
0.020188	2296.490068
0.020191	2296.930697
0.020194	2297.347779
0.020198	2297.772788
0.020201	2298.203085
0.020205	2298.622674
0.020208	2299.044782
0.020212	2299.464938
0.020215	2299.868917
0.020219	2300.288457
0.020222	2300.704963
0.020225	2301.13446
0.020229	2301.573755
0.020233	2302.011967
0.020236	2302.441657
0.020239	2302.872965
0.020243	2303.301603
0.020247	2303.738956
0.02025	2304.18007
0.020254	2304.630385
0.020257	2305.077899
0.020261	2305.519882
0.020264	2305.959763
0.020267	2306.395347
0.020271	2306.81796
0.020274	2307.236205
0.020278	2307.668989
0.020282	2308.116988
0.020285	2308.556747
0.020289	2308.994586
0.020293	2309.426874
0.020296	2309.863277
0.0203	2310.293149
0.020303	2310.707299
0.020306	2311.113897
0.02031	2311.511275
0.020313	2311.921695
0.020316	2312.362547
0.02032	2312.793419
0.020323	2313.226607
0.020327	2313.652233
0.02033	2314.085461
0.020333	2314.517638
0.020337	2314.961644
0.020341	2315.417276
0.020344	2315.876538
0.020348	2316.338843
0.020352	2316.794799
0.020355	2317.244062
0.020359	2317.696327
0.020363	2318.150211
0.020366	2318.590071
0.020369	2319.034097
0.020373	2319.517684
0.020377	2319.98378
0.020381	2320.43368
0.020384	2320.870366
0.020387	2321.305202
0.020391	2321.748146
0.020395	2322.179666
0.020398	2322.612813
0.020401	2323.054847
0.020405	2323.494364
0.020408	2323.944881
0.020412	2324.414819
0.020416	2324.905281
0.02042	2325.377332
0.020424	2325.846512
0.020428	2326.300627
0.020431	2326.75351
0.020435	2327.204744
0.020439	2327.648022
0.020443	2328.089804
0.020446	2328.531069
0.02045	2328.968291
0.020454	2329.403188
0.020457	2329.843453
0.020461	2330.282828
0.020465	2330.722759
0.020468	2331.163156
0.020472	2331.614501
0.020476	2332.060671
0.02048	2332.502685
0.020483	2332.93018
0.020487	2333.358283
0.02049	2333.796425
0.020494	2334.24959
0.020498	2334.712087
0.020502	2335.170308
0.020506	2335.639993
0.020509	2336.095009
0.020513	2336.548377
0.020517	2336.994303
0.02052	2337.446983
0.020524	2337.892647
0.020528	2338.339969
0.020532	2338.788635
0.020535	2339.239294
0.020539	2339.694744
0.020543	2340.159253
0.020547	2340.66219
0.020551	2341.137598
0.020554	2341.596991
0.020557	2342.043697
0.020561	2342.495164
0.020565	2342.938067
0.020568	2343.383731
0.020572	2343.835491
0.020576	2344.287838
0.02058	2344.751316
0.020583	2345.205704
0.020587	2345.647223
0.02059	2346.083535
0.020594	2346.534284
0.020598	2346.984386
0.020602	2347.433609
0.020606	2347.882538
0.020609	2348.314856
0.020613	2348.765242
0.020617	2349.217285
0.02062	2349.685262
0.020624	2350.142875
0.020628	2350.607516
0.020632	2351.072379
0.020636	2351.548777
0.020639	2352.030413
0.020643	2352.509733
0.020648	2352.9685
0.020651	2353.431007
0.020655	2353.912703
0.020659	2354.38714
0.020663	2354.850426
0.020667	2355.309425
0.020671	2355.766958
0.020674	2356.227655
0.020678	2356.700384
0.020681	2357.16367
0.020685	2357.625661
0.020689	2358.077846
0.020693	2358.523641
0.020696	2358.969416
0.0207	2359.410358
0.020704	2359.853343
0.020707	2360.2938
0.020711	2360.743862
0.020715	2361.202932
0.020719	2361.655511
0.020722	2362.11544
0.020726	2362.563904
0.02073	2363.004583
0.020733	2363.449317
0.020737	2363.903241
0.020741	2364.386838
0.020745	2364.87556
0.020749	2365.356943
0.020753	2365.835526
0.020756	2366.302501
0.02076	2366.769113
0.020764	2367.236109
0.020768	2367.702752
0.020772	2368.174499
0.020775	2368.644842
0.020779	2369.120017
0.020783	2369.60413
0.020787	2370.07796
0.020791	2370.554581
0.020794	2371.032112
0.020798	2371.509441
0.020802	2371.995161
0.020806	2372.467384
0.02081	2372.936169
0.020814	2373.394471
0.020817	2373.85808
0.020821	2374.314369
0.020825	2374.772924
0.020828	2375.219699
0.020832	2375.655627
0.020836	2376.100947
0.020839	2376.561058
0.020843	2377.038579
0.020847	2377.509569
0.020851	2377.966596
0.020855	2378.420439
0.020859	2378.892025
0.020863	2379.361539
0.020866	2379.835632
0.02087	2380.298806
0.020874	2380.756279
0.020878	2381.224933
0.020882	2381.691191
0.020885	2382.158399
0.020889	2382.625173
0.020893	2383.082463
0.020897	2383.532768
0.0209	2383.996337
0.020904	2384.470652
0.020908	2384.957303
0.020913	2385.435501
0.020916	2385.91653
0.02092	2386.38304
0.020924	2386.855516
0.020928	2387.324271
0.020932	2387.767226
0.020935	2388.204265
0.020939	2388.65642
0.020943	2389.10819
0.020946	2389.577208
0.02095	2390.04192
0.020954	2390.503082
0.020957	2390.968481
0.020961	2391.445162
0.020965	2391.933855
0.020968	2392.407018
0.020972	2392.877512
0.020976	2393.346995
0.02098	2393.817995
0.020983	2394.290865
0.020987	2394.761895
0.020991	2395.233936
0.020995	2395.714005
0.020999	2396.190494
0.021002	2396.671958
0.021006	2397.153654
0.021011	2397.641265
0.021015	2398.127905
0.021018	2398.60311
0.021022	2399.058712
0.021025	2399.506802
0.021029	2399.960473
0.021033	2400.42205
0.021036	2400.882263
0.02104	2401.33373
0.021043	2401.791627
0.021047	2402.246117
0.021051	2402.695511
0.021054	2403.146119
0.021058	2403.614328
0.021061	2404.074217
0.021065	2404.543103
0.021069	2405.006844
0.021073	2405.465024
0.021077	2405.933991
0.021081	2406.414515
0.021085	2406.894219
0.021089	2407.355958
0.021093	2407.828828
0.021096	2408.29263
0.0211	2408.751002
0.021104	2409.198394
0.021108	2409.650478
0.021112	2410.11897
0.021116	2410.576028
0.021119	2411.02424
0.021123	2411.469196
0.021126	2411.922998
0.02113	2412.372494
0.021133	2412.817763
0.021137	2413.26092
0.021141	2413.715036
0.021145	2414.176774
0.021148	2414.642365
0.021153	2415.127863
0.021156	2415.623602
0.021161	2416.115803
0.021165	2416.60128
0.021169	2417.072664
0.021173	2417.527649
0.021176	2417.988549
0.02118	2418.445637
0.021184	2418.921631
0.021188	2419.415763
0.021192	2419.918518
0.021196	2420.397778
0.0212	2420.847607
0.021204	2421.311863
0.021208	2421.774937
0.021211	2422.236675
0.021215	2422.694704
0.021219	2423.154299
0.021223	2423.6144
0.021227	2424.060367
0.02123	2424.516323
0.021234	2424.967477
0.021238	2425.426739
0.021241	2425.881117
0.021245	2426.348346
0.021249	2426.829557
0.021253	2427.307512
0.021256	2427.786701
0.02126	2428.26953
0.021264	2428.760002
0.021268	2429.2529
0.021272	2429.734778
0.021276	2430.212703
0.02128	2430.676767
0.021284	2431.155319
0.021288	2431.622214
0.021291	2432.093133
0.021295	2432.545106
0.021299	2432.998938
0.021302	2433.462962
0.021306	2433.920131
0.021309	2434.365613
0.021313	2434.817696
0.021317	2435.271105
0.02132	2435.729062
0.021324	2436.192469
0.021328	2436.66352
0.021332	2437.143477
0.021336	2437.612707
0.02134	2438.068997
0.021343	2438.526601
0.021347	2438.975965
0.02135	2439.421143
0.021354	2439.867201
0.021358	2440.331376
0.021362	2440.80545
0.021366	2441.278178
0.021369	2441.736025
0.021373	2442.198411
0.021377	2442.655782
0.021381	2443.129188
0.021385	2443.610833
0.021389	2444.087202
0.021393	2444.55715
0.021396	2445.028837
0.0214	2445.5112
0.021404	2445.993281
0.021408	2446.454049
0.021412	2446.916708
0.021416	2447.391731
0.02142	2447.867311
0.021424	2448.340383
0.021428	2448.807683
0.021431	2449.268855
0.021435	2449.73757
0.021439	2450.21135
0.021443	2450.690418
0.021447	2451.149811
0.021451	2451.629566
0.021455	2452.105085
0.021459	2452.57844
0.021462	2453.055385
0.021466	2453.540579
0.021471	2454.015481
0.021474	2454.49187
0.021479	2454.958724
0.021483	2455.410565
0.021486	2455.850456
0.02149	2456.310517
0.021494	2456.793264
0.021498	2457.273434
0.021501	2457.753947
0.021506	2458.237423
0.021509	2458.72196
0.021513	2459.206477
0.021517	2459.686161
0.021521	2460.163773
0.021525	2460.64831
0.021528	2461.127236
0.021532	2461.601542
0.021536	2462.057255
0.021539	2462.523917
0.021543	2462.989407
0.021547	2463.464016
0.021551	2463.932246
0.021554	2464.399333
0.021559	2464.865833
0.021562	2465.327562
0.021566	2465.766634
0.02157	2466.214623
0.021574	2466.674977
0.021578	2467.138667
0.021582	2467.610364
0.021585	2468.08192
0.021589	2468.544761
0.021592	2469.0074
0.021596	2469.466126
0.0216	2469.942463
0.021604	2470.429073
0.021608	2470.92553
0.021612	2471.411129
0.021616	2471.889327
0.021619	2472.37714
0.021623	2472.859978
0.021627	2473.326236
0.021631	2473.790503
0.021635	2474.251969
0.021639	2474.713748
0.021642	2475.172939
0.021646	2475.632312
0.02165	2476.107235
0.021653	2476.566729
0.021657	2477.025829
0.021661	2477.488882
0.021665	2477.948356
0.021669	2478.415929
0.021673	2478.886969
0.021677	2479.350538
0.021681	2479.813874
0.021685	2480.278898
0.021689	2480.75651
0.021693	2481.242645
0.021696	2481.708569
0.0217	2482.167801
0.021704	2482.633846
0.021708	2483.096081
0.021712	2483.568556
0.021716	2484.044278
0.02172	2484.50912
0.021723	2484.97001
0.021727	2485.430586
0.021731	2485.908097
0.021735	2486.371878
0.021739	2486.833333
0.021742	2487.284871
0.021746	2487.742151
0.02175	2488.192567
0.021754	2488.651
0.021757	2489.085158
0.021761	2489.535897
0.021765	2489.986576
0.021769	2490.442289
0.021773	2490.900964
0.021776	2491.345344
0.02178	2491.781646
0.021784	2492.236459
0.021787	2492.681426
0.021791	2493.133904
0.021795	2493.592963
0.021799	2494.046584
0.021803	2494.507534
0.021806	2494.95154
0.02181	2495.405544
0.021814	2495.860944
0.021817	2496.309459
0.021821	2496.764778
0.021825	2497.219237
0.021829	2497.686709
0.021833	2498.158103
0.021837	2498.630022
0.021841	2499.107472
0.021845	2499.573882
0.021848	2500.033245
0.021852	2500.49375
0.021857	2500.946855
0.02186	2501.40454
0.021864	2501.859909
0.021868	2502.305047
0.021872	2502.76437
0.021876	2503.2262
0.021879	2503.696198
0.021883	2504.167946
0.021887	2504.651381
0.021891	2505.136899
0.021895	2505.616422
0.021899	2506.07074
0.021902	2506.504332
0.021906	2506.942878
0.02191	2507.400068
0.021914	2507.863646
0.021918	2508.329207
0.021922	2508.794323
0.021925	2509.251178
0.021929	2509.722097
0.021932	2510.168307
0.021935	2510.54965
0.021939	2510.975275
0.021943	2511.431161
0.021947	2511.904
0.021951	2512.369369
0.021955	2512.839145
0.021959	2513.316332
0.021963	2513.78805
0.021966	2514.248353
0.02197	2514.718847
0.021974	2515.183174
0.021978	2515.664132
0.021982	2516.150661
0.021987	2516.636017
0.02199	2517.108806
0.021994	2517.580787
0.021998	2518.055325
0.022002	2518.523767
0.022006	2518.978004
0.022009	2519.432049
0.022013	2519.877207
0.022017	2520.323437
0.02202	2520.770991
0.022024	2521.222246
0.022028	2521.669487
0.022031	2522.109085
0.022035	2522.538785
0.022038	2522.9745
0.022042	2523.42161
0.022045	2523.867395
0.022049	2524.311906
0.022053	2524.749593
0.022056	2525.192102
0.02206	2525.636007
0.022063	2526.081903
0.022067	2526.523503
0.022071	2526.967741
0.022075	2527.404093
0.022079	2527.846603
0.022082	2528.297301
0.022086	2528.745563
0.02209	2529.202328
0.022093	2529.662793
0.022097	2530.124249
0.022101	2530.596441
0.022105	2531.065409
0.022109	2531.528462
0.022113	2531.994134
0.022117	2532.448593
0.02212	2532.891214
0.022124	2533.329214
0.022127	2533.767487
0.022131	2534.2121
0.022135	2534.650403
0.022138	2535.089981
0.022143	2535.535564
0.022146	2535.974535
0.02215	2536.406034
0.022154	2536.851708
0.022158	2537.297341
0.022162	2537.751285
0.022166	2538.216249
0.02217	2538.675683
0.022174	2539.12436
0.022177	2539.564493
0.022181	2540.006457
0.022184	2540.448076
0.022188	2540.89369
0.022192	2541.3537
0.022196	2541.827196
0.0222	2542.30865
0.022204	2542.789709
0.022207	2543.265855
0.022211	2543.739221
0.022215	2544.197209
0.022218	2544.656753
0.022222	2545.116298
0.022226	2545.569858
0.02223	2546.021487
0.022233	2546.471619
0.022237	2546.930002
0.022241	2547.398939
0.022245	2547.862093
0.022248	2548.333123
0.022252	2548.810462
0.022256	2549.294989
0.02226	2549.781791
0.022264	2550.260646
0.022268	2550.727177
0.022271	2551.194133
0.022275	2551.645347
0.022279	2552.092113
0.022283	2552.546875
0.022287	2553.005713
0.02229	2553.460112
0.022294	2553.916502
0.022298	2554.374571
0.022301	2554.851728
0.022306	2555.33677
0.02231	2555.836928
0.022314	2556.346225
0.022318	2556.821986
0.022322	2557.286192
0.022326	2557.741642
0.022329	2558.189864
0.022333	2558.641927
0.022337	2559.112057
0.02234	2559.580803
0.022344	2560.060072
0.022348	2560.549776
0.022352	2561.036254
0.022356	2561.507648
0.02236	2561.985583
0.022363	2562.460839
0.022368	2562.939927
0.022372	2563.423069
0.022376	2563.897607
0.02238	2564.366929
0.022384	2564.867824
0.022387	2565.344516
0.022391	2565.802473
0.022395	2566.253051
0.022399	2566.699099
0.022402	2567.148614
0.022406	2567.595046
0.02241	2568.04343
0.022414	2568.489174
0.022418	2568.953542
0.022421	2569.429698
0.022425	2569.899939
0.02243	2570.370838
0.022433	2570.837217
0.022437	2571.307469
0.022441	2571.769905
0.022445	2572.245586
0.02245	2572.728414
0.022454	2573.202043
0.022458	2573.665551
0.022461	2574.135095
0.022465	2574.590262
0.022469	2575.075962
0.022474	2575.556182
0.022478	2576.031549
0.022482	2576.496493
0.022486	2576.97734
0.022489	2577.450594
0.022493	2577.92949
0.022497	2578.43267
0.022502	2578.921908
0.022506	2579.411157
0.02251	2579.881954
0.022513	2580.350093
0.022517	2580.828614
0.022522	2581.318045
0.022525	2581.779551
0.02253	2582.254848
0.022533	2582.732783
0.022537	2583.205522
0.022541	2583.682608
0.022545	2584.147935
0.022549	2584.636749
0.022553	2585.118021
0.022557	2585.599616
0.02256	2586.067552
0.022564	2586.539704
0.022568	2587.024696
0.022572	2587.5071
0.022576	2587.986876
0.02258	2588.469239
0.022584	2588.952462
0.022588	2589.441296
0.022592	2589.937581
0.022597	2590.453318
0.022601	2590.970056
0.022605	2591.474085
0.022609	2591.958349
0.022613	2592.445738
0.022617	2592.911136
0.022621	2593.359034
0.022625	2593.822714
0.022629	2594.276426
0.022632	2594.731098
0.022636	2595.197497
0.02264	2595.678698
0.022645	2596.163205
0.022649	2596.655304
0.022653	2597.159748
0.022657	2597.666669
0.022661	2598.170749
0.022665	2598.668611
0.022669	2599.153967
0.022673	2599.629618
0.022677	2600.09995
0.02268	2600.562104
0.022684	2601.022306
0.022688	2601.476573
0.022692	2601.938878
0.022696	2602.422404
0.0227	2602.915626
0.022705	2603.40634
0.022709	2603.903738
0.022713	2604.395726
0.022717	2604.897258
0.022721	2605.418444
0.022725	2605.936689
0.022729	2606.436785
0.022733	2606.91287
0.022737	2607.376571
0.022741	2607.848349
0.022745	2608.312797
0.022749	2608.790621
0.022753	2609.255231
0.022757	2609.722652
0.02276	2610.202488
0.022764	2610.675924
0.022768	2611.14752
0.022772	2611.596824
0.022776	2612.050333
0.022779	2612.513093
0.022784	2613.001421
0.022788	2613.491711
0.022791	2613.967584
0.022795	2614.444397
0.022799	2614.926609
0.022803	2615.420498
0.022808	2615.916479
0.022812	2616.409438
0.022816	2616.898434
0.02282	2617.391646
0.022824	2617.882148
0.022828	2618.388088
0.022832	2618.894443
0.022837	2619.401627
0.022841	2619.894868
0.022844	2620.373613
0.022848	2620.857907
0.022852	2621.343283
0.022856	2621.840074
0.02286	2622.334084
0.022865	2622.832583
0.022869	2623.338797
0.022873	2623.833717
0.022877	2624.320539
0.022881	2624.796402
0.022885	2625.271
0.022888	2625.74104
0.022892	2626.17352
0.022896	2626.635158
0.0229	2627.11743
0.022904	2627.58846
0.022908	2628.052777
0.022912	2628.528852
0.022916	2629.004674
0.02292	2629.479344
0.022924	2629.949656
0.022928	2630.419352
0.022932	2630.889886
0.022935	2631.355679
0.022939	2631.809249
0.022943	2632.263769
0.022947	2632.730988
0.022951	2633.19308
0.022955	2633.657832
0.022958	2634.12222
0.022962	2634.580309
0.022966	2635.040562
0.02297	2635.503584
0.022974	2635.959753
0.022978	2636.425859
0.022982	2636.902005
0.022986	2637.3689
0.022989	2637.837968
0.022993	2638.306764
0.022997	2638.778188
0.023001	2639.259227
0.023005	2639.752105
0.023009	2640.235652
0.023013	2640.707683
0.023017	2641.173951
0.023021	2641.631302
0.023024	2642.08469
0.023028	2642.543972
0.023032	2643.009573
0.023036	2643.476073
0.02304	2643.941786
0.023044	2644.406436
0.023047	2644.88337
0.023051	2645.367362
0.023055	2645.834469
0.023058	2646.301253
0.023062	2646.769513
0.023066	2647.238136
0.02307	2647.694669
0.023073	2648.095787
0.023076	2648.532888
0.02308	2649.00135
0.023084	2649.454374
0.023088	2649.91586
0.023092	2650.381279
0.023096	2650.844817
0.023099	2651.306819
0.023103	2651.771207
0.023107	2652.23521
0.023111	2652.689862
0.023115	2653.125203
0.023118	2653.560929
0.023121	2653.994592
0.023125	2654.42782
0.023128	2654.883574
0.023132	2655.338913
0.023136	2655.799529
0.023139	2656.258195
0.023143	2656.721602
0.023147	2657.174707
0.023151	2657.631471
0.023155	2658.093534
0.023158	2658.552169
0.023162	2659.004667
0.023166	2659.438037
0.023169	2659.852359
0.023173	2660.278996
0.023176	2660.715479
0.02318	2661.152681
0.023184	2661.592744
0.023188	2662.043715
0.023192	2662.511217
0.023196	2662.987231
0.0232	2663.458858
0.023204	2663.931778
0.023208	2664.420481
0.023211	2664.875385
0.023215	2665.307785
0.023219	2665.755632
0.023223	2666.216906
0.023226	2666.681627
0.02323	2667.149928
0.023234	2667.609877
0.023238	2668.069867
0.023242	2668.529624
0.023245	2668.979696
0.023249	2669.431051
0.023253	2669.897967
0.023257	2670.376357
0.023261	2670.852543
0.023264	2671.324271
0.023268	2671.789467
0.023272	2672.242612
0.023276	2672.697345
0.023279	2673.158235
0.023283	2673.626575
0.023287	2674.102822
0.023291	2674.555007
0.023295	2674.986931
0.023298	2675.419957
0.023302	2675.88668
0.023307	2676.361411
0.02331	2676.822442
0.023314	2677.272038
0.023317	2677.717136
0.023321	2678.156734
0.023325	2678.599728
0.023328	2679.037638
0.023332	2679.494574
0.023336	2679.956374
0.02334	2680.425594
0.023344	2680.89256
0.023347	2681.358029
0.023352	2681.819273
0.023356	2682.283226
0.023359	2682.755317
0.023363	2683.221474
0.023367	2683.677521
0.02337	2684.134619
0.023374	2684.595357
0.023378	2685.056449
0.023382	2685.512536
0.023385	2685.981079
0.023389	2686.440291
0.023393	2686.888462
0.023396	2687.34465
0.023401	2687.809735
0.023404	2688.279673
0.023408	2688.746285
0.023412	2689.226313
0.023416	2689.701954
0.023421	2690.168282
0.023424	2690.613784
0.023427	2691.054535
0.023431	2691.480464
0.023435	2691.895969
0.023438	2692.321332
0.023442	2692.762759
0.023446	2693.257366
0.02345	2693.754723
0.023454	2694.230252
0.023458	2694.703728
0.023462	2695.171887
0.023466	2695.652866
0.02347	2696.143236
0.023474	2696.634193
0.023478	2697.130873
0.023483	2697.609273
0.023486	2698.084701
0.02349	2698.562424
0.023494	2699.030805
0.023498	2699.493413
0.023501	2699.962613
0.023505	2700.433927
0.023508	2700.888042
0.023513	2701.357323
0.023516	2701.827565
0.02352	2702.300233
0.023524	2702.783567
0.023528	2703.280094
0.023532	2703.774742
0.023537	2704.273655
0.023541	2704.749144
0.023545	2705.21795
0.023549	2705.680538
0.023553	2706.146735
0.023557	2706.615501
0.023561	2707.081253
0.023564	2707.553345
0.023568	2708.012506
0.023572	2708.474538
0.023576	2708.931302
0.023579	2709.416213
0.023583	2709.893431
0.023588	2710.37909
0.023591	2710.85007
0.023595	2711.313467
0.023599	2711.786599
0.023603	2712.262725
0.023606	2712.724646
0.02361	2713.189842
0.023614	2713.66155
0.023618	2714.138727
0.023622	2714.615772
0.023626	2715.091736
0.02363	2715.599243
0.023634	2716.118125
0.023638	2716.621932
0.023642	2717.108359
0.023646	2717.586658
0.02365	2718.05232
0.023654	2718.519195
0.023657	2718.987172
0.023662	2719.441136
0.023665	2719.905655
0.023669	2720.384995
0.023673	2720.875467
0.023677	2721.360237
0.023681	2721.842044
0.023685	2722.313944
0.023689	2722.780667
0.023692	2723.242446
0.023696	2723.70834
0.0237	2724.177662
0.023704	2724.643404
0.023708	2725.1049
0.023712	2725.566083
0.023716	2726.028105
0.02372	2726.492938
0.023724	2726.970519
0.023728	2727.456593
0.023731	2727.946357
0.023735	2728.435433
0.023739	2728.922953
0.023743	2729.400989
0.023748	2729.885961
0.023752	2730.367435
0.023756	2730.850638
0.02376	2731.338359
0.023764	2731.815334
0.023767	2732.29605
0.023771	2732.768839
0.023775	2733.238413
0.023779	2733.696603
0.023783	2734.165783
0.023786	2734.644922
0.02379	2735.13329
0.023794	2735.621912
0.023798	2736.114284
0.023802	2736.590218
0.023807	2737.077242
0.023811	2737.567502
0.023814	2738.054849
0.023818	2738.5461
0.023822	2739.028322
0.023827	2739.508036
0.02383	2739.978672
0.023834	2740.433121
0.023837	2740.895709
0.023841	2741.372452
0.023845	2741.844705
0.023849	2742.316726
0.023853	2742.801354
0.023857	2743.301258
0.023861	2743.794238
0.023865	2744.275266
0.023869	2744.735984
0.023872	2745.172144
0.023876	2745.635885
0.02388	2746.10734
0.023884	2746.597397
0.023888	2747.092722
0.023892	2747.581242
0.023896	2748.076749
0.0239	2748.572447
0.023904	2749.071725
0.023908	2749.567788
0.023912	2750.02988
0.023915	2750.479012
0.023919	2750.950133
0.023924	2751.444982
0.023928	2751.953157
0.023932	2752.437361
0.023936	2752.899676
0.02394	2753.356713
0.023943	2753.811436
0.023947	2754.269818
0.023951	2754.731355
0.023954	2755.201849
0.023958	2755.665933
0.023962	2756.143666
0.023966	2756.629144
0.023969	2757.11266
0.023974	2757.603627
0.023978	2758.10153
0.023982	2758.59376
0.023986	2759.09321
0.02399	2759.576322
0.023995	2760.047928
0.023999	2760.527177
0.024003	2761.012392
0.024007	2761.530131
0.024011	2762.037143
0.024016	2762.534085
0.02402	2763.040844
0.024024	2763.500985
0.024028	2763.986362
0.024031	2764.472608
0.024035	2764.948005
0.024039	2765.404881
0.024043	2765.847168
0.024046	2766.30648
0.02405	2766.79312
0.024054	2767.268842
0.024058	2767.735696
0.024062	2768.212459
0.024066	2768.692952
0.024069	2769.160696
0.024073	2769.621484
0.024076	2770.079836
0.024081	2770.547409
0.024085	2771.023575
0.024089	2771.498811
0.024092	2771.980203
0.024096	2772.456561
0.0241	2772.941766
0.024104	2773.416981
0.024108	2773.895887
0.024112	2774.379838
0.024115	2774.863566
0.024119	2775.346354
0.024123	2775.824027
0.024128	2776.305511
0.024132	2776.801108
0.024136	2777.305532
0.02414	2777.801322
0.024144	2778.277569
0.024148	2778.77256
0.024152	2779.264558
0.024156	2779.75509
0.02416	2780.228648
0.024164	2780.707685
0.024168	2781.177775
0.024172	2781.630617
0.024176	2782.086108
0.02418	2782.52976
0.024184	2782.977021
0.024188	2783.417458
0.024191	2783.874333
0.024195	2784.330957
0.024199	2784.796143
0.024203	2785.238066
0.024206	2785.648041
0.024209	2786.084181
0.024213	2786.543766
0.024217	2787.015504
0.024221	2787.48435
0.024225	2787.958393
0.024229	2788.444336
0.024233	2788.931491
0.024238	2789.41342
0.024241	2789.891062
0.024245	2790.359676
0.024249	2790.796594
0.024253	2791.231552
0.024257	2791.692401
0.024261	2792.166909
0.024265	2792.632671
0.024269	2793.093905
0.024273	2793.554107
0.024276	2794.035783
0.024281	2794.514041
0.024284	2794.989247
0.024288	2795.451542
0.024292	2795.911613
0.024296	2796.373483
0.024299	2796.855472
0.024303	2797.362272
0.024307	2797.87997
0.024311	2798.366893
0.024315	2798.818138
0.024319	2799.271516
0.024322	2799.730353
0.024326	2800.186187
0.02433	2800.665103
0.024334	2801.142725
0.024338	2801.618679
0.024342	2802.093267
0.024346	2802.556573
0.024349	2803.021649
0.024353	2803.480799
0.024357	2803.94551
0.024361	2804.418846
0.024364	2804.887783
0.024368	2805.349603
0.024372	2805.817225
0.024376	2806.280784
0.024379	2806.743564
0.024383	2807.199753
0.024387	2807.673027
0.024391	2808.145301
0.024395	2808.606676
0.024399	2809.076755
0.024403	2809.541355
0.024406	2810.006218
0.02441	2810.466329
0.024414	2810.927795
0.024418	2811.389382
0.024421	2811.843023
0.024425	2812.308856
0.024429	2812.788419
0.024433	2813.264009
0.024437	2813.738325
0.024441	2814.231688
0.024445	2814.711403
0.024448	2815.180936
0.024452	2815.637469
0.024456	2816.083941
0.02446	2816.541818
0.024463	2817.007985
0.024468	2817.48314
0.024471	2817.945101
0.024475	2818.397771
0.024478	2818.818038
0.024482	2819.240601
0.024485	2819.682119
0.024489	2820.126408
0.024492	2820.578198
0.024496	2821.02178
0.024499	2821.487825
0.024503	2821.97027
0.024507	2822.443979
0.024511	2822.915939
0.024515	2823.37606
0.024519	2823.833452
0.024523	2824.303875
0.024527	2824.776583
0.024531	2825.242922
0.024535	2825.704469
0.024538	2826.152751
0.024542	2826.614511
0.024545	2827.072074
0.024549	2827.535279
0.024553	2827.983248
0.024557	2828.428284
0.024561	2828.896352
0.024565	2829.37542
0.024569	2829.851919
0.024572	2830.320189
0.024576	2830.778046
0.02458	2831.226268
0.024584	2831.718852
0.024588	2832.206786
0.024592	2832.67265
0.024596	2833.12434
0.0246	2833.592367
0.024603	2834.057159
0.024607	2834.531536
0.024611	2835.019601
0.024615	2835.496283
0.02462	2835.964381
0.024624	2836.429587
0.024628	2836.899101
0.024631	2837.363307
0.024636	2837.816887
0.024639	2838.267423
0.024643	2838.727959
0.024647	2839.196654
0.024651	2839.67833
0.024655	2840.169691
0.02466	2840.676167
0.024664	2841.17221
0.024668	2841.66534
0.024672	2842.148786
0.024676	2842.630148
0.02468	2843.104777
0.024684	2843.570601
0.024688	2844.000624
0.024691	2844.431123
0.024695	2844.879142
0.024698	2845.367643
0.024702	2845.873391
0.024706	2846.372385
0.02471	2846.872158
0.024714	2847.355371
0.024718	2847.812479
0.024722	2848.26056
0.024725	2848.719508
0.024729	2849.175777
0.024733	2849.633341
0.024737	2850.095898
0.024741	2850.565402
0.024744	2851.037038
0.024748	2851.502457
0.024752	2851.964277
0.024756	2852.408546
0.02476	2852.857515
0.024764	2853.31155
0.024767	2853.784835
0.024771	2854.242853
0.024774	2854.70077
0.024778	2855.178958
0.024782	2855.637351
0.024786	2856.079961
0.024789	2856.532682
0.024793	2856.987172
0.024797	2857.453602
0.024801	2857.93454
0.024805	2858.420401
0.024809	2858.928333
0.024814	2859.411384
0.024818	2859.899783
0.024822	2860.374847
0.024825	2860.830904
0.024829	2861.288579
0.024833	2861.754594
0.024837	2862.218335
0.024841	2862.679356
0.024844	2863.139669
0.024848	2863.604977
0.024852	2864.063855
0.024856	2864.527676
0.02486	2864.98986
0.024863	2865.445775
0.024867	2865.898142
0.02487	2866.359315
0.024874	2866.814593
0.024878	2867.275564
0.024882	2867.732682
0.024886	2868.195462
0.024889	2868.64973
0.024893	2869.080441
0.024897	2869.526994
0.024901	2870.00319
0.024905	2870.493976
0.024908	2870.968706
0.024913	2871.459006
0.024916	2871.935728
0.02492	2872.417687
0.024924	2872.891669
0.024928	2873.358736
0.024932	2873.813873
0.024935	2874.276542
0.024939	2874.745803
0.024943	2875.207683
0.024947	2875.680998
0.024951	2876.186827
0.024955	2876.700926
0.024959	2877.185039
0.024963	2877.647768
0.024966	2878.112196
0.02497	2878.59363
0.024974	2879.065893
0.024978	2879.532121
0.024981	2880.005881
0.024985	2880.477345
0.024989	2880.947354
0.024992	2881.417869
0.024996	2881.878374
0.025	2882.324766
0.025003	2882.750927
0.025006	2883.172812
0.02501	2883.597639
0.025014	2884.034143
0.025017	2884.482597
0.025021	2884.952717
0.025025	2885.423211
0.025029	2885.892674
0.025033	2886.353746
0.025036	2886.799268
0.02504	2887.236763
0.025044	2887.692183
0.025048	2888.175032
0.025052	2888.658992
0.025056	2889.14451
0.02506	2889.615075
0.025064	2890.086975
0.025067	2890.555214
0.025071	2891.03781
0.025075	2891.52349
0.025079	2891.99635
0.025083	2892.470271
0.025087	2892.932202
0.025091	2893.385904
0.025095	2893.843245
0.025098	2894.284369
0.025102	2894.729143
0.025105	2895.175494
0.025109	2895.63603
0.025112	2896.113965
0.025116	2896.600575
0.02512	2897.088307
0.025124	2897.56969
0.025128	2898.049313
0.025132	2898.500012
0.025136	2898.966219
0.02514	2899.42536
0.025143	2899.888585
0.025147	2900.354317
0.025151	2900.801659
0.025155	2901.265228
0.025158	2901.744265
0.025163	2902.218258
0.025167	2902.692968
0.02517	2903.146993
0.025174	2903.604091
0.025178	2904.050665
0.025181	2904.488897
0.025185	2904.928778
0.025188	2905.387029
0.025192	2905.854612
0.025196	2906.343081
0.0252	2906.834554
0.025204	2907.321487
0.025208	2907.791163
0.025212	2908.26744
0.025216	2908.750198
0.02522	2909.237778
0.025224	2909.71545
0.025228	2910.192213
0.025232	2910.667398
0.025235	2911.129147
0.025239	2911.597164
0.025243	2912.058842
0.025247	2912.523604
0.025251	2912.990145
0.025254	2913.455645
0.025258	2913.939131
0.025262	2914.417268
0.025266	2914.87743
0.025269	2915.331455
0.025273	2915.800837
0.025277	2916.283402
0.025281	2916.76802
0.025285	2917.241588
0.025289	2917.704854
0.025292	2918.181353
0.025296	2918.658753
0.0253	2919.129388
0.025304	2919.601854
0.025308	2920.070387
0.025311	2920.540477
0.025315	2921.009333
0.025319	2921.482547
0.025323	2921.951484
0.025326	2922.422524
0.02533	2922.888701
0.025333	2923.358063
0.025337	2923.838849
0.025341	2924.325914
0.025345	2924.799037
0.025349	2925.27405
0.025353	2925.7533
0.025357	2926.231346
0.025361	2926.710303
0.025365	2927.189845
0.025369	2927.662291
0.025372	2928.106661
0.025376	2928.553042
0.02538	2929.009251
0.025383	2929.48023
0.025388	2929.946832
0.025391	2930.41948
0.025395	2930.88322
0.025399	2931.355767
0.025403	2931.808609
0.025407	2932.270641
0.025411	2932.736424
0.025414	2933.224499
0.025418	2933.712939
0.025422	2934.186497
0.025426	2934.657961
0.02543	2935.13073
0.025434	2935.605825
0.025438	2936.091989
0.025442	2936.573372
0.025446	2937.051398
0.02545	2937.501672
0.025454	2937.937914
0.025457	2938.366269
0.025461	2938.810325
0.025465	2939.26342
0.025469	2939.719325
0.025473	2940.183298
0.025476	2940.652913
0.02548	2941.133295
0.025484	2941.614354
0.025487	2942.092491
0.025491	2942.570679
0.025495	2943.029011
0.025499	2943.491549
0.025503	2943.959313
0.025506	2944.43371
0.02551	2944.902334
0.025514	2945.366347
0.025518	2945.833616
0.025521	2946.297903
0.025525	2946.788193
0.025529	2947.272892
0.025533	2947.762787
0.025537	2948.234656
0.025541	2948.701683
0.025545	2949.181397
0.025549	2949.674184
0.025552	2950.161138
0.025556	2950.64246
0.025561	2951.121619
0.025564	2951.595752
0.025568	2952.074314
0.025572	2952.551916
0.025576	2953.045411
0.02558	2953.52739
0.025584	2954.00485
0.025588	2954.480885
0.025591	2954.947224
0.025595	2955.399085
0.025599	2955.867021
0.025602	2956.332501
0.025606	2956.827744
0.02561	2957.319379
0.025614	2957.821073
0.025618	2958.332958
0.025622	2958.837594
0.025627	2959.345597
0.02563	2959.851345
0.025634	2960.307563
0.025638	2960.777016
0.025642	2961.250544
0.025645	2961.725688
0.025649	2962.210539
0.025653	2962.673825
0.025657	2963.142732
0.025661	2963.61178
0.025665	2964.081718
0.025669	2964.565932
0.025673	2965.053017
0.025677	2965.535046
0.025681	2966.028268
0.025686	2966.525959
0.02569	2967.01277
0.025693	2967.488977
0.025697	2967.965234
0.025701	2968.449144
0.025705	2968.930689
0.025708	2969.417066
0.025712	2969.901684
0.025716	2970.393925
0.02572	2970.89208
0.025724	2971.380196
0.025728	2971.870992
0.025733	2972.359229
0.025737	2972.851945
0.02574	2973.328293
0.025744	2973.785715
0.025748	2974.25627
0.025752	2974.755649
0.025756	2975.258263
0.02576	2975.756509
0.025764	2976.238529
0.025768	2976.718163
0.025772	2977.20636
0.025776	2977.69114
0.02578	2978.1705
0.025784	2978.648587
0.025788	2979.133519
0.025792	2979.619269
0.025796	2980.095394
0.0258	2980.565565
0.025804	2981.04256
0.025808	2981.51633
0.025812	2981.998764
0.025816	2982.479652
0.02582	2982.959821
0.025824	2983.441426
0.025828	2983.917259
0.025831	2984.388279
0.025835	2984.858328
0.025838	2985.317044
0.025842	2985.769502
0.025846	2986.231877
0.02585	2986.696953
0.025853	2987.167356
0.025857	2987.628903
0.025861	2988.08871
0.025865	2988.545819
0.025869	2989.011359
0.025872	2989.47603
0.025876	2989.958737
0.025881	2990.433821
0.025885	2990.912798
0.025889	2991.383171
0.025893	2991.866292
0.025897	2992.34628
0.025901	2992.833901
0.025905	2993.320965
0.025909	2993.82546
0.025913	2994.329277
0.025917	2994.828464
0.025922	2995.322707
0.025926	2995.805424
0.025929	2996.282186
0.025933	2996.758089
0.025937	2997.244497
0.025941	2997.729762
0.025945	2998.209143
0.025949	2998.696632
0.025953	2999.174851
0.025957	2999.641746
0.02596	3000.107609
0.025964	3000.572482
0.025969	3001.045514
0.025972	3001.517353
0.025976	3001.995875
0.02598	3002.490916
0.025984	3002.993682
0.025989	3003.490402
0.025993	3003.984513
0.025996	3004.43785
0.026	3004.881128
0.026004	3005.343423
0.026007	3005.82791
0.026011	3006.324528
0.026015	3006.824423
0.026019	3007.313914
0.026023	3007.790312
0.026027	3008.244883
0.02603	3008.692518
0.026034	3009.125302
0.026037	3009.580166
0.026042	3010.061468
0.026046	3010.544529
0.02605	3011.02486
0.026053	3011.508902
0.026058	3011.981064
0.026061	3012.453206
0.026065	3012.915309
0.026069	3013.377422
0.026073	3013.837897
0.026076	3014.290456
0.02608	3014.748919
0.026084	3015.201448
0.026088	3015.655321
0.026092	3016.108456
0.026095	3016.559458
0.026099	3017.013119
0.026103	3017.472259
0.026107	3017.928377
0.026111	3018.387103
0.026115	3018.853826
0.026119	3019.336756
0.026123	3019.83118
0.026127	3020.316678
0.026131	3020.772917
0.026135	3021.23044
0.026139	3021.694302
0.026143	3022.164048
0.026147	3022.634714
0.02615	3023.105966
0.026154	3023.558728
0.026157	3023.993371
0.026161	3024.43766
0.026165	3024.913715
0.026169	3025.403246
0.026173	3025.870617
0.026176	3026.313055
0.02618	3026.751106
0.026184	3027.204342
0.026188	3027.675777
0.026191	3028.144926
0.026195	3028.620314
0.026199	3029.08185
0.026202	3029.540314
0.026206	3029.998767
0.026209	3030.447746
0.026213	3030.894108
0.026217	3031.346555
0.026221	3031.810195
0.026225	3032.275654
0.026229	3032.732116
0.026233	3033.192924
0.026236	3033.649598
0.02624	3034.125562
0.026244	3034.591183
0.026248	3035.038919
0.026252	3035.506239
0.026256	3035.992566
0.02626	3036.472543
0.026264	3036.950054
0.026268	3037.426311
0.026271	3037.900394
0.026275	3038.367218
0.026279	3038.841221
0.026283	3039.307519
0.026287	3039.769511
0.02629	3040.235112
0.026294	3040.703594
0.026298	3041.17975
0.026301	3041.650011
0.026305	3042.109425
0.026309	3042.567908
0.026312	3043.019749
0.026316	3043.476686
0.02632	3043.942236
0.026324	3044.415308
0.026328	3044.907024
0.026332	3045.376972
0.026336	3045.854361
0.02634	3046.33444
0.026343	3046.817986
0.026348	3047.31049
0.026352	3047.790609
0.026356	3048.278483
0.02636	3048.76305
0.026364	3049.250984
0.026368	3049.708477
0.026372	3050.174907
0.026376	3050.635928
0.02638	3051.089993
0.026384	3051.552005
0.026387	3052.028686
0.026391	3052.494136
0.026396	3052.954772
0.0264	3053.415258
0.026403	3053.889301
0.026407	3054.362868
0.026412	3054.827488
0.026416	3055.304291
0.02642	3055.774624
0.026424	3056.260657
0.026428	3056.74111
0.026431	3057.203566
0.026435	3057.652597
0.026439	3058.102618
0.026443	3058.554783
0.026446	3059.008747
0.02645	3059.464824
0.026454	3059.916685
0.026458	3060.371094
0.026462	3060.821924
0.026466	3061.27607
0.026469	3061.738284
0.026473	3062.205129
0.026478	3062.670295
0.026481	3063.142377
0.026485	3063.605157
0.026489	3064.07742
0.026493	3064.554587
0.026497	3065.033857
0.026501	3065.503108
0.026504	3065.967546
0.026508	3066.432783
0.026512	3066.889001
0.026516	3067.345089
0.02652	3067.793361
0.026524	3068.246122
0.026527	3068.714887
0.026531	3069.200901
0.026535	3069.680413
0.02654	3070.156943
0.026544	3070.631137
0.026548	3071.125977
0.026552	3071.607612
0.026556	3072.069857
0.026559	3072.534335
0.026564	3073.056351
0.026568	3073.548875
0.026571	3073.998785
0.026575	3074.437715
0.026579	3074.877667
0.026583	3075.328567
0.026587	3075.818443
0.026591	3076.315082
0.026595	3076.819637
0.026599	3077.325759
0.026604	3077.8253
0.026607	3078.301172
0.026611	3078.774417
0.026615	3079.244739
0.026619	3079.703364
0.026623	3080.173282
0.026627	3080.644635
0.026631	3081.118901
0.026635	3081.597341
0.026639	3082.085872
0.026643	3082.574403
0.026647	3083.047626
0.026651	3083.523439
0.026655	3083.996703
0.026659	3084.472212
0.026663	3084.935113
0.026667	3085.391382
0.026672	3085.844942
0.026675	3086.305508
0.026679	3086.777559
0.026683	3087.251936
0.026687	3087.724594
0.026691	3088.196089
0.026695	3088.661113
0.026699	3089.136986
0.026703	3089.614517
0.026707	3090.085628
0.026711	3090.551401
0.026715	3091.024422
0.026719	3091.498465
0.026723	3091.969263
0.026727	3092.43915
0.026731	3092.911474
0.026735	3093.396032
0.026739	3093.885179
0.026743	3094.380898
0.026747	3094.893369
0.026752	3095.440377
0.026756	3095.968256
0.02676	3096.456261
0.026765	3096.931901
0.026768	3097.386755
0.026772	3097.845754
0.026776	3098.307685
0.02678	3098.774489
0.026784	3099.239888
0.026788	3099.712556
0.026792	3100.186366
0.026796	3100.661764
0.0268	3101.155086
0.026804	3101.664949
0.026808	3102.170981
0.026813	3102.677982
0.026817	3103.189928
0.026822	3103.695777
0.026826	3104.201687
0.02683	3104.71796
0.026835	3105.218643
0.026839	3105.710712
0.026843	3106.193864
0.026847	3106.693283
0.026851	3107.19249
0.026855	3107.691161
0.026859	3108.172817
0.026864	3108.642796
0.026868	3109.107466
0.026872	3109.572835
0.026876	3110.049971
0.026879	3110.531941
0.026884	3111.019652
0.026887	3111.504594
0.026892	3112.004074
0.026896	3112.498842
0.0269	3112.984512
0.026904	3113.475196
0.026908	3113.971178
0.026912	3114.467392
0.026917	3114.943972
0.026921	3115.404326
0.026925	3115.88488
0.026929	3116.362027
0.026932	3116.828962
0.026936	3117.293137
0.02694	3117.765684
0.026944	3118.233347
0.026949	3118.712425
0.026952	3119.193171
0.026957	3119.682692
0.026961	3120.169969
0.026965	3120.657266
0.026969	3121.142167
0.026973	3121.624349
0.026977	3122.111555
0.026981	3122.59951
0.026985	3123.089354
0.026989	3123.57831
0.026994	3124.07965
0.026998	3124.580505
0.027003	3125.093744
0.027007	3125.576351
0.027011	3126.057218
0.027015	3126.525569
0.027019	3126.993323
0.027023	3127.455628
0.027027	3127.929913
0.027031	3128.413814
0.027035	3128.902931
0.027039	3129.389207
0.027043	3129.881498
0.027047	3130.385851
0.027052	3130.904207
0.027056	3131.40581
0.02706	3131.913732
0.027065	3132.417913
0.027069	3132.931901
0.027073	3133.434525
0.027077	3133.929748
0.027081	3134.41471
0.027085	3134.91517
0.027089	3135.409322
0.027093	3135.879533
0.027097	3136.339766
0.027101	3136.805852
0.027105	3137.274526
0.027109	3137.759175
0.027113	3138.256815
0.027117	3138.741625
0.027121	3139.22962
0.027125	3139.717887
0.027129	3140.208501
0.027134	3140.705109
0.027138	3141.193539
0.027142	3141.680725
0.027146	3142.179638
0.02715	3142.674326
0.027154	3143.151048
0.027158	3143.585571
0.027161	3144.039838
0.027165	3144.52117
0.027169	3145.002604
0.027173	3145.475625
0.027177	3145.940913
0.027181	3146.415764
0.027185	3146.9176
0.02719	3147.445024
0.027194	3147.952097
0.027198	3148.447341
0.027202	3148.951208
0.027206	3149.453944
0.027211	3149.95404
0.027215	3150.448576
0.027219	3150.939159
0.027223	3151.44511
0.027227	3151.935409
0.027231	3152.411404
0.027235	3152.883313
0.027239	3153.3504
0.027243	3153.821814
0.027247	3154.289599
0.027251	3154.754866
0.027255	3155.22987
0.027259	3155.721989
0.027263	3156.213219
0.027267	3156.699688
0.027271	3157.18467
0.027275	3157.672907
0.02728	3158.168858
0.027284	3158.650059
0.027288	3159.147244
0.027292	3159.651638
0.027297	3160.146922
0.0273	3160.63704
0.027305	3161.125146
0.027309	3161.614809
0.027313	3162.093148
0.027317	3162.568111
0.027321	3163.049049
0.027324	3163.530725
0.027329	3163.990866
0.027333	3164.464798
0.027337	3164.951802
0.027341	3165.443356
0.027345	3165.929895
0.027349	3166.364366
0.027352	3166.789517
0.027357	3167.255087
0.02736	3167.747005
0.027365	3168.22952
0.027369	3168.707071
0.027372	3169.167364
0.027376	3169.616213
0.02738	3170.07228
0.027384	3170.540135
0.027388	3170.993948
0.027392	3171.436053
0.027396	3171.889683
0.027399	3172.350886
0.027403	3172.811533
0.027407	3173.263051
0.027411	3173.721059
0.027415	3174.18851
0.027419	3174.653363
0.027423	3175.121036
0.027427	3175.580884
0.027431	3176.041723
0.027435	3176.513835
0.027439	3176.988788
0.027442	3177.466723
0.027447	3177.945316
0.027451	3178.4296
0.027454	3178.909284
0.027458	3179.376503
0.027462	3179.84173
0.027466	3180.307846
0.02747	3180.784467
0.027474	3181.267619
0.027478	3181.758677
0.027482	3182.230921
0.027487	3182.709038
0.02749	3183.17475
0.027495	3183.644425
0.027498	3184.117952
0.027503	3184.576921
0.027506	3185.039499
0.02751	3185.506455
0.027514	3185.967334
0.027518	3186.423341
0.027521	3186.87506
0.027525	3187.341086
0.027529	3187.809154
0.027533	3188.276018
0.027537	3188.729659
0.027542	3189.178376
0.027545	3189.638052
0.027549	3190.109618
0.027553	3190.586775
0.027557	3191.061273
0.027561	3191.539279
0.027565	3192.041256
0.027569	3192.540038
0.027573	3193.038123
0.027577	3193.517018
0.027581	3193.99648
0.027585	3194.471625
0.027589	3194.952816
0.027593	3195.424281
0.027597	3195.889143
0.027601	3196.354936
0.027605	3196.828747
0.027609	3197.306935
0.027613	3197.785709
0.027617	3198.263523
0.027621	3198.741216
0.027625	3199.212256
0.027629	3199.687643
0.027633	3200.152284
0.027637	3200.619158
0.027641	3201.092251
0.027645	3201.563089
0.027648	3202.028164
0.027652	3202.492956
0.027656	3202.956828
0.02766	3203.430173
0.027664	3203.902427
0.027668	3204.380959
0.027673	3204.856245
0.027677	3205.335778
0.027681	3205.821922
0.027685	3206.316216
0.027689	3206.795384
0.027693	3207.274159
0.027697	3207.74807
0.027701	3208.222002
0.027705	3208.676067
0.027709	3209.14734
0.027713	3209.614083
0.027717	3210.083586
0.027721	3210.551715
0.027725	3211.017579
0.027729	3211.498436
0.027733	3211.981163
0.027737	3212.471574
0.027741	3212.962521
0.027746	3213.487549
0.02775	3213.989415
0.027754	3214.477551
0.027758	3214.952403
0.027762	3215.41676
0.027765	3215.870381
0.02777	3216.328096
0.027774	3216.789713
0.027778	3217.261229
0.027782	3217.752782
0.027786	3218.250715
0.02779	3218.744453
0.027794	3219.223449
0.027798	3219.700353
0.027802	3220.176075
0.027806	3220.649662
0.02781	3221.124524
0.027814	3221.592188
0.027818	3222.046708
0.027822	3222.513825
0.027826	3223.001163
0.02783	3223.483911
0.027834	3223.974918
0.027838	3224.458869
0.027842	3224.957125
0.027847	3225.467919
0.027851	3225.968571
0.027855	3226.471397
0.02786	3226.970746
0.027864	3227.471692
0.027868	3227.969008
0.027873	3228.468346
0.027877	3228.962074
0.027881	3229.46399
0.027885	3229.958476
0.027889	3230.444347
0.027893	3230.926185
0.027898	3231.414443
0.027901	3231.892853
0.027905	3232.370404
0.027909	3232.845054
0.027913	3233.323606
0.027918	3233.819446
0.027922	3234.306703
0.027925	3234.792675
0.027929	3235.260278
0.027933	3235.709571
0.027937	3236.208303
0.027941	3236.701697
0.027945	3237.202723
0.027949	3237.714629
0.027954	3238.244247
0.027959	3238.782832
0.027963	3239.294728
0.027967	3239.776029
0.027971	3240.267644
0.027975	3240.774352
0.02798	3241.275379
0.027984	3241.766801
0.027988	3242.261802
0.027993	3242.763142
0.027997	3243.278859
0.028002	3243.784526
0.028006	3244.298646
0.02801	3244.798217
0.028015	3245.311567
0.028019	3245.822613
0.028024	3246.320951
0.028028	3246.817842
0.028032	3247.314673
0.028036	3247.80561
0.028041	3248.302451
0.028045	3248.793095
0.028049	3249.291554
0.028053	3249.799354
0.028057	3250.29198
0.028061	3250.777032
0.028065	3251.25981
0.028069	3251.739838
0.028073	3252.217298
0.028077	3252.716404
0.028082	3253.222132
0.028086	3253.73608
0.02809	3254.231738
0.028094	3254.731946
0.028098	3255.233599
0.028102	3255.722858
0.028106	3256.211378
0.028111	3256.706389
0.028115	3257.205394
0.028119	3257.697625
0.028123	3258.188774
0.028127	3258.685727
0.028131	3259.191495
0.028136	3259.70065
0.02814	3260.211817
0.028144	3260.725714
0.028149	3261.249266
0.028153	3261.770726
0.028157	3262.279861
0.028162	3262.771536
0.028166	3263.262017
0.02817	3263.736353
0.028174	3264.206271
0.028178	3264.677322
0.028181	3265.16194
0.028186	3265.652381
0.02819	3266.162062
0.028194	3266.653525
0.028198	3267.152853
0.028202	3267.658126
0.028207	3268.16447
0.028211	3268.664557
0.028215	3269.178949
0.02822	3269.683231
0.028224	3270.187908
0.028229	3270.699611
0.028233	3271.213265
0.028238	3271.70864
0.028242	3272.171865
0.028245	3272.624303
0.02825	3273.09779
0.028254	3273.616216
0.028258	3274.126918
0.028263	3274.631787
0.028267	3275.138101
0.028271	3275.623154
0.028275	3276.101857
0.028279	3276.581976
0.028283	3277.061934
0.028287	3277.551637
0.028292	3278.050925
0.028296	3278.55086
0.0283	3279.056042
0.028304	3279.549152
0.028309	3280.046256
0.028313	3280.549335
0.028317	3281.043447
0.028321	3281.544443
0.028326	3282.044863
0.02833	3282.541826
0.028335	3283.046644
0.028339	3283.557548
0.028343	3284.067411
0.028348	3284.57604
0.028352	3285.086095
0.028356	3285.560249
0.02836	3286.028479
0.028364	3286.498508
0.028368	3286.97428
0.028372	3287.478441
0.028377	3287.980145
0.02838	3288.47279
0.028385	3288.974393
0.028389	3289.472842
0.028393	3289.956307
0.028397	3290.449266
0.028402	3290.951678
0.028406	3291.474502
0.028411	3291.980543
0.028415	3292.468902
0.028419	3292.940145
0.028423	3293.399922
0.028427	3293.868748
0.028431	3294.354731
0.028436	3294.862117
0.02844	3295.363326
0.028444	3295.859287
0.028449	3296.377845
0.028453	3296.882097
0.028458	3297.399249
0.028462	3297.898456
0.028466	3298.394974
0.028471	3298.890996
0.028475	3299.372682
0.028479	3299.859868
0.028483	3300.337075
0.028487	3300.806053
0.028491	3301.269197
0.028495	3301.740439
0.0285	3302.225583
0.028504	3302.730745
0.028508	3303.23532
0.028513	3303.739764
0.028517	3304.243369
0.028521	3304.75766
0.028526	3305.269727
0.02853	3305.778023
0.028534	3306.255938
0.028539	3306.743993
0.028543	3307.235426
0.028547	3307.726079
0.028552	3308.222223
0.028555	3308.655957
0.028559	3309.104532
0.028563	3309.583701
0.028567	3310.082615
0.028572	3310.569791
0.028576	3311.060343
0.02858	3311.53657
0.028585	3312.001807
0.028588	3312.475546
0.028592	3312.953158
0.028596	3313.436795
0.0286	3313.910353
0.028605	3314.400198
0.028608	3314.901356
0.028613	3315.418246
0.028617	3315.92184
0.028621	3316.407611
0.028625	3316.878853
0.028629	3317.342917
0.028633	3317.803686
0.028637	3318.259874
0.028641	3318.736596
0.028644	3319.208597
0.028648	3319.678929
0.028652	3320.152204
0.028657	3320.624972
0.02866	3321.123563
0.028664	3321.618442
0.028669	3322.106508
0.028673	3322.588123
0.028678	3323.072984
0.028682	3323.547927
0.028686	3324.024891
0.02869	3324.51141
0.028695	3325.018847
0.028698	3325.520591
0.028703	3326.00989
0.028707	3326.502809
0.028711	3326.982796
0.028715	3327.458062
0.028719	3327.944662
0.028724	3328.427349
0.028728	3328.917861
0.028732	3329.398516
0.028736	3329.886218
0.02874	3330.367843
0.028744	3330.85146
0.028749	3331.315565
0.028753	3331.788
0.028757	3332.264904
0.028761	3332.74104
0.028765	3333.229874
0.02877	3333.733104
0.028774	3334.241794
0.028778	3334.734652
0.028782	3335.230118
0.028786	3335.706871
0.02879	3336.16593
0.028794	3336.611261
0.028798	3337.065781
0.028802	3337.526579
0.028806	3338.001744
0.02881	3338.49073
0.028815	3338.972679
0.028819	3339.455962
0.028823	3339.953633
0.028827	3340.45563
0.028832	3340.954837
0.028836	3341.435734
0.02884	3341.916521
0.028845	3342.400451
0.028849	3342.887455
0.028853	3343.370405
0.028857	3343.863101
0.028862	3344.344514
0.028866	3344.832549
0.02887	3345.321727
0.028874	3345.815515
0.028879	3346.304895
0.028883	3346.810572
0.028888	3347.335186
0.028892	3347.851034
0.028896	3348.338321
0.0289	3348.807764
0.028905	3349.284334
0.028909	3349.752928
0.028913	3350.224605
0.028917	3350.701681
0.028921	3351.186915
0.028925	3351.669127
0.02893	3352.150085
0.028934	3352.624755
0.028938	3353.122324
0.028942	3353.625171
0.028947	3354.135317
0.028951	3354.619641
0.028955	3355.101328
0.02896	3355.596126
0.028964	3356.093129
0.028968	3356.582934
0.028973	3357.082232
0.028977	3357.588212
0.028981	3358.099794
0.028986	3358.604026
0.028991	3359.103849
0.028995	3359.60801
0.029	3360.110786
0.029004	3360.628889
0.029009	3361.146041
0.029013	3361.668724
0.029018	3362.189849
0.029022	3362.711258
0.029026	3363.221333
0.029031	3363.73434
0.029035	3364.245123
0.02904	3364.74885
0.029044	3365.247602
0.029049	3365.753693
0.029054	3366.260988
0.029058	3366.772853
0.029062	3367.283606
0.029066	3367.789789
0.02907	3368.298196
0.029075	3368.794228
0.029079	3369.295801
0.029083	3369.791459
0.029088	3370.288664
0.029092	3370.760301
0.029096	3371.236083
0.0291	3371.724755
0.029104	3372.221414
0.029108	3372.725595
0.029113	3373.238198
0.029117	3373.740165
0.029121	3374.240686
0.029126	3374.734838
0.02913	3375.226917
0.029135	3375.71018
0.029139	3376.18115
0.029143	3376.657164
0.029147	3377.139558
0.029152	3377.632213
0.029156	3378.122625
0.02916	3378.636127
0.029165	3379.145181
0.029169	3379.643974
0.029173	3380.137195
0.029178	3380.631964
0.029182	3381.145355
0.029187	3381.663306
0.029191	3382.158247
0.029196	3382.672154
0.0292	3383.185404
0.029205	3383.706216
0.029209	3384.22905
0.029214	3384.750853
0.029218	3385.259796
0.029223	3385.767354
0.029227	3386.268937
0.029232	3386.763453
0.029236	3387.244633
0.02924	3387.718807
0.029244	3388.199796
0.029248	3388.692502
0.029252	3389.175775
0.029256	3389.654246
0.02926	3390.118331
0.029264	3390.590645
0.029268	3391.071987
0.029273	3391.549781
0.029277	3392.036856
0.029281	3392.527833
0.029286	3393.03259
0.02929	3393.520848
0.029294	3394.012745
0.029298	3394.515632
0.029302	3395.014991
0.029307	3395.513166
0.029311	3396.013667
0.029315	3396.531902
0.02932	3397.042755
0.029324	3397.541639
0.029328	3398.049348
0.029333	3398.557321
0.029337	3399.06228
0.029341	3399.544634
0.029346	3400.048461
0.02935	3400.553784
0.029354	3401.053487
0.029359	3401.536335
0.029363	3402.017435
0.029367	3402.489638
0.029371	3402.965955
0.029375	3403.446095
0.029379	3403.927558
0.029384	3404.423257
0.029388	3404.918875
0.029393	3405.418648
0.029397	3405.897908
0.029401	3406.383607
0.029405	3406.860997
0.029409	3407.333058
0.029413	3407.812793
0.029417	3408.292983
0.029421	3408.773698
0.029425	3409.244566
0.02943	3409.726879
0.029434	3410.210011
0.029438	3410.699694
0.029443	3411.182594
0.029446	3411.664522
0.02945	3412.142326
0.029454	3412.626135
0.029459	3413.117466
0.029463	3413.622406
0.029467	3414.117963
0.029471	3414.620789
0.029475	3415.105013
0.02948	3415.591784
0.029484	3416.091578
0.029488	3416.587388
0.029492	3417.081095
0.029496	3417.571051
0.029501	3418.060997
0.029505	3418.547789
0.029509	3419.041688
0.029513	3419.557859
0.029518	3420.074789
0.029522	3420.59181
0.029526	3421.092574
0.029531	3421.59075
0.029535	3422.08476
0.029539	3422.571532
0.029543	3423.081081
0.029548	3423.593067
0.029553	3424.093457
0.029557	3424.59323
0.029561	3425.08536
0.029565	3425.579239
0.02957	3426.06779
0.029574	3426.565025
0.029578	3427.050614
0.029582	3427.542107
0.029586	3428.037906
0.029591	3428.536628
0.029595	3429.048675
0.0296	3429.543787
0.029604	3430.049313
0.029608	3430.532434
0.029612	3431.031884
0.029616	3431.516269
0.029621	3431.984792
0.029624	3432.45741
0.029629	3432.933292
0.029633	3433.423683
0.029637	3433.921576
0.029641	3434.408438
0.029645	3434.886758
0.029649	3435.363429
0.029653	3435.832761
0.029657	3436.303498
0.029661	3436.794475
0.029666	3437.292165
0.02967	3437.792039
0.029675	3438.311608
0.029679	3438.823988
0.029684	3439.337511
0.029688	3439.836465
0.029692	3440.318516
0.029696	3440.794115
0.0297	3441.262153
0.029704	3441.732384
0.029708	3442.210067
0.029712	3442.687193
0.029717	3443.192031
0.029721	3443.688175
0.029725	3444.182256
0.02973	3444.670766
0.029734	3445.149258
0.029738	3445.645128
0.029742	3446.136126
0.029746	3446.621027
0.02975	3447.116331
0.029755	3447.623383
0.029759	3448.12809
0.029763	3448.632767
0.029767	3449.13348
0.029771	3449.616551
0.029776	3450.116102
0.02978	3450.611032
0.029785	3451.101716
0.029789	3451.600772
0.029794	3452.096319
0.029798	3452.591087
0.029802	3453.081539
0.029806	3453.57289
0.029811	3454.06415
0.029815	3454.554329
0.029819	3455.041363
0.029823	3455.5268
0.029827	3456.012733
0.029832	3456.506298
0.029836	3457.007942
0.02984	3457.499819
0.029844	3457.993758
0.029849	3458.498101
0.029853	3459.000159
0.029857	3459.51624
0.029861	3460.017206
0.029866	3460.516493
0.02987	3461.019714
0.029874	3461.521994
0.029878	3462.010111
0.029883	3462.485417
0.029887	3462.959804
0.029891	3463.443886
0.029895	3463.937694
0.029899	3464.416812
0.029903	3464.895627
0.029908	3465.375615
0.029912	3465.856492
0.029916	3466.338127
0.029921	3466.832431
0.029925	3467.321184
0.02993	3467.809057
0.029934	3468.297366
0.029938	3468.791346
0.029943	3469.311885
0.029948	3469.805986
0.029952	3470.302726
0.029957	3470.789073
0.029961	3471.293477
0.029965	3471.797658
0.02997	3472.318419
0.029974	3472.833307
0.029979	3473.347244
0.029983	3473.846168
0.029987	3474.346396
0.029992	3474.862022
0.029997	3475.393662
0.030001	3475.916951
0.030006	3476.417887
0.03001	3476.918762
0.030015	3477.419546
0.030019	3477.896056
0.030023	3478.384728
0.030027	3478.868507
0.030032	3479.357209
0.030036	3479.851998
0.03004	3480.344128
0.030045	3480.837774
0.030049	3481.323424
0.030053	3481.818081
0.030058	3482.336295
0.030062	3482.836927
0.030066	3483.341755
0.030071	3483.842833
0.030075	3484.342252
0.03008	3484.82871
0.030084	3485.306605
0.030088	3485.790454
0.030092	3486.277934
0.030096	3486.777575
0.0301	3487.267875
0.030104	3487.76234
0.030109	3488.259859
0.030113	3488.790175
0.030118	3489.322027
0.030122	3489.838704
0.030127	3490.331987
0.030131	3490.818536
0.030136	3491.308603
0.030139	3491.794161
0.030144	3492.286615
0.030148	3492.798429
0.030153	3493.322203
0.030157	3493.855401
0.030162	3494.378457
0.030166	3494.88279
0.03017	3495.383847
0.030175	3495.901798
0.030179	3496.440465
0.030184	3496.966888
0.030189	3497.480704
0.030193	3497.995309
0.030198	3498.513088
0.030202	3499.022465
0.030206	3499.536858
0.030211	3500.042313
0.030215	3500.54342
0.030219	3501.037421
0.030224	3501.525122
0.030228	3502.034874
0.030233	3502.561004
0.030237	3503.092068
0.030242	3503.627206
0.030247	3504.147735
0.030251	3504.664867
0.030255	3505.164994
0.03026	3505.655567
0.030264	3506.149992
0.030269	3506.673544
0.030273	3507.201737
0.030278	3507.724611
0.030282	3508.233392
0.030286	3508.744509
0.030291	3509.263218
0.030296	3509.789672
0.030301	3510.344525
0.030305	3510.885183
0.03031	3511.393611
0.030314	3511.879169
0.030319	3512.382895
0.030323	3512.893921
0.030328	3513.399153
0.030332	3513.910159
0.030337	3514.423489
0.030341	3514.950226
0.030346	3515.462809
0.030351	3515.98717
0.030355	3516.509195
0.03036	3517.027075
0.030365	3517.546998
0.030369	3518.072501
0.030373	3518.602453
0.030378	3519.135428
0.030382	3519.664469
0.030387	3520.192702
0.030391	3520.709056
0.030396	3521.219222
0.0304	3521.714304
0.030404	3522.22443
0.030408	3522.731594
0.030413	3523.243388
0.030417	3523.754514
0.030421	3524.26921
0.030426	3524.796048
0.030431	3525.319529
0.030435	3525.859399
0.03044	3526.39292
0.030444	3526.910689
0.030449	3527.421876
0.030454	3527.934145
0.030458	3528.443068
0.030462	3528.946683
0.030467	3529.436649
0.030471	3529.936594
0.030475	3530.446871
0.03048	3530.956896
0.030485	3531.468892
0.030489	3531.977502
0.030493	3532.489508
0.030497	3533.007034
0.030502	3533.515998
0.030506	3534.039246
0.030511	3534.562222
0.030515	3535.079435
0.03052	3535.598984
0.030524	3536.10825
0.030528	3536.62521
0.030533	3537.136135
0.030537	3537.647282
0.030541	3538.153616
0.030545	3538.662772
0.03055	3539.170056
0.030554	3539.681294
0.030558	3540.135623
0.030562	3540.608806
0.030566	3541.109226
0.03057	3541.611921
0.030574	3542.117639
0.030579	3542.65675
0.030583	3543.167594
0.030588	3543.671947
0.030592	3544.166584
0.030596	3544.659128
0.030601	3545.151299
0.030605	3545.642903
0.030609	3546.13844
0.030613	3546.643783
0.030618	3547.150209
0.030622	3547.651802
0.030627	3548.150513
0.030631	3548.657091
0.030636	3549.161838
0.03064	3549.66154
0.030644	3550.168663
0.030649	3550.70089
0.030653	3551.229315
0.030658	3551.754262
0.030662	3552.266218
0.030666	3552.780448
0.03067	3553.276683
0.030675	3553.77499
0.03068	3554.281052
0.030684	3554.774091
0.030688	3555.25692
0.030692	3555.743368
0.030696	3556.233425
0.0307	3556.716466
0.030704	3557.206139
0.030708	3557.704325
0.030713	3558.217858
0.030717	3558.727761
0.030722	3559.244438
0.030726	3559.751339
0.030731	3560.255935
0.030735	3560.768527
0.030739	3561.285791
0.030743	3561.799213
0.030748	3562.298612
0.030752	3562.798071
0.030757	3563.303243
0.030761	3563.751849
0.030764	3564.219927
0.030769	3564.72798
0.030773	3565.229351
0.030777	3565.713999
0.030781	3566.19337
0.030785	3566.64422
0.03079	3567.114765
0.030794	3567.59545
0.030798	3568.075973
0.030802	3568.573431
0.030807	3569.077784
0.030811	3569.582612
0.030815	3570.079848
0.03082	3570.57863
0.030824	3571.071912
0.030828	3571.564133
0.030832	3572.046032
0.030837	3572.528789
0.030841	3573.000042
0.030845	3573.475915
0.030849	3573.956853
0.030854	3574.448386
0.030858	3574.943741
0.030862	3575.437225
0.030867	3575.947938
0.030871	3576.458913
0.030874	3576.973002
0.030878	3577.487232
0.030883	3577.98098
0.030887	3578.482492
0.030891	3578.978787
0.030896	3579.472534
0.0309	3579.960246
0.030904	3580.452305
0.030908	3580.93481
0.030913	3581.420742
0.030917	3581.929423
0.030921	3582.439356
0.030926	3582.95113
0.03093	3583.46256
0.030935	3583.967287
0.030939	3584.481224
0.030943	3584.975265
0.030948	3585.479881
0.030952	3585.971384
0.030956	3586.455294
0.03096	3586.93149
0.030964	3587.402167
0.030968	3587.881548
0.030973	3588.377115
0.030977	3588.88989
0.030982	3589.396285
0.030986	3589.920322
0.03099	3590.444359
0.030995	3590.970439
0.030999	3591.486843
0.031004	3592.003985
0.031008	3592.519065
0.031013	3593.037633
0.031017	3593.534242
0.031021	3594.028191
0.031025	3594.498696
0.031028	3594.956876
0.031032	3595.442535
0.031037	3595.919378
0.031041	3596.384261
0.031045	3596.873015
0.031049	3597.371099
0.031053	3597.865837
0.031058	3598.348565
0.031062	3598.833031
0.031066	3599.320804
0.03107	3599.820344
0.031074	3600.324829
0.031078	3600.833964
0.031082	3601.345252
0.031086	3601.837028
0.03109	3602.336265
0.031095	3602.826777
0.031099	3603.339097
0.031103	3603.842651
0.031108	3604.343304
0.031112	3604.851913
0.031116	3605.343892
0.03112	3605.832695
0.031124	3606.316151
0.031128	3606.804135
0.031133	3607.305061
0.031137	3607.79986
0.031141	3608.285276
0.031146	3608.779711
0.03115	3609.277655
0.031154	3609.767742
0.031159	3610.271509
0.031163	3610.771474
0.031167	3611.285987
0.031171	3611.785023
0.031175	3612.26312
0.03118	3612.770445
0.031184	3613.293168
0.031188	3613.815355
0.031193	3614.334883
0.031197	3614.849741
0.031201	3615.358117
0.031205	3615.851683
0.031209	3616.343509
0.031213	3616.844496
0.031217	3617.33332
0.031221	3617.830848
0.031226	3618.338618
0.03123	3618.86309
0.031235	3619.397076
0.031239	3619.910589
0.031244	3620.403002
0.031247	3620.891937
0.031252	3621.364473
0.031256	3621.84712
0.03126	3622.324317
0.031264	3622.802464
0.031268	3623.289125
0.031272	3623.791284
0.031276	3624.288125
0.031281	3624.795167
0.031285	3625.303069
0.031289	3625.798424
0.031294	3626.293981
0.031298	3626.78975
0.031302	3627.280202
0.031307	3627.771159
0.031311	3628.282134
0.031316	3628.818192
0.03132	3629.342846
0.031325	3629.862182
0.03133	3630.376575
0.031334	3630.895011
0.031339	3631.417431
0.031343	3631.932015
0.031348	3632.421911
0.031353	3632.914263
0.031357	3633.412024
0.031361	3633.916003
0.031365	3634.409295
0.03137	3634.886826
0.031374	3635.372678
0.031379	3635.879953
0.031383	3636.434421
0.031389	3636.985938
0.031393	3637.507711
0.031398	3638.011942
0.031403	3638.532421
0.031407	3639.057287
0.031412	3639.576755
0.031416	3640.08226
0.031421	3640.570205
0.031425	3641.066752
0.031429	3641.561895
0.031434	3642.066612
0.031438	3642.569499
0.031443	3643.061275
0.031447	3643.557297
0.031451	3644.050883
0.031455	3644.54555
0.03146	3645.040107
0.031464	3645.54721
0.031469	3646.062229
0.031473	3646.585265
0.031477	3647.097029
0.031482	3647.6132
0.031486	3648.127896
0.031491	3648.626992
0.031495	3649.117989
0.0315	3649.61843
0.031504	3650.124178
0.031509	3650.63761
0.031513	3651.145541
0.031517	3651.654899
0.031522	3652.166491
0.031526	3652.67147
0.031531	3653.173063
0.031535	3653.681218
0.031539	3654.179494
0.031544	3654.680926
0.031548	3655.175967
0.031553	3655.681129
0.031557	3656.198443
0.031562	3656.708154
0.031566	3657.219524
0.031571	3657.745098
0.031576	3658.28243
0.03158	3658.811846
0.031585	3659.342313
0.031589	3659.854471
0.031594	3660.358743
0.031598	3660.868717
0.031602	3661.37944
0.031606	3661.871044
0.03161	3662.362254
0.031614	3662.852695
0.031619	3663.362417
0.031624	3663.873523
0.031628	3664.372386
0.031632	3664.862423
0.031636	3665.368242
0.031641	3665.891279
0.031645	3666.415336
0.03165	3666.935441
0.031654	3667.457092
0.031658	3667.99224
0.031663	3668.533485
0.031668	3669.067703
0.031673	3669.596401
0.031677	3670.112017
0.031681	3670.631828
0.031685	3671.139002
0.031689	3671.632679
0.031694	3672.126416
0.031698	3672.633458
0.031703	3673.135122
0.031707	3673.633389
0.031712	3674.134405
0.031716	3674.647827
0.031721	3675.164787
0.031726	3675.678148
0.03173	3676.19063
0.031734	3676.697136
0.031739	3677.189761
0.031743	3677.688564
0.031747	3678.196465
0.031752	3678.727539
0.031757	3679.25461
0.031761	3679.767748
0.031765	3680.2646
0.03177	3680.752776
0.031774	3681.257685
0.031779	3681.77596
0.031783	3682.306165
0.031788	3682.844306
0.031792	3683.363328
0.031797	3683.878418
0.031801	3684.398725
0.031806	3684.905767
0.03181	3685.408978
0.031814	3685.908043
0.031818	3686.400577
0.031823	3686.891069
0.031827	3687.332851
0.031831	3687.812464
0.031836	3688.320952
0.03184	3688.816115
0.031844	3689.28665
0.031848	3689.764332
0.031852	3690.242025
0.031856	3690.721274
0.03186	3691.198886
0.031864	3691.694271
0.031869	3692.198452
0.031873	3692.694262
0.031877	3693.185199
0.031882	3693.672072
0.031886	3694.173796
0.03189	3694.668453
0.031895	3695.166801
0.031899	3695.660235
0.031903	3696.149322
0.031907	3696.662784
0.031912	3697.164033
0.031916	3697.663867
0.031921	3698.169332
0.031925	3698.689649
0.03193	3699.203879
0.031934	3699.719303
0.031938	3700.221876
0.031942	3700.713662
0.031946	3701.206864
0.03195	3701.709993
0.031955	3702.223799
0.031959	3702.749242
0.031964	3703.282439
0.031969	3703.813493
0.031973	3704.321566
0.031977	3704.811128
0.031981	3705.303258
0.031986	3705.811958
0.03199	3706.314178
0.031993	3706.812667
0.031998	3707.309751
0.032002	3707.804105
0.032006	3708.297741
0.032011	3708.77967
0.032014	3709.270516
0.032019	3709.752434
0.032023	3710.238953
0.032027	3710.68855
0.032031	3711.157679
0.032036	3711.644814
0.03204	3712.141858
0.032044	3712.635272
0.032049	3713.136379
0.032053	3713.633028
0.032058	3714.13817
0.032062	3714.654281
0.032066	3715.16746
0.032071	3715.672773
0.032075	3716.172263
0.032079	3716.678102
0.032084	3717.183992
0.032088	3717.690731
0.032092	3718.202515
0.032096	3718.699316
0.032101	3719.195914
0.032105	3719.684121
0.03211	3720.1633
0.032114	3720.642833
0.032118	3721.134002
0.032122	3721.639376
0.032127	3722.147136
0.032131	3722.642279
0.032135	3723.138008
0.03214	3723.638296
0.032144	3724.12989
0.032148	3724.609433
0.032153	3725.100754
0.032157	3725.615602
0.032161	3726.115152
0.032165	3726.593664
0.032169	3727.061317
0.032174	3727.536866
0.032178	3728.023607
0.032182	3728.505819
0.032186	3728.99618
0.03219	3729.486217
0.032195	3729.978235
0.032199	3730.499331
0.032204	3730.99964
0.032208	3731.480982
0.032212	3731.949737
0.032217	3732.427622
0.032221	3732.950618
0.032226	3733.484846
0.03223	3733.996307
0.032235	3734.488204
0.032239	3734.976522
0.032243	3735.454417
0.032247	3735.930815
0.032251	3736.416566
0.032256	3736.907472
0.03226	3737.393799
0.032264	3737.881511
0.032269	3738.360568
0.032273	3738.846177
0.032277	3739.328773
0.032281	3739.809984
0.032286	3740.294157
0.03229	3740.76913
0.032294	3741.255345
0.032298	3741.731956
0.032302	3742.219486
0.032306	3742.701971
0.03231	3743.206819
0.032315	3743.703236
0.032319	3744.185356
0.032323	3744.669418
0.032327	3745.154825
0.032331	3745.64007
0.032336	3746.139631
0.03234	3746.629031
0.032344	3747.116318
0.032349	3747.611713
0.032353	3748.120343
0.032357	3748.638061
0.032362	3749.164848
0.032367	3749.678017
0.032371	3750.171249
0.032375	3750.661549
0.032379	3751.156742
0.032384	3751.653058
0.032388	3752.150111
0.032392	3752.656223
0.032397	3753.170838
0.032402	3753.708999
0.032406	3754.220267
0.03241	3754.723266
0.032415	3755.215729
0.032419	3755.713379
0.032423	3756.188504
0.032428	3756.669492
0.032432	3757.142221
0.032436	3757.625919
0.032441	3758.110183
0.032445	3758.590605
0.032449	3759.073141
0.032453	3759.608976
0.032458	3760.13912
0.032462	3760.653492
0.032466	3761.157148
0.032471	3761.650683
0.032475	3762.144268
0.03248	3762.640796
0.032484	3763.160688
0.032489	3763.674949
0.032493	3764.185126
0.032498	3764.696546
0.032502	3765.163016
0.032506	3765.641022
0.03251	3766.116763
0.032514	3766.578573
0.032519	3767.07961
0.032523	3767.610876
0.032527	3768.128665
0.032532	3768.641612
0.032536	3769.159472
0.03254	3769.682215
0.032545	3770.196921
0.032549	3770.704741
0.032553	3771.210742
0.032557	3771.720939
0.032562	3772.231297
0.032567	3772.744507
0.032571	3773.255259
0.032575	3773.762059
0.03258	3774.267554
0.032584	3774.779914
0.032589	3775.276665
0.032593	3775.76109
0.032597	3776.249823
0.032602	3776.728658
0.032606	3777.213802
0.03261	3777.702232
0.032614	3778.200225
0.032619	3778.730147
0.032623	3779.257389
0.032628	3779.783054
0.032633	3780.301885
0.032637	3780.796158
0.032641	3781.277713
0.032645	3781.769772
0.032649	3782.2269
0.032653	3782.695757
0.032657	3783.205266
0.032662	3783.739494
0.032666	3784.27351
0.032671	3784.802471
0.032675	3785.311798
0.03268	3785.817516
0.032684	3786.317946
0.032689	3786.815222
0.032693	3787.313782
0.032697	3787.820854
0.032702	3788.33463
0.032706	3788.844877
0.032711	3789.351555
0.032715	3789.870962
0.032719	3790.392684
0.032724	3790.899373
0.032728	3791.416353
0.032732	3791.930523
0.032737	3792.444036
0.032741	3792.962796
0.032745	3793.481738
0.03275	3794.003864
0.032755	3794.514981
0.032759	3795.04197
0.032763	3795.559487
0.032767	3796.07211
0.032772	3796.569011
0.032776	3797.055409
0.03278	3797.570074
0.032784	3798.096659
0.032789	3798.614772
0.032793	3799.130934
0.032797	3799.645649
0.032801	3800.162074
0.032806	3800.671057
0.03281	3801.188867
0.032815	3801.701854
0.032819	3802.217813
0.032823	3802.728566
0.032827	3803.23396
0.032831	3803.72799
0.032835	3804.207119
0.03284	3804.701897
0.032844	3805.193825
0.032848	3805.688877
0.032852	3806.196576
0.032856	3806.700939
0.032861	3807.209478
0.032865	3807.715206
0.03287	3808.22704
0.032874	3808.742251
0.032878	3809.258221
0.032883	3809.776374
0.032887	3810.280737
0.032891	3810.785929
0.032896	3811.296055
0.0329	3811.809244
0.032905	3812.3249
0.032909	3812.843529
0.032913	3813.373622
0.032919	3813.895253
0.032923	3814.402902
0.032927	3814.896558
0.032931	3815.382905
0.032935	3815.873599
0.032939	3816.37227
0.032944	3816.870345
0.032948	3817.369431
0.032952	3817.859144
0.032957	3818.357006
0.032962	3818.864777
0.032966	3819.391523
0.03297	3819.914853
0.032975	3820.432369
0.032979	3820.949764
0.032984	3821.462296
0.032988	3821.969864
0.032992	3822.461246
0.032997	3822.972231
0.033001	3823.477656
0.033005	3823.99402
0.03301	3824.50458
0.033014	3825.015495
0.033019	3825.521293
0.033023	3826.036403
0.033028	3826.553525
0.033032	3827.071861
0.033036	3827.584474
0.033041	3828.104103
0.033045	3828.611903
0.033049	3829.121574
0.033054	3829.631953
0.033059	3830.15228
0.033063	3830.655986
0.033067	3831.17149
0.033072	3831.70309
0.033076	3832.232142
0.033081	3832.755562
0.033086	3833.274181
0.03309	3833.780616
0.033093	3834.243649
0.033098	3834.724779
0.033102	3835.226564
0.033107	3835.744121
0.033112	3836.272041
0.033117	3836.795421
0.033121	3837.319731
0.033125	3837.838926
0.033129	3838.355856
0.033134	3838.870966
0.033138	3839.389716
0.033143	3839.904431
0.033147	3840.404316
0.033152	3840.908153
0.033156	3841.409119
0.03316	3841.908548
0.033164	3842.411466
0.033168	3842.910743
0.033173	3843.413913
0.033177	3843.918428
0.033181	3844.424207
0.033185	3844.926376
0.03319	3845.437482
0.033195	3845.951703
0.033199	3846.460332
0.033203	3846.97246
0.033208	3847.496295
0.033212	3848.019271
0.033217	3848.539456
0.033221	3849.060895
0.033226	3849.570809
0.03323	3850.079954
0.033234	3850.593972
0.033239	3851.108981
0.033243	3851.613102
0.033248	3852.120649
0.033252	3852.620999
0.033256	3853.123319
0.03326	3853.614519
0.033265	3854.104142
0.033269	3854.585342
0.033273	3855.052055
0.033277	3855.523025
0.033282	3855.996299
0.033286	3856.492675
0.03329	3856.995532
0.033295	3857.507457
0.033299	3858.004329
0.033303	3858.501463
0.033308	3858.992552
0.033312	3859.486855
0.033316	3859.992007
0.033321	3860.487079
0.033325	3860.977257
0.033329	3861.461633
0.033333	3861.955916
0.033338	3862.465041
0.033343	3862.995195
0.033347	3863.517594
0.033352	3864.035849
0.033356	3864.537118
0.03336	3865.019694
0.033364	3865.501602
0.033368	3865.988677
0.033372	3866.469059
0.033376	3866.938603
0.03338	3867.414961
0.033384	3867.894918
0.033388	3868.387614
0.033393	3868.875579
0.033397	3869.372036
0.033401	3869.860354
0.033405	3870.334629
0.033409	3870.818388
0.033414	3871.315158
0.033418	3871.820876
0.033423	3872.318991
0.033427	3872.808118
0.033431	3873.292706
0.033436	3873.788132
0.03344	3874.297914
0.033444	3874.808879
0.033449	3875.325182
0.033454	3875.841869
0.033458	3876.35246
0.033462	3876.856732
0.033467	3877.341542
0.033471	3877.823299
0.033475	3878.302013
0.033479	3878.795841
0.033483	3879.283411
0.033488	3879.775561
0.033492	3880.27857
0.033496	3880.779536
0.0335	3881.286376
0.033505	3881.78074
0.033509	3882.276499
0.033513	3882.77973
0.033518	3883.263853
0.033522	3883.757843
0.033526	3884.261013
0.03353	3884.758835
0.033535	3885.253836
0.033539	3885.761343
0.033543	3886.279112
0.033548	3886.78762
0.033552	3887.298606
0.033557	3887.809388
0.033561	3888.316047
0.033565	3888.824888
0.03357	3889.322003
0.033574	3889.815012
0.033579	3890.313481
0.033583	3890.824011
0.033588	3891.345096
0.033593	3891.858103
0.033597	3892.369837
0.033601	3892.883592
0.033606	3893.387389
0.03361	3893.886222
0.033615	3894.397763
0.033619	3894.890247
0.033624	3895.374117
0.033628	3895.869077
0.033632	3896.362471
0.033636	3896.868775
0.033641	3897.357316
0.033645	3897.847959
0.03365	3898.348471
0.033654	3898.834878
0.033658	3899.313986
0.033663	3899.785562
0.033667	3900.266237
0.033671	3900.73473
0.033675	3901.200603
0.033679	3901.684221
0.033684	3902.187664
0.033688	3902.678267
0.033693	3903.181578
0.033697	3903.684748
0.033701	3904.19999
0.033706	3904.712471
0.03371	3905.21459
0.033715	3905.713827
0.033719	3906.201792
0.033723	3906.699887
0.033727	3907.196859
0.033732	3907.702638
0.033736	3908.212642
0.03374	3908.704772
0.033745	3909.201714
0.033749	3909.697898
0.033754	3910.206194
0.033758	3910.735094
0.033763	3911.25808
0.033767	3911.771209
0.033772	3912.285015
0.033776	3912.792906
0.033781	3913.300828
0.033785	3913.800834
0.033789	3914.298342
0.033793	3914.79217
0.033798	3915.296897
0.033802	3915.784478
0.033806	3916.275253
0.03381	3916.766331
0.033815	3917.249048
0.033819	3917.749185
0.033823	3918.251031
0.033828	3918.747367
0.033832	3919.23246
0.033836	3919.724731
0.03384	3920.221431
0.033844	3920.729878
0.033849	3921.245545
0.033853	3921.751819
0.033858	3922.255019
0.033862	3922.763446
0.033867	3923.254899
0.033871	3923.745815
0.033875	3924.217037
0.033879	3924.684387
0.033883	3925.153699
0.033888	3925.630006
0.033892	3926.116697
0.033897	3926.616035
0.033901	3927.115687
0.033905	3927.610739
0.03391	3928.113019
0.033914	3928.60989
0.033919	3929.105235
0.033923	3929.591764
0.033927	3930.067445
0.033931	3930.53896
0.033935	3931.016653
0.03394	3931.514191
0.033944	3932.005907
0.033949	3932.512049
0.033953	3933.019658
0.033958	3933.523414
0.033962	3934.038888
0.033967	3934.542594
0.033971	3935.043317
0.033976	3935.559064
0.033981	3936.085953
0.033986	3936.612245
0.03399	3937.139093
0.033995	3937.656922
0.033999	3938.159627
0.034003	3938.638473
0.034008	3939.125921
0.034012	3939.598589
0.034016	3940.080205
0.03402	3940.556259
0.034024	3941.043597
0.034029	3941.537132
0.034033	3942.036319
0.034038	3942.539762
0.034042	3943.060261
0.034046	3943.57991
0.034051	3944.095546
0.034056	3944.613022
0.034061	3945.132621
0.034065	3945.648712
0.03407	3946.166076
0.034074	3946.678568
0.034078	3947.191171
0.034083	3947.702297
0.034087	3948.214294
0.034092	3948.722559
0.034096	3949.22121
0.0341	3949.711621
0.034105	3950.208988
0.034109	3950.70588
0.034113	3951.220323
0.034118	3951.721734
0.034122	3952.216947
0.034126	3952.703476
0.034131	3953.19046
0.034134	3953.681245
0.034139	3954.173001
0.034143	3954.666859
0.034148	3955.163245
0.034152	3955.669175
0.034157	3956.170051
0.034161	3956.679529
0.034165	3957.187077
0.03417	3957.697951
0.034174	3958.192426
0.034179	3958.694029
0.034184	3959.191841
0.034188	3959.687146
0.034193	3960.169873
0.034197	3960.65439
0.034201	3961.127452
0.034206	3961.613263
0.03421	3962.087013
0.034214	3962.56419
0.034219	3963.047008
0.034223	3963.552807
0.034227	3964.0801
0.034232	3964.599951
0.034236	3965.111078
0.03424	3965.6135
0.034245	3966.12215
0.034249	3966.634459
0.034253	3967.140592
0.034258	3967.644409
0.034262	3968.151107
0.034266	3968.645633
0.034271	3969.146579
0.034275	3969.648263
0.034279	3970.144164
0.034284	3970.651722
0.034288	3971.144772
0.034292	3971.663622
0.034296	3972.179572
0.0343	3972.687281
0.034305	3973.167683
0.034309	3973.650219
0.034313	3974.136474
0.034318	3974.624884
0.034322	3975.110654
0.034326	3975.599994
0.03433	3976.087918
0.034334	3976.569442
0.034338	3977.043131
0.034342	3977.513747
0.034347	3978.005765
0.034351	3978.501181
0.034355	3979.009669
0.03436	3979.516236
0.034364	3980.016191
0.034368	3980.524881
0.034373	3981.032864
0.034377	3981.540856
0.034381	3982.048232
0.034385	3982.536793
0.034389	3983.032987
0.034394	3983.519698
0.034398	3983.991587
0.034402	3984.473718
0.034406	3984.967324
0.034411	3985.459717
0.034415	3985.959075
0.034419	3986.462256
0.034424	3986.978235
0.034428	3987.491677
0.034433	3988.007849
0.034437	3988.504033
0.034441	3988.990177
0.034446	3989.488727
0.03445	3989.986296
0.034454	3990.488961
0.034458	3990.996741
0.034463	3991.503359
0.034467	3992.005973
0.034471	3992.504654
0.034476	3993.014062
0.03448	3993.529738
0.034485	3994.040986
0.034489	3994.545097
0.034494	3995.043383
0.034498	3995.551962
0.034503	3996.055537
0.034507	3996.553703
0.034511	3997.057691
0.034516	3997.556231
0.03452	3998.029354
0.034524	3998.511576
0.034528	3998.999318
0.034532	3999.480984
0.034537	3999.96266
0.034541	4000.433589
0.034545	4000.909825
0.03455	4001.394656
0.034554	4001.896633
0.034558	4002.39864
0.034563	4002.915156
0.034567	4003.427314
0.034571	4003.920374
0.034575	4004.399482
0.034579	4004.856641
0.034583	4005.336214
0.034587	4005.815423
0.034591	4006.291326
0.034595	4006.765834
0.034599	4007.242232
0.034604	4007.723908
0.034608	4008.208648
0.034612	4008.697461
0.034616	4009.19134
0.03462	4009.697311
0.034624	4010.187823
0.034629	4010.685897
0.034633	4011.180696
0.034638	4011.681834
0.034642	4012.188705
0.034646	4012.699508
0.03465	4013.211909
0.034655	4013.709649
0.034659	4014.210777
0.034663	4014.710136
0.034667	4015.208109
0.034672	4015.700896
0.034676	4016.201094
0.03468	4016.723756
0.034685	4017.232022
0.034689	4017.741561
0.034693	4018.233529
0.034698	4018.724931
0.034702	4019.20409
0.034707	4019.688688
0.034711	4020.176217
0.034715	4020.658116
0.034719	4021.156817
0.034724	4021.652142
0.034728	4022.141461
0.034733	4022.62521
0.034737	4023.099505
0.034741	4023.569282
0.034745	4024.046721
0.03475	4024.539134
0.034754	4025.034944
0.034758	4025.528217
0.034762	4026.001946
0.034766	4026.479861
0.034771	4026.979533
0.034775	4027.473109
0.034779	4027.973994
0.034783	4028.474535
0.034787	4028.965977
0.034792	4029.45832
0.034796	4029.943453
0.034801	4030.42334
0.034804	4030.90176
0.034809	4031.394871
0.034813	4031.887162
0.034818	4032.383245
0.034822	4032.874758
0.034827	4033.371478
0.034831	4033.860181
0.034835	4034.342726
0.034839	4034.830074
0.034844	4035.320323
0.034848	4035.827123
0.034853	4036.340797
0.034857	4036.845939
0.034861	4037.346854
0.034866	4037.848043
0.03487	4038.349878
0.034875	4038.845476
0.034879	4039.338667
0.034883	4039.892186
0.034888	4040.426717
0.034893	4040.938451
0.034897	4041.455158
0.034902	4041.968246
0.034906	4042.449437
0.03491	4042.940536
0.034915	4043.451642
0.034919	4043.983414
0.034924	4044.509968
0.034928	4045.033116
0.034933	4045.542676
0.034937	4046.055936
0.034942	4046.564606
0.034946	4047.076491
0.03495	4047.589629
0.034955	4048.10298
0.034959	4048.603522
0.034963	4049.104619
0.034968	4049.60599
0.034972	4050.102619
0.034976	4050.571465
0.03498	4051.0558
0.034985	4051.546464
0.034989	4052.046601
0.034994	4052.550468
0.034998	4053.077529
0.035003	4053.59923
0.035007	4054.113491
0.035012	4054.635739
0.035016	4055.163497
0.035021	4055.698019
0.035025	4056.226029
0.03503	4056.753312
0.035035	4057.269382
0.035039	4057.778831
0.035044	4058.277461
0.035048	4058.787062
0.035053	4059.270992
0.035056	4059.752749
0.035061	4060.242644
0.035065	4060.737494
0.035069	4061.232657
0.035074	4061.735109
0.035078	4062.252292
0.035082	4062.774438
0.035087	4063.282906
0.035091	4063.800857
0.035096	4064.322023
0.035101	4064.865887
0.035106	4065.421255
0.03511	4065.97074
0.035115	4066.502906
0.035119	4067.031947
0.035123	4067.551172
0.035128	4068.060803
0.035132	4068.566682
0.035137	4069.066263
0.035141	4069.576682
0.035146	4070.084705
0.03515	4070.58644
0.035154	4071.090075
0.035158	4071.588746
0.035162	4072.10151
0.035167	4072.628641
0.035171	4073.149717
0.035175	4073.674532
0.03518	4074.186336
0.035184	4074.699778
0.035189	4075.216547
0.035193	4075.729362
0.035198	4076.233634
0.035202	4076.722468
0.035206	4077.215669
0.03521	4077.715574
0.035215	4078.219694
0.035219	4078.742164
0.035224	4079.260813
0.035228	4079.797336
0.035233	4080.330897
0.035238	4080.863599
0.035242	4081.374412
0.035247	4081.890523
0.035251	4082.403268
0.035256	4082.908248
0.03526	4083.402319
0.035264	4083.905206
0.035269	4084.405565
0.035273	4084.903286
0.035277	4085.395375
0.035282	4085.893965
0.035286	4086.37554
0.03529	4086.866497
0.035294	4087.362236
0.035299	4087.869218
0.035303	4088.372014
0.035307	4088.869512
0.035312	4089.384784
0.035316	4089.893211
0.03532	4090.385584
0.035324	4090.85622
0.035328	4091.342192
0.035332	4091.851732
0.035337	4092.365659
0.035342	4092.860428
0.035346	4093.355075
0.03535	4093.821323
0.035354	4094.294355
0.035358	4094.773938
0.035363	4095.280414
0.035367	4095.802015
0.035372	4096.30753
0.035376	4096.828484
0.035381	4097.348164
0.035385	4097.858259
0.03539	4098.365383
0.035394	4098.873668
0.035398	4099.374705
0.035402	4099.873831
0.035407	4100.370804
0.035412	4100.861458
0.035416	4101.358329
0.03542	4101.853148
0.035425	4102.338292
0.035429	4102.844262
0.035434	4103.365206
0.035438	4103.890083
0.035443	4104.393596
0.035447	4104.88881
0.035451	4105.379747
0.035455	4105.874424
0.03546	4106.371296
0.035464	4106.868834
0.035469	4107.37156
0.035473	4107.880088
0.035477	4108.388758
0.035482	4108.907518
0.035486	4109.425691
0.035491	4109.94799
0.035495	4110.47138
0.0355	4110.997288
0.035504	4111.508
0.035509	4112.006823
0.035513	4112.490046
0.035517	4112.989778
0.035521	4113.506273
0.035526	4113.995957
0.03553	4114.470889
0.035534	4114.947318
0.035538	4115.432209
0.035542	4115.907981
0.035547	4116.404963
0.035552	4116.91704
0.035556	4117.42661
0.035561	4117.923148
0.035565	4118.415793
0.035569	4118.906973
0.035573	4119.387314
0.035577	4119.865199
0.035581	4120.339181
0.035585	4120.849813
0.03559	4121.376408
0.035595	4121.891882
0.035599	4122.40683
0.035604	4122.925095
0.035608	4123.442126
0.035613	4123.950502
0.035617	4124.455866
0.035622	4124.952222
0.035626	4125.453431
0.03563	4125.9519
0.035634	4126.447689
0.035638	4126.955096
0.035643	4127.460975
0.035647	4127.95906
0.035652	4128.467093
0.035656	4128.987096
0.03566	4129.491015
0.035664	4129.991819
0.035668	4130.48776
0.035672	4130.975654
0.035676	4131.456278
0.03568	4131.925792
0.035684	4132.395386
0.035688	4132.879893
0.035692	4133.395175
0.035696	4133.898123
0.035701	4134.407612
0.035705	4134.909852
0.035709	4135.410504
0.035714	4135.902169
0.035718	4136.419635
0.035722	4136.924129
0.035727	4137.428604
0.035731	4137.935959
0.035735	4138.4465
0.035739	4138.963035
0.035743	4139.465619
0.035748	4139.962925
0.035751	4140.459857
0.035756	4140.951087
0.03576	4141.442742
0.035764	4141.941979
0.035769	4142.440549
0.035773	4142.939706
0.035777	4143.434909
0.035781	4143.931477
0.035786	4144.421736
0.03579	4144.928506
0.035794	4145.433961
0.035799	4145.949809
0.035803	4146.455729
0.035807	4146.959839
0.035811	4147.454163
0.035816	4147.961903
0.03582	4148.489782
0.035825	4149.026325
0.035829	4149.560018
0.035834	4150.082711
0.035838	4150.587458
0.035843	4151.089617
0.035847	4151.58668
0.035851	4152.07876
0.035856	4152.552722
0.03586	4153.030222
0.035864	4153.512565
0.035868	4154.013016
0.035873	4154.519441
0.035877	4155.029092
0.035881	4155.538965
0.035886	4156.039122
0.03589	4156.529139
0.035894	4157.015122
0.035898	4157.508303
0.035902	4157.999422
0.035906	4158.489702
0.03591	4158.972439
0.035914	4159.467673
0.035919	4159.954586
0.035923	4160.463246
0.035928	4160.974079
0.035932	4161.483124
0.035936	4161.98322
0.035941	4162.497633
0.035946	4163.020881
0.03595	4163.548336
0.035955	4164.097689
0.03596	4164.64957
0.035965	4165.209154
0.035969	4165.749216
0.035974	4166.257441
0.035978	4166.754788
0.035983	4167.261739
0.035987	4167.79442
0.035992	4168.311553
0.035997	4168.80531
0.036001	4169.294508
0.036005	4169.787012
0.036009	4170.284116
0.036013	4170.793716
0.036018	4171.298959
0.036022	4171.805243
0.036027	4172.321081
0.036032	4172.829771
0.036036	4173.338795
0.03604	4173.842652
0.036045	4174.351069
0.036049	4174.871245
0.036053	4175.393169
0.036057	4175.909745
0.036062	4176.431316
0.036066	4176.976867
0.036071	4177.512107
0.036075	4178.051026
0.03608	4178.556592
0.036084	4179.044749
0.036088	4179.508237
0.036092	4179.978478
0.036096	4180.471285
0.036101	4180.98406
0.036106	4181.51386
0.03611	4182.030932
0.036115	4182.545941
0.03612	4183.071353
0.036125	4183.585765
0.036129	4184.105132
0.036133	4184.625671
0.036138	4185.137506
0.036142	4185.660522
0.036147	4186.194265
0.036151	4186.717261
0.036156	4187.217458
0.03616	4187.720214
0.036165	4188.280931
0.036169	4188.809851
0.036174	4189.317187
0.036179	4189.832277
0.036183	4190.357871
0.036188	4190.892362
0.036193	4191.421869
0.036198	4191.952003
0.036202	4192.473088
0.036207	4192.989543
0.036211	4193.512387
0.036216	4194.043785
0.03622	4194.559218
0.036225	4195.078433
0.03623	4195.59964
0.036234	4196.135991
0.036239	4196.66754
0.036243	4197.195308
0.036248	4197.727979
0.036252	4198.247235
0.036257	4198.76556
0.036261	4199.269124
0.036265	4199.743602
0.036269	4200.22276
0.036273	4200.710047
0.036278	4201.20521
0.036282	4201.694105
0.036286	4202.203796
0.03629	4202.710616
0.036295	4203.229062
0.036299	4203.726793
0.036303	4204.217669
0.036307	4204.70068
0.036312	4205.191071
0.036316	4205.704684
0.036321	4206.237568
0.036325	4206.765559
0.03633	4207.291426
0.036335	4207.817718
0.03634	4208.346881
0.036344	4208.878157
0.036349	4209.406997
0.036353	4209.937697
0.036358	4210.454273
0.036362	4210.967573
0.036366	4211.485969
0.036371	4212.003061
0.036376	4212.528483
0.03638	4213.057222
0.036385	4213.583564
0.036389	4214.114385
0.036394	4214.651899
0.036398	4215.176988
0.036403	4215.71428
0.036407	4216.242604
0.036412	4216.756197
0.036416	4217.271136
0.036421	4217.786054
0.036425	4218.298818
0.03643	4218.801139
0.036434	4219.309607
0.036439	4219.817761
0.036443	4220.324278
0.036448	4220.834272
0.036452	4221.337634
0.036456	4221.86336
0.036461	4222.38579
0.036465	4222.918775
0.03647	4223.439405
0.036474	4223.934719
0.036479	4224.432976
0.036483	4224.933083
0.036487	4225.439407
0.036492	4225.949038
0.036496	4226.464087
0.036501	4226.990854
0.036505	4227.505752
0.036509	4227.998549
0.036514	4228.50825
0.036518	4229.038809
0.036523	4229.557073
0.036528	4230.074549
0.036532	4230.59433
0.036537	4231.108409
0.036541	4231.622781
0.036545	4232.142531
0.03655	4232.666508
0.036554	4233.174349
0.036559	4233.694363
0.036563	4234.211778
0.036568	4234.745895
0.036572	4235.26878
0.036577	4235.764044
0.036582	4236.269903
0.036586	4236.786095
0.03659	4237.305229
0.036595	4237.826567
0.036599	4238.349907
0.036604	4238.875339
0.036608	4239.371149
0.036612	4239.856323
0.036616	4240.355722
0.036621	4240.860843
0.036625	4241.36925
0.03663	4241.87513
0.036634	4242.384245
0.036639	4242.905805
0.036643	4243.422846
0.036648	4243.937683
0.036652	4244.445747
0.036656	4244.962434
0.036661	4245.478919
0.036666	4245.986406
0.03667	4246.467223
0.036674	4246.961739
0.036679	4247.469367
0.036684	4247.975207
0.036688	4248.487951
0.036693	4248.994012
0.036697	4249.484353
0.036702	4249.97902
0.036706	4250.475123
0.03671	4250.985148
0.036715	4251.491786
0.036719	4251.995623
0.036723	4252.492849
0.036728	4252.990306
0.036732	4253.492769
0.036736	4253.997658
0.036741	4254.497956
0.036746	4255.015018
0.03675	4255.524537
0.036754	4256.035118
0.036759	4256.54036
0.036763	4257.024048
0.036767	4257.520788
0.036771	4258.031238
0.036776	4258.547804
0.03678	4259.054987
0.036785	4259.587982
0.036789	4260.118561
0.036793	4260.657015
0.036798	4261.198563
0.036802	4261.729607
0.036807	4262.242948
0.036811	4262.744894
0.036815	4263.203762
0.03682	4263.68469
0.036824	4264.18236
0.036828	4264.69654
0.036833	4265.224106
0.036838	4265.748618
0.036842	4266.266074
0.036846	4266.75599
0.03685	4267.224452
0.036854	4267.706906
0.036858	4268.185923
0.036863	4268.712104
0.036867	4269.228083
0.036872	4269.745438
0.036876	4270.256403
0.03688	4270.740091
0.036885	4271.214366
0.036889	4271.703362
0.036893	4272.187505
0.036898	4272.686873
0.036902	4273.1943
0.036907	4273.704456
0.036911	4274.217453
0.036916	4274.721523
0.03692	4275.225522
0.036924	4275.700616
0.036928	4276.178855
0.036933	4276.675241
0.036937	4277.174509
0.036941	4277.671724
0.036946	4278.179797
0.03695	4278.701024
0.036955	4279.227852
0.03696	4279.738382
0.036964	4280.245788
0.036968	4280.756571
0.036972	4281.264382
0.036977	4281.760475
0.036981	4282.231141
0.036985	4282.709652
0.036989	4283.188467
0.036993	4283.667039
0.036997	4284.154872
0.037001	4284.654241
0.037006	4285.148363
0.03701	4285.674068
0.037015	4286.201917
0.037019	4286.737712
0.037024	4287.248334
0.037028	4287.757661
0.037032	4288.258425
0.037037	4288.759866
0.037041	4289.260802
0.037046	4289.761353
0.03705	4290.269508
0.037055	4290.77747
0.037059	4291.272521
0.037063	4291.763741
0.037067	4292.258803
0.037071	4292.75246
0.037075	4293.249048
0.037079	4293.741966
0.037084	4294.253578
0.037088	4294.773804
0.037093	4295.283788
0.037097	4295.780215
0.037102	4296.26454
0.037106	4296.755184
0.03711	4297.239761
0.037114	4297.727321
0.037118	4298.221827
0.037122	4298.718082
0.037127	4299.213204
0.037131	4299.703322
0.037135	4300.211881
0.03714	4300.725292
0.037145	4301.23835
0.037149	4301.755128
0.037154	4302.272058
0.037159	4302.784752
0.037163	4303.294595
0.037168	4303.801769
0.037172	4304.290592
0.037176	4304.780134
0.037181	4305.268523
0.037185	4305.765829
0.03719	4306.2709
0.037194	4306.780126
0.037198	4307.291536
0.037203	4307.806302
0.037207	4308.330946
0.037212	4308.84917
0.037216	4309.361116
0.03722	4309.87479
0.037225	4310.383218
0.037229	4310.887823
0.037234	4311.38789
0.037238	4311.885095
0.037242	4312.377548
0.037246	4312.867969
0.037256	4314.0011
0.037266	4315.144513
0.037276	4316.279464
0.037286	4317.415042
0.037296	4318.549487
0.037306	4319.700978
0.037316	4320.831218
0.037325	4321.944088
0.037334	4323.050903
0.037344	4324.164319
0.037354	4325.287441
0.037364	4326.41303
0.037373	4327.544361
0.037383	4328.666654
0.037393	4329.791728
0.037402	4330.918044
0.037412	4332.044422
0.037422	4333.169414
0.037432	4334.296226
0.037441	4335.422351
0.037451	4336.555846
0.037461	4337.689877
0.037471	4338.828892
0.037481	4339.955472
0.03749	4341.088987
0.037501	4342.228649
0.03751	4343.362427
0.037521	4344.490018
0.03753	4345.631186
0.03754	4346.768685
0.03755	4347.908246
0.03756	4349.039648
0.03757	4350.168098
0.03758	4351.291322
0.03759	4352.406467
0.0376	4353.530468
0.037609	4354.65815
0.03762	4355.792939
0.037629	4356.923027
0.037638	4358.030812
0.037648	4359.156957
0.037658	4360.276389
0.037667	4361.387935
0.037677	4362.499501
0.037687	4363.614545
0.037697	4364.73339
0.037707	4365.858211
0.037717	4367.001877
0.037727	4368.132814
0.037737	4369.249738
0.037746	4370.360657
0.037756	4371.469625
0.037765	4372.57557
0.037775	4373.688279
0.037785	4374.809055
0.037795	4375.941822
0.037805	4377.08103
0.037815	4378.225221
0.037825	4379.375003
0.037835	4380.521187
0.037845	4381.677106
0.037856	4382.83348
0.037866	4383.984283
0.037876	4385.132367
0.037886	4386.270655
0.037896	4387.41061
0.037906	4388.551607
0.037916	4389.687134
0.037926	4390.83173
0.037936	4391.973859
0.037946	4393.114582
0.037955	4394.247663
0.037965	4395.381967
0.037975	4396.503259
0.037985	4397.617696
0.037995	4398.734307
0.038005	4399.851383
0.038014	4400.981269
0.038024	4402.114754
0.038034	4403.247238
0.038044	4404.377488
0.038054	4405.519273
0.038063	4406.644114
0.038073	4407.781198
0.038083	4408.919525
0.038094	4410.081774
0.038104	4411.230211
0.038114	4412.381035
0.038124	4413.531191
0.038134	4414.686312
0.038144	4415.839299
0.038154	4416.975939
0.038164	4418.123588
0.038174	4419.26788
0.038184	4420.407927
0.038194	4421.555131
0.038204	4422.698544
0.038214	4423.852259
0.038224	4424.992215
0.038234	4426.143079
0.038244	4427.291921
0.038255	4428.430612
0.038264	4429.567231
0.038274	4430.693225
0.038283	4431.796956
0.038293	4432.907733
0.038303	4434.033868
0.038313	4435.166928
0.038323	4436.320846
0.038333	4437.476785
0.038343	4438.635859
0.038354	4439.788876
0.038364	4440.947808
0.038374	4442.093779
0.038384	4443.237364
0.038394	4444.373114
0.038404	4445.514019
0.038414	4446.653823
0.038424	4447.808468
0.038434	4448.983486
0.038445	4450.158836
0.038455	4451.301329
0.038465	4452.414827
0.038474	4453.540132
0.038484	4454.671555
0.038494	4455.817131
0.038505	4456.970341
0.038515	4458.112501
0.038525	4459.251687
0.038535	4460.392209
0.038544	4461.531406
0.038554	4462.669643
0.038564	4463.812055
0.038574	4464.946884
0.038584	4466.09148
0.038594	4467.228989
0.038604	4468.357257
0.038614	4469.491531
0.038624	4470.619799
0.038634	4471.754163
0.038644	4472.903349
0.038654	4474.04387
0.038664	4475.190589
0.038674	4476.324954
0.038684	4477.460946
0.038694	4478.613206
0.038704	4479.763938
0.038715	4480.910859
0.038724	4482.053646
0.038735	4483.196027
0.038745	4484.335649
0.038755	4485.472248
0.038765	4486.611455
0.038775	4487.743272
0.038784	4488.878688
0.038795	4490.014599
0.038805	4491.150197
0.038815	4492.286038
0.038824	4493.429683
0.038834	4494.568476
0.038844	4495.706935
0.038854	4496.833424
0.038864	4497.957425
0.038874	4499.090667
0.038883	4500.220017
0.038893	4501.358527
0.038903	4502.494721
0.038913	4503.632816
0.038923	4504.769274
0.038933	4505.924849
0.038943	4507.081466
0.038953	4508.237264
0.038963	4509.380737
0.038973	4510.519601
0.038983	4511.661821
0.038992	4512.801594
0.039002	4513.949294
0.039012	4515.099713
0.039022	4516.263336
0.039032	4517.413341
0.039042	4518.570575
0.039052	4519.727727
0.039062	4520.871383
0.039072	4522.013927
0.039082	4523.166924
0.039092	4524.310519
0.039102	4525.460686
0.039112	4526.59417
0.039122	4527.725724
0.039132	4528.859785
0.039142	4529.996162
0.039152	4531.125663
0.039163	4532.267368
0.039173	4533.409487
0.039183	4534.553587
0.039193	4535.695524
0.039203	4536.842294
0.039213	4537.987506
0.039223	4539.12086
0.039232	4540.261927
0.039243	4541.388244
0.039252	4542.518928
0.039262	4543.647995
0.039273	4544.799739
0.039283	4545.946963
0.039293	4547.100325
0.039303	4548.268316
0.039313	4549.429907
0.039324	4550.594874
0.039333	4551.739844
0.039344	4552.88074
0.039354	4554.01567
0.039364	4555.153806
0.039374	4556.286897
0.039384	4557.42029
0.039393	4558.542725
0.039403	4559.681447
0.039414	4560.816913
0.039424	4561.946597
0.039434	4563.071326
0.039444	4564.187301
0.039454	4565.299585
0.039463	4566.43495
0.039473	4567.5689
0.039483	4568.700858
0.039493	4569.852713
0.039503	4570.996328
0.039513	4572.141015
0.039523	4573.28002
0.039533	4574.426476
0.039543	4575.578887
0.039553	4576.731106
0.039563	4577.877896
0.039573	4579.027729
0.039583	4580.180747
0.039593	4581.326839
0.039603	4582.47281
0.039613	4583.616445
0.039623	4584.764367
0.039633	4585.91139
0.039643	4587.072556
0.039653	4588.230922
0.039663	4589.372909
0.039674	4590.514614
0.039684	4591.656773
0.039693	4592.805737
0.039703	4593.948199
0.039713	4595.08039
0.039723	4596.219375
0.039733	4597.3584
0.039743	4598.495555
0.039753	4599.630415
0.039763	4600.772119
0.039773	4601.922933
0.039783	4603.087446
0.039793	4604.249552
0.039804	4605.429928
0.039814	4606.599627
0.039825	4607.761228
0.039835	4608.922152
0.039845	4610.077454
0.039855	4611.236396
0.039865	4612.400879
0.039876	4613.566656
0.039886	4614.721018
0.039896	4615.867818
0.039906	4617.004326
0.039915	4618.148881
0.039926	4619.288978
0.039935	4620.437153
0.039946	4621.591849
0.039956	4622.739842
0.039966	4623.889038
0.039976	4625.028204
0.039986	4626.169494
0.039996	4627.313312
0.040006	4628.445432
0.040016	4629.572628
0.040027	4630.716951
0.040037	4631.856067
0.040047	4632.999703
0.040057	4634.131226
0.040067	4635.265297
0.040077	4636.404808
0.040087	4637.55636
0.040097	4638.70226
0.040108	4639.848746
0.040117	4641.00601
0.040128	4642.158825
0.040138	4643.311166
0.040148	4644.45838
0.040158	4645.615583
0.040168	4646.745995
0.040178	4647.872645
0.040188	4648.994928
0.040198	4650.123914
0.040208	4651.246591
0.040218	4652.37952
0.040228	4653.521416
0.040237	4654.667953
0.040248	4655.814774
0.040258	4656.968519
0.040268	4658.118544
0.040278	4659.269429
0.040288	4660.416886
0.040298	4661.559045
0.040308	4662.682612
0.040318	4663.798161
0.040327	4664.910921
0.040338	4666.038582
0.040348	4667.179629
0.040358	4668.324286
0.040368	4669.459014
0.040378	4670.594936
0.040388	4671.740735
0.040398	4672.887888
0.040408	4674.035588
0.040418	4675.175564
0.040428	4676.312921
0.040438	4677.448883
0.040448	4678.563229
0.040458	4679.679284
0.040468	4680.804721
0.040478	4681.939328
0.040488	4683.084956
0.040499	4684.249954
0.040509	4685.423151
0.04052	4686.57536
0.04053	4687.726163
0.04054	4688.879909
0.04055	4690.022382
0.04056	4691.164531
0.04057	4692.284064
0.04058	4693.410957
0.040589	4694.54242
0.040599	4695.669424
0.040609	4696.788866
0.040619	4697.907186
0.040629	4699.048284
0.040639	4700.185105
0.04065	4701.315951
0.040659	4702.445412
0.040669	4703.580676
0.04068	4704.72965
0.04069	4705.883335
0.0407	4707.028466
0.04071	4708.17838
0.04072	4709.328112
0.040731	4710.469968
0.040741	4711.601765
0.040751	4712.74079
0.040761	4713.884931
0.040771	4715.051516
0.040782	4716.205747
0.040792	4717.346117
0.040802	4718.484758
0.040812	4719.600965
0.040822	4720.732144
0.040832	4721.856712
0.040842	4722.979399
0.040852	4724.103017
0.040862	4725.235845
0.040872	4726.363203
0.040882	4727.498882
0.040892	4728.640566
0.040902	4729.779288
0.040912	4730.912985
0.040922	4732.048522
0.040932	4733.188386
0.040942	4734.319627
0.040952	4735.453375
0.040962	4736.585131
0.040972	4737.72083
0.040982	4738.847571
0.040992	4739.971593
0.041002	4741.09516
0.041012	4742.22825
0.041022	4743.362868
0.041032	4744.505644
0.041042	4745.66863
0.041052	4746.84394
0.041062	4748.017926
0.041073	4749.182439
0.041083	4750.34124
0.041093	4751.505004
0.041104	4752.661459
0.041114	4753.804145
0.041124	4754.950217
0.041134	4756.098199
0.041144	4757.264026
0.041155	4758.41481
0.041165	4759.567615
0.041175	4760.721573
0.041185	4761.880394
0.041195	4763.040883
0.041206	4764.202282
0.041216	4765.353479
0.041226	4766.510116
0.041237	4767.65452
0.041247	4768.79122
0.041257	4769.934522
0.041267	4771.077369
0.041277	4772.218042
0.041287	4773.357724
0.041298	4774.490269
0.041308	4775.621762
0.041318	4776.751355
0.041328	4777.885487
0.041338	4779.028617
0.041348	4780.174779
0.041358	4781.313946
0.041368	4782.460271
0.041379	4783.603492
0.041388	4784.728292
0.041399	4785.857682
0.041409	4786.985213
0.041419	4788.132932
0.04143	4789.282159
0.04144	4790.432588
0.04145	4791.578246
0.04146	4792.714794
0.041469	4793.864152
0.04148	4795.006068
0.04149	4796.146893
0.0415	4797.302287
0.04151	4798.457771
0.041521	4799.624185
0.041531	4800.795057
0.041541	4801.95504
0.041551	4803.101547
0.041561	4804.235881
0.041571	4805.363441
0.041581	4806.508391
0.041591	4807.657971
0.041601	4808.796198
0.041612	4809.932322
0.041622	4811.068132
0.041632	4812.216206
0.041643	4813.366857
0.041654	4814.560002
0.041664	4815.754673
0.041675	4816.941246
0.041685	4818.10127
0.041695	4819.235898
0.041705	4820.37284
0.041715	4821.500117
0.041725	4822.624847
0.041734	4823.757149
0.041745	4824.901886
0.041755	4826.040507
0.041765	4827.184557
0.041775	4828.319639
0.041785	4829.452497
0.041795	4830.585214
0.041805	4831.718113
0.041815	4832.859696
0.041825	4833.998367
0.041836	4835.134946
0.041846	4836.284536
0.041856	4837.445692
0.041866	4838.597082
0.041877	4839.74832
0.041887	4840.899933
0.041897	4842.046277
0.041907	4843.189225
0.041917	4844.336682
0.041927	4845.478306
0.041937	4846.615016
0.041947	4847.730909
0.041957	4848.846792
0.041967	4849.975738
0.041977	4851.117109
0.041987	4852.248197
0.041997	4853.393066
0.042007	4854.550896
0.042018	4855.707817
0.042028	4856.872329
0.042038	4858.037469
0.042049	4859.197725
0.042059	4860.356779
0.042069	4861.511424
0.04208	4862.673874
0.04209	4863.831118
0.0421	4864.982488
0.04211	4866.131482
0.04212	4867.274076
0.04213	4868.411524
0.04214	4869.549801
0.04215	4870.688604
0.04216	4871.831996
0.042171	4872.963085
0.042181	4874.093123
0.042191	4875.232542
0.042201	4876.373417
0.042211	4877.513898
0.042221	4878.669171
0.042232	4879.826435
0.042242	4880.968503
0.042252	4882.126171
0.042263	4883.281686
0.042273	4884.424614
0.042283	4885.57387
0.042293	4886.729294
0.042304	4887.873294
0.042314	4889.034834
0.042324	4890.185799
0.042334	4891.338514
0.042345	4892.479045
0.042355	4893.621447
0.042365	4894.743811
0.042375	4895.868601
0.042385	4896.999114
0.042395	4898.138786
0.042406	4899.285101
0.042416	4900.437178
0.042427	4901.59975
0.042437	4902.772593
0.042447	4903.932071
0.042457	4905.080094
0.042467	4906.228289
0.042478	4907.371672
0.042488	4908.518745
0.042498	4909.672753
0.042509	4910.823233
0.042519	4911.963158
0.042529	4913.102012
0.042539	4914.239612
0.042549	4915.383449
0.042559	4916.537407
0.04257	4917.680365
0.04258	4918.822332
0.04259	4919.977493
0.0426	4921.141925
0.042611	4922.317741
0.042622	4923.468777
0.042632	4924.605912
0.042641	4925.732663
0.042651	4926.852864
0.042661	4927.957565
0.042671	4929.063975
0.04268	4930.182507
0.04269	4931.309653
0.0427	4932.439154
0.04271	4933.577785
0.04272	4934.712615
0.04273	4935.855613
0.04274	4936.986793
0.04275	4938.123453
0.04276	4939.27279
0.04277	4940.431803
0.04278	4941.610632
0.042791	4942.789531
0.042801	4943.959665
0.042812	4945.127322
0.042823	4946.28949
0.042833	4947.456035
0.042843	4948.619314
0.042853	4949.766781
0.042864	4950.92638
0.042874	4952.105907
0.042885	4953.290407
0.042895	4954.470116
0.042906	4955.638308
0.042916	4956.783127
0.042926	4957.953089
0.042937	4959.107805
0.042947	4960.267677
0.042957	4961.435506
0.042968	4962.608603
0.042978	4963.774925
0.042989	4964.936556
0.042999	4966.106448
0.043009	4967.269677
0.04302	4968.435625
0.04303	4969.594466
0.043041	4970.747908
0.043051	4971.8967
0.043061	4973.04532
0.043071	4974.1949
0.043081	4975.340143
0.043092	4976.495304
0.043102	4977.642437
0.043112	4978.788782
0.043122	4979.93448
0.043132	4981.074425
0.043142	4982.199428
0.043152	4983.315432
0.043162	4984.435107
0.043173	4985.562708
0.043182	4986.696951
0.043192	4987.829051
0.043203	4988.960412
0.043212	4990.096051
0.043222	4991.218617
0.043233	4992.35475
0.043243	4993.496344
0.043253	4994.636754
0.043264	4995.792471
0.043274	4996.937117
0.043284	4998.080136
0.043294	4999.223751
0.043305	5000.376102
0.043315	5001.51906
0.043325	5002.647682
0.043335	5003.772442
0.043345	5004.908858
0.043355	5006.056123
0.043365	5007.202438
0.043376	5008.356699
0.043386	5009.496745
0.043396	5010.647994
0.043406	5011.787514
0.043416	5012.930513
0.043427	5014.081043
0.043437	5015.238489
0.043447	5016.398847
0.043458	5017.56157
0.043468	5018.721483
0.043478	5019.878676
0.043489	5021.036385
0.043499	5022.179191
0.043509	5023.319217
0.043519	5024.467756
0.04353	5025.619409
0.04354	5026.763135
0.04355	5027.913625
0.04356	5029.088238
0.043571	5030.260728
0.043581	5031.42609
0.043591	5032.588358
0.043601	5033.740749
0.043612	5034.894212
0.043622	5036.049504
0.043632	5037.19416
0.043642	5038.345399
0.043652	5039.481057
0.043662	5040.609982
0.043672	5041.731204
0.043682	5042.839656
0.043692	5043.960695
0.043702	5045.09691
0.043713	5046.247865
0.043723	5047.401166
0.043733	5048.553385
0.043743	5049.708849
0.043754	5050.85761
0.043764	5052.01632
0.043775	5053.160532
0.043784	5054.312639
0.043795	5055.461492
0.043805	5056.616278
0.043815	5057.744971
0.043825	5058.884896
0.043835	5060.025236
0.043846	5061.165656
0.043856	5062.313447
0.043866	5063.459054
0.043876	5064.614933
0.043887	5065.770902
0.043897	5066.926973
0.043908	5068.079111
0.043918	5069.233261
0.043928	5070.3809
0.043938	5071.530794
0.043949	5072.669779
0.043959	5073.818398
0.043969	5074.97361
0.043979	5076.130419
0.043989	5077.281849
0.044	5078.425313
0.04401	5079.569423
0.044021	5080.710572
0.044031	5081.846908
0.044041	5082.989562
0.044052	5084.117204
0.044062	5085.234492
0.044071	5086.348151
0.044082	5087.465571
0.044091	5088.586297
0.044101	5089.729508
0.044111	5090.8747
0.044122	5092.017992
0.044132	5093.165752
0.044142	5094.32522
0.044152	5095.479714
0.044163	5096.633065
0.044173	5097.770584
0.044183	5098.905717
0.044193	5100.046602
0.044204	5101.186173
0.044214	5102.339909
0.044225	5103.497263
0.044235	5104.654254
0.044245	5105.805361
0.044255	5106.962807
0.044266	5108.111214
0.044276	5109.265668
0.044287	5110.411912
0.044297	5111.560663
0.044307	5112.705238
0.044317	5113.85771
0.044328	5115.006572
0.044338	5116.150643
0.044348	5117.279406
0.044359	5118.403974
0.044368	5119.52569
0.044378	5120.608251
0.044388	5121.708605
0.044398	5122.80629
0.044408	5123.928593
0.044418	5125.077182
0.044428	5126.226995
0.044438	5127.363432
0.044448	5128.471712
0.044458	5129.594551
0.044469	5130.733607
0.044479	5131.874331
0.044489	5133.018279
0.0445	5134.161885
0.04451	5135.295572
0.04452	5136.437296
0.04453	5137.568102
0.04454	5138.693145
0.04455	5139.823101
0.04456	5140.954959
0.044571	5142.100838
0.044581	5143.24503
0.044592	5144.379435
0.044602	5145.51479
0.044612	5146.647476
0.044622	5147.772378
0.044632	5148.872631
0.044642	5150.006793
0.044652	5151.141815
0.044663	5152.30382
0.044673	5153.473449
0.044684	5154.657777
0.044694	5155.841873
0.044705	5157.016709
0.044715	5158.183001
0.044725	5159.331044
0.044735	5160.468462
0.044745	5161.588743
0.044754	5162.693869
0.044764	5163.802675
0.044774	5164.925878
0.044784	5166.043824
0.044795	5167.163539
0.044804	5168.289987
0.044815	5169.409186
0.044825	5170.544228
0.044835	5171.699591
0.044845	5172.855905
0.044856	5174.015352
0.044866	5175.167157
0.044876	5176.310509
0.044886	5177.445136
0.044896	5178.58311
0.044906	5179.69961
0.044916	5180.828555
0.044926	5181.968309
0.044937	5183.128484
0.044947	5184.290338
0.044958	5185.448289
0.044968	5186.603703
0.044978	5187.771016
0.044988	5188.936924
0.044999	5190.079003
0.045009	5191.215581
0.045019	5192.352251
0.045029	5193.494764
0.045039	5194.631333
0.045049	5195.764545
0.04506	5196.902882
0.04507	5198.054545
0.04508	5199.229057
0.045091	5200.392104
0.045102	5201.546062
0.045113	5202.696066
0.045123	5203.855534
0.045134	5205.0148
0.045144	5206.164592
0.045155	5207.30383
0.045165	5208.455543
0.045176	5209.60386
0.045186	5210.752894
0.045196	5211.895134
0.045207	5213.02412
0.045217	5214.163429
0.045227	5215.288906
0.045237	5216.426688
0.045247	5217.567543
0.045258	5218.735645
0.045268	5219.888117
0.045279	5221.043884
0.045289	5222.198166
0.0453	5223.358634
0.04531	5224.513613
0.045321	5225.667379
0.045331	5226.814068
0.045341	5227.957582
0.045352	5229.08861
0.045362	5230.215968
0.045372	5231.346996
0.045382	5232.474425
0.045392	5233.605221
0.045402	5234.728191
0.045413	5235.861939
0.045423	5236.988731
0.045433	5238.12079
0.045443	5239.250646
0.045453	5240.391925
0.045464	5241.539848
0.045474	5242.690914
0.045484	5243.840727
0.045495	5244.994674
0.045505	5246.153586
0.045516	5247.31083
0.045526	5248.462644
0.045537	5249.627238
0.045547	5250.774078
0.045557	5251.921839
0.045568	5253.06599
0.045578	5254.208756
0.045588	5255.352118
0.045599	5256.497159
0.045609	5257.637832
0.045619	5258.777939
0.045629	5259.91929
0.04564	5261.053401
0.04565	5262.200848
0.045661	5263.337043
0.045671	5264.500767
0.045681	5265.679474
0.045692	5266.843239
0.045702	5267.996509
0.045712	5269.159041
0.045723	5270.316446
0.045733	5271.472679
0.045744	5272.618518
0.045754	5273.752539
0.045764	5274.891898
0.045774	5276.023997
0.045784	5277.153711
0.045794	5278.283607
0.045805	5279.422713
0.045815	5280.546128
0.045825	5281.676681
0.045835	5282.814787
0.045846	5283.949323
0.045856	5285.089379
0.045866	5286.231377
0.045877	5287.405818
0.045888	5288.586183
0.045898	5289.754821
0.045908	5290.91161
0.045918	5292.062504
0.045929	5293.211276
0.045939	5294.363323
0.04595	5295.509637
0.045959	5296.656154
0.045969	5297.812528
0.04598	5298.958621
0.04599	5300.104308
0.046	5301.248429
0.046011	5302.396786
0.046021	5303.563796
0.046032	5304.728673
0.046042	5305.899818
0.046053	5307.068041
0.046063	5308.221928
0.046073	5309.382265
0.046083	5310.543907
0.046094	5311.709956
0.046105	5312.868434
0.046115	5314.012453
0.046125	5315.155755
0.046136	5316.300341
0.046146	5317.422482
0.046156	5318.554471
0.046167	5319.681404
0.046177	5320.804637
0.046187	5321.940781
0.046197	5323.069464
0.046207	5324.205143
0.046217	5325.33607
0.046227	5326.467199
0.046237	5327.605223
0.046247	5328.749961
0.046258	5329.883567
0.046268	5331.025544
0.046279	5332.185649
0.04629	5333.353852
0.046301	5334.514604
0.046311	5335.657501
0.046321	5336.781574
0.046331	5337.90509
0.046341	5339.022469
0.046351	5340.155813
0.046361	5341.284667
0.046372	5342.416848
0.046382	5343.549989
0.046392	5344.690389
0.046403	5345.835208
0.046413	5346.966883
0.046424	5348.103997
0.046434	5349.243498
0.046444	5350.381512
0.046455	5351.513056
0.046465	5352.654922
0.046475	5353.795221
0.046485	5354.948188
0.046496	5356.102975
0.046507	5357.255821
0.046517	5358.416087
0.046527	5359.575626
0.046537	5360.720121
0.046548	5361.873765
0.046558	5363.007624
0.046568	5364.134406
0.046578	5365.262603
0.046589	5366.400941
0.046599	5367.551552
0.046609	5368.697371
0.04662	5369.863724
0.04663	5371.042563
0.04664	5372.206227
0.046651	5373.367191
0.046662	5374.524778
0.046672	5375.668505
0.046683	5376.805296
0.046693	5377.941814
0.046703	5379.091879
0.046714	5380.238841
0.046724	5381.386217
0.046734	5382.519793
0.046744	5383.663408
0.046755	5384.800745
0.046765	5385.931055
0.046776	5387.055764
0.046786	5388.207629
0.046796	5389.357867
0.046807	5390.513604
0.046818	5391.667441
0.046828	5392.820751
0.046838	5393.953781
0.046848	5395.080139
0.046858	5396.199864
0.046868	5397.31973
0.046879	5398.438717
0.046889	5399.570453
0.046899	5400.702512
0.046909	5401.854266
0.046919	5402.987761
0.046929	5404.115766
0.04694	5405.251091
0.04695	5406.391289
0.046961	5407.538595
0.046971	5408.687922
0.046981	5409.824046
0.046992	5410.964739
0.047002	5412.10058
0.047012	5413.23089
0.047023	5414.370128
0.047033	5415.509699
0.047043	5416.665638
0.047054	5417.802823
0.047064	5418.951706
0.047075	5420.095998
0.047085	5421.221436
0.047095	5422.34566
0.047105	5423.477173
0.047116	5424.617402
0.047126	5425.755921
0.047136	5426.884968
0.047146	5428.007918
0.047157	5429.143576
0.047167	5430.289264
0.047178	5431.450936
0.047188	5432.610202
0.047199	5433.760358
0.047209	5434.918613
0.047219	5436.059519
0.047229	5437.210585
0.047239	5438.356364
0.04725	5439.497633
0.04726	5440.642472
0.04727	5441.790242
0.047281	5442.929894
0.047291	5444.064714
0.047301	5445.228499
0.047312	5446.382103
0.047322	5447.533331
0.047333	5448.688542
0.047343	5449.831238
0.047353	5450.982264
0.047364	5452.129529
0.047375	5453.288683
0.047385	5454.447908
0.04739	5454.982733
0.047395	5455.509096
0.0474	5456.030666
0.047404	5456.542268
0.047409	5457.046995
0.047413	5457.540186
0.047418	5458.027625
0.047423	5458.529845
0.047427	5459.037302
0.047432	5459.558255
0.047437	5460.085002
0.047443	5460.619008
0.047447	5461.141984
0.047452	5461.669722
0.047457	5462.203748
0.047462	5462.729494
0.047467	5463.256534
0.047472	5463.791086
0.047478	5464.309492
0.047483	5464.839191
0.047487	5465.363228
0.047492	5465.886416
0.047497	5466.402861
0.047502	5466.932661
0.047507	5467.457679
0.047512	5467.970666
0.047517	5468.516955
0.047522	5469.046483
0.047527	5469.561188
0.047532	5470.076389
0.047536	5470.596211
0.047541	5471.120723
0.047547	5471.648168
0.047552	5472.18367
0.047557	5472.723732
0.047562	5473.253977
0.047568	5473.798032
0.047573	5474.335253
0.047578	5474.877772
0.047583	5475.429258
0.047588	5475.968653
0.047593	5476.514042
0.047598	5477.054559
0.047603	5477.601354
0.047609	5478.141619
0.047614	5478.686038
0.047619	5479.22891
0.047623	5479.767324
0.047629	5480.320519
0.047634	5480.863907
0.047639	5481.401452
0.047644	5481.941827
0.047649	5482.48477
0.047654	5483.017431
0.047659	5483.54798
0.047664	5484.072624
0.047668	5484.593325
0.047673	5485.108637
0.047678	5485.615174
0.047683	5486.12716
0.047687	5486.626559
0.047692	5487.120377
0.047697	5487.640532
0.047702	5488.168927
0.047707	5488.705268
0.047712	5489.235655
0.047717	5489.775808
0.047722	5490.302868
0.047727	5490.827795
0.047732	5491.347202
0.047737	5491.857975
0.047741	5492.371588
0.047746	5492.890631
0.047751	5493.413314
0.047756	5493.950201
0.047761	5494.487918
0.047766	5495.021226
0.047771	5495.543019
0.047776	5496.067329
0.047781	5496.590315
0.047786	5497.114362
0.047791	5497.640402
0.047796	5498.173417
0.047801	5498.702034
0.047806	5499.235939
0.047811	5499.755993
0.047816	5500.280364
0.047821	5500.805331
0.047825	5501.322706
0.04783	5501.837664
0.047835	5502.348569
0.04784	5502.857319
0.047844	5503.368901
0.047849	5503.881645
0.047854	5504.398575
0.047859	5504.917062
0.047863	5505.437197
0.047868	5505.954572
0.047873	5506.471967
0.047878	5506.990423
0.047883	5507.511771
0.047888	5508.035243
0.047893	5508.554923
0.047898	5509.078535
0.047903	5509.600733
0.047908	5510.128804
0.047913	5510.651486
0.047918	5511.177495
0.047923	5511.704101
0.047927	5512.233365
0.047932	5512.748394
0.047937	5513.27046
0.047942	5513.793992
0.047947	5514.328988
0.047952	5514.869879
0.047957	5515.410073
0.047962	5515.939539
0.047966	5516.473767
0.047971	5516.992052
0.047977	5517.496213
0.047981	5517.997998
0.047986	5518.537504
0.047991	5519.097553
0.047996	5519.649778
0.048001	5520.195531
0.048006	5520.737615
0.048011	5521.253918
0.048016	5521.767896
0.048021	5522.284432
0.048025	5522.803778
0.048031	5523.330181
0.048036	5523.867271
0.048041	5524.407484
0.048046	5524.943603
0.048051	5525.469359
0.048056	5526.000099
0.048061	5526.53271
0.048066	5527.06525
0.048071	5527.600732
0.048075	5528.125588
0.04808	5528.644621
0.048085	5529.169154
0.04809	5529.692605
0.048095	5530.218978
0.0481	5530.728274
0.048104	5531.223296
0.048108	5531.716265
0.048113	5532.209385
0.048117	5532.71022
0.048122	5533.220002
0.048127	5533.732716
0.048131	5534.25459
0.048136	5534.786645
0.048142	5535.317961
0.048147	5535.846346
0.048152	5536.376763
0.048156	5536.898454
0.048161	5537.424281
0.048166	5537.942202
0.048171	5538.468544
0.048176	5538.995574
0.048181	5539.535161
0.048186	5540.083078
0.048191	5540.630773
0.048197	5541.187062
0.048202	5541.742744
0.048207	5542.295262
0.048212	5542.834737
0.048217	5543.381603
0.048222	5543.911181
0.048227	5544.431922
0.048232	5544.957941
0.048237	5545.485466
0.048242	5546.023061
0.048247	5546.549475
0.048252	5547.061046
0.048257	5547.572213
0.048262	5548.088223
0.048267	5548.599421
0.048271	5549.116421
0.048276	5549.637517
0.048281	5550.161463
0.048286	5550.677867
0.048291	5551.199862
0.048296	5551.72113
0.0483	5552.250869
0.048305	5552.764968
0.04831	5553.275529
0.048315	5553.798464
0.04832	5554.324159
0.048325	5554.848894
0.04833	5555.378715
0.048334	5555.901701
0.048339	5556.422199
0.048344	5556.95202
0.048349	5557.486915
0.048354	5558.022347
0.048359	5558.551409
0.048364	5559.092037
0.048369	5559.635951
0.048374	5560.172181
0.048379	5560.718865
0.048385	5561.278207
0.04839	5561.839783
0.048395	5562.400985
0.0484	5562.936922
0.048405	5563.439445
0.04841	5563.948843
0.048415	5564.462082
0.04842	5564.992439
0.048425	5565.53889
0.04843	5566.08425
0.048435	5566.620288
0.04844	5567.156963
0.048444	5567.67919
0.048449	5568.21266
0.048455	5568.736698
0.048459	5569.281996
0.048465	5569.828953
0.04847	5570.367934
0.048475	5570.903587
0.04848	5571.437886
0.048485	5571.950479
0.048489	5572.470927
0.048494	5572.986958
0.048499	5573.499651
0.048504	5574.025852
0.048509	5574.555511
0.048514	5575.086898
0.048518	5575.60954
0.048523	5576.12553
0.048528	5576.650366
0.048533	5577.181925
0.048538	5577.709259
0.048543	5578.232437
0.048548	5578.760012
0.048553	5579.296101
0.048558	5579.830006
0.048563	5580.369987
0.048568	5580.908633
0.048573	5581.439192
0.048578	5581.959529
0.048583	5582.486842
0.048588	5583.013316
0.048593	5583.535695
0.048597	5584.047357
0.048603	5584.568877
0.048608	5585.095392
0.048612	5585.625131
0.048617	5586.161412
0.048623	5586.698764
0.048627	5587.23006
0.048632	5587.758465
0.048637	5588.271553
0.048642	5588.781103
0.048647	5589.300459
0.048651	5589.825113
0.048656	5590.344773
0.048661	5590.875968
0.048666	5591.404879
0.048671	5591.938056
0.048676	5592.479907
0.048681	5593.011385
0.048686	5593.537687
0.048691	5594.063443
0.048696	5594.57826
0.048701	5595.101762
0.048706	5595.610978
0.04871	5596.126492
0.048715	5596.622616
0.04872	5597.11611
0.048724	5597.617177
0.048729	5598.124109
0.048734	5598.645143
0.048739	5599.158191
0.048744	5599.677931
0.048748	5600.200978
0.048753	5600.728988
0.048758	5601.266674
0.048763	5601.81989
0.048768	5602.363702
0.048773	5602.905351
0.048779	5603.439084
0.048784	5603.966357
0.048788	5604.493003
0.048793	5605.017151
0.048798	5605.545667
0.048803	5606.059514
0.048808	5606.572248
0.048812	5607.081909
0.048817	5607.599223
0.048822	5608.116092
0.048826	5608.645912
0.048831	5609.183103
0.048836	5609.720486
0.048842	5610.263955
0.048847	5610.811892
0.048852	5611.361205
0.048857	5611.907444
0.048861	5612.449659
0.048866	5612.984737
0.048871	5613.512131
0.048876	5614.032033
0.048881	5614.548205
0.048886	5615.06473
0.048891	5615.587403
0.048896	5616.119589
0.048901	5616.654626
0.048906	5617.201532
0.048911	5617.759469
0.048916	5618.306365
0.048921	5618.845821
0.048926	5619.378977
0.048931	5619.897697
0.048936	5620.412554
0.048941	5620.932163
0.048946	5621.452591
0.048951	5621.989711
0.048956	5622.536284
0.048961	5623.082806
0.048966	5623.640389
0.048971	5624.182927
0.048975	5624.710989
0.04898	5625.240162
0.048985	5625.763805
0.04899	5626.289612
0.048994	5626.827783
0.049	5627.369877
0.049005	5627.907148
0.04901	5628.445805
0.049015	5628.999657
0.049021	5629.551143
0.049026	5630.116035
0.049031	5630.673204
0.049037	5631.219867
0.049042	5631.770707
0.049047	5632.33015
0.049052	5632.882293
0.049058	5633.41729
0.049062	5633.958201
0.049067	5634.499324
0.049072	5635.038132
0.049077	5635.574969
0.049082	5636.108975
0.049087	5636.651302
0.049092	5637.183265
0.049097	5637.703471
0.049102	5638.215892
0.049107	5638.735956
0.049112	5639.274016
0.049116	5639.80966
0.049121	5640.325033
0.049126	5640.831498
0.049131	5641.35687
0.049136	5641.889592
0.049141	5642.42103
0.049146	5642.968452
0.049151	5643.500153
0.049156	5644.030125
0.049161	5644.567639
0.049166	5645.102545
0.049172	5645.637976
0.049177	5646.179302
0.049182	5646.717544
0.049186	5647.254745
0.049191	5647.784777
0.049197	5648.312444
0.049202	5648.846561
0.049207	5649.393549
0.049212	5649.939383
0.049217	5650.480112
0.049222	5651.015241
0.049227	5651.547204
0.049232	5652.085335
0.049236	5652.610596
0.049242	5653.142034
0.049246	5653.662168
0.049251	5654.186226
0.049256	5654.702559
0.049261	5655.206447
0.049266	5655.706311
0.049271	5656.210513
0.049275	5656.729606
0.04928	5657.257142
0.049285	5657.798134
0.04929	5658.337589
0.049295	5658.871827
0.0493	5659.402103
0.049305	5659.927292
0.049309	5660.439511
0.049314	5660.964671
0.049319	5661.486858
0.049324	5661.973417
0.049329	5662.462372
0.049333	5662.99104
0.049337	5663.49876
0.049342	5664.017297
0.049347	5664.531487
0.049352	5665.05789
0.049357	5665.579895
0.049362	5666.110019
0.049367	5666.644379
0.049372	5667.178708
0.049377	5667.708559
0.049382	5668.23933
0.049387	5668.779139
0.049392	5669.310647
0.049397	5669.843309
0.049402	5670.373351
0.049407	5670.887815
0.049412	5671.415037
0.049417	5671.938164
0.049422	5672.455448
0.049428	5672.97447
0.049433	5673.495637
0.049437	5674.023859
0.049442	5674.544166
0.049447	5675.061753
0.049451	5675.596447
0.049456	5676.122516
0.049462	5676.653499
0.049467	5677.183077
0.049472	5677.726172
0.049477	5678.290457
0.049482	5678.83519
0.049487	5679.359308
0.049492	5679.865997
0.049496	5680.364991
0.049501	5680.868576
0.049506	5681.370361
0.04951	5681.880325
0.049515	5682.398074
0.04952	5682.911283
0.049525	5683.422683
0.049529	5683.939299
0.049534	5684.457574
0.049539	5684.980691
0.049544	5685.498167
0.049549	5686.03556
0.049553	5686.533412
0.049558	5687.025592
0.049562	5687.525851
0.049567	5688.051971
0.049572	5688.58808
0.049578	5689.13074
0.049583	5689.67522
0.049588	5690.21881
0.049593	5690.752361
0.049598	5691.283556
0.049603	5691.813913
0.049608	5692.346988
0.049613	5692.882086
0.049617	5693.397489
0.049622	5693.903187
0.049627	5694.415901
0.049632	5694.929555
0.049636	5695.44601
0.049641	5695.966509
0.049646	5696.486745
0.049651	5697.000015
0.049656	5697.517834
0.049661	5698.036109
0.049666	5698.560652
0.049671	5699.085983
0.049676	5699.622355
0.049681	5700.155006
0.049686	5700.697545
0.049691	5701.241125
0.049697	5701.784928
0.049701	5702.322017
0.049706	5702.849826
0.049712	5703.373661
0.049717	5703.904351
0.049722	5704.424273
0.049726	5704.937634
0.04973	5705.445485
0.049735	5705.94722
0.04974	5706.448358
0.049745	5706.954955
0.049749	5707.462624
0.049754	5707.964874
0.049758	5708.469864
0.049764	5708.96077
0.049768	5709.467873
0.049772	5709.976038
0.049778	5710.49501
0.049783	5711.018309
0.049788	5711.561576
0.049793	5712.10733
0.049798	5712.655207
0.049803	5713.204327
0.049809	5713.749515
0.049814	5714.285412
0.049819	5714.813099
0.049824	5715.345669
0.049829	5715.874266
0.049834	5716.405421
0.049838	5716.931864
0.049843	5717.464718
0.049848	5717.994376
0.049853	5718.53459
0.049858	5719.065007
0.049863	5719.595605
0.049868	5720.12672
0.049873	5720.632923
0.049878	5721.142867
0.049883	5721.656834
0.049887	5722.16788
0.049892	5722.667411
0.049897	5723.170116
0.049902	5723.674074
0.049906	5724.199295
0.049911	5724.738204
0.049916	5725.267559
0.049921	5725.788371
0.049926	5726.29045
0.04993	5726.773905
0.049935	5727.266591
0.04994	5727.771995
0.049945	5728.271344
0.04995	5728.783825
0.049955	5729.289988
0.049959	5729.803733
0.049964	5730.305225
0.049969	5730.811216
0.049974	5731.315761
0.049979	5731.829152
0.049983	5732.33576
0.049988	5732.825079
0.049993	5733.327753
0.049997	5733.833259
0.050002	5734.344851
0.050007	5734.852742
0.050012	5735.34471
0.050017	5735.847759
0.050021	5736.368228
0.050026	5736.888615
0.050031	5737.413532
0.050037	5737.963542
0.050042	5738.524593
0.050047	5739.072257
0.050052	5739.606091
0.050058	5740.138186
0.050062	5740.661284
0.050067	5741.185907
0.050072	5741.704981
0.050077	5742.227107
0.050081	5742.752155
0.050087	5743.266568
0.050091	5743.766776
0.050096	5744.253274
0.0501	5744.746243
0.050105	5745.23808
0.050109	5745.742615
0.050113	5746.247686
0.050118	5746.753747
0.050123	5747.276794
0.050128	5747.796261
0.050134	5748.315982
0.050138	5748.836834
0.050143	5749.360002
0.050148	5749.870906
0.050153	5750.372024
0.050158	5750.892877
0.050163	5751.413123
0.050167	5751.945501
0.050172	5752.47339
0.050177	5752.999773
0.050182	5753.522345
0.050187	5754.047454
0.050192	5754.578002
0.050197	5755.092566
0.050203	5755.603683
0.050207	5756.122786
0.050212	5756.636966
0.050217	5757.162813
0.050222	5757.687518
0.050227	5758.209796
0.050232	5758.738848
0.050237	5759.277424
0.050243	5759.819103
0.050248	5760.372106
0.050254	5760.920974
0.050258	5761.463583
0.050264	5762.007558
0.050269	5762.554404
0.050274	5763.093222
0.050279	5763.637611
0.050284	5764.174508
0.05029	5764.718553
0.050295	5765.267452
0.050301	5765.821819
0.050306	5766.371294
0.050311	5766.925641
0.050317	5767.468554
0.050321	5768.005158
0.050326	5768.532198
0.050331	5769.053041
0.050336	5769.584327
0.050341	5770.122973
0.050347	5770.664875
0.050352	5771.210225
0.050357	5771.759689
0.050363	5772.319638
0.050368	5772.879677
0.050373	5773.428413
0.050378	5773.959396
0.050383	5774.490632
0.050389	5775.019644
0.050393	5775.552396
0.050398	5776.086068
0.050404	5776.618921
0.050409	5777.152927
0.050414	5777.673032
0.050418	5778.192125
0.050424	5778.707872
0.050429	5779.21999
0.050433	5779.745625
0.050439	5780.276244
0.050444	5780.815092
0.050449	5781.361948
0.050454	5781.907116
0.050459	5782.452485
0.050464	5782.996247
0.050469	5783.535632
0.050475	5784.066898
0.05048	5784.567348
0.050484	5785.056405
0.050489	5785.556734
0.050494	5786.051037
0.050499	5786.56089
0.050504	5787.066861
0.050509	5787.58739
0.050515	5788.128958
0.05052	5788.669101
0.050525	5789.201348
0.05053	5789.730925
0.050535	5790.270876
0.050541	5790.827741
0.050546	5791.383837
0.050551	5791.933241
0.050556	5792.471817
0.050561	5793.028864
0.050566	5793.578763
0.050571	5794.120685
0.050577	5794.666145
0.050582	5795.205388
0.050587	5795.749434
0.050593	5796.288252
0.050598	5796.83626
0.050603	5797.380386
0.050609	5797.918436
0.050614	5798.449399
0.050619	5798.980554
0.050623	5799.511931
0.050629	5800.038486
0.050634	5800.561907
0.050639	5801.080019
0.050644	5801.604178
0.050649	5802.127821
0.050654	5802.655437
0.05066	5803.185905
0.050665	5803.715523
0.05067	5804.25145
0.050675	5804.786062
0.05068	5805.320665
0.050685	5805.855277
0.050691	5806.389435
0.050695	5806.916434
0.050701	5807.447862
0.050706	5807.985356
0.050711	5808.522991
0.050716	5809.054824
0.05072	5809.587596
0.050725	5810.128052
0.05073	5810.665657
0.050736	5811.207185
0.050741	5811.75395
0.050746	5812.29843
0.050751	5812.843153
0.050757	5813.380475
0.050761	5813.916381
0.050767	5814.457697
0.050772	5815.001277
0.050777	5815.540854
0.050782	5816.061646
0.050787	5816.586593
0.050792	5817.109842
0.050797	5817.625437
0.050802	5818.144167
0.050806	5818.662148
0.050811	5819.182364
0.050816	5819.704136
0.05082	5820.238061
0.050826	5820.763828
0.050831	5821.29658
0.050836	5821.828129
0.05084	5822.352884
0.050846	5822.87039
0.05085	5823.391122
0.050855	5823.916453
0.05086	5824.438054
0.050865	5824.966449
0.05087	5825.497209
0.050875	5826.04172
0.05088	5826.589283
0.050885	5827.128617
0.050891	5827.654646
0.050896	5828.183516
0.050901	5828.700244
0.050906	5829.213473
0.050911	5829.736722
0.050916	5830.254471
0.05092	5830.770107
0.050925	5831.286996
0.05093	5831.814309
0.050935	5832.340561
0.05094	5832.862111
0.050945	5833.389141
0.05095	5833.919891
0.050955	5834.436275
0.05096	5834.958068
0.050965	5835.482449
0.05097	5836.014221
0.050976	5836.549491
0.050981	5837.080767
0.050986	5837.614985
0.050991	5838.150154
0.050996	5838.680176
0.051001	5839.204365
0.051005	5839.731132
0.05101	5840.256635
0.051015	5840.747876
0.05102	5841.245849
0.051025	5841.754084
0.05103	5842.263543
0.051035	5842.781282
0.05104	5843.29711
0.051045	5843.81589
0.05105	5844.326511
0.051055	5844.842591
0.05106	5845.36214
0.051065	5845.887583
0.05107	5846.40154
0.051075	5846.919077
0.05108	5847.43354
0.051085	5847.956637
0.05109	5848.490724
0.051095	5849.018866
0.0511	5849.544248
0.051105	5850.075686
0.05111	5850.61506
0.051116	5851.163857
0.051121	5851.705476
0.051127	5852.248075
0.051131	5852.790149
0.051137	5853.329544
0.051142	5853.859637
0.051147	5854.404178
0.051152	5854.94244
0.051157	5855.47591
0.051162	5855.994832
0.051167	5856.516422
0.051172	5857.027478
0.051177	5857.548735
0.051182	5858.067242
0.051187	5858.578056
0.051193	5859.101274
0.051198	5859.624189
0.051203	5860.150329
0.051207	5860.679391
0.051212	5861.204066
0.051217	5861.732349
0.051222	5862.255376
0.051227	5862.786632
0.051232	5863.310891
0.051237	5863.834838
0.051242	5864.365639
0.051247	5864.895206
0.051253	5865.427938
0.051257	5865.951834
0.051262	5866.486588
0.051267	5867.015216
0.051272	5867.542154
0.051277	5868.080113
0.051282	5868.616
0.051287	5869.158781
0.051292	5869.707437
0.051298	5870.242029
0.051303	5870.808802
0.051308	5871.359115
0.051313	5871.898914
0.051318	5872.40629
0.051323	5872.914172
0.051328	5873.424884
0.051333	5873.925435
0.051337	5874.424157
0.051342	5874.925062
0.051347	5875.434076
0.051352	5875.945061
0.051356	5876.450274
0.051361	5876.966192
0.051366	5877.484437
0.051371	5878.005997
0.051376	5878.530055
0.051381	5879.052323
0.051386	5879.578129
0.051391	5880.093917
0.051396	5880.612727
0.051401	5881.14185
0.051406	5881.679303
0.051411	5882.224248
0.051416	5882.753947
0.051421	5883.268309
0.051426	5883.786473
0.05143	5884.3013
0.051435	5884.817108
0.05144	5885.338031
0.051445	5885.863544
0.05145	5886.377765
0.051455	5886.89337
0.05146	5887.413697
0.051465	5887.937967
0.05147	5888.458901
0.051475	5888.987649
0.051481	5889.519128
0.051486	5890.055459
0.051491	5890.598614
0.051496	5891.149696
0.051501	5891.698786
0.051506	5892.235168
0.051512	5892.788292
0.051517	5893.316637
0.051523	5893.849035
0.051527	5894.38109
0.051532	5894.910698
0.051537	5895.437111
0.051542	5895.96501
0.051547	5896.483871
0.051552	5897.004259
0.051557	5897.530359
0.051562	5898.054406
0.051567	5898.577948
0.051572	5899.095919
0.051577	5899.616853
0.051582	5900.139829
0.051587	5900.682266
0.051592	5901.219154
0.051597	5901.750167
0.051602	5902.287428
0.051607	5902.81828
0.051613	5903.348484
0.051617	5903.86681
0.051622	5904.40219
0.051627	5904.938228
0.051633	5905.490534
0.051638	5906.056801
0.051643	5906.620167
0.051649	5907.172704
0.051654	5907.721259
0.051659	5908.268468
0.051665	5908.808409
0.05167	5909.356943
0.051675	5909.887228
0.05168	5910.419425
0.051684	5910.9543
0.051689	5911.479763
0.051694	5912.00376
0.051699	5912.522742
0.051704	5913.040097
0.051709	5913.560434
0.051714	5914.075139
0.051719	5914.600713
0.051724	5915.125115
0.051729	5915.651528
0.051734	5916.176566
0.051739	5916.701908
0.051744	5917.231384
0.051749	5917.785712
0.051754	5918.344811
0.051759	5918.90394
0.051765	5919.46121
0.05177	5920.004406
0.051775	5920.543193
0.05178	5921.078655
0.051786	5921.612408
0.051791	5922.14973
0.051796	5922.690834
0.051801	5923.226862
0.051806	5923.774466
0.051811	5924.302709
0.051816	5924.819083
0.051821	5925.329613
0.051825	5925.848727
0.051831	5926.379477
0.051836	5926.911137
0.051841	5927.455081
0.051846	5928.016263
0.051851	5928.565616
0.051856	5929.11684
0.051862	5929.663322
0.051867	5930.209359
0.051872	5930.754213
0.051877	5931.300523
0.051882	5931.854466
0.051887	5932.395387
0.051892	5932.933578
0.051897	5933.48097
0.051902	5934.024894
0.051907	5934.574924
0.051913	5935.128352
0.051918	5935.666068
0.051923	5936.202106
0.051928	5936.741147
0.051933	5937.259199
0.051939	5937.775219
0.051944	5938.298579
0.051948	5938.8303
0.051953	5939.359271
0.051959	5939.887191
0.051964	5940.417385
0.051969	5940.94859
0.051974	5941.479422
0.051979	5942.031009
0.051985	5942.586074
0.05199	5943.129301
0.051995	5943.659637
0.052	5944.196888
0.052005	5944.731046
0.05201	5945.260269
0.052015	5945.789453
0.05202	5946.320476
0.052025	5946.847253
0.052029	5947.383807
0.052034	5947.915619
0.05204	5948.470624
0.052045	5949.014608
0.05205	5949.568127
0.052055	5950.112647
0.05206	5950.665529
0.052066	5951.202305
0.05207	5951.735815
0.052075	5952.269932
0.05208	5952.815545
0.052085	5953.352826
0.05209	5953.896588
0.052095	5954.445395
0.052101	5954.999874
0.052106	5955.553453
0.052111	5956.111986
0.052117	5956.64941
0.052122	5957.188703
0.052127	5957.720181
0.052131	5958.256968
0.052137	5958.802994
0.052142	5959.351195
0.052147	5959.893835
0.052152	5960.431106
0.052157	5960.972371
0.052163	5961.536495
0.052169	5962.09978
0.052174	5962.656928
0.052179	5963.211245
0.052184	5963.762893
0.05219	5964.322093
0.052195	5964.864107
0.0522	5965.416472
0.052205	5965.945585
0.05221	5966.473889
0.052215	5967.014032
0.05222	5967.553042
0.052225	5968.088312
0.052231	5968.617252
0.052236	5969.154726
0.052241	5969.704726
0.052246	5970.256475
0.052251	5970.802179
0.052256	5971.338348
0.052261	5971.853236
0.052266	5972.368993
0.052271	5972.892373
0.052276	5973.417219
0.052281	5973.957261
0.052286	5974.490974
0.052291	5975.025121
0.052296	5975.560411
0.052301	5976.094973
0.052306	5976.61714
0.052312	5977.146657
0.052317	5977.676164
0.052321	5978.190748
0.052327	5978.716292
0.052332	5979.263744
0.052337	5979.806111
0.052342	5980.356253
0.052347	5980.897295
0.052352	5981.437721
0.052357	5981.958715
0.052362	5982.485048
0.052367	5982.991342
0.052372	5983.497474
0.052377	5984.014424
0.052383	5984.547025
0.052388	5985.095832
0.052393	5985.636814
0.052399	5986.187724
0.052404	5986.742516
0.052409	5987.29833
0.052414	5987.851292
0.05242	5988.397096
0.052425	5988.936552
0.05243	5989.474086
0.052435	5990.015442
0.05244	5990.552097
0.052445	5991.092755
0.05245	5991.638519
0.052456	5992.175295
0.052461	5992.699009
0.052466	5993.225816
0.052471	5993.759468
0.052476	5994.28759
0.052481	5994.829755
0.052486	5995.358423
0.05249	5995.882127
0.052495	5996.417143
0.0525	5996.927886
0.052505	5997.457777
0.05251	5998.000255
0.052515	5998.538376
0.05252	5999.070582
0.052525	5999.589787
0.05253	6000.127898
0.052535	6000.666746
0.052541	6001.207475
0.052545	6001.747618
0.05255	6002.276872
0.052555	6002.815135
0.052561	6003.346209
0.052566	6003.885249
0.05257	6004.429011
0.052576	6004.967476
0.052581	6005.497963
0.052586	6006.021232
0.05259	6006.546938
0.052596	6007.071713
0.0526	6007.593759
0.052606	6008.130666
0.052611	6008.658849
0.052616	6009.19881
0.052621	6009.740034
0.052626	6010.279924
0.052631	6010.816498
0.052636	6011.363849
0.052641	6011.9084
0.052646	6012.447239
0.052652	6012.987958
0.052657	6013.522621
0.052662	6014.055727
0.052666	6014.58853
0.052672	6015.123061
0.052677	6015.660272
0.052682	6016.193348
0.052687	6016.716677
0.052692	6017.235356
0.052697	6017.752256
0.052702	6018.272826
0.052707	6018.798956
0.052712	6019.323873
0.052717	6019.849902
0.052722	6020.383341
0.052727	6020.927063
0.052732	6021.463273
0.052737	6021.995136
0.052742	6022.521296
0.052747	6023.043231
0.052752	6023.581533
0.052757	6024.132605
0.052762	6024.670807
0.052768	6025.210575
0.052773	6025.752791
0.052778	6026.292074
0.052783	6026.825675
0.052788	6027.363827
0.052793	6027.90221
0.052798	6028.439017
0.052803	6028.980544
0.052809	6029.514176
0.052814	6030.053824
0.052819	6030.588163
0.052824	6031.131925
0.052829	6031.695513
0.052834	6032.250872
0.05284	6032.802196
0.052845	6033.351206
0.05285	6033.8878
0.052855	6034.428023
0.05286	6034.956671
0.052865	6035.494701
0.05287	6036.015311
0.052875	6036.535001
0.05288	6037.057218
0.052885	6037.584743
0.052889	6038.104393
0.052894	6038.63662
0.0529	6039.163124
0.052905	6039.68611
0.052909	6040.215242
0.052914	6040.740301
0.052919	6041.259758
0.052925	6041.793764
0.05293	6042.328953
0.052935	6042.858905
0.05294	6043.38089
0.052944	6043.893462
0.05295	6044.409543
0.052954	6044.928758
0.052959	6045.443463
0.052964	6045.97382
0.052969	6046.501042
0.052974	6047.037444
0.052979	6047.560187
0.052984	6048.085609
0.05299	6048.607402
0.052995	6049.132906
0.053	6049.717361
0.053005	6050.287733
0.05301	6050.831525
0.053015	6051.347889
0.05302	6051.870754
0.053025	6052.385389
0.05303	6052.898274
0.053034	6053.414092
0.053039	6053.946197
0.053044	6054.48537
0.05305	6055.026412
0.053055	6055.568789
0.05306	6056.109154
0.053065	6056.642564
0.05307	6057.183364
0.053075	6057.720716
0.05308	6058.250365
0.053086	6058.786858
0.053091	6059.331004
0.053096	6059.890275
0.053101	6060.446806
0.053107	6061.005036
0.053112	6061.570252
0.053117	6062.135781
0.053123	6062.692494
0.053128	6063.249369
0.053134	6063.818316
0.053139	6064.377465
0.053144	6064.934876
0.053149	6065.47973
0.053154	6066.025767
0.053159	6066.572502
0.053165	6067.116021
0.053169	6067.661765
0.053174	6068.196863
0.053179	6068.729008
0.053184	6069.256938
0.053189	6069.783766
0.053194	6070.308885
0.053199	6070.824056
0.053204	6071.342512
0.053209	6071.871938
0.053214	6072.402133
0.053219	6072.930002
0.053224	6073.456739
0.053229	6073.975579
0.053234	6074.498181
0.053239	6075.012078
0.053244	6075.52557
0.053249	6076.047212
0.053254	6076.574747
0.053259	6077.101929
0.053265	6077.627816
0.053269	6078.156545
0.053274	6078.688579
0.053279	6079.210706
0.053284	6079.734247
0.053289	6080.263087
0.053294	6080.787408
0.053299	6081.309574
0.053304	6081.836493
0.05331	6082.390396
0.053315	6082.963204
0.053321	6083.529279
0.053326	6084.088813
0.053331	6084.6449
0.053336	6085.189703
0.053342	6085.736003
0.053347	6086.279836
0.053352	6086.813589
0.053357	6087.344168
0.053362	6087.87145
0.053367	6088.404668
0.053372	6088.933831
0.053377	6089.46628
0.053383	6089.997324
0.053388	6090.522422
0.053392	6091.033023
0.053397	6091.515882
0.053402	6092.008993
0.053407	6092.521211
0.053412	6093.058776
0.053417	6093.588677
0.053422	6094.119832
0.053427	6094.645032
0.053432	6095.171941
0.053437	6095.708899
0.053442	6096.249173
0.053448	6096.790114
0.053453	6097.34433
0.053459	6097.887446
0.053464	6098.43139
0.053469	6098.982775
0.053474	6099.525627
0.053479	6100.078539
0.053485	6100.628165
0.05349	6101.176305
0.053495	6101.730693
0.0535	6102.281158
0.053506	6102.83962
0.053511	6103.39143
0.053516	6103.942856
0.053522	6104.488185
0.053527	6105.032564
0.053532	6105.59413
0.053537	6106.143473
0.053543	6106.686284
0.053548	6107.226822
0.053553	6107.757289
0.053558	6108.296289
0.053563	6108.835097
0.053568	6109.361066
0.053573	6109.870696
0.053577	6110.371622
0.053583	6110.89299
0.053588	6111.43104
0.053594	6111.982769
0.053599	6112.533932
0.053604	6113.083265
0.05361	6113.631809
0.053615	6114.187855
0.05362	6114.734144
0.053625	6115.275187
0.05363	6115.809496
0.053635	6116.332351
0.05364	6116.850726
0.053645	6117.377089
0.053651	6117.902693
0.053656	6118.428358
0.053661	6118.951395
0.053666	6119.460732
0.053671	6119.980887
0.053676	6120.513316
0.053681	6121.051477
0.053686	6121.593834
0.053691	6122.133198
0.053696	6122.666041
0.053701	6123.203424
0.053706	6123.74201
0.053712	6124.280929
0.053717	6124.809971
0.053722	6125.339438
0.053727	6125.881147
0.053732	6126.420764
0.053737	6126.967802
0.053743	6127.509229
0.053748	6128.049705
0.053753	6128.594479
0.053758	6129.145753
0.053764	6129.707076
0.053769	6130.25834
0.053774	6130.807501
0.053779	6131.355226
0.053784	6131.873895
0.053789	6132.379219
0.053794	6132.881681
0.053799	6133.392737
0.053804	6133.91643
0.053809	6134.450446
0.053814	6134.988941
0.053819	6135.522563
0.053824	6136.054112
0.053829	6136.586895
0.053834	6137.125571
0.053839	6137.667453
0.053845	6138.206615
0.05385	6138.751894
0.053855	6139.305331
0.053861	6139.870163
0.053866	6140.431426
0.053872	6140.983761
0.053877	6141.522105
0.053882	6142.049003
0.053887	6142.575598
0.053892	6143.101233
0.053897	6143.62252
0.053902	6144.143727
0.053908	6144.678451
0.053913	6145.223709
0.053918	6145.76367
0.053923	6146.304743
0.053928	6146.843612
0.053934	6147.374079
0.053939	6147.90306
0.053943	6148.419474
0.053948	6148.935282
0.053953	6149.460421
0.053958	6149.995135
0.053963	6150.533438
0.053968	6151.072741
0.053973	6151.605585
0.053978	6152.146112
0.053983	6152.672484
0.053988	6153.198908
0.053993	6153.727232
0.053998	6154.250571
0.054003	6154.786802
0.054009	6155.315692
0.054014	6155.838748
0.054019	6156.370712
0.054024	6156.90397
0.054029	6157.409758
0.054033	6157.918428
0.054038	6158.438937
0.054043	6158.967858
0.054048	6159.488013
0.054053	6160.007885
0.054058	6160.522884
0.054062	6161.048529
0.054068	6161.584314
0.054073	6162.108998
0.054077	6162.627111
0.054082	6163.160025
0.054088	6163.692899
0.054093	6164.225964
0.054098	6164.755016
0.054103	6165.28883
0.054108	6165.828255
0.054113	6166.377204
0.054118	6166.91955
0.054123	6167.470966
0.054129	6168.017559
0.054134	6168.559825
0.054139	6169.10116
0.054144	6169.629808
0.054149	6170.15246
0.054154	6170.685839
0.054159	6171.21202
0.054164	6171.72712
0.054169	6172.259124
0.054174	6172.795283
0.05418	6173.330978
0.054185	6173.876964
0.05419	6174.420918
0.054195	6174.959039
0.0542	6175.502923
0.054205	6176.039375
0.05421	6176.579215
0.054216	6177.106143
0.054221	6177.636833
0.054226	6178.172052
0.054231	6178.728816
0.054236	6179.287026
0.054242	6179.828068
0.054247	6180.367473
0.054252	6180.900579
0.054257	6181.432573
0.054262	6181.96395
0.054267	6182.489312
0.054272	6183.031568
0.054277	6183.571114
0.054283	6184.12077
0.054288	6184.663006
0.054293	6185.209933
0.054298	6185.751582
0.054303	6186.300753
0.054308	6186.847679
0.054313	6187.391411
0.054318	6187.919664
0.054323	6188.437454
0.054328	6188.958377
0.054333	6189.483759
0.054339	6190.022021
0.054344	6190.561183
0.054349	6191.117725
0.054354	6191.65898
0.05436	6192.214652
0.054365	6192.804435
0.054371	6193.382389
0.054376	6193.922866
0.054382	6194.47044
0.054387	6195.007832
0.054392	6195.550998
0.054397	6196.086541
0.054402	6196.627088
0.054407	6197.159769
0.054412	6197.691399
0.054417	6198.222706
0.054422	6198.75473
0.054427	6199.289717
0.054432	6199.811762
0.054437	6200.332908
0.054442	6200.865074
0.054446	6201.392701
0.054451	6201.924159
0.054456	6202.450976
0.054461	6202.998338
0.054466	6203.563614
0.054472	6204.122491
0.054476	6204.679123
0.054482	6205.230347
0.054487	6205.776717
0.054492	6206.313776
0.054497	6206.834619
0.054502	6207.361457
0.054507	6207.889619
0.054512	6208.420986
0.054517	6208.943012
0.054522	6209.465138
0.054527	6209.983888
0.054532	6210.527701
0.054538	6211.065548
0.054543	6211.605883
0.054548	6212.152567
0.054553	6212.701051
0.054559	6213.24455
0.054564	6213.791649
0.054569	6214.337119
0.054574	6214.882469
0.05458	6215.421863
0.054585	6215.973158
0.05459	6216.520296
0.054595	6217.063674
0.0546	6217.587772
0.054605	6218.113306
0.054611	6218.63703
0.054616	6219.168286
0.054621	6219.684801
0.054626	6220.201377
0.05463	6220.711513
0.054635	6221.230951
0.05464	6221.750479
0.054645	6222.273232
0.05465	6222.796754
0.054655	6223.323632
0.05466	6223.840067
0.054665	6224.371454
0.054671	6224.919806
0.054676	6225.472374
0.054681	6226.020828
0.054687	6226.566167
0.054692	6227.103711
0.054697	6227.636737
0.054702	6228.166405
0.054707	6228.698096
0.054712	6229.243445
0.054717	6229.783012
0.054722	6230.315724
0.054728	6230.850983
0.054733	6231.382583
0.054738	6231.910978
0.054743	6232.439474
0.054748	6232.958173
0.054753	6233.480754
0.054758	6234.007683
0.054763	6234.530952
0.054768	6235.067112
0.054773	6235.600389
0.054778	6236.131463
0.054783	6236.661415
0.054789	6237.201012
0.054794	6237.74166
0.054799	6238.283047
0.054804	6238.82238
0.054809	6239.35946
0.054815	6239.904951
0.05482	6240.450806
0.054825	6241.003879
0.054831	6241.544275
0.054836	6242.090868
0.054841	6242.634579
0.054846	6243.185631
0.054852	6243.713096
0.054856	6244.244038
0.054861	6244.757642
0.054866	6245.273429
0.054871	6245.753053
0.054876	6246.224174
0.05488	6246.72333
0.054885	6247.240129
0.054891	6247.767664
0.054896	6248.292025
0.054901	6248.823847
0.054906	6249.346894
0.054912	6249.874126
0.054916	6250.39507
0.054921	6250.925557
0.054926	6251.449645
0.054931	6251.968961
0.054936	6252.489409
0.054941	6253.021959
0.054946	6253.547948
0.054951	6254.077728
0.054956	6254.619448
0.054961	6255.167021
0.054967	6255.711087
0.054972	6256.245103
0.054977	6256.763064
0.054983	6257.287172
0.054988	6257.820986
0.054993	6258.362574
0.054998	6258.915941
0.055003	6259.471239
0.055008	6260.016417
0.055013	6260.567397
0.055018	6261.116114
0.055023	6261.667984
0.055029	6262.210452
0.055034	6262.759239
0.055039	6263.305124
0.055044	6263.842406
0.055049	6264.378686
0.055054	6264.920821
0.05506	6265.474481
0.055066	6266.020144
0.055071	6266.568557
0.055076	6267.092928
0.055081	6267.618269
0.055086	6268.145714
0.055091	6268.680811
0.055096	6269.210622
0.055101	6269.738167
0.055106	6270.271041
0.05511	6270.78238
0.055115	6271.284751
0.05512	6271.791864
0.055125	6272.316134
0.05513	6272.846086
0.055135	6273.382649
0.05514	6273.908395
0.055146	6274.443271
0.055151	6274.979764
0.055156	6275.511839
0.055161	6276.053124
0.055167	6276.596957
0.055172	6277.139637
0.055177	6277.68803
0.055182	6278.238374
0.055188	6278.758842
0.055193	6279.280524
0.055198	6279.801245
0.055203	6280.311512
0.055207	6280.834994
0.055212	6281.358556
0.055217	6281.87218
0.055222	6282.382285
0.055227	6282.893634
0.055232	6283.417823
0.055237	6283.943863
0.055242	6284.463876
0.055248	6284.987984
0.055253	6285.526368
0.055258	6286.062193
0.055263	6286.598798
0.055268	6287.144946
0.055273	6287.665384
0.055278	6288.185478
0.055283	6288.70805
0.055288	6289.22777
0.055293	6289.75569
0.055298	6290.283144
0.055303	6290.816341
0.055308	6291.350226
0.055312	6291.869522
0.055318	6292.390758
0.055323	6292.906192
0.055327	6293.419189
0.055332	6293.926747
0.055336	6294.440978
0.055341	6294.958919
0.055346	6295.466224
0.055351	6295.988219
0.055356	6296.503905
0.055361	6297.027275
0.055365	6297.544822
0.05537	6298.053977
0.055375	6298.562253
0.05538	6299.079112
0.055385	6299.602745
0.05539	6300.125205
0.055395	6300.649394
0.055399	6301.178052
0.055404	6301.718589
0.05541	6302.248995
0.055414	6302.766795
0.055419	6303.281814
0.055424	6303.795205
0.055429	6304.315067
0.055434	6304.847789
0.055438	6305.370785
0.055444	6305.903436
0.055449	6306.445935
0.055454	6306.987321
0.055459	6307.526675
0.055465	6308.070892
0.05547	6308.610802
0.055475	6309.140178
0.05548	6309.680492
0.055485	6310.209999
0.055491	6310.734916
0.055495	6311.261997
0.0555	6311.795952
0.055506	6312.313701
0.05551	6312.823372
0.055515	6313.326562
0.05552	6313.824
0.055525	6314.32075
0.05553	6314.815539
0.055535	6315.320286
0.055539	6315.830169
0.055544	6316.351841
0.055549	6316.889436
0.055554	6317.44076
0.055559	6317.984846
0.055565	6318.537606
0.05557	6319.089841
0.055575	6319.651882
0.05558	6320.186929
0.055585	6320.692758
0.05559	6321.188315
0.055595	6321.698603
0.0556	6322.20979
0.055605	6322.722312
0.05561	6323.269734
0.055615	6323.816448
0.055621	6324.358199
0.055626	6324.910342
0.055631	6325.449858
0.055637	6325.991457
0.055642	6326.527697
0.055647	6327.05963
0.055652	6327.585578
0.055656	6328.118108
0.055662	6328.645239
0.055667	6329.176819
0.055672	6329.706781
0.055677	6330.246145
0.055682	6330.784326
0.055687	6331.322609
0.055692	6331.856665
0.055697	6332.381703
0.055702	6332.906823
0.055707	6333.433579
0.055712	6333.95332
0.055718	6334.47854
0.055722	6335.002011
0.055727	6335.522338
0.055732	6336.046982
0.055737	6336.571373
0.055743	6337.099141
0.055748	6337.630185
0.055752	6338.155183
0.055757	6338.689674
0.055763	6339.223013
0.055768	6339.751883
0.055773	6340.266993
0.055778	6340.791141
0.055783	6341.317049
0.055788	6341.833595
0.055793	6342.3574
0.055798	6342.880011
0.055803	6343.396699
0.055808	6343.907987
0.055813	6344.428122
0.055818	6344.953919
0.055823	6345.492211
0.055829	6346.030382
0.055834	6346.566946
0.055839	6347.099597
0.055844	6347.641287
0.05585	6348.208565
0.055855	6348.764773
0.055861	6349.310709
0.055866	6349.862761
0.055871	6350.411983
0.055877	6350.956382
0.055882	6351.497819
0.055887	6352.031319
0.055893	6352.559603
0.055898	6353.094387
0.055903	6353.630698
0.055908	6354.164593
0.055914	6354.705615
0.055919	6355.257728
0.055925	6355.813127
0.05593	6356.355696
0.055935	6356.902441
0.055941	6357.449337
0.055946	6357.98675
0.055951	6358.503104
0.055956	6359.01417
0.055961	6359.547276
0.055966	6360.089592
0.055971	6360.625196
0.055976	6361.168624
0.055981	6361.721314
0.055986	6362.261052
0.055991	6362.802004
0.055996	6363.348495
0.056002	6363.888669
0.056007	6364.424383
0.056012	6364.953162
0.056017	6365.479949
0.056022	6366.009011
0.056027	6366.539934
0.056032	6367.075123
0.056037	6367.623626
0.056042	6368.161221
0.056048	6368.691881
0.056053	6369.235441
0.056058	6369.770822
0.056063	6370.303624
0.056068	6370.841543
0.056074	6371.400612
0.056079	6371.960318
0.056085	6372.508427
0.05609	6373.064544
0.056095	6373.594657
0.0561	6374.126773
0.056106	6374.649324
0.056111	6375.17323
0.056116	6375.705669
0.056121	6376.25575
0.056126	6376.796984
0.056131	6377.349057
0.056136	6377.900139
0.056141	6378.459622
0.056147	6379.014819
0.056152	6379.578639
0.056158	6380.132593
0.056163	6380.686495
0.056168	6381.232623
0.056173	6381.777841
0.056179	6382.322109
0.056184	6382.875152
0.056189	6383.414415
0.056195	6383.944185
0.0562	6384.471134
0.056205	6384.991522
0.05621	6385.518956
0.056215	6386.037231
0.05622	6386.565696
0.056225	6387.093151
0.05623	6387.625397
0.056235	6388.147898
0.05624	6388.677678
0.056246	6389.213443
0.056251	6389.744487
0.056256	6390.27917
0.056261	6390.808839
0.056266	6391.339043
0.056271	6391.870036
0.056276	6392.400463
0.056282	6392.937047
0.056287	6393.46898
0.056292	6393.997122
0.056298	6394.528378
0.056303	6395.058148
0.056308	6395.587099
0.056313	6396.103513
0.056318	6396.63576
0.056324	6397.180129
0.056329	6397.720464
0.056334	6398.250608
0.056339	6398.780074
0.056344	6399.317962
0.05635	6399.852696
0.056355	6400.384397
0.05636	6400.919818
0.056365	6401.426173
0.05637	6401.928473
0.056375	6402.430693
0.05638	6402.943771
0.056385	6403.462349
0.05639	6403.957916
0.056394	6404.463068
0.0564	6404.989603
0.056405	6405.525641
0.05641	6406.079917
0.056416	6406.629038
0.056421	6407.181353
0.056427	6407.740331
0.056432	6408.296185
0.056438	6408.851695
0.056443	6409.403515
0.056449	6409.957862
0.056454	6410.492222
0.056459	6411.032365
0.056464	6411.570152
0.05647	6412.10436
0.056475	6412.64334
0.05648	6413.174101
0.056485	6413.707803
0.05649	6414.241789
0.056496	6414.77355
0.056501	6415.304948
0.056505	6415.818188
0.056511	6416.340061
0.056516	6416.874654
0.056521	6417.409549
0.056527	6417.945698
0.056531	6418.477096
0.056536	6419.014994
0.056542	6419.543703
0.056547	6420.074392
0.056552	6420.61777
0.056557	6421.161219
0.056562	6421.709591
0.056567	6422.261644
0.056573	6422.804061
0.056577	6423.343395
0.056583	6423.882911
0.056588	6424.404118
0.056593	6424.912707
0.056598	6425.418677
0.056602	6425.912041
0.056607	6426.411116
0.056612	6426.908695
0.056617	6427.399915
0.056622	6427.904794
0.056627	6428.42226
0.056632	6428.932284
0.056637	6429.449002
0.056642	6429.976962
0.056647	6430.508319
0.056652	6431.042082
0.056658	6431.569941
0.056663	6432.108719
0.056669	6432.649155
0.056674	6433.196608
0.056679	6433.732453
0.056684	6434.263669
0.05669	6434.785947
0.056695	6435.308781
0.0567	6435.8394
0.056705	6436.370313
0.05671	6436.89803
0.056716	6437.427941
0.056721	6437.943961
0.056726	6438.464278
0.056731	6438.965487
0.056735	6439.462126
0.05674	6439.965316
0.056746	6440.472207
0.056751	6440.983778
0.056756	6441.489799
0.056761	6441.9958
0.056766	6442.509667
0.056771	6443.024646
0.056776	6443.542526
0.056781	6444.072508
0.056787	6444.604957
0.056792	6445.129763
0.056797	6445.655862
0.056802	6446.190748
0.056807	6446.730193
0.056812	6447.271599
0.056817	6447.808598
0.056823	6448.343979
0.056828	6448.874608
0.056833	6449.409686
0.056838	6449.945916
0.056843	6450.469801
0.056848	6451.001249
0.056853	6451.515581
0.056858	6452.036555
0.056863	6452.55208
0.056868	6453.077583
0.056873	6453.606332
0.056878	6454.133827
0.056883	6454.663697
0.056889	6455.192638
0.056894	6455.710417
0.056899	6456.226053
0.056904	6456.760282
0.056909	6457.303933
0.056914	6457.842336
0.05692	6458.376059
0.056925	6458.902816
0.05693	6459.433152
0.056935	6459.967856
0.05694	6460.492216
0.056945	6461.017689
0.056951	6461.54566
0.056956	6462.075621
0.056961	6462.603865
0.056966	6463.133351
0.056972	6463.674727
0.056977	6464.207207
0.056982	6464.746349
0.056988	6465.288331
0.056993	6465.830911
0.056998	6466.368637
0.057004	6466.903442
0.057008	6467.426458
0.057013	6467.952012
0.057018	6468.479466
0.057023	6468.996942
0.057029	6469.534355
0.057034	6470.078653
0.057039	6470.633587
0.057045	6471.195487
0.057051	6471.739158
0.057056	6472.289663
0.057061	6472.838774
0.057067	6473.382597
0.057072	6473.920111
0.057077	6474.449082
0.057082	6474.967195
0.057087	6475.492011
0.057092	6476.01071
0.057097	6476.538043
0.057102	6477.056651
0.057108	6477.591729
0.057113	6478.130921
0.057118	6478.679668
0.057124	6479.280835
0.05713	6479.869769
0.057136	6480.440586
0.057141	6480.990313
0.057146	6481.525178
0.057151	6482.052522
0.057157	6482.584799
0.057162	6483.128409
0.057167	6483.660595
0.057172	6484.198797
0.057178	6484.740901
0.057183	6485.286594
0.057188	6485.818932
0.057193	6486.368619
0.057199	6486.922309
0.057205	6487.462806
0.05721	6488.014575
0.057215	6488.566648
0.05722	6489.114656
0.057226	6489.663089
0.057231	6490.218336
0.057237	6490.76773
0.057242	6491.329761
0.057248	6491.879013
0.057253	6492.431217
0.057258	6492.981541
0.057264	6493.526546
0.057269	6494.063241
0.057274	6494.590585
0.057279	6495.116816
0.057284	6495.650812
0.057289	6496.176487
0.057294	6496.708441
0.057299	6497.237725
0.057304	6497.771781
0.057309	6498.303068
0.057315	6498.852259
0.05732	6499.396436
0.057325	6499.940956
0.05733	6500.486184
0.057336	6501.036376
0.057341	6501.598327
0.057346	6502.148266
0.057352	6502.681403
0.057357	6503.21463
0.057363	6503.748141
0.057368	6504.281853
0.057373	6504.834684
0.057378	6505.384694
0.057383	6505.937101
0.057389	6506.488506
0.057394	6507.054976
0.0574	6507.607847
0.057405	6508.166026
0.057411	6508.712296
0.057416	6509.262741
0.057421	6509.816411
0.057427	6510.369363
0.057433	6510.921789
0.057438	6511.470869
0.057443	6512.019474
0.057448	6512.550751
0.057453	6513.08781
0.057458	6513.629388
0.057464	6514.163161
0.057469	6514.698573
0.057474	6515.235389
0.057479	6515.772893
0.057484	6516.32811
0.057489	6516.882741
0.057494	6517.43268
0.0575	6517.973308
0.057505	6518.504362
0.05751	6519.036123
0.057515	6519.574345
0.057521	6520.12107
0.057526	6520.663366
0.057532	6521.21375
0.057537	6521.775761
0.057543	6522.337307
0.057548	6522.899459
0.057553	6523.458296
0.057559	6524.012855
0.057564	6524.553716
0.057569	6525.078289
0.057574	6525.610506
0.05758	6526.150092
0.057584	6526.681095
0.05759	6527.213969
0.057595	6527.753475
0.0576	6528.279342
0.057605	6528.815148
0.057611	6529.359901
0.057616	6529.893037
0.057621	6530.428933
0.057626	6530.954558
0.057632	6531.475259
0.057637	6532.010822
0.057642	6532.552896
0.057647	6533.101875
0.057653	6533.654888
0.057658	6534.199823
0.057664	6534.736791
0.057669	6535.27299
0.057674	6535.801921
0.057679	6536.323522
0.057684	6536.853191
0.057689	6537.375044
0.057694	6537.88884
0.057699	6538.405092
0.057704	6538.940443
0.05771	6539.485226
0.057715	6540.026774
0.05772	6540.563399
0.057726	6541.09421
0.057731	6541.626052
0.057736	6542.144438
0.057741	6542.659265
0.057746	6543.178753
0.057751	6543.701294
0.057756	6544.230518
0.057762	6544.762562
0.057767	6545.293555
0.057772	6545.823234
0.057777	6546.356553
0.057783	6546.891701
0.057788	6547.426051
0.057793	6547.960522
0.057798	6548.49479
0.057803	6549.032335
0.057809	6549.561346
0.057814	6550.098648
0.057819	6550.638346
0.057824	6551.180693
0.05783	6551.71576
0.057835	6552.259816
0.057841	6552.797643
0.057846	6553.335774
0.057851	6553.868708
0.057856	6554.397912
0.057861	6554.930896
0.057867	6555.465681
0.057872	6555.992296
0.057878	6556.520438
0.057883	6557.042403
0.057888	6557.560253
0.057893	6558.068236
0.057898	6558.576986
0.057903	6559.094402
0.057908	6559.621472
0.057913	6560.154972
0.057919	6560.691243
0.057924	6561.220204
0.05793	6561.76706
0.057935	6562.306535
0.05794	6562.84596
0.057945	6563.383333
0.057951	6563.925578
0.057956	6564.45275
0.057961	6564.971439
0.057967	6565.483718
0.057972	6566.002731
0.057977	6566.514404
0.057982	6567.030575
0.057988	6567.548627
0.057993	6568.081218
0.057998	6568.607955
0.058003	6569.149654
0.058008	6569.694771
0.058014	6570.238948
0.058019	6570.774895
0.058025	6571.314744
0.05803	6571.861924
0.058035	6572.413855
0.05804	6572.959063
0.058046	6573.498872
0.058052	6574.032878
0.058057	6574.562678
0.058062	6575.077323
0.058067	6575.590674
0.058072	6576.111506
0.058077	6576.64715
0.058082	6577.192237
0.058087	6577.735463
0.058093	6578.275525
0.058099	6578.81499
0.058104	6579.357347
0.058109	6579.89751
0.058114	6580.432679
0.058119	6580.968525
0.058125	6581.498456
0.05813	6582.029773
0.058135	6582.564284
0.05814	6583.031796
0.058145	6583.524553
0.05815	6584.045992
0.058156	6584.591766
0.058161	6585.12191
0.058166	6585.657806
0.058171	6586.18248
0.058177	6586.713534
0.058181	6587.237956
0.058187	6587.757423
0.058192	6588.283978
0.058197	6588.813131
0.058202	6589.357591
0.058208	6589.916225
0.058214	6590.46489
0.05822	6591.01486
0.058225	6591.566458
0.058231	6592.113223
0.058236	6592.643902
0.058241	6593.167869
0.058246	6593.698629
0.058252	6594.222323
0.058257	6594.745582
0.058262	6595.261592
0.058267	6595.781534
0.058273	6596.300486
0.058277	6596.799997
0.058282	6597.304582
0.058287	6597.81491
0.058293	6598.340242
0.058298	6598.865502
0.058303	6599.389479
0.058308	6599.914547
0.058314	6600.433702
0.058319	6600.962016
0.058324	6601.492432
0.058329	6602.018158
0.058335	6602.541255
0.05834	6603.062502
0.058345	6603.586772
0.05835	6604.104935
0.058355	6604.61406
0.05836	6605.13553
0.058365	6605.656918
0.058371	6606.179186
0.058376	6606.717186
0.058381	6607.262798
0.058387	6607.827205
0.058393	6608.393745
0.058398	6608.950913
0.058404	6609.512308
0.05841	6610.069728
0.058415	6610.628009
0.05842	6611.178322
0.058425	6611.72991
0.058431	6612.280223
0.058437	6612.824349
0.058442	6613.3735
0.058447	6613.920568
0.058452	6614.463491
0.058458	6614.991593
0.058463	6615.50371
0.058467	6616.003039
0.058472	6616.499485
0.058478	6617.001786
0.058483	6617.508121
0.058487	6618.022654
0.058492	6618.53822
0.058497	6619.064046
0.058503	6619.596586
0.058508	6620.133595
0.058513	6620.671109
0.058518	6621.20924
0.058524	6621.748816
0.058529	6622.281882
0.058534	6622.819518
0.058539	6623.35047
0.058544	6623.888368
0.05855	6624.427379
0.058555	6624.956512
0.05856	6625.491488
0.058565	6626.030509
0.05857	6626.567416
0.058575	6627.094739
0.058581	6627.621982
0.058586	6628.148162
0.058591	6628.670794
0.058596	6629.202586
0.058601	6629.731122
0.058606	6630.243189
0.058612	6630.769997
0.058617	6631.296461
0.058622	6631.807466
0.058627	6632.327035
0.058632	6632.850203
0.058637	6633.371399
0.058642	6633.903808
0.058648	6634.434477
0.058653	6634.968726
0.058658	6635.492642
0.058663	6636.022785
0.058668	6636.551443
0.058673	6637.076441
0.058678	6637.602146
0.058684	6638.12121
0.058689	6638.642608
0.058694	6639.164745
0.058699	6639.687741
0.058704	6640.222566
0.058709	6640.755207
0.058715	6641.292448
0.05872	6641.831003
0.058726	6642.391114
0.058731	6642.94168
0.058736	6643.473017
0.058741	6643.991726
0.058746	6644.506351
0.058751	6645.032552
0.058757	6645.555861
0.058762	6646.082891
0.058767	6646.606231
0.058772	6647.137911
0.058777	6647.668439
0.058783	6648.19649
0.058788	6648.72714
0.058794	6649.261105
0.058799	6649.786376
0.058804	6650.323162
0.058809	6650.858867
0.058814	6651.394793
0.05882	6651.949636
0.058825	6652.48804
0.05883	6653.023532
0.058836	6653.546579
0.05884	6654.061952
0.058846	6654.579296
0.058851	6655.096459
0.058856	6655.61079
0.058861	6656.131794
0.058866	6656.65846
0.058872	6657.198441
0.058877	6657.736825
0.058882	6658.280436
0.058887	6658.818041
0.058893	6659.362359
0.058898	6659.910347
0.058903	6660.455282
0.058909	6661.003705
0.058914	6661.531079
0.058919	6662.055075
0.058925	6662.580983
0.05893	6663.09949
0.058934	6663.616309
0.058939	6664.136272
0.058944	6664.661614
0.05895	6665.197621
0.058955	6665.732264
0.05896	6666.270547
0.058966	6666.815461
0.058971	6667.357009
0.058976	6667.897617
0.058981	6668.436102
0.058987	6668.972969
0.058992	6669.497643
0.058997	6670.007729
0.059002	6670.511434
0.059007	6671.004757
0.059012	6671.500982
0.059017	6671.994062
0.059022	6672.492652
0.059027	6672.994558
0.059032	6673.521598
0.059037	6674.052976
0.059043	6674.572554
0.059048	6675.103123
0.059052	6675.632569
0.059058	6676.165908
0.059063	6676.6959
0.059068	6677.23124
0.059073	6677.772354
0.059079	6678.304904
0.059084	6678.840922
0.059089	6679.379093
0.059094	6679.918609
0.0591	6680.461036
0.059105	6681.014777
0.059111	6681.55674
0.059116	6682.09938
0.059122	6682.650462
0.059127	6683.20492
0.059133	6683.751948
0.059138	6684.289402
0.059144	6684.837642
0.059149	6685.378604
0.059155	6685.915087
0.05916	6686.461397
0.059165	6686.998426
0.059171	6687.542522
0.059176	6688.084231
0.059181	6688.629045
0.059187	6689.159239
0.059193	6689.700787
0.059198	6690.243124
0.059203	6690.790182
0.059209	6691.330113
0.059214	6691.864725
0.05922	6692.40045
0.059225	6692.939955
0.05923	6693.467713
0.059235	6694.000739
0.059241	6694.542833
0.059246	6695.086878
0.059251	6695.617163
0.059256	6696.142434
0.059261	6696.671183
0.059267	6697.200093
0.059272	6697.725101
0.059277	6698.250058
0.059283	6698.77356
0.059288	6699.305867
0.059294	6699.841066
0.059299	6700.392593
0.059305	6700.961681
0.05931	6701.528595
0.059316	6702.081305
0.059321	6702.613117
0.059326	6703.139985
0.059331	6703.671564
0.059337	6704.212546
0.059342	6704.746704
0.059348	6705.274431
0.059353	6705.803493
0.059358	6706.329563
0.059364	6706.858928
0.059368	6707.390255
0.059374	6707.921743
0.059379	6708.450361
0.059385	6708.972871
0.05939	6709.511568
0.059395	6710.050205
0.059401	6710.59054
0.059406	6711.131895
0.059411	6711.659128
0.059416	6712.185824
0.059421	6712.704432
0.059427	6713.24042
0.059432	6713.785617
0.059437	6714.3166
0.059443	6714.855924
0.059448	6715.383227
0.059454	6715.903049
0.059459	6716.426419
0.059464	6716.943359
0.05947	6717.466436
0.059475	6717.992404
0.05948	6718.516431
0.059486	6719.038649
0.059491	6719.559168
0.059496	6720.076906
0.059501	6720.59506
0.059506	6721.112556
0.059512	6721.634945
0.059517	6722.151117
0.059522	6722.689794
0.059527	6723.228622
0.059533	6723.769695
0.059538	6724.303681
0.059543	6724.831762
0.059549	6725.358165
0.059554	6725.885286
0.059559	6726.410314
0.059564	6726.935919
0.059569	6727.461735
0.059574	6727.995408
0.059579	6728.517767
0.059584	6729.05154
0.05959	6729.581643
0.059595	6730.119147
0.059601	6730.658006
0.059606	6731.189808
0.059612	6731.726503
0.059617	6732.27073
0.059623	6732.801137
0.059628	6733.327945
0.059634	6733.87381
0.059639	6734.408867
0.059644	6734.922026
0.059649	6735.428957
0.059654	6735.930792
0.059659	6736.434418
0.059664	6736.939276
0.059669	6737.456641
0.059675	6737.982751
0.05968	6738.529162
0.059686	6739.071013
0.059691	6739.620326
0.059697	6740.166686
0.059702	6740.702026
0.059708	6741.229734
0.059713	6741.775265
0.059718	6742.310889
0.059723	6742.865408
0.059729	6743.429815
0.059734	6743.984152
0.05974	6744.539612
0.059745	6745.087701
0.059751	6745.625084
0.059756	6746.170878
0.059762	6746.713397
0.059767	6747.264175
0.059772	6747.802822
0.059778	6748.344784
0.059783	6748.88428
0.059789	6749.42232
0.059794	6749.962554
0.059799	6750.499097
0.059804	6751.033083
0.059809	6751.56902
0.059815	6752.111215
0.059821	6752.691404
0.059827	6753.276789
0.059832	6753.857868
0.059838	6754.416815
0.059843	6754.95713
0.059849	6755.505775
0.059855	6756.049386
0.05986	6756.581097
0.059865	6757.098654
0.05987	6757.607506
0.059875	6758.130805
0.05988	6758.650525
0.059885	6759.178243
0.059891	6759.716383
0.059896	6760.255576
0.059901	6760.799004
0.059906	6761.3458
0.059911	6761.900744
0.059917	6762.457224
0.059922	6762.998085
0.059927	6763.539168
0.059933	6764.072203
0.059938	6764.600193
0.059943	6765.130661
0.059948	6765.661078
0.059953	6766.191626
0.059959	6766.731981
0.059964	6767.260295
0.059969	6767.793128
0.059975	6768.327366
0.05998	6768.853365
0.059985	6769.380365
0.059991	6769.911186
0.059996	6770.451036
0.060002	6770.991259
0.060007	6771.532797
0.060012	6772.070271
0.060017	6772.617036
0.060023	6773.161233
0.060028	6773.724265
0.060033	6774.277591
0.060039	6774.824214
0.060044	6775.350658
0.060049	6775.888778
0.060055	6776.416941
0.06006	6776.956174
0.060066	6777.494547
0.060071	6778.063301
0.060076	6778.648343
0.060082	6779.218877
0.060088	6779.783142
0.060093	6780.328097
0.060099	6780.889785
0.060104	6781.452857
0.060109	6782.0169
0.060115	6782.574948
0.06012	6783.137394
0.060125	6783.687576
0.060131	6784.217224
0.060136	6784.751999
0.060142	6785.285812
0.060147	6785.815724
0.060152	6786.355371
0.060158	6786.897435
0.060163	6787.44152
0.060168	6787.978933
0.060174	6788.523242
0.060179	6789.064547
0.060184	6789.612424
0.06019	6790.163971
0.060195	6790.700221
0.060201	6791.244823
0.060206	6791.788443
0.060211	6792.329142
0.060217	6792.877383
0.060222	6793.423005
0.060228	6793.96421
0.060234	6794.51054
0.060239	6795.061349
0.060244	6795.608599
0.06025	6796.153412
0.060255	6796.710045
0.060261	6797.263998
0.060266	6797.81788
0.060271	6798.369832
0.060276	6798.919397
0.060282	6799.468012
0.060287	6800.034471
0.060293	6800.590851
0.060299	6801.151649
0.060304	6801.719493
0.06031	6802.283678
0.060316	6802.85317
0.060322	6803.413088
0.060327	6803.970196
0.060333	6804.529366
0.060339	6805.08892
0.060344	6805.647847
0.06035	6806.200901
0.060356	6806.756957
0.060361	6807.320241
0.060367	6807.883192
0.060372	6808.46328
0.060378	6809.037312
0.060384	6809.601193
0.06039	6810.155612
0.060395	6810.718219
0.060401	6811.272465
0.060406	6811.830796
0.060412	6812.408498
0.060418	6812.99176
0.060424	6813.556804
0.06043	6814.127217
0.060435	6814.681797
0.060441	6815.229987
0.060446	6815.784395
0.060451	6816.346072
0.060457	6816.906243
0.060462	6817.451886
0.060467	6818.000491
0.060473	6818.547357
0.060478	6819.089795
0.060484	6819.635983
0.060489	6820.179705
0.060494	6820.719959
0.060499	6821.25355
0.060505	6821.809333
0.060511	6822.369858
0.060517	6822.922477
0.060522	6823.476753
0.060527	6824.027401
0.060532	6824.572437
0.060538	6825.109748
0.060544	6825.655391
0.06055	6826.211306
0.060555	6826.773185
0.060561	6827.333487
0.060566	6827.878857
0.060572	6828.440777
0.060578	6829.004598
0.060584	6829.562686
0.060589	6830.133786
0.060595	6830.700498
0.060601	6831.279554
0.060607	6831.851867
0.060613	6832.424514
0.060618	6832.99336
0.060624	6833.524353
0.060629	6834.061614
0.060634	6834.597753
0.06064	6835.147935
0.060646	6835.692051
0.060651	6836.240191
0.060657	6836.772701
0.060662	6837.319041
0.060668	6837.865947
0.060673	6838.408739
0.060678	6838.954837
0.060684	6839.50051
0.060689	6840.032413
0.060695	6840.570958
0.0607	6841.096279
0.060705	6841.622328
0.06071	6842.151957
0.060715	6842.682464
0.060721	6843.226217
0.060726	6843.768897
0.060731	6844.329735
0.060736	6844.877197
0.060742	6845.429614
0.060747	6845.981302
0.060753	6846.537955
0.060758	6847.087551
0.060764	6847.647085
0.060769	6848.205314
0.060775	6848.763079
0.060781	6849.318609
0.060786	6849.871369
0.060791	6850.423422
0.060797	6850.975171
0.060802	6851.530479
0.060808	6852.076283
0.060813	6852.624342
0.060819	6853.168115
0.060824	6853.708874
0.060829	6854.248238
0.060834	6854.780263
0.06084	6855.300701
0.060845	6855.831077
0.06085	6856.373464
0.060856	6856.930835
0.060861	6857.480562
0.060867	6858.030269
0.060872	6858.579056
0.060877	6859.0918
0.060883	6859.604868
0.060888	6860.116126
0.060892	6860.620297
0.060898	6861.133213
0.060903	6861.64621
0.060907	6862.165284
0.060913	6862.681657
0.060918	6863.208364
0.060923	6863.733554
0.060929	6864.277184
0.060934	6864.812808
0.060939	6865.357136
0.060945	6865.891415
0.06095	6866.431376
0.060956	6866.972772
0.060961	6867.512571
0.060966	6868.053513
0.060972	6868.601066
0.060977	6869.156425
0.060983	6869.709882
0.060988	6870.255141
0.060993	6870.805738
0.060999	6871.364038
0.061004	6871.911501
0.061009	6872.452472
0.061014	6872.981433
0.06102	6873.506006
0.061025	6874.038789
0.06103	6874.563494
0.061035	6875.092171
0.061041	6875.626248
0.061046	6876.16904
0.061052	6876.721507
0.061057	6877.274873
0.061063	6877.837602
0.061069	6878.390888
0.061074	6878.940646
0.06108	6879.496793
0.061085	6880.047238
0.061091	6880.603435
0.061097	6881.146318
0.061102	6881.677341
0.061107	6882.197082
0.061112	6882.722686
0.061118	6883.259583
0.061123	6883.799291
0.061128	6884.326473
0.061133	6884.860115
0.061138	6885.394849
0.061143	6885.931625
0.061149	6886.460343
0.061154	6886.990052
0.061159	6887.514878
0.061165	6888.055709
0.06117	6888.583739
0.061175	6889.112882
0.061181	6889.649032
0.061186	6890.182188
0.061191	6890.719409
0.061196	6891.250109
0.061201	6891.770962
0.061207	6892.305473
0.061212	6892.844211
0.061217	6893.382523
0.061223	6893.926285
0.061228	6894.46939
0.061233	6895.012253
0.061238	6895.551344
0.061243	6896.08531
0.061249	6896.62244
0.061254	6897.158356
0.061259	6897.68849
0.061265	6898.219898
0.06127	6898.760981
0.061275	6899.301103
0.061281	6899.854268
0.061287	6900.412012
0.061292	6900.973609
0.061298	6901.521637
0.061303	6902.053904
0.061309	6902.593602
0.061314	6903.138527
0.061319	6903.682067
0.061325	6904.22591
0.06133	6904.768357
0.061335	6905.296368
0.06134	6905.830253
0.061346	6906.357586
0.061351	6906.876204
0.061355	6907.373409
0.06136	6907.879451
0.061365	6908.398949
0.06137	6908.915504
0.061376	6909.448732
0.061382	6909.97743
0.061387	6910.515359
0.061392	6911.058605
0.061397	6911.581672
0.061402	6912.105072
0.061408	6912.64753
0.061413	6913.191565
0.061419	6913.737451
0.061424	6914.276643
0.061429	6914.814551
0.061435	6915.345656
0.06144	6915.888275
0.061446	6916.425739
0.061451	6916.973151
0.061456	6917.513597
0.061461	6918.049696
0.061467	6918.581002
0.061472	6919.126958
0.061477	6919.668921
0.061482	6920.206394
0.061487	6920.751178
0.061493	6921.297579
0.061498	6921.843009
0.061504	6922.396507
0.061509	6922.960884
0.061514	6923.513412
0.06152	6924.076969
0.061525	6924.630002
0.061531	6925.181984
0.061536	6925.728719
0.061541	6926.272026
0.061547	6926.812775
0.061552	6927.36041
0.061557	6927.893374
0.061562	6928.439593
0.061568	6928.988066
0.061573	6929.550441
0.061579	6930.114373
0.061584	6930.671147
0.061589	6931.198288
0.061594	6931.728644
0.061599	6932.261215
0.061604	6932.785151
0.06161	6933.31852
0.061615	6933.858167
0.06162	6934.402708
0.061625	6934.948907
0.06163	6935.491688
0.061636	6936.04005
0.061641	6936.582852
0.061646	6937.115533
0.061652	6937.683722
0.061657	6938.256712
0.061663	6938.824941
0.061668	6939.390743
0.061673	6939.947234
0.061679	6940.499478
0.061684	6941.044737
0.06169	6941.575123
0.061695	6942.102558
0.0617	6942.617243
0.061705	6943.135831
0.061709	6943.666652
0.061715	6944.202276
0.06172	6944.744805
0.061725	6945.284452
0.06173	6945.828447
0.061735	6946.377476
0.06174	6946.945725
0.061746	6947.506725
0.061752	6948.062579
0.061757	6948.61725
0.061762	6949.160496
0.061768	6949.711881
0.061773	6950.260739
0.061778	6950.806341
0.061784	6951.347586
0.061789	6951.877467
0.061794	6952.428488
0.0618	6952.980237
0.061805	6953.525324
0.06181	6954.06765
0.061816	6954.608501
0.061821	6955.149382
0.061826	6955.686977
0.061831	6956.226452
0.061837	6956.772691
0.061842	6957.306384
0.061848	6957.840824
0.061853	6958.385446
0.061859	6958.930088
0.061864	6959.48026
0.061869	6960.022526
0.061875	6960.567683
0.06188	6961.113406
0.061885	6961.664883
0.061891	6962.22749
0.061896	6962.805445
0.061902	6963.369528
0.061907	6963.924351
0.061912	6964.478021
0.061918	6965.029527
0.061923	6965.5761
0.061928	6966.129982
0.061933	6966.682591
0.061939	6967.236564
0.061944	6967.789132
0.06195	6968.341104
0.061955	6968.902346
0.061961	6969.459949
0.061966	6970.019584
0.061971	6970.571637
0.061977	6971.131848
0.061982	6971.685286
0.061987	6972.2439
0.061993	6972.792505
0.061998	6973.33294
0.062003	6973.880039
0.062008	6974.427987
0.062013	6974.96727
0.062019	6975.513732
0.062024	6976.065157
0.06203	6976.626632
0.062035	6977.177391
0.062041	6977.7264
0.062046	6978.280515
0.062051	6978.833669
0.062057	6979.389523
0.062062	6979.946469
0.062068	6980.508156
0.062072	6981.074848
0.062078	6981.628235
0.062083	6982.173039
0.062089	6982.713242
0.062094	6983.264658
0.0621	6983.811928
0.062105	6984.350483
0.06211	6984.899614
0.062116	6985.45106
0.062121	6986.013374
0.062127	6986.569936
0.062132	6987.136789
0.062137	6987.697931
0.062143	6988.253249
0.062149	6988.821821
0.062154	6989.383145
0.06216	6989.951838
0.062166	6990.512585
0.062171	6991.090823
0.062177	6991.665007
0.062182	6992.233882
0.062187	6992.770254
0.062193	6993.29968
0.062198	6993.816226
0.062203	6994.342892
0.062208	6994.875684
0.062213	6995.390269
0.062218	6995.920069
0.062224	6996.466854
0.062229	6997.016106
0.062235	6997.565358
0.06224	6998.109535
0.062245	6998.651598
0.06225	6999.196867
0.062256	6999.735978
0.062261	7000.271753
0.062267	7000.809227
0.062272	7001.348318
0.062277	7001.884731
0.062282	7002.404097
0.062287	7002.932977
0.062292	7003.462181
0.062298	7003.99097
0.062302	7004.510043
0.062308	7005.036739
0.062313	7005.570149
0.062319	7006.103942
0.062324	7006.633004
0.062329	7007.163735
0.062334	7007.699004
0.062339	7008.223395
0.062344	7008.755491
0.062349	7009.278183
0.062354	7009.787682
0.062359	7010.314136
0.062364	7010.832502
0.062369	7011.357065
0.062375	7011.895206
0.06238	7012.425592
0.062385	7012.958152
0.06239	7013.488711
0.062395	7014.016034
0.0624	7014.538069
0.062406	7015.060287
0.06241	7015.586275
0.062415	7016.108513
0.062421	7016.637525
0.062426	7017.16781
0.06243	7017.651912
0.062436	7018.145973
0.06244	7018.656069
0.062445	7019.184696
0.062451	7019.719056
0.062456	7020.27129
0.062462	7020.810796
0.062467	7021.345328
0.062472	7021.88823
0.062478	7022.424996
0.062483	7022.963633
0.062488	7023.489773
0.062494	7024.023556
0.062499	7024.544854
0.062504	7025.054454
0.062509	7025.57557
0.062514	7026.102872
0.06252	7026.61958
0.062525	7027.14108
0.06253	7027.671133
0.062535	7028.191328
0.062541	7028.721907
0.062546	7029.254184
0.062551	7029.790828
0.062557	7030.324561
0.062562	7030.851581
0.062567	7031.377519
0.062572	7031.911606
0.062577	7032.446613
0.062583	7032.984562
0.062589	7033.519568
0.062594	7034.062643
0.062599	7034.600026
0.062605	7035.142372
0.06261	7035.685609
0.062615	7036.230453
0.062621	7036.765793
0.062626	7037.311658
0.062631	7037.854126
0.062636	7038.392601
0.062641	7038.922007
0.062647	7039.44288
0.062652	7039.970425
0.062657	7040.505503
0.062662	7041.043108
0.062667	7041.577902
0.062672	7042.116943
0.062678	7042.647087
0.062683	7043.186006
0.062688	7043.714179
0.062693	7044.243888
0.062699	7044.761384
0.062704	7045.288414
0.06271	7045.813654
0.062715	7046.355091
0.06272	7046.899864
0.062726	7047.455425
0.062731	7047.998176
0.062736	7048.541514
0.062741	7049.079412
0.062746	7049.6127
0.062752	7050.145564
0.062757	7050.668165
0.062762	7051.190261
0.062767	7051.714117
0.062773	7052.243988
0.062778	7052.786041
0.062783	7053.316033
0.062789	7053.857268
0.062795	7054.401445
0.0628	7054.943943
0.062805	7055.48541
0.062811	7056.026554
0.062816	7056.570842
0.062821	7057.099166
0.062827	7057.623567
0.062831	7058.157967
0.062837	7058.681732
0.062842	7059.212978
0.062847	7059.740857
0.062853	7060.270111
0.062858	7060.797373
0.062863	7061.325546
0.062868	7061.863019
0.062874	7062.396459
0.062879	7062.926492
0.062885	7063.45793
0.06289	7063.987902
0.062895	7064.516145
0.062901	7065.040789
0.062906	7065.57708
0.062911	7066.114604
0.062916	7066.649843
0.062922	7067.187317
0.062927	7067.714842
0.062932	7068.251224
0.062938	7068.786251
0.062943	7069.309399
0.062948	7069.830282
0.062953	7070.363742
0.062959	7070.894967
0.062964	7071.429559
0.062969	7071.974595
0.062975	7072.522887
0.06298	7073.077305
0.062986	7073.63505
0.062991	7074.184888
0.062997	7074.735363
0.063002	7075.288316
0.063008	7075.842248
0.063013	7076.386112
0.063018	7076.914163
0.063023	7077.442143
0.063029	7077.972034
0.063034	7078.510539
0.063039	7079.052279
0.063045	7079.617616
0.063051	7080.174714
0.063056	7080.731771
0.063062	7081.285572
0.063067	7081.826787
0.063073	7082.364917
0.063078	7082.903352
0.063083	7083.446103
0.063089	7083.986579
0.063093	7084.531706
0.063099	7085.07743
0.063104	7085.62012
0.06311	7086.17741
0.063116	7086.735993
0.063121	7087.297205
0.063127	7087.847377
0.063132	7088.398196
0.063138	7088.946104
0.063143	7089.494072
0.063148	7090.038835
0.063154	7090.587986
0.063159	7091.134043
0.063164	7091.678735
0.063169	7092.221405
0.063175	7092.764571
0.063181	7093.30623
0.063186	7093.860598
0.063191	7094.412408
0.063197	7094.960901
0.063202	7095.50894
0.063208	7096.084236
0.063213	7096.659713
0.063219	7097.213757
0.063224	7097.762231
0.06323	7098.308339
0.063234	7098.848704
0.06324	7099.404972
0.063245	7099.9465
0.063251	7100.49097
0.063256	7101.035197
0.063261	7101.578423
0.063266	7102.102117
0.063271	7102.630401
0.063276	7103.149727
0.063281	7103.676817
0.063287	7104.199338
0.063292	7104.737085
0.063297	7105.281191
0.063302	7105.821313
0.063308	7106.354389
0.063313	7106.900729
0.063318	7107.451225
0.063324	7107.992217
0.063329	7108.539669
0.063335	7109.099981
0.06334	7109.645017
0.063345	7110.17876
0.063351	7110.707924
0.063356	7111.254011
0.063361	7111.800665
0.063366	7112.354062
0.063372	7112.921937
0.063378	7113.499254
0.063383	7114.071658
0.063389	7114.627472
0.063394	7115.1672
0.0634	7115.699952
0.063405	7116.233594
0.06341	7116.773727
0.063415	7117.316377
0.06342	7117.838352
0.063425	7118.356202
0.06343	7118.87486
0.063436	7119.40184
0.063441	7119.943064
0.063446	7120.493772
0.063452	7121.041063
0.063457	7121.606339
0.063463	7122.171141
0.063468	7122.730654
0.063474	7123.291058
0.063479	7123.845061
0.063485	7124.395304
0.06349	7124.952412
0.063495	7125.497862
0.063501	7126.046801
0.063506	7126.593909
0.063511	7127.12923
0.063517	7127.662619
0.063522	7128.191216
0.063527	7128.71586
0.063532	7129.248976
0.063537	7129.788168
0.063542	7130.331617
0.063547	7130.870749
0.063552	7131.413217
0.063558	7131.96255
0.063563	7132.504684
0.063569	7133.055301
0.063574	7133.601196
0.063579	7134.148537
0.063585	7134.700266
0.06359	7135.251884
0.063596	7135.80611
0.063601	7136.3634
0.063607	7136.919132
0.063612	7137.471882
0.063618	7138.026887
0.063623	7138.580415
0.063629	7139.140354
0.063634	7139.715821
0.06364	7140.268531
0.063645	7140.825679
0.06365	7141.376993
0.063656	7141.924597
0.063661	7142.467075
0.063667	7143.017611
0.063672	7143.567864
0.063677	7144.120725
0.063682	7144.672555
0.063688	7145.233363
0.063694	7145.796709
0.063699	7146.348903
0.063705	7146.916151
0.06371	7147.456981
0.063715	7148.004271
0.063721	7148.537762
0.063726	7149.063407
0.063731	7149.587505
0.063736	7150.107801
0.063741	7150.601175
0.063746	7151.110097
0.063751	7151.626774
0.063756	7152.160902
0.063762	7152.702339
0.063767	7153.257121
0.063772	7153.816887
0.063778	7154.376977
0.063783	7154.94011
0.063789	7155.498148
0.063795	7156.062029
0.0638	7156.627761
0.063806	7157.182523
0.063811	7157.738478
0.063817	7158.291187
0.063823	7158.838447
0.063828	7159.36569
0.063833	7159.876412
0.063838	7160.402623
0.063844	7160.930634
0.063849	7161.466611
0.063854	7161.998605
0.06386	7162.539284
0.063865	7163.090386
0.063871	7163.644652
0.063876	7164.198211
0.063882	7164.750931
0.063887	7165.302933
0.063893	7165.843965
0.063898	7166.380246
0.063904	7166.911653
0.063909	7167.437359
0.063914	7167.95258
0.063919	7168.467478
0.063924	7168.980091
0.06393	7169.503764
0.063935	7170.047911
0.06394	7170.583251
0.063945	7171.111727
0.063951	7171.639101
0.063956	7172.167586
0.063961	7172.686457
0.063966	7173.219533
0.063972	7173.754115
0.063977	7174.292155
0.063982	7174.828951
0.063988	7175.377405
0.063993	7175.925949
0.063999	7176.477223
0.064004	7177.038091
0.06401	7177.589901
0.064015	7178.132541
0.06402	7178.677183
0.064026	7179.204011
0.064031	7179.728402
0.064036	7180.249517
0.064042	7180.764627
0.064047	7181.288827
0.064052	7181.821801
0.064057	7182.35428
0.064062	7182.897385
0.064068	7183.443099
0.064074	7183.989844
0.064079	7184.537903
0.064084	7185.075417
0.064089	7185.613376
0.064094	7186.145198
0.064099	7186.690345
0.064105	7187.235785
0.064111	7187.770206
0.064116	7188.313311
0.064121	7188.864999
0.064126	7189.411885
0.064132	7189.959843
0.064137	7190.499632
0.064142	7191.033608
0.064147	7191.565824
0.064152	7192.08517
0.064158	7192.603678
0.064163	7193.123327
0.064168	7193.652844
0.064173	7194.187163
0.064178	7194.721968
0.064184	7195.262576
0.064189	7195.799534
0.064194	7196.324461
0.0642	7196.880234
0.064206	7197.435683
0.064211	7197.991052
0.064217	7198.538504
0.064222	7199.086917
0.064228	7199.633288
0.064233	7200.174452
0.064239	7200.72335
0.064244	7201.259084
0.064249	7201.802917
0.064255	7202.339299
0.06426	7202.87839
0.064266	7203.421617
0.064271	7203.956603
0.064277	7204.503439
0.064282	7205.042207
0.064288	7205.578599
0.064293	7206.11217
0.064298	7206.640079
0.064304	7207.159092
0.064309	7207.677548
0.064314	7208.209765
0.06432	7208.738483
0.064326	7209.267717
0.064331	7209.812622
0.064336	7210.36614
0.064342	7210.916898
0.064347	7211.472004
0.064352	7212.021944
0.064358	7212.564614
0.064363	7213.109064
0.064368	7213.656789
0.064374	7214.190138
0.064379	7214.731645
0.064385	7215.272566
0.06439	7215.804328
0.064396	7216.348515
0.064401	7216.904207
0.064407	7217.478774
0.064413	7218.037752
0.064419	7218.599409
0.064424	7219.151037
0.064429	7219.697175
0.064435	7220.246124
0.06444	7220.789684
0.064445	7221.324286
0.064451	7221.846615
0.064456	7222.369904
0.064461	7222.892829
0.064466	7223.418292
0.064472	7223.931835
0.064477	7224.452991
0.064482	7224.97897
0.064487	7225.502178
0.064492	7226.030583
0.064497	7226.565711
0.064503	7227.094692
0.064508	7227.628941
0.064513	7228.160359
0.064518	7228.696346
0.064524	7229.224336
0.064529	7229.765187
0.064535	7230.302944
0.06454	7230.843966
0.064545	7231.374433
0.06455	7231.905214
0.064556	7232.453425
0.064561	7233.03786
0.064567	7233.604754
0.064573	7234.1599
0.064578	7234.710396
0.064583	7235.243795
0.064589	7235.774899
0.064595	7236.309613
0.0646	7236.845236
0.064605	7237.355706
0.06461	7237.879662
0.064615	7238.407804
0.06462	7238.936877
0.064625	7239.489465
0.064631	7240.056076
0.064636	7240.610575
0.064642	7241.151405
0.064647	7241.676615
0.064652	7242.194576
0.064657	7242.723224
0.064662	7243.275833
0.064668	7243.835437
0.064674	7244.388197
0.064679	7244.931262
0.064685	7245.476551
0.06469	7246.017189
0.064695	7246.562265
0.064701	7247.104936
0.064706	7247.654127
0.064712	7248.199749
0.064717	7248.742258
0.064722	7249.286293
0.064727	7249.836859
0.064733	7250.377164
0.064738	7250.909249
0.064743	7251.433286
0.064748	7251.932645
0.064753	7252.441972
0.064759	7252.961793
0.064763	7253.495253
0.064769	7254.029805
0.064774	7254.56648
0.06478	7255.122445
0.064785	7255.671121
0.06479	7256.223224
0.064796	7256.77746
0.064801	7257.319443
0.064807	7257.874852
0.064812	7258.43383
0.064817	7258.9829
0.064823	7259.535872
0.064828	7260.100198
0.064834	7260.662189
0.06484	7261.230347
0.064846	7261.793975
0.064851	7262.357664
0.064857	7262.91738
0.064862	7263.478542
0.064868	7264.016552
0.064873	7264.554005
0.064878	7265.096665
0.064883	7265.633563
0.064889	7266.172118
0.064894	7266.715152
0.0649	7267.258722
0.064905	7267.810623
0.06491	7268.368903
0.064916	7268.922331
0.064922	7269.469783
0.064927	7270.016508
0.064933	7270.557904
0.064938	7271.099634
0.064944	7271.642011
0.064949	7272.192001
0.064955	7272.744781
0.06496	7273.296167
0.064966	7273.848249
0.064971	7274.398876
0.064976	7274.949898
0.064982	7275.493811
0.064987	7276.032468
0.064992	7276.57712
0.064998	7277.124501
0.065004	7277.685441
0.06501	7278.251405
0.065015	7278.816398
0.065021	7279.380239
0.065026	7279.937913
0.065032	7280.477762
0.065037	7281.022555
0.065042	7281.559129
0.065047	7282.097068
0.065053	7282.647675
0.065059	7283.19539
0.065064	7283.737363
0.065069	7284.288576
0.065075	7284.852932
0.065081	7285.421545
0.065086	7285.978147
0.065092	7286.508584
0.065097	7287.029589
0.065102	7287.555982
0.065107	7288.095518
0.065113	7288.646771
0.065118	7289.188936
0.065124	7289.72828
0.065129	7290.260507
0.065134	7290.800053
0.065139	7291.33968
0.065145	7291.883301
0.065151	7292.427912
0.065156	7292.976355
0.065162	7293.524758
0.065167	7294.072625
0.065172	7294.582832
0.065177	7295.084384
0.065182	7295.593054
0.065188	7296.126474
0.065193	7296.669356
0.065199	7297.215322
0.065204	7297.763361
0.065209	7298.318568
0.065215	7298.872693
0.065221	7299.436412
0.065227	7299.993591
0.065233	7300.553003
0.065238	7301.112062
0.065243	7301.659413
0.065249	7302.201477
0.065254	7302.732005
0.06526	7303.253454
0.065265	7303.771072
0.065271	7304.289427
0.065276	7304.820774
0.065281	7305.353951
0.065286	7305.89831
0.065292	7306.44465
0.065298	7307.009754
0.065303	7307.573969
0.065309	7308.136213
0.065314	7308.692916
0.06532	7309.247334
0.065325	7309.802996
0.065331	7310.356767
0.065337	7310.912075
0.065342	7311.46617
0.065348	7312.016857
0.065353	7312.559841
0.065359	7313.099225
0.065364	7313.644777
0.06537	7314.19598
0.065375	7314.73129
0.065381	7315.275699
0.065387	7315.802224
0.065392	7316.342306
0.065397	7316.891942
0.065403	7317.440153
0.065408	7317.976342
0.065413	7318.516829
0.065419	7319.041291
0.065424	7319.57558
0.06543	7320.105875
0.065435	7320.641802
0.065441	7321.170045
0.065446	7321.696782
0.065451	7322.233184
0.065456	7322.743613
0.065461	7323.256085
0.065466	7323.772671
0.065471	7324.289621
0.065476	7324.80371
0.065482	7325.331872
0.065487	7325.880022
0.065493	7326.430113
0.065498	7326.97977
0.065504	7327.542124
0.06551	7328.09445
0.065515	7328.652477
0.065521	7329.205429
0.065527	7329.755106
0.065532	7330.31464
0.065537	7330.859848
0.065542	7331.397231
0.065548	7331.917689
0.065553	7332.428199
0.065558	7332.940579
0.065563	7333.458399
0.065569	7333.973226
0.065574	7334.494928
0.065579	7335.026629
0.065585	7335.57763
0.06559	7336.118975
0.065595	7336.6492
0.0656	7337.167596
0.065606	7337.687225
0.065611	7338.206187
0.065616	7338.730751
0.065622	7339.258458
0.065627	7339.793626
0.065633	7340.335417
0.065638	7340.876389
0.065644	7341.401447
0.065649	7341.929781
0.065654	7342.450735
0.06566	7342.972093
0.065665	7343.494776
0.06567	7344.020289
0.065676	7344.554265
0.065681	7345.089171
0.065687	7345.617899
0.065692	7346.157112
0.065697	7346.697861
0.065702	7347.232443
0.065708	7347.765408
0.065713	7348.343312
0.065719	7348.908234
0.065724	7349.440451
0.065729	7349.966177
0.065734	7350.49539
0.06574	7351.032197
0.065745	7351.565717
0.065751	7352.098813
0.065756	7352.631707
0.065761	7353.163307
0.065767	7353.687536
0.065772	7354.229094
0.065777	7354.760724
0.065782	7355.289877
0.065787	7355.82082
0.065793	7356.350853
0.065798	7356.88957
0.065804	7357.42309
0.065809	7357.95374
0.065815	7358.486957
0.06582	7359.01889
0.065826	7359.561237
0.065831	7360.087145
0.065837	7360.617734
0.065842	7361.149748
0.065847	7361.676838
0.065853	7362.202776
0.065858	7362.728098
0.065863	7363.259981
0.065869	7363.790519
0.065875	7364.32138
0.06588	7364.85392
0.065885	7365.406488
0.065891	7365.946388
0.065896	7366.482851
0.065901	7367.016028
0.065906	7367.560346
0.065911	7368.108658
0.065917	7368.653118
0.065922	7369.193331
0.065928	7369.743554
0.065934	7370.293544
0.065939	7370.834435
0.065944	7371.372717
0.06595	7371.918885
0.065955	7372.464033
0.065961	7373.017905
0.065966	7373.605939
0.065972	7374.180103
0.065978	7374.750849
0.065983	7375.306268
0.065988	7375.865357
0.065994	7376.416075
0.066	7376.964397
0.066005	7377.513103
0.066011	7378.060777
0.066016	7378.609584
0.066022	7379.153508
0.066028	7379.700314
0.066033	7380.260586
0.066039	7380.818917
0.066045	7381.38205
0.06605	7381.936053
0.066056	7382.488106
0.066062	7383.040462
0.066067	7383.580655
0.066073	7384.134254
0.066079	7384.683425
0.066085	7385.229391
0.066091	7385.787318
0.066096	7386.346336
0.066102	7386.897924
0.066108	7387.466769
0.066114	7388.031853
0.066119	7388.587586
0.066125	7389.138476
0.06613	7389.68797
0.066135	7390.238102
0.066141	7390.779498
0.066147	7391.313302
0.066152	7391.852029
0.066157	7392.397884
0.066163	7392.942273
0.066169	7393.489655
0.066175	7394.049259
0.066181	7394.603273
0.066186	7395.154203
0.066191	7395.710745
0.066197	7396.264364
0.066203	7396.822392
0.066209	7397.383564
0.066215	7397.949639
0.06622	7398.513338
0.066226	7399.066169
0.066232	7399.622468
0.066237	7400.171123
0.066243	7400.728807
0.066249	7401.289625
0.066255	7401.842324
0.06626	7402.402333
0.066266	7402.95388
0.066272	7403.500787
0.066277	7404.044984
0.066283	7404.592153
0.066289	7405.124258
0.066294	7405.654695
0.066299	7406.179855
0.066305	7406.719967
0.06631	7407.259554
0.066316	7407.809332
0.066321	7408.358381
0.066327	7408.908513
0.066333	7409.468744
0.066338	7410.0165
0.066344	7410.569543
0.06635	7411.119442
0.066355	7411.660667
0.06636	7412.200223
0.066366	7412.754166
0.066372	7413.31005
0.066378	7413.881999
0.066383	7414.447569
0.066389	7415.005142
0.066395	7415.565222
0.0664	7416.127273
0.066406	7416.692408
0.066411	7417.248353
0.066417	7417.792732
0.066422	7418.345007
0.066428	7418.895957
0.066433	7419.453236
0.066438	7420.016754
0.066444	7420.572274
0.06645	7421.131494
0.066455	7421.687803
0.066461	7422.244041
0.066466	7422.799299
0.066472	7423.364565
0.066477	7423.923553
0.066483	7424.473462
0.066488	7425.017982
0.066494	7425.566203
0.066499	7426.107984
0.066505	7426.657246
0.066511	7427.201888
0.066516	7427.748238
0.066521	7428.272902
0.066527	7428.800043
0.066532	7429.327498
0.066538	7429.887183
0.066543	7430.444038
0.066549	7430.992633
0.066555	7431.54507
0.06656	7432.093088
0.066566	7432.653502
0.066571	7433.214774
0.066577	7433.759527
0.066582	7434.308405
0.066588	7434.848204
0.066594	7435.400934
0.0666	7435.954827
0.066606	7436.510306
0.066611	7437.05601
0.066617	7437.60417
0.066623	7438.158548
0.066629	7438.720366
0.066635	7439.290374
0.066641	7439.855873
0.066646	7440.413476
0.066652	7440.962809
0.066657	7441.507744
0.066662	7442.044358
0.066668	7442.588818
0.066674	7443.140901
0.066679	7443.707856
0.066685	7444.267662
0.06669	7444.820736
0.066696	7445.362931
0.066702	7445.913012
0.066707	7446.467481
0.066713	7447.029552
0.066719	7447.59313
0.066725	7448.156314
0.066731	7448.722682
0.066737	7449.291154
0.066742	7449.858412
0.066748	7450.414478
0.066754	7450.967137
0.066759	7451.522708
0.066765	7452.075791
0.06677	7452.627996
0.066776	7453.174275
0.066782	7453.722809
0.066787	7454.24987
0.066793	7454.776829
0.066798	7455.307519
0.066804	7455.84387
0.066809	7456.395285
0.066815	7456.950219
0.066821	7457.509864
0.066826	7458.062038
0.066831	7458.610876
0.066837	7459.154132
0.066843	7459.703192
0.066849	7460.253061
0.066854	7460.798794
0.06686	7461.333983
0.066864	7461.860093
0.06687	7462.377559
0.066875	7462.901849
0.066881	7463.431174
0.066886	7463.973278
0.066891	7464.502957
0.066897	7465.041088
0.066903	7465.582797
0.066908	7466.130341
0.066914	7466.67478
0.06692	7467.215085
0.066925	7467.762345
0.066931	7468.313002
0.066937	7468.867663
0.066943	7469.410394
0.066948	7469.977521
0.066953	7470.52191
0.066959	7471.0526
0.066965	7471.572714
0.06697	7472.09843
0.066976	7472.634367
0.066982	7473.195903
0.066987	7473.75762
0.066993	7474.320511
0.066999	7474.883512
0.067004	7475.431066
0.06701	7475.974595
0.067016	7476.532957
0.067021	7477.087031
0.067027	7477.639842
0.067033	7478.201448
0.067039	7478.775874
0.067044	7479.350109
0.06705	7479.905487
0.067056	7480.459794
0.067062	7481.014566
0.067067	7481.562281
0.067073	7482.115679
0.067078	7482.66948
0.067084	7483.226709
0.06709	7483.780581
0.067095	7484.333533
0.067101	7484.892612
0.067107	7485.450367
0.067112	7485.999033
0.067118	7486.546111
0.067123	7487.090025
0.067129	7487.628418
0.067135	7488.180511
0.067141	7488.726255
0.067146	7489.259179
0.067152	7489.791901
0.067157	7490.331558
0.067163	7490.869558
0.067168	7491.412552
0.067174	7491.953958
0.067179	7492.497508
0.067185	7493.0495
0.067191	7493.594374
0.067197	7494.14491
0.067202	7494.685558
0.067208	7495.227167
0.067214	7495.776854
0.067219	7496.325903
0.067225	7496.878653
0.067231	7497.433244
0.067237	7497.99486
0.067242	7498.552059
0.067248	7499.103403
0.067254	7499.655153
0.067259	7500.201351
0.067264	7500.725732
0.06727	7501.238972
0.067275	7501.760047
0.067281	7502.287269
0.067286	7502.819304
0.067292	7503.375693
0.067298	7503.924591
0.067303	7504.468869
0.067309	7505.007071
0.067314	7505.53223
0.06732	7506.068016
0.067326	7506.607006
0.067331	7507.152355
0.067337	7507.700768
0.067343	7508.258462
0.067349	7508.837893
0.067355	7509.408952
0.067361	7509.976989
0.067367	7510.538828
0.067372	7511.09176
0.067378	7511.632408
0.067383	7512.177565
0.067388	7512.722733
0.067394	7513.273501
0.0674	7513.819488
0.067406	7514.374341
0.067411	7514.931236
0.067417	7515.489324
0.067422	7516.036908
0.067428	7516.587161
0.067434	7517.150162
0.06744	7517.706006
0.067445	7518.253489
0.067451	7518.801952
0.067457	7519.359747
0.067462	7519.915095
0.067468	7520.470363
0.067474	7521.021101
0.06748	7521.565288
0.067485	7522.113134
0.067491	7522.653975
0.067497	7523.187991
0.067502	7523.727759
0.067507	7524.257327
0.067512	7524.796944
0.067518	7525.330707
0.067524	7525.871861
0.067529	7526.423155
0.067535	7526.968171
0.06754	7527.510306
0.067545	7528.041754
0.067551	7528.597931
0.067557	7529.145252
0.067562	7529.69232
0.067568	7530.236921
0.067574	7530.781361
0.067579	7531.319542
0.067584	7531.853386
0.067589	7532.386563
0.067595	7532.911177
0.0676	7533.439946
0.067606	7533.977197
0.067611	7534.55229
0.067618	7535.130265
0.067624	7535.722475
0.067629	7536.293403
0.067635	7536.8679
0.067641	7537.445359
0.067647	7538.004226
0.067652	7538.558007
0.067658	7539.110161
0.067664	7539.67116
0.067669	7540.229046
0.067675	7540.78765
0.067681	7541.341694
0.067687	7541.896719
0.067692	7542.458882
0.067698	7543.014442
0.067704	7543.573491
0.067709	7544.129689
0.067715	7544.689779
0.067721	7545.252113
0.067727	7545.810191
0.067733	7546.370089
0.067738	7546.934486
0.067744	7547.496254
0.067749	7548.058346
0.067755	7548.617142
0.067761	7549.172976
0.067767	7549.739283
0.067773	7550.304479
0.067778	7550.872172
0.067784	7551.431817
0.06779	7551.992362
0.067796	7552.560065
0.067802	7553.116687
0.067808	7553.689222
0.067814	7554.262152
0.06782	7554.823546
0.067826	7555.39134
0.067832	7555.959751
0.067838	7556.520488
0.067844	7557.080659
0.06785	7557.645915
0.067855	7558.208108
0.067861	7558.776043
0.067867	7559.34962
0.067873	7559.923996
0.067879	7560.481134
0.067885	7561.036705
0.06789	7561.590981
0.067896	7562.15192
0.067902	7562.721969
0.067908	7563.293888
0.067913	7563.86242
0.067919	7564.426746
0.067924	7564.988918
0.06793	7565.543023
0.067936	7566.086502
0.067941	7566.621903
0.067947	7567.161409
0.067952	7567.692554
0.067958	7568.23388
0.067963	7568.791816
0.067969	7569.35228
0.067974	7569.902634
0.06798	7570.461066
0.067986	7571.021793
0.067992	7571.581367
0.067998	7572.140123
0.068003	7572.692276
0.068009	7573.234209
0.068014	7573.779811
0.06802	7574.326424
0.068026	7574.879407
0.068031	7575.435503
0.068037	7575.986797
0.068042	7576.539001
0.068048	7577.085776
0.068053	7577.633643
0.068059	7578.180984
0.068065	7578.728689
0.068071	7579.27965
0.068076	7579.827679
0.068082	7580.378417
0.068088	7580.934908
0.068094	7581.493127
0.0681	7582.046322
0.068105	7582.608697
0.068111	7583.170789
0.068117	7583.729959
0.068123	7584.285004
0.068128	7584.830626
0.068134	7585.373478
0.06814	7585.923863
0.068145	7586.470587
0.068151	7587.02636
0.068157	7587.580344
0.068163	7588.139817
0.068168	7588.69288
0.068174	7589.238927
0.068179	7589.760003
0.068184	7590.281209
0.068189	7590.792316
0.068195	7591.307992
0.0682	7591.822576
0.068206	7592.352174
0.068212	7592.881661
0.068217	7593.420469
0.068223	7593.966819
0.068228	7594.510258
0.068234	7595.06046
0.06824	7595.604869
0.068245	7596.158934
0.068251	7596.704566
0.068256	7597.251068
0.068262	7597.803262
0.068268	7598.346216
0.068273	7598.88191
0.068279	7599.414763
0.068285	7599.952894
0.06829	7600.489468
0.068296	7601.02218
0.068301	7601.559148
0.068307	7602.103456
0.068313	7602.645621
0.068318	7603.19004
0.068324	7603.732579
0.068329	7604.275816
0.068335	7604.821165
0.068341	7605.363512
0.068346	7605.907476
0.068352	7606.457112
0.068358	7607.021287
0.068363	7607.577646
0.068369	7608.134329
0.068375	7608.700161
0.068381	7609.2592
0.068387	7609.819189
0.068393	7610.380249
0.068398	7610.925083
0.068404	7611.470504
0.068409	7612.01653
0.068415	7612.560535
0.06842	7613.09536
0.068426	7613.638334
0.068431	7614.190042
0.068437	7614.737596
0.068442	7615.276404
0.068448	7615.804829
0.068453	7616.335761
0.068458	7616.862913
0.068464	7617.399001
0.06847	7617.936657
0.068475	7618.472756
0.068481	7619.009006
0.068486	7619.545438
0.068492	7620.09189
0.068498	7620.641556
0.068504	7621.188028
0.068509	7621.741051
0.068515	7622.292982
0.068521	7622.861433
0.068527	7623.418591
0.068532	7623.962899
0.068538	7624.496804
0.068543	7625.036674
0.068549	7625.571418
0.068555	7626.104645
0.06856	7626.644687
0.068566	7627.182909
0.068571	7627.718876
0.068577	7628.250091
0.068583	7628.792226
0.068588	7629.329831
0.068594	7629.873442
0.068599	7630.41043
0.068604	7630.937005
0.06861	7631.461194
0.068616	7631.997424
0.068621	7632.538477
0.068627	7633.094543
0.068633	7633.648162
0.068639	7634.202237
0.068644	7634.754421
0.068649	7635.29886
0.068655	7635.849669
0.068661	7636.399235
0.068667	7636.947334
0.068672	7637.495211
0.068678	7638.042673
0.068684	7638.583706
0.068689	7639.129308
0.068694	7639.671584
0.0687	7640.211939
0.068705	7640.744388
0.068711	7641.276948
0.068717	7641.822894
0.068722	7642.358932
0.068728	7642.897477
0.068733	7643.437833
0.068739	7643.962406
0.068744	7644.489345
0.06875	7645.014818
0.068755	7645.550148
0.068761	7646.096741
0.068767	7646.656497
0.068773	7647.215162
0.068779	7647.777709
0.068785	7648.337323
0.06879	7648.905845
0.068796	7649.462993
0.068802	7650.019221
0.068808	7650.57926
0.068814	7651.133578
0.068819	7651.67648
0.068825	7652.213984
0.06883	7652.759991
0.068836	7653.303591
0.068841	7653.8369
0.068847	7654.381754
0.068853	7654.925374
0.068858	7655.468469
0.068864	7656.00112
0.068869	7656.541597
0.068875	7657.079475
0.06888	7657.615321
0.068886	7658.154008
0.068891	7658.690096
0.068897	7659.235597
0.068902	7659.787215
0.068908	7660.338732
0.068913	7660.889369
0.068919	7661.43122
0.068925	7661.976782
0.068931	7662.52751
0.068937	7663.084001
0.068943	7663.636013
0.068949	7664.191806
0.068954	7664.742312
0.06896	7665.285912
0.068965	7665.826823
0.068971	7666.356653
0.068976	7666.874867
0.068981	7667.398409
0.068987	7667.927987
0.068993	7668.464702
0.068999	7669.017837
0.069004	7669.604779
0.069011	7670.181874
0.069017	7670.741358
0.069023	7671.295371
0.069029	7671.854744
0.069034	7672.395877
0.06904	7672.930399
0.069045	7673.459633
0.069051	7673.98547
0.069056	7674.511064
0.069062	7675.03869
0.069067	7675.572919
0.069073	7676.110069
0.069078	7676.644782
0.069084	7677.176817
0.069089	7677.708305
0.069095	7678.233657
0.069101	7678.766702
0.069106	7679.298434
0.069111	7679.834421
0.069117	7680.368397
0.069122	7680.899703
0.069128	7681.430565
0.069133	7681.95714
0.069139	7682.484139
0.069144	7683.016143
0.06915	7683.539574
0.069156	7684.05885
0.069162	7684.616008
0.069168	7685.164562
0.069173	7685.71525
0.069179	7686.270103
0.069185	7686.823985
0.069191	7687.365371
0.069197	7687.905534
0.069202	7688.45242
0.069208	7688.992735
0.069214	7689.538256
0.06922	7690.086336
0.069225	7690.625619
0.06923	7691.140921
0.069236	7691.6798
0.069241	7692.211804
0.069246	7692.757649
0.069252	7693.322673
0.069258	7693.881347
0.069264	7694.448919
0.069271	7695.045425
0.069277	7695.623896
0.069283	7696.200991
0.069289	7696.763811
0.069295	7697.318805
0.0693	7697.867096
0.069306	7698.418664
0.069312	7698.980391
0.069318	7699.528056
0.069323	7700.074568
0.069329	7700.623133
0.069335	7701.169908
0.06934	7701.719908
0.069346	7702.270777
0.069352	7702.812548
0.069357	7703.360152
0.069363	7703.916491
0.069369	7704.479321
0.069374	7705.028077
0.06938	7705.579574
0.069385	7706.118726
0.069391	7706.659243
0.069396	7707.199719
0.069402	7707.738466
0.069407	7708.270076
0.069413	7708.823959
0.069419	7709.37962
0.069425	7709.928994
0.06943	7710.480247
0.069436	7711.035919
0.069442	7711.607232
0.069448	7712.187966
0.069455	7712.779782
0.06946	7713.368463
0.069466	7713.948794
0.069472	7714.525859
0.069478	7715.08422
0.069483	7715.635676
0.069489	7716.19431
0.069495	7716.755401
0.0695	7717.303055
0.069506	7717.85532
0.069512	7718.391682
0.069517	7718.926294
0.069523	7719.467064
0.069529	7720.008147
0.069534	7720.547824
0.069539	7721.07539
0.069545	7721.598871
0.069551	7722.121493
0.069556	7722.651435
0.069562	7723.197563
0.069568	7723.754458
0.069574	7724.325113
0.06958	7724.906111
0.069586	7725.497158
0.069592	7726.089348
0.069598	7726.666018
0.069604	7727.233175
0.06961	7727.797097
0.069616	7728.353476
0.069621	7728.910624
0.069627	7729.46386
0.069633	7730.003335
0.069639	7730.539454
0.069644	7731.077271
0.06965	7731.622014
0.069656	7732.159619
0.069661	7732.694353
0.069667	7733.238914
0.069672	7733.776954
0.069679	7734.311142
0.069684	7734.847079
0.06969	7735.390335
0.069696	7735.933713
0.069701	7736.481176
0.069707	7737.029437
0.069713	7737.584118
0.069719	7738.139841
0.069725	7738.702074
0.06973	7739.257988
0.069736	7739.814894
0.069742	7740.37191
0.069747	7740.918685
0.069753	7741.464702
0.069759	7742.020505
0.069764	7742.544088
0.069769	7743.070754
0.069775	7743.605629
0.069781	7744.153071
0.069786	7744.699189
0.069792	7745.240949
0.069798	7745.794528
0.069803	7746.327574
0.069809	7746.863905
0.069814	7747.394221
0.06982	7747.937841
0.069825	7748.483797
0.069831	7749.030259
0.069837	7749.570078
0.069843	7750.112152
0.069848	7750.658634
0.069854	7751.210454
0.069859	7751.754792
0.069865	7752.302346
0.069871	7752.849242
0.069876	7753.395016
0.069882	7753.933956
0.069888	7754.481671
0.069893	7755.032571
0.069898	7755.574483
0.069904	7756.122623
0.06991	7756.676232
0.069916	7757.226161
0.069921	7757.777718
0.069927	7758.325889
0.069933	7758.890902
0.069939	7759.447464
0.069945	7759.998192
0.06995	7760.539578
0.069956	7761.087556
0.069961	7761.636434
0.069967	7762.182623
0.069972	7762.718731
0.069978	7763.232588
0.069983	7763.751499
0.069988	7764.269986
0.069994	7764.810604
0.069999	7765.36293
0.070005	7765.908865
0.07001	7766.456894
0.070016	7767.003174
0.070022	7767.550484
0.070028	7768.103245
0.070033	7768.653174
0.070039	7769.201243
0.070045	7769.760079
0.07005	7770.326711
0.070056	7770.888863
0.070062	7771.437195
0.070068	7771.994222
0.070073	7772.539298
0.070079	7773.087903
0.070084	7773.632737
0.07009	7774.180371
0.070096	7774.731817
0.070102	7775.283404
0.070107	7775.82934
0.070112	7776.372526
0.070118	7776.908766
0.070124	7777.452822
0.070129	7777.986332
0.070134	7778.510825
0.07014	7779.000204
0.070144	7779.501241
0.07015	7780.021973
0.070156	7780.557515
0.070162	7781.108021
0.070167	7781.658405
0.070172	7782.201126
0.070178	7782.751359
0.070184	7783.327989
0.07019	7783.895358
0.070196	7784.472453
0.070202	7785.048568
0.070207	7785.588195
0.070213	7786.110311
0.070218	7786.644358
0.070224	7787.173976
0.070229	7787.69862
0.070235	7788.231544
0.070241	7788.759433
0.070246	7789.293136
0.070252	7789.828102
0.070257	7790.370823
0.070263	7790.905577
0.070268	7791.435023
0.070274	7791.967108
0.07028	7792.498121
0.070285	7793.033755
0.07029	7793.571542
0.070296	7794.115557
0.070302	7794.661806
0.070308	7795.205771
0.070314	7795.745357
0.070319	7796.294488
0.070325	7796.845893
0.07033	7797.399078
0.070336	7797.960836
0.070342	7798.530743
0.070348	7799.091915
0.070354	7799.648618
0.070359	7800.187578
0.070365	7800.720745
0.070371	7801.255216
0.070376	7801.791062
0.070382	7802.325037
0.070388	7802.864007
0.070393	7803.413249
0.070399	7803.955656
0.070405	7804.488014
0.07041	7805.02657
0.070416	7805.566379
0.070422	7806.099768
0.070427	7806.635604
0.070433	7807.168548
0.070438	7807.706224
0.070444	7808.243819
0.070449	7808.777987
0.070455	7809.310122
0.070461	7809.850821
0.070466	7810.387173
0.070472	7810.928791
0.070478	7811.465062
0.070483	7811.997744
0.070488	7812.533155
0.070494	7813.07262
0.070499	7813.617646
0.070505	7814.157223
0.070511	7814.697355
0.070516	7815.235618
0.070522	7815.776377
0.070527	7816.3211
0.070533	7816.86742
0.070539	7817.399636
0.070544	7817.930781
0.07055	7818.469265
0.070556	7819.001057
0.070561	7819.536671
0.070567	7820.070656
0.070572	7820.611992
0.070578	7821.150366
0.070583	7821.696342
0.070589	7822.239113
0.070595	7822.7897
0.0706	7823.322523
0.070606	7823.849836
0.070611	7824.385732
0.070617	7824.91715
0.070623	7825.455746
0.070628	7825.993968
0.070634	7826.525618
0.07064	7827.047795
0.070645	7827.574532
0.07065	7828.098549
0.070656	7828.618977
0.070662	7829.147614
0.070667	7829.669711
0.070672	7830.175297
0.070678	7830.679195
0.070683	7831.204425
0.070689	7831.754284
0.070695	7832.317639
0.0707	7832.872149
0.070706	7833.411442
0.070711	7833.932932
0.070717	7834.465836
0.070722	7835.00616
0.070728	7835.54415
0.070733	7836.08044
0.070739	7836.624263
0.070744	7837.162121
0.07075	7837.703619
0.070755	7838.240354
0.070761	7838.77985
0.070767	7839.320498
0.070773	7839.866414
0.070778	7840.418618
0.070784	7840.966919
0.070789	7841.516889
0.070795	7842.068325
0.070801	7842.609509
0.070807	7843.153029
0.070812	7843.696154
0.070818	7844.229705
0.070823	7844.767674
0.070829	7845.302408
0.070834	7845.832258
0.07084	7846.365506
0.070846	7846.906771
0.070852	7847.449401
0.070857	7847.997763
0.070863	7848.545438
0.070868	7849.09017
0.070874	7849.638654
0.07088	7850.183518
0.070886	7850.730243
0.070891	7851.27539
0.070896	7851.816483
0.070902	7852.337194
0.070907	7852.861899
0.070913	7853.393599
0.070919	7853.938868
0.070924	7854.484248
0.07093	7855.026787
0.070935	7855.572551
0.07094	7856.109195
0.070946	7856.647781
0.070952	7857.189552
0.070958	7857.739329
0.070963	7858.297579
0.070969	7858.849531
0.070975	7859.398762
0.07098	7859.958286
0.070986	7860.508519
0.070992	7861.05959
0.070998	7861.604515
0.071003	7862.140917
0.071009	7862.683042
0.071014	7863.233699
0.07102	7863.782486
0.071025	7864.344224
0.071031	7864.901554
0.071037	7865.458702
0.071042	7866.008489
0.071048	7866.574423
0.071053	7867.134078
0.071059	7867.68419
0.071065	7868.240761
0.071071	7868.793056
0.071077	7869.347454
0.071083	7869.907817
0.071089	7870.477492
0.071095	7871.032395
0.071101	7871.578169
0.071106	7872.120647
0.071112	7872.66536
0.071117	7873.193502
0.071123	7873.725233
0.071128	7874.253294
0.071133	7874.777271
0.071139	7875.313279
0.071144	7875.835769
0.07115	7876.369613
0.071156	7876.900445
0.071161	7877.455813
0.071168	7878.027712
0.071173	7878.600652
0.071179	7879.159751
0.071185	7879.730355
0.071191	7880.290152
0.071197	7880.839141
0.071202	7881.380012
0.071208	7881.925068
0.071214	7882.48252
0.07122	7883.055662
0.071226	7883.62758
0.071232	7884.201097
0.071237	7884.762754
0.071243	7885.306314
0.071248	7885.826984
0.071254	7886.345229
0.071259	7886.862533
0.071264	7887.396063
0.07127	7887.932738
0.071275	7888.471799
0.07128	7889.00529
0.071286	7889.541449
0.071291	7890.06859
0.071297	7890.597399
0.071302	7891.13088
0.071308	7891.677098
0.071313	7892.208395
0.07132	7892.743452
0.071325	7893.289732
0.071331	7893.828843
0.071336	7894.327029
0.071342	7894.825538
0.071347	7895.345613
0.071352	7895.873027
0.071358	7896.396013
0.071363	7896.924134
0.071369	7897.449223
0.071374	7897.971754
0.07138	7898.498501
0.071385	7899.022427
0.071391	7899.553471
0.071397	7900.085899
0.071402	7900.620158
0.071408	7901.156378
0.071413	7901.698725
0.071419	7902.242153
0.071425	7902.786401
0.07143	7903.340132
0.071436	7903.89271
0.071441	7904.436614
0.071447	7904.980002
0.071453	7905.522955
0.071458	7906.062299
0.071464	7906.602179
0.071469	7907.138035
0.071475	7907.680887
0.07148	7908.222769
0.071485	7908.764893
0.071491	7909.309666
0.071496	7909.849728
0.071502	7910.390043
0.071508	7910.931136
0.071513	7911.459308
0.071519	7911.992738
0.071524	7912.52457
0.071529	7913.060345
0.071535	7913.583099
0.071541	7914.109957
0.071546	7914.645944
0.071552	7915.181891
0.071558	7915.712177
0.071563	7916.237589
0.071568	7916.76654
0.071574	7917.286796
0.071579	7917.80503
0.071584	7918.317279
0.07159	7918.838051
0.071596	7919.356881
0.071601	7919.870526
0.071606	7920.388558
0.071612	7920.911584
0.071617	7921.443082
0.071623	7921.975572
0.071628	7922.510093
0.071634	7923.038468
0.07164	7923.572535
0.071645	7924.115538
0.071651	7924.657329
0.071656	7925.198382
0.071662	7925.730285
0.071667	7926.263563
0.071673	7926.796649
0.071678	7927.325974
0.071683	7927.859555
0.071688	7928.376141
0.071694	7928.893243
0.071699	7929.406584
0.071704	7929.911867
0.071709	7930.435651
0.071715	7930.971588
0.07172	7931.505827
0.071726	7932.044685
0.071732	7932.568986
0.071737	7933.08911
0.071743	7933.622914
0.071749	7934.153604
0.071754	7934.686821
0.07176	7935.226843
0.071765	7935.773931
0.071772	7936.333243
0.071777	7936.894182
0.071783	7937.455172
0.071789	7938.009671
0.071794	7938.555162
0.071799	7939.083749
0.071804	7939.604348
0.07181	7940.12322
0.071815	7940.647762
0.07182	7941.17547
0.071826	7941.713055
0.071831	7942.24246
0.071837	7942.772159
0.071842	7943.306539
0.071847	7943.848259
0.071853	7944.382336
0.071858	7944.927605
0.071864	7945.466625
0.071869	7946.006272
0.071875	7946.554999
0.071881	7947.122125
0.071886	7947.704973
0.071893	7948.291602
0.071898	7948.856515
0.071904	7949.407303
0.071909	7949.951632
0.071915	7950.493695
0.07192	7951.024436
0.071925	7951.555712
0.071931	7952.082004
0.071936	7952.602695
0.071942	7953.127055
0.071947	7953.660192
0.071952	7954.173391
0.071957	7954.693435
0.071963	7955.212741
0.071969	7955.744472
0.071974	7956.28692
0.07198	7956.819197
0.071985	7957.343558
0.071991	7957.867302
0.071996	7958.390217
0.072002	7958.918096
0.072007	7959.459998
0.072012	7960.00921
0.072018	7960.562526
0.072024	7961.108067
0.07203	7961.649535
0.072035	7962.189748
0.072041	7962.722834
0.072046	7963.247882
0.072052	7963.774417
0.072057	7964.29994
0.072062	7964.823927
0.072068	7965.351361
0.072074	7965.873832
0.072079	7966.399487
0.072084	7966.928862
0.072089	7967.459572
0.072095	7967.989908
0.0721	7968.521882
0.072105	7969.048659
0.072111	7969.579096
0.072117	7970.112121
0.072122	7970.64272
0.072127	7971.168183
0.072133	7971.707891
0.072139	7972.268112
0.072145	7972.833045
0.07215	7973.390234
0.072156	7973.935704
0.072162	7974.486544
0.072167	7975.031125
0.072173	7975.580488
0.072178	7976.126312
0.072184	7976.660601
0.072189	7977.19489
0.072195	7977.737116
0.072201	7978.273103
0.072206	7978.81818
0.072211	7979.362488
0.072217	7979.90804
0.072222	7980.442885
0.072228	7980.995867
0.072234	7981.545695
0.072239	7982.097091
0.072244	7982.65532
0.07225	7983.201539
0.072255	7983.745089
0.072261	7984.276487
0.072266	7984.814284
0.072272	7985.346359
0.072277	7985.879111
0.072283	7986.40518
0.072288	7986.938913
0.072293	7987.47022
0.072299	7987.99542
0.072305	7988.528839
0.07231	7989.073603
0.072315	7989.618719
0.072321	7990.161248
0.072326	7990.695396
0.072331	7991.231181
0.072337	7991.777117
0.072343	7992.321748
0.072348	7992.854106
0.072353	7993.388082
0.072359	7993.937253
0.072364	7994.486414
0.07237	7995.035999
0.072375	7995.589144
0.07238	7996.133674
0.072386	7996.673392
0.072391	7997.206499
0.072397	7997.749624
0.072402	7998.279687
0.072407	7998.810599
0.072412	7999.338953
0.072417	7999.855691
0.072423	8000.375219
0.072429	8000.903341
0.072434	8001.448569
0.07244	8001.992968
0.072445	8002.543696
0.072451	8003.090714
0.072456	8003.636529
0.072462	8004.181868
0.072468	8004.725549
0.072473	8005.285589
0.072479	8005.859317
0.072485	8006.419225
0.072491	8006.975302
0.072496	8007.519953
0.072502	8008.068649
0.072507	8008.606426
0.072513	8009.166981
0.072519	8009.715778
0.072524	8010.261017
0.07253	8010.808752
0.072535	8011.344588
0.072541	8011.884518
0.072546	8012.424155
0.072552	8012.972083
0.072557	8013.513318
0.072563	8014.06445
0.072568	8014.617716
0.072574	8015.174934
0.072579	8015.723297
0.072585	8016.271679
0.072591	8016.817827
0.072596	8017.360103
0.072602	8017.910063
0.072607	8018.455746
0.072613	8018.994696
0.072618	8019.532958
0.072624	8020.069633
0.07263	8020.619481
0.072635	8021.171959
0.072641	8021.711889
0.072646	8022.239617
0.072652	8022.770246
0.072657	8023.300036
0.072663	8023.828198
0.072668	8024.355258
0.072674	8024.894076
0.07268	8025.422198
0.072685	8025.954769
0.07269	8026.465137
0.072696	8026.977851
0.072701	8027.501484
0.072706	8028.028372
0.072712	8028.572832
0.072717	8029.121023
0.072723	8029.664835
0.072728	8030.206272
0.072734	8030.755443
0.072739	8031.283322
0.072744	8031.813537
0.07275	8032.354135
0.072755	8032.903417
0.072761	8033.450677
0.072766	8033.996552
0.072772	8034.548847
0.072778	8035.10362
0.072783	8035.65829
0.072788	8036.20639
0.072794	8036.7665
0.0728	8037.324356
0.072805	8037.874457
0.072811	8038.427824
0.072816	8038.972223
0.072821	8039.509525
0.072827	8040.036534
0.072833	8040.568083
0.072838	8041.094578
0.072843	8041.624823
0.072849	8042.161558
0.072854	8042.701216
0.07286	8043.240105
0.072866	8043.792248
0.072871	8044.35712
0.072877	8044.910204
0.072883	8045.460164
0.072888	8046.010022
0.072893	8046.539681
0.072899	8047.077801
0.072904	8047.625507
0.07291	8048.172888
0.072916	8048.738933
0.072922	8049.291238
0.072927	8049.833433
0.072933	8050.366883
0.072938	8050.897977
0.072944	8051.426776
0.072949	8051.926337
0.072954	8052.425635
0.072959	8052.931282
0.072964	8053.445664
0.07297	8053.967983
0.072975	8054.499664
0.072981	8055.032669
0.072986	8055.570203
0.072992	8056.105695
0.072997	8056.650883
0.073002	8057.192623
0.073008	8057.740459
0.073014	8058.283099
0.073019	8058.826993
0.073025	8059.37125
0.073031	8059.915407
0.073036	8060.45651
0.073042	8060.997462
0.073047	8061.529921
0.073052	8062.058791
0.073058	8062.586933
0.073063	8063.110616
0.073068	8063.639698
0.073074	8064.183633
0.07308	8064.724453
0.073085	8065.257104
0.073091	8065.80399
0.073097	8066.356841
0.073103	8066.917942
0.073108	8067.472987
0.073114	8068.029559
0.07312	8068.582471
0.073125	8069.125596
0.073131	8069.670895
0.073136	8070.23885
0.073142	8070.795998
0.073148	8071.334908
0.073154	8071.876769
0.073159	8072.423109
0.073164	8072.964738
0.07317	8073.487987
0.073175	8074.017029
0.073181	8074.540338
0.073187	8075.066185
0.073192	8075.594186
0.073197	8076.111702
0.073203	8076.627631
0.073209	8077.140729
0.073213	8077.655314
0.073219	8078.1636
0.073224	8078.68888
0.07323	8079.221087
0.073235	8079.748986
0.073241	8080.281112
0.073246	8080.810437
0.073251	8081.337911
0.073256	8081.854447
0.073262	8082.377493
0.073267	8082.906252
0.073272	8083.450581
0.073278	8083.992169
0.073283	8084.535941
0.073288	8085.07387
0.073294	8085.606026
0.0733	8086.14541
0.073306	8086.683025
0.073311	8087.224189
0.073317	8087.760207
0.073322	8088.304444
0.073328	8088.848651
0.073334	8089.384245
0.073339	8089.924145
0.073345	8090.462791
0.073351	8091.005077
0.073356	8091.537193
0.073361	8092.060997
0.073366	8092.58368
0.073372	8093.118232
0.073377	8093.650094
0.073383	8094.178611
0.073388	8094.715639
0.073394	8095.244044
0.073399	8095.767374
0.073404	8096.293716
0.073409	8096.818118
0.073414	8097.343944
0.073419	8097.871621
0.073425	8098.398399
0.07343	8098.936054
0.073436	8099.48018
0.073441	8100.023397
0.073446	8100.553308
0.073452	8101.075849
0.073457	8101.605184
0.073463	8102.135894
0.073469	8102.669455
0.073474	8103.216432
0.07348	8103.750256
0.073485	8104.269744
0.073491	8104.808168
0.073497	8105.360504
0.073502	8105.912283
0.073508	8106.461798
0.073513	8107.012405
0.073519	8107.556207
0.073524	8108.102689
0.07353	8108.659018
0.073536	8109.205318
0.073541	8109.753528
0.073547	8110.292498
0.073553	8110.836695
0.073558	8111.378365
0.073564	8111.924533
0.073569	8112.475817
0.073574	8113.025918
0.07358	8113.56877
0.073586	8114.099268
0.073591	8114.622719
0.073597	8115.145725
0.073602	8115.661139
0.073607	8116.178058
0.073613	8116.697668
0.073618	8117.231835
0.073623	8117.77401
0.073629	8118.325254
0.073634	8118.881684
0.07364	8119.448123
0.073646	8120.005817
0.073652	8120.555473
0.073657	8121.090359
0.073662	8121.622039
0.073668	8122.148988
0.073673	8122.681629
0.073679	8123.217364
0.073684	8123.755728
0.073689	8124.299945
0.073695	8124.84581
0.073701	8125.396063
0.073706	8125.937317
0.073712	8126.480948
0.073717	8127.030554
0.073722	8127.580999
0.073728	8128.129816
0.073734	8128.683274
0.073739	8129.237581
0.073745	8129.789512
0.07375	8130.366627
0.073756	8130.940578
0.073762	8131.514307
0.073768	8132.076753
0.073774	8132.6394
0.07378	8133.190482
0.073785	8133.741706
0.073791	8134.296822
0.073797	8134.8448
0.073803	8135.402473
0.073809	8135.969054
0.073814	8136.534411
0.07382	8137.096493
0.073826	8137.656543
0.073832	8138.217249
0.073838	8138.776086
0.073843	8139.334285
0.073849	8139.894971
0.073855	8140.460167
0.07386	8141.017325
0.073866	8141.575707
0.073872	8142.136171
0.073877	8142.688041
0.073882	8143.223776
0.073888	8143.767801
0.073894	8144.320237
0.073899	8144.865435
0.073905	8145.410259
0.07391	8145.961503
0.073916	8146.518145
0.073921	8147.071845
0.073927	8147.62319
0.073932	8148.170117
0.073938	8148.712898
0.073944	8149.256074
0.073949	8149.790545
0.073954	8150.34098
0.07396	8150.890242
0.073966	8151.439322
0.073972	8152.001373
0.073978	8152.558258
0.073983	8153.122251
0.07399	8153.713743
0.073996	8154.297855
0.074002	8154.873929
0.074008	8155.435667
0.074014	8155.992501
0.074019	8156.53141
0.074024	8157.070593
0.07403	8157.603203
0.074036	8158.146076
0.074041	8158.679243
0.074046	8159.214128
0.074052	8159.748114
0.074057	8160.282585
0.074063	8160.822293
0.074068	8161.357947
0.074073	8161.893055
0.074079	8162.440568
0.074085	8162.998656
0.074091	8163.570615
0.074096	8164.125882
0.074102	8164.672819
0.074107	8165.209393
0.074112	8165.74259
0.074118	8166.270186
0.074123	8166.803859
0.074129	8167.343465
0.074134	8167.88656
0.07414	8168.437996
0.074146	8169.006356
0.074152	8169.572128
0.074157	8170.127557
0.074163	8170.675495
0.074168	8171.205922
0.074173	8171.746065
0.074179	8172.283134
0.074184	8172.821416
0.07419	8173.352511
0.074195	8173.887922
0.0742	8174.423141
0.074205	8174.960655
0.074211	8175.499959
0.074216	8176.036088
0.074222	8176.583601
0.074227	8177.118729
0.074233	8177.659903
0.074238	8178.209458
0.074244	8178.753544
0.074249	8179.296831
0.074254	8179.843242
0.07426	8180.393009
0.074266	8180.949267
0.074272	8181.508033
0.074277	8182.064221
0.074283	8182.628071
0.074289	8183.184663
0.074295	8183.742297
0.0743	8184.309079
0.074306	8184.866763
0.074311	8185.415277
0.074317	8185.969746
0.074322	8186.516814
0.074328	8187.059363
0.074333	8187.591782
0.074339	8188.116436
0.074344	8188.656487
0.07435	8189.194285
0.074355	8189.746721
0.074361	8190.285914
0.074366	8190.829302
0.074371	8191.338265
0.074376	8191.859795
0.074381	8192.38269
0.074387	8192.91065
0.074392	8193.436831
0.074398	8193.971928
0.074403	8194.508755
0.074409	8195.049646
0.074414	8195.603923
0.07442	8196.152224
0.074426	8196.700779
0.074431	8197.247442
0.074437	8197.786331
0.074443	8198.324452
0.074448	8198.860288
0.074454	8199.398338
0.074459	8199.941271
0.074465	8200.480231
0.07447	8201.003945
0.074476	8201.53053
0.074481	8202.060441
0.074486	8202.601595
0.074492	8203.134458
0.074497	8203.668414
0.074502	8204.211589
0.074508	8204.758415
0.074513	8205.295636
0.074519	8205.835546
0.074524	8206.370876
0.074529	8206.9102
0.074535	8207.450363
0.074541	8207.993216
0.074546	8208.538899
0.074552	8209.077949
0.074557	8209.616141
0.074563	8210.140552
0.074568	8210.658776
0.074574	8211.203266
0.074579	8211.761395
0.074585	8212.320322
0.074591	8212.86823
0.074597	8213.422193
0.074603	8213.976015
0.074608	8214.515146
0.074613	8215.048404
0.074619	8215.585433
0.074624	8216.116598
0.07463	8216.648188
0.074635	8217.174176
0.07464	8217.699235
0.074645	8218.23779
0.074651	8218.773757
0.074657	8219.315012
0.074662	8219.859078
0.074668	8220.396066
0.074673	8220.938625
0.074679	8221.482347
0.074684	8222.033055
0.07469	8222.584733
0.074696	8223.13906
0.074701	8223.685643
0.074707	8224.232651
0.074712	8224.782722
0.074718	8225.3289
0.074723	8225.853544
0.074728	8226.380786
0.074734	8226.910697
0.074739	8227.439466
0.074745	8227.973482
0.07475	8228.516496
0.074755	8229.052443
0.074761	8229.583952
0.074766	8230.12549
0.074771	8230.664238
0.074776	8231.192501
0.074782	8231.730925
0.074787	8232.267731
0.074793	8232.794792
0.074798	8233.332215
0.074804	8233.872873
0.074809	8234.400348
0.074815	8234.938277
0.07482	8235.471828
0.074825	8236.010464
0.07483	8236.546007
0.074836	8237.07703
0.074841	8237.60773
0.074846	8238.13849
0.074852	8238.659646
0.074857	8239.17507
0.074862	8239.688997
0.074868	8240.220475
0.074873	8240.757353
0.074879	8241.29516
0.074884	8241.836435
0.074889	8242.381774
0.074895	8242.91486
0.074901	8243.467479
0.074906	8244.00838
0.074912	8244.556034
0.074918	8245.104619
0.074923	8245.657865
0.074928	8246.209553
0.074934	8246.763304
0.07494	8247.3276
0.074945	8247.877044
0.074951	8248.421119
0.074956	8248.959766
0.074962	8249.484026
0.074967	8250.009852
0.074972	8250.541119
0.074978	8251.074346
0.074983	8251.61094
0.074988	8252.138566
0.074994	8252.659338
0.074999	8253.183436
0.075004	8253.712872
0.075009	8254.244806
0.075015	8254.777447
0.07502	8255.311938
0.075026	8255.847187
0.075032	8256.384135
0.075038	8256.916999
0.075043	8257.462257
0.075049	8258.00975
0.075054	8258.561105
0.07506	8259.10882
0.075066	8259.655524
0.075071	8260.208315
0.075077	8260.754291
0.075083	8261.30876
0.075088	8261.854028
0.075094	8262.395415
0.075099	8262.941512
0.075105	8263.478592
0.07511	8264.03485
0.075115	8264.590916
0.075121	8265.140633
0.075126	8265.672587
0.075132	8266.215631
0.075137	8266.757452
0.075143	8267.297605
0.075148	8267.823968
0.075154	8268.353323
0.075159	8268.889583
0.075165	8269.422174
0.07517	8269.986884
0.075176	8270.54936
0.075182	8271.111917
0.075187	8271.665031
0.075192	8272.226203
0.075198	8272.774241
0.075203	8273.325485
0.075209	8273.870551
0.075214	8274.416336
0.07522	8274.968449
0.075226	8275.52315
0.075231	8276.072705
0.075237	8276.626699
0.075243	8277.177285
0.075248	8277.721937
0.075254	8278.270289
0.075259	8278.815073
0.075265	8279.378337
0.075271	8279.928307
0.075277	8280.474688
0.075282	8281.024799
0.075288	8281.584444
0.075294	8282.126023
0.075299	8282.671867
0.075305	8283.218814
0.07531	8283.758755
0.075316	8284.285724
0.075321	8284.823632
0.075327	8285.35595
0.075332	8285.886134
0.075338	8286.424164
0.075343	8286.961658
0.075349	8287.496361
0.075354	8288.029245
0.07536	8288.565324
0.075365	8289.110208
0.075371	8289.683027
0.075377	8290.286044
0.075382	8290.870287
0.075388	8291.417264
0.075394	8291.977526
0.0754	8292.530559
0.075406	8293.087576
0.075411	8293.643703
0.075417	8294.191256
0.075422	8294.732986
0.075428	8295.272098
0.075434	8295.821916
0.075439	8296.371966
0.075445	8296.913171
0.075451	8297.45483
0.075456	8297.993527
0.075462	8298.540211
0.075467	8299.066472
0.075473	8299.601338
0.075478	8300.141228
0.075484	8300.68685
0.075489	8301.229167
0.075495	8301.771675
0.0755	8302.31848
0.075506	8302.857845
0.075512	8303.396006
0.075518	8303.948109
0.075523	8304.499807
0.075528	8305.037089
0.075534	8305.588393
0.07554	8306.141477
0.075546	8306.689253
0.075551	8307.241922
0.075557	8307.796553
0.075563	8308.350405
0.075569	8308.907229
0.075574	8309.459595
0.07558	8310.003135
0.075586	8310.540345
0.075591	8311.083936
0.075597	8311.643015
0.075602	8312.190892
0.075609	8312.754874
0.075614	8313.310596
0.07562	8313.863569
0.075626	8314.408676
0.075631	8314.952984
0.075637	8315.502054
0.075643	8316.053641
0.075649	8316.605411
0.075654	8317.162842
0.075661	8317.717725
0.075667	8318.281333
0.075673	8318.843182
0.075678	8319.400401
0.075685	8319.962301
0.07569	8320.513059
0.075696	8321.046944
0.075701	8321.580292
0.075707	8322.126966
0.075712	8322.673812
0.075718	8323.2264
0.075724	8323.768424
0.075729	8324.318747
0.075735	8324.85612
0.075741	8325.387689
0.075746	8325.921887
0.075752	8326.463132
0.075757	8327.002294
0.075763	8327.549827
0.075769	8328.112344
0.075774	8328.674132
0.07578	8329.236062
0.075786	8329.784728
0.075791	8330.341158
0.075797	8330.89039
0.075803	8331.444292
0.075809	8332.004655
0.075814	8332.577797
0.07582	8333.15011
0.075826	8333.715407
0.075832	8334.274799
0.075838	8334.832382
0.075843	8335.38221
0.075849	8335.932109
0.075854	8336.4693
0.07586	8337.00002
0.075865	8337.532317
0.075871	8338.069154
0.075876	8338.611794
0.075882	8339.138733
0.075887	8339.666157
0.075893	8340.197666
0.075898	8340.736029
0.075904	8341.276192
0.075909	8341.8223
0.075915	8342.390428
0.075921	8342.955037
0.075927	8343.517391
0.075933	8344.078695
0.075938	8344.635468
0.075944	8345.195508
0.07595	8345.74844
0.075955	8346.29752
0.075961	8346.844679
0.075966	8347.392263
0.075972	8347.938623
0.075977	8348.48742
0.075983	8349.039513
0.075989	8349.595984
0.075995	8350.154992
0.076	8350.710664
0.076006	8351.266983
0.076012	8351.816477
0.076017	8352.366407
0.076023	8352.933594
0.076029	8353.502318
0.076035	8354.07083
0.076041	8354.634489
0.076046	8355.196712
0.076052	8355.750887
0.076058	8356.315355
0.076064	8356.877467
0.07607	8357.436506
0.076076	8357.994098
0.076081	8358.553612
0.076087	8359.106079
0.076093	8359.655554
0.076098	8360.222266
0.076104	8360.777513
0.07611	8361.332164
0.076116	8361.889109
0.076122	8362.446126
0.076127	8362.992759
0.076133	8363.538483
0.076139	8364.065735
0.076144	8364.609063
0.07615	8365.157162
0.076156	8365.70695
0.076161	8366.260964
0.076167	8366.814169
0.076173	8367.374987
0.076178	8367.939616
0.076184	8368.51841
0.07619	8369.08313
0.076196	8369.643058
0.076201	8370.194929
0.076207	8370.738934
0.076212	8371.28121
0.076218	8371.82295
0.076223	8372.360019
0.076229	8372.89268
0.076234	8373.429851
0.07624	8373.991326
0.076246	8374.577106
0.076252	8375.159468
0.076258	8375.742639
0.076264	8376.314538
0.07627	8376.885597
0.076276	8377.448397
0.076282	8378.009316
0.076288	8378.553927
0.076293	8379.092068
0.076299	8379.631048
0.076305	8380.175528
0.07631	8380.720544
0.076315	8381.259423
0.076321	8381.798858
0.076326	8382.328507
0.076332	8382.859631
0.076337	8383.39114
0.076342	8383.922325
0.076348	8384.454693
0.076354	8384.994512
0.076359	8385.532148
0.076365	8386.089164
0.07637	8386.634423
0.076376	8387.180409
0.076382	8387.729398
0.076387	8388.276527
0.076393	8388.822018
0.076399	8389.37033
0.076404	8389.922878
0.07641	8390.498022
0.076416	8391.072326
0.076422	8391.627159
0.076428	8392.177685
0.076434	8392.720062
0.076439	8393.269617
0.076445	8393.819334
0.07645	8394.372216
0.076456	8394.919001
0.076462	8395.457789
0.076468	8395.987549
0.076473	8396.519593
0.076479	8397.055308
0.076485	8397.585957
0.07649	8398.123603
0.076496	8398.655192
0.076501	8399.183678
0.076507	8399.703499
0.076512	8400.219934
0.076518	8400.739664
0.076523	8401.262579
0.076529	8401.776092
0.076534	8402.317488
0.07654	8402.871159
0.076545	8403.418136
0.076551	8403.96022
0.076557	8404.500878
0.076562	8405.019961
0.076568	8405.549458
0.076574	8406.081998
0.076579	8406.607158
0.076585	8407.145824
0.076591	8407.690405
0.076597	8408.227323
0.076602	8408.769346
0.076608	8409.301704
0.076613	8409.84303
0.076618	8410.374761
0.076624	8410.907149
0.076629	8411.441893
0.076634	8411.968711
0.076639	8412.502737
0.076645	8413.047217
0.076651	8413.603
0.076656	8414.16589
0.076662	8414.733411
0.076668	8415.304228
0.076674	8415.869191
0.07668	8416.439503
0.076686	8417.002838
0.076692	8417.564687
0.076697	8418.112241
0.076703	8418.667882
0.076709	8419.223685
0.076715	8419.774272
0.076721	8420.322796
0.076726	8420.882957
0.076732	8421.430328
0.076737	8421.982825
0.076743	8422.537213
0.076749	8423.085808
0.076754	8423.630238
0.07676	8424.166478
0.076766	8424.708147
0.076771	8425.251899
0.076777	8425.792628
0.076783	8426.343518
0.07679	8426.911676
0.076796	8427.495393
0.076801	8428.07446
0.076808	8428.652789
0.076814	8429.221007
0.07682	8429.782108
0.076826	8430.347374
0.076832	8430.907707
0.076837	8431.461812
0.076843	8432.013814
0.076849	8432.5671
0.076855	8433.110832
0.07686	8433.650954
0.076866	8434.201308
0.076872	8434.746071
0.076878	8435.295717
0.076884	8435.849044
0.076889	8436.403795
0.076895	8436.960478
0.076901	8437.510357
0.076907	8438.065139
0.076913	8438.62618
0.076918	8439.182064
0.076924	8439.742285
0.076929	8440.308462
0.076935	8440.868673
0.076941	8441.421372
0.076946	8441.968582
0.076952	8442.513466
0.076958	8443.06007
0.076964	8443.620898
0.076969	8444.172333
0.076975	8444.717693
0.07698	8445.249808
0.076986	8445.780902
0.076992	8446.318103
0.076997	8446.858893
0.077002	8447.406305
0.077008	8447.957559
0.077014	8448.524412
0.07702	8449.081237
0.077026	8449.646695
0.077032	8450.20083
0.077038	8450.75446
0.077043	8451.301043
0.077049	8451.850274
0.077055	8452.404228
0.077061	8452.963671
0.077067	8453.518038
0.077072	8454.070121
0.077078	8454.626986
0.077084	8455.188835
0.07709	8455.74021
0.077096	8456.291221
0.077101	8456.842708
0.077107	8457.38469
0.077112	8457.927249
0.077118	8458.461053
0.077123	8458.99702
0.077129	8459.541288
0.077135	8460.084494
0.07714	8460.629672
0.077146	8461.183018
0.077152	8461.728388
0.077157	8462.279086
0.077163	8462.834242
0.077169	8463.380552
0.077174	8463.92762
0.07718	8464.467945
0.077186	8465.005833
0.077191	8465.547219
0.077197	8466.086725
0.077202	8466.627697
0.077208	8467.167415
0.077214	8467.700582
0.077219	8468.236114
0.077225	8468.770989
0.07723	8469.308807
0.077236	8469.843783
0.077241	8470.384351
0.077247	8470.924312
0.077252	8471.483178
0.077258	8472.055441
0.077264	8472.620313
0.07727	8473.201786
0.077276	8473.764969
0.077282	8474.313989
0.077287	8474.857973
0.077293	8475.398773
0.077298	8475.93561
0.077304	8476.474631
0.077309	8477.015663
0.077315	8477.551286
0.07732	8478.09239
0.077325	8478.626284
0.077331	8479.166377
0.077336	8479.697137
0.077341	8480.213258
0.077347	8480.724759
0.077352	8481.243307
0.077358	8481.771519
0.077363	8482.306284
0.077369	8482.852907
0.077375	8483.403797
0.07738	8483.938065
0.077386	8484.480432
0.077391	8485.009222
0.077397	8485.541569
0.077402	8486.071056
0.077408	8486.597823
0.077414	8487.123923
0.077419	8487.650771
0.077425	8488.179004
0.07743	8488.706054
0.077436	8489.240879
0.077441	8489.776614
0.077446	8490.290409
0.077452	8490.799726
0.077457	8491.317849
0.077463	8491.864746
0.077469	8492.407183
0.077475	8492.959195
0.077481	8493.510136
0.077487	8494.059347
0.077492	8494.604222
0.077498	8495.150501
0.077503	8495.693839
0.077509	8496.230554
0.077514	8496.764631
0.07752	8497.299809
0.077525	8497.832117
0.07753	8498.365728
0.077536	8498.892768
0.077541	8499.422114
0.077547	8499.955897
0.077552	8500.493361
0.077558	8501.018894
0.077563	8501.548644
0.077569	8502.074926
0.077574	8502.599772
0.07758	8503.114427
0.077585	8503.623481
0.07759	8504.13572
0.077596	8504.666106
0.077601	8505.202508
0.077607	8505.741751
0.077612	8506.280388
0.077618	8506.819408
0.077624	8507.361735
0.077629	8507.907933
0.077635	8508.451908
0.07764	8508.990372
0.077646	8509.531314
0.077652	8510.064208
0.077658	8510.603794
0.077663	8511.147526
0.077669	8511.686496
0.077675	8512.228216
0.077681	8512.769582
0.077686	8513.32034
0.077692	8513.876649
0.077698	8514.4515
0.077704	8515.014451
0.07771	8515.575158
0.077715	8516.121357
0.077721	8516.652542
0.077726	8517.174234
0.077732	8517.685188
0.077737	8518.209398
0.077742	8518.726601
0.077748	8519.254015
0.077754	8519.784158
0.077759	8520.312634
0.077765	8520.842434
0.07777	8521.367361
0.077776	8521.894593
0.077782	8522.420531
0.077787	8522.95384
0.077793	8523.497774
0.077798	8524.028555
0.077804	8524.564401
0.07781	8525.095464
0.077816	8525.620118
0.077821	8526.14726
0.077827	8526.683571
0.077832	8527.228425
0.077838	8527.768618
0.077843	8528.309398
0.077849	8528.845021
0.077855	8529.385578
0.077861	8529.917987
0.077866	8530.447332
0.077872	8530.991842
0.077877	8531.530903
0.077883	8532.065304
0.077889	8532.596165
0.077894	8533.124186
0.0779	8533.662853
0.077905	8534.214501
0.077911	8534.752621
0.077917	8535.295645
0.077922	8535.842926
0.077928	8536.386051
0.077933	8536.930561
0.077939	8537.470168
0.077945	8538.013718
0.077951	8538.565275
0.077956	8539.111747
0.077963	8539.656834
0.077968	8540.209826
0.077974	8540.759614
0.07798	8541.316742
0.077985	8541.864427
0.077991	8542.407805
0.077997	8542.955055
0.078003	8543.497402
0.078008	8544.047755
0.078014	8544.581337
0.078019	8545.12425
0.078025	8545.676353
0.078031	8546.228284
0.078037	8546.775969
0.078042	8547.329295
0.078048	8547.8807
0.078054	8548.425898
0.078059	8548.967517
0.078065	8549.515809
0.078071	8550.054051
0.078076	8550.594598
0.078082	8551.14209
0.078088	8551.688744
0.078093	8552.210658
0.078099	8552.742036
0.078104	8553.275233
0.07811	8553.809057
0.078116	8554.354032
0.078121	8554.894943
0.078127	8555.441728
0.078133	8555.98361
0.078138	8556.529657
0.078144	8557.070548
0.078149	8557.610549
0.078155	8558.145323
0.078161	8558.685264
0.078166	8559.225002
0.078172	8559.772626
0.078177	8560.317673
0.078183	8560.859392
0.078189	8561.419149
0.078195	8561.982828
0.078201	8562.54586
0.078207	8563.098044
0.078212	8563.635154
0.078217	8564.171424
0.078223	8564.701699
0.078228	8565.239102
0.078234	8565.778527
0.07824	8566.324665
0.078245	8566.879124
0.078251	8567.434958
0.078257	8567.981278
0.078263	8568.531086
0.078269	8569.077436
0.078275	8569.645361
0.078281	8570.216522
0.078287	8570.766209
0.078292	8571.316057
0.078298	8571.848486
0.078304	8572.381016
0.07831	8572.914293
0.078316	8573.448714
0.078321	8573.980839
0.078327	8574.525704
0.078333	8575.086764
0.078339	8575.656489
0.078344	8576.212798
0.07835	8576.760523
0.078356	8577.307955
0.078362	8577.853386
0.078367	8578.394954
0.078374	8578.932428
0.078379	8579.471792
0.078385	8580.00231
0.07839	8580.535123
0.078396	8581.065691
0.078401	8581.59351
0.078407	8582.115606
0.078413	8582.65497
0.078418	8583.199066
0.078423	8583.740149
0.078429	8584.278037
0.078435	8584.816572
0.07844	8585.349416
0.078446	8585.882158
0.078451	8586.420551
0.078456	8586.950665
0.078462	8587.47634
0.078468	8588.006666
0.078474	8588.539297
0.078479	8589.065943
0.078485	8589.599403
0.07849	8590.124734
0.078496	8590.647801
0.078501	8591.182787
0.078507	8591.707826
0.078512	8592.255066
0.078518	8592.800375
0.078523	8593.356653
0.078529	8593.920231
0.078535	8594.489703
0.078541	8595.058559
0.078547	8595.626221
0.078553	8596.17981
0.078558	8596.728334
0.078564	8597.250117
0.078569	8597.777147
0.078575	8598.308514
0.07858	8598.838375
0.078586	8599.361988
0.078592	8599.88556
0.078597	8600.405422
0.078603	8600.934807
0.078609	8601.469986
0.078615	8602.012859
0.07862	8602.56207
0.078626	8603.09551
0.078632	8603.633499
0.078637	8604.171155
0.078643	8604.719891
0.078649	8605.269376
0.078654	8605.808325
0.078659	8606.334809
0.078665	8606.868219
0.078671	8607.397918
0.078676	8607.94173
0.078681	8608.487686
0.078687	8609.02696
0.078693	8609.567092
0.078698	8610.105567
0.078705	8610.647428
0.078711	8611.210713
0.078716	8611.764646
0.078722	8612.318579
0.078728	8612.860168
0.078733	8613.376835
0.078739	8613.898365
0.078744	8614.41943
0.078749	8614.937158
0.078755	8615.442603
0.07876	8615.954245
0.078766	8616.495207
0.078772	8617.055378
0.078778	8617.620452
0.078783	8618.191208
0.078789	8618.753159
0.078795	8619.318273
0.078801	8619.871307
0.078806	8620.425199
0.078812	8620.986169
0.078818	8621.548695
0.078824	8622.111393
0.07883	8622.665701
0.078835	8623.210555
0.078841	8623.751324
0.078846	8624.2807
0.078852	8624.811794
0.078858	8625.347175
0.078863	8625.88575
0.078869	8626.407958
0.078875	8626.921521
0.07888	8627.440685
0.078886	8627.960891
0.078891	8628.493663
0.078897	8629.027508
0.078902	8629.559208
0.078908	8630.101494
0.078914	8630.638109
0.078919	8631.179889
0.078925	8631.716221
0.07893	8632.258962
0.078936	8632.799155
0.078941	8633.33674
0.078947	8633.878773
0.078953	8634.414235
0.078958	8634.95734
0.078964	8635.512688
0.07897	8636.060181
0.078976	8636.602194
0.078981	8637.136301
0.078986	8637.667779
0.078992	8638.19946
0.078997	8638.731454
0.079003	8639.270181
0.079009	8639.811072
0.079014	8640.355947
0.07902	8640.895564
0.079026	8641.441247
0.079032	8641.987526
0.079038	8642.524616
0.079043	8643.05751
0.079049	8643.588533
0.079055	8644.119597
0.07906	8644.651459
0.079066	8645.183787
0.079071	8645.713061
0.079076	8646.24181
0.079082	8646.759478
0.079087	8647.279582
0.079093	8647.817349
0.079098	8648.331539
0.079104	8648.840533
0.079109	8649.352185
0.079114	8649.871865
0.07912	8650.408429
0.079126	8650.960835
0.079132	8651.505578
0.079137	8652.049977
0.079143	8652.600018
0.079149	8653.140322
0.079155	8653.682962
0.07916	8654.222327
0.079166	8654.762368
0.079171	8655.290692
0.079176	8655.811363
0.079182	8656.330113
0.079188	8656.849803
0.079193	8657.377651
0.079199	8657.91377
0.079204	8658.452205
0.07921	8658.990507
0.079215	8659.538313
0.079221	8660.08708
0.079227	8660.618781
0.079233	8661.151897
0.079238	8661.675439
0.079244	8662.193208
0.079249	8662.704982
0.079254	8663.213985
0.07926	8663.736567
0.079266	8664.270907
0.079271	8664.807531
0.079277	8665.346744
0.079283	8665.88538
0.079288	8666.415605
0.079294	8666.941654
0.079299	8667.471808
0.079305	8668.01832
0.079311	8668.565044
0.079316	8669.1146
0.079322	8669.656845
0.079328	8670.190457
0.079333	8670.715192
0.079339	8671.233244
0.079344	8671.754016
0.07935	8672.278225
0.079356	8672.810997
0.079361	8673.346348
0.079367	8673.882265
0.079372	8674.426593
0.079378	8674.971659
0.079384	8675.509022
0.079389	8676.047961
0.079395	8676.582655
0.079401	8677.107086
0.079406	8677.639303
0.079412	8678.169032
0.079417	8678.688409
0.079423	8679.206663
0.079428	8679.722714
0.079434	8680.24302
0.079439	8680.76181
0.079445	8681.279488
0.07945	8681.798491
0.079456	8682.325956
0.079461	8682.843644
0.079467	8683.374212
0.079472	8683.909239
0.079478	8684.440829
0.079484	8684.979678
0.079489	8685.536037
0.079495	8686.082054
0.079501	8686.626433
0.079506	8687.159731
0.079512	8687.693716
0.079518	8688.223345
0.079524	8688.749899
0.079529	8689.275575
0.079535	8689.807538
0.079541	8690.340574
0.079546	8690.876804
0.079552	8691.415571
0.079558	8691.960244
0.079564	8692.490034
0.079569	8693.022796
0.079575	8693.545428
0.07958	8694.06443
0.079585	8694.586638
0.07959	8695.099311
0.079595	8695.591886
0.079601	8696.091487
0.079606	8696.592383
0.079612	8697.108767
0.079617	8697.635645
0.079623	8698.184209
0.079629	8698.741509
0.079635	8699.306684
0.079641	8699.876955
0.079647	8700.444284
0.079653	8701.008105
0.079659	8701.571996
0.079664	8702.136979
0.07967	8702.696786
0.079676	8703.251275
0.079682	8703.803398
0.079688	8704.339436
0.079694	8704.866942
0.079699	8705.387228
0.079704	8705.913742
0.07971	8706.452187
0.079715	8707.004613
0.079721	8707.555442
0.079727	8708.111438
0.079733	8708.66623
0.079738	8709.221366
0.079744	8709.767919
0.07975	8710.308405
0.079755	8710.83128
0.079761	8711.363405
0.079767	8711.896006
0.079772	8712.438555
0.079778	8713.000222
0.079785	8713.569017
0.07979	8714.127843
0.079796	8714.689379
0.079802	8715.236922
0.079808	8715.787852
0.079814	8716.330391
0.07982	8716.875205
0.079825	8717.416409
0.079831	8717.967642
0.079837	8718.513053
0.079843	8719.072647
0.079849	8719.636397
0.079855	8720.189501
0.079861	8720.738692
0.079866	8721.288167
0.079872	8721.836367
0.079878	8722.371182
0.079884	8722.90356
0.079889	8723.439851
0.079895	8723.979276
0.079901	8724.502504
0.079906	8725.037814
0.079912	8725.568767
0.079918	8726.088679
0.079923	8726.614708
0.079929	8727.154598
0.079935	8727.687634
0.079941	8728.237563
0.079946	8728.795206
0.079952	8729.351171
0.079958	8729.920077
0.079965	8730.482958
0.079971	8731.045323
0.079977	8731.594362
0.079983	8732.171104
0.079989	8732.734631
0.079995	8733.320097
0.080001	8733.894503
0.080007	8734.465664
0.080013	8735.031325
0.080019	8735.599654
0.080025	8736.149199
0.080031	8736.687836
0.080036	8737.225633
0.080042	8737.751379
0.080047	8738.285557
0.080053	8738.821989
0.080059	8739.366752
0.080064	8739.919168
0.08007	8740.489571
0.080076	8741.049903
0.080082	8741.597376
0.080088	8742.135466
0.080094	8742.674578
0.080099	8743.226762
0.080105	8743.776196
0.080111	8744.326873
0.080117	8744.8683
0.080123	8745.418351
0.080128	8745.962315
0.080134	8746.500102
0.080139	8747.03341
0.080145	8747.57421
0.080151	8748.116264
0.080157	8748.672562
0.080163	8749.234199
0.080169	8749.787121
0.080175	8750.350467
0.080181	8750.911406
0.080187	8751.473285
0.080193	8752.034983
0.080199	8752.591797
0.080204	8753.118332
0.08021	8753.637809
0.080215	8754.159612
0.08022	8754.685854
0.080225	8755.226603
0.080231	8755.768151
0.080236	8756.312621
0.080242	8756.871023
0.080248	8757.435996
0.080254	8757.997552
0.08026	8758.56205
0.080266	8759.13134
0.080273	8759.704644
0.080279	8760.277594
0.080285	8760.835106
0.08029	8761.378615
0.080296	8761.93365
0.080302	8762.475623
0.080308	8763.026199
0.080313	8763.573257
0.080319	8764.118536
0.080325	8764.6542
0.080331	8765.194555
0.080336	8765.744221
0.080342	8766.319072
0.080348	8766.878545
0.080354	8767.436735
0.08036	8767.984197
0.080366	8768.541365
0.080372	8769.094105
0.080378	8769.645976
0.080384	8770.20641
0.080389	8770.762819
0.080396	8771.321696
0.080402	8771.883475
0.080407	8772.444141
0.080413	8772.99679
0.080419	8773.539501
0.080425	8774.083869
0.080431	8774.625336
0.080437	8775.17385
0.080443	8775.731453
0.080449	8776.266137
0.080455	8776.80171
0.08046	8777.344815
0.080466	8777.891498
0.080472	8778.429063
0.080478	8778.974736
0.080484	8779.527739
0.08049	8780.078902
0.080496	8780.63053
0.080502	8781.180671
0.080508	8781.725121
0.080514	8782.274828
0.080519	8782.817013
0.080525	8783.358288
0.080531	8783.903657
0.080536	8784.44655
0.080542	8784.996661
0.080548	8785.539281
0.080554	8786.087937
0.08056	8786.626057
0.080565	8787.165725
0.080571	8787.715776
0.080577	8788.263824
0.080583	8788.80602
0.080589	8789.352976
0.080595	8789.902643
0.0806	8790.429299
0.080606	8790.962779
0.080612	8791.493125
0.080618	8792.024401
0.080623	8792.536862
0.080629	8793.064428
0.080635	8793.588779
0.08064	8794.115647
0.080646	8794.632254
0.080652	8795.16262
0.080657	8795.704158
0.080663	8796.240085
0.080669	8796.782128
0.080674	8797.329904
0.08068	8797.873504
0.080686	8798.416367
0.080692	8798.968358
0.080698	8799.511079
0.080703	8800.057814
0.080709	8800.613011
0.080715	8801.155236
0.080721	8801.704407
0.080726	8802.262768
0.080732	8802.812718
0.080738	8803.351536
0.080744	8803.897027
0.080749	8804.434733
0.080755	8804.985744
0.080761	8805.533257
0.080767	8806.071398
0.080772	8806.615717
0.080778	8807.135467
0.080784	8807.654631
0.080789	8808.179528
0.080795	8808.711583
0.0808	8809.234296
0.080806	8809.761841
0.080812	8810.2915
0.080818	8810.842005
0.080823	8811.393512
0.08083	8811.937547
0.080835	8812.482957
0.080841	8813.005882
0.080846	8813.535288
0.080852	8814.059902
0.080858	8814.599974
0.080863	8815.134354
0.080869	8815.680876
0.080875	8816.227004
0.080881	8816.785001
0.080888	8817.335729
0.080893	8817.884506
0.080899	8818.428592
0.080905	8818.976529
0.080911	8819.519129
0.080916	8820.07288
0.080922	8820.629239
0.080928	8821.176257
0.080934	8821.722799
0.08094	8822.249859
0.080946	8822.78705
0.080951	8823.326556
0.080957	8823.858145
0.080962	8824.393334
0.080968	8824.945275
0.080974	8825.484842
0.080979	8826.021861
0.080985	8826.561457
0.080991	8827.103339
0.080996	8827.644776
0.081003	8828.197587
0.081008	8828.745646
0.081014	8829.297981
0.081019	8829.850863
0.081025	8830.40063
0.081031	8830.950792
0.081037	8831.494059
0.081043	8832.037528
0.081049	8832.572524
0.081054	8833.065109
0.08106	8833.576863
0.081066	8834.129855
0.081071	8834.671535
0.081077	8835.210687
0.081083	8835.748525
0.081088	8836.283825
0.081094	8836.837757
0.0811	8837.388536
0.081106	8837.94621
0.081111	8838.493935
0.081118	8839.042449
0.081124	8839.59163
0.081129	8840.139143
0.081135	8840.684017
0.081141	8841.223604
0.081146	8841.760987
0.081152	8842.295872
0.081158	8842.834852
0.081164	8843.374914
0.081169	8843.916149
0.081175	8844.461296
0.081181	8844.99882
0.081186	8845.53591
0.081192	8846.074667
0.081197	8846.607228
0.081203	8847.141072
0.081209	8847.67801
0.081214	8848.194626
0.08122	8848.7147
0.081225	8849.243156
0.081231	8849.771561
0.081236	8850.299157
0.081242	8850.822962
0.081247	8851.352206
0.081253	8851.899476
0.081259	8852.455552
0.081265	8853.003116
0.081271	8853.546292
0.081277	8854.088032
0.081283	8854.633523
0.081288	8855.165699
0.081294	8855.702748
0.0813	8856.244761
0.081305	8856.787573
0.081311	8857.321174
0.081316	8857.856282
0.081322	8858.392017
0.081328	8858.93032
0.081333	8859.465003
0.081338	8859.995966
0.081343	8860.52158
0.081349	8861.074745
0.081356	8861.635795
0.081361	8862.194197
0.081367	8862.743257
0.081372	8863.303023
0.081378	8863.862031
0.081384	8864.404297
0.08139	8864.955197
0.081396	8865.495208
0.081402	8866.036028
0.081408	8866.564221
0.081413	8867.093536
0.081418	8867.627956
0.081424	8868.168271
0.08143	8868.696302
0.081435	8869.22773
0.081441	8869.760967
0.081447	8870.289999
0.081452	8870.823004
0.081458	8871.35791
0.081463	8871.893685
0.081469	8872.425406
0.081474	8872.957511
0.081479	8873.490668
0.081485	8874.019578
0.081491	8874.53667
0.081496	8875.0564
0.081502	8875.585654
0.081508	8876.118032
0.081513	8876.650552
0.081519	8877.192949
0.081525	8877.741312
0.081531	8878.290361
0.081537	8878.849511
0.081543	8879.40494
0.081549	8879.959298
0.081555	8880.506316
0.08156	8881.057751
0.081566	8881.61408
0.081572	8882.170521
0.081578	8882.732592
0.081583	8883.292005
0.081589	8883.83881
0.081595	8884.370774
0.081601	8884.918155
0.081607	8885.467468
0.081612	8886.007045
0.081618	8886.544943
0.081624	8887.069981
0.08163	8887.603987
0.081636	8888.149882
0.081641	8888.687053
0.081647	8889.22486
0.081653	8889.767207
0.081659	8890.300262
0.081664	8890.82618
0.081669	8891.34862
0.081675	8891.864074
0.081681	8892.38527
0.081686	8892.908398
0.081692	8893.436105
0.081698	8893.969312
0.081704	8894.492733
0.081709	8895.015052
0.081714	8895.539979
0.08172	8896.056615
0.081725	8896.575507
0.081731	8897.104033
0.081737	8897.62898
0.081742	8898.161035
0.081748	8898.6913
0.081753	8899.218765
0.081759	8899.748555
0.081764	8900.28524
0.081769	8900.822258
0.081776	8901.359307
0.081781	8901.912715
0.081787	8902.470014
0.081793	8903.019438
0.081798	8903.565475
0.081804	8904.117891
0.08181	8904.671066
0.081816	8905.224483
0.081822	8905.771572
0.081827	8906.314293
0.081833	8906.847985
0.081839	8907.376966
0.081844	8907.901398
0.081849	8908.427245
0.081855	8908.950848
0.081861	8909.477241
0.081866	8910.009204
0.081872	8910.540915
0.081877	8911.092492
0.081883	8911.63584
0.081889	8912.181826
0.081894	8912.731422
0.0819	8913.274537
0.081906	8913.822404
0.081912	8914.363143
0.081917	8914.886706
0.081923	8915.388814
0.081928	8915.888031
0.081933	8916.396701
0.081939	8916.916603
0.081944	8917.432866
0.08195	8917.951343
0.081956	8918.475441
0.081961	8919.010367
0.081967	8919.555352
0.081973	8920.098599
0.081979	8920.635557
0.081984	8921.183393
0.08199	8921.737589
0.081996	8922.284051
0.082002	8922.834243
0.082008	8923.389935
0.082014	8923.938621
0.08202	8924.488479
0.082025	8925.042705
0.08203	8925.589834
0.082036	8926.126337
0.082042	8926.669543
0.082047	8927.22197
0.082053	8927.779138
0.082059	8928.333142
0.082065	8928.878441
0.08207	8929.421374
0.082076	8929.960859
0.082082	8930.488981
0.082087	8930.991585
0.082092	8931.500548
0.082098	8932.024161
0.082103	8932.560563
0.082108	8933.098118
0.082114	8933.634601
0.08212	8934.176937
0.082126	8934.713511
0.082131	8935.254827
0.082137	8935.797012
0.082142	8936.335415
0.082148	8936.868673
0.082153	8937.403639
0.082159	8937.950232
0.082165	8938.509362
0.082171	8939.083475
0.082177	8939.660064
0.082183	8940.232297
0.082189	8940.798675
0.082195	8941.366671
0.082201	8941.923475
0.082207	8942.479248
0.082212	8943.01194
0.082218	8943.534835
0.082224	8944.064069
0.08223	8944.596457
0.082235	8945.132394
0.082241	8945.6811
0.082246	8946.220252
0.082252	8946.752923
0.082258	8947.298677
0.082263	8947.833047
0.082269	8948.362402
0.082274	8948.881779
0.08228	8949.391824
0.082286	8949.916013
0.082292	8950.448199
0.082297	8950.997855
0.082303	8951.535663
0.082309	8952.093215
0.082315	8952.658572
0.082321	8953.220967
0.082327	8953.769855
0.082332	8954.30097
0.082338	8954.833874
0.082344	8955.360671
0.08235	8955.887398
0.082355	8956.424406
0.082361	8956.953903
0.082367	8957.483279
0.082372	8958.013362
0.082377	8958.55031
0.082383	8959.089674
0.082389	8959.614834
0.082394	8960.152297
0.082399	8960.684281
0.082406	8961.211978
0.082411	8961.751959
0.082416	8962.288391
0.082422	8962.819546
0.082428	8963.35155
0.082433	8963.888883
0.082439	8964.430309
0.082444	8964.968491
0.08245	8965.499555
0.082456	8966.032357
0.082461	8966.560934
0.082467	8967.08946
0.082472	8967.610424
0.082478	8968.14717
0.082483	8968.67143
0.082489	8969.203545
0.082494	8969.740776
0.0825	8970.276379
0.082506	8970.81816
0.082511	8971.37546
0.082518	8971.945781
0.082523	8972.5058
0.082528	8973.068064
0.082535	8973.626678
0.08254	8974.171107
0.082545	8974.718074
0.082551	8975.24835
0.082556	8975.772124
0.082562	8976.298416
0.082568	8976.834302
0.082574	8977.370381
0.082579	8977.900343
0.082585	8978.426109
0.082591	8978.961985
0.082596	8979.50137
0.082602	8980.031574
0.082608	8980.567612
0.082613	8981.104985
0.082619	8981.640851
0.082624	8982.181843
0.08263	8982.721248
0.082635	8983.25403
0.082641	8983.795669
0.082647	8984.352888
0.082653	8984.909642
0.082659	8985.460602
0.082665	8986.008186
0.082671	8986.554405
0.082676	8987.090251
0.082682	8987.625015
0.082687	8988.157565
0.082693	8988.68878
0.082699	8989.215618
0.082704	8989.75104
0.08271	8990.28453
0.082715	8990.830041
0.082721	8991.386461
0.082727	8991.946086
0.082733	8992.498159
0.082738	8993.048583
0.082744	8993.591719
0.08275	8994.130426
0.082756	8994.663957
0.082762	8995.203614
0.082767	8995.749388
0.082773	8996.295344
0.082779	8996.83575
0.082785	8997.37753
0.082791	8997.919776
0.082796	8998.470261
0.082802	8999.01093
0.082808	8999.553893
0.082814	9000.095593
0.082819	9000.637576
0.082825	9001.180469
0.082831	9001.721552
0.082837	9002.26867
0.082843	9002.819631
0.082849	9003.373008
0.082854	9003.931612
0.082861	9004.486242
0.082867	9005.043026
0.082872	9005.594078
0.082878	9006.140024
0.082884	9006.687264
0.082889	9007.236536
0.082895	9007.782815
0.082901	9008.337951
0.082907	9008.903652
0.082913	9009.472002
0.082919	9010.043224
0.082925	9010.608328
0.082932	9011.172341
0.082937	9011.712696
0.082943	9012.253739
0.082948	9012.791374
0.082954	9013.337178
0.08296	9013.878646
0.082966	9014.429859
0.082972	9014.97539
0.082978	9015.533145
0.082984	9016.091142
0.08299	9016.641708
0.082996	9017.202375
0.083002	9017.753871
0.083008	9018.310887
0.083014	9018.860807
0.08302	9019.415447
0.083026	9019.973525
0.083032	9020.536022
0.083038	9021.098053
0.083044	9021.661277
0.08305	9022.226563
0.083056	9022.782741
0.083062	9023.344145
0.083069	9023.906753
0.083074	9024.465508
0.08308	9025.03129
0.083086	9025.592138
0.083092	9026.155079
0.083098	9026.722388
0.083104	9027.288766
0.08311	9027.854144
0.083116	9028.418187
0.083122	9028.976154
0.083127	9029.532988
0.083133	9030.081553
0.083139	9030.63125
0.083145	9031.178136
0.083151	9031.718329
0.083157	9032.250465
0.083162	9032.793762
0.083168	9033.34084
0.083174	9033.887473
0.08318	9034.460464
0.083186	9035.024962
0.083192	9035.590117
0.083198	9036.144252
0.083204	9036.699692
0.08321	9037.25043
0.083216	9037.809812
0.083222	9038.363846
0.083228	9038.914796
0.083234	9039.468173
0.083239	9040.014372
0.083245	9040.558225
0.083251	9041.09854
0.083257	9041.653686
0.083262	9042.202807
0.083268	9042.752524
0.083275	9043.305324
0.083281	9043.862442
0.083286	9044.418104
0.083292	9044.978487
0.083297	9045.520217
0.083303	9046.067366
0.083309	9046.615334
0.083315	9047.171147
0.083321	9047.722633
0.083327	9048.267811
0.083333	9048.824878
0.083339	9049.381136
0.083344	9049.948839
0.083351	9050.514753
0.083357	9051.083052
0.083362	9051.637268
0.083368	9052.191231
0.083374	9052.740322
0.08338	9053.297742
0.083385	9053.831597
0.083391	9054.35988
0.083397	9054.892491
0.083402	9055.415012
0.083407	9055.941708
0.083413	9056.464512
0.083419	9056.996607
0.083425	9057.550924
0.08343	9058.097224
0.083436	9058.662217
0.083442	9059.216686
0.083448	9059.772398
0.083453	9060.327757
0.083459	9060.87891
0.083465	9061.439171
0.083471	9061.998058
0.083476	9062.556622
0.083482	9063.10917
0.083487	9063.649818
0.083493	9064.193984
0.083498	9064.735472
0.083504	9065.279214
0.08351	9065.818143
0.083515	9066.353554
0.083521	9066.887763
0.083526	9067.423305
0.083532	9067.962427
0.083538	9068.500072
0.083544	9069.045533
0.08355	9069.596858
0.083555	9070.154016
0.083561	9070.704198
0.083567	9071.257484
0.083572	9071.817048
0.083578	9072.370516
0.083584	9072.924014
0.08359	9073.482213
0.083596	9074.036359
0.083602	9074.593638
0.083607	9075.140787
0.083613	9075.675036
0.083619	9076.223469
0.083625	9076.789989
0.083631	9077.357044
0.083637	9077.909238
0.083643	9078.444367
0.083648	9078.983084
0.083654	9079.527533
0.083659	9080.06071
0.083665	9080.602794
0.083671	9081.145737
0.083676	9081.678955
0.083682	9082.215721
0.083688	9082.749545
0.083694	9083.287433
0.0837	9083.831326
0.083705	9084.372642
0.083711	9084.914059
0.083717	9085.43848
0.083723	9085.969301
0.083728	9086.48616
0.083734	9086.985681
0.083739	9087.490903
0.083745	9088.011877
0.08375	9088.533721
0.083756	9089.055979
0.083761	9089.581977
0.083767	9090.102527
0.083773	9090.629324
0.083779	9091.174431
0.083784	9091.728303
0.08379	9092.275119
0.083796	9092.819922
0.083802	9093.364645
0.083807	9093.904211
0.083813	9094.450369
0.083819	9094.984709
0.083824	9095.521546
0.08383	9096.061223
0.083836	9096.594238
0.083842	9097.1214
0.083848	9097.650078
0.083853	9098.177563
0.083859	9098.707605
0.083864	9099.242086
0.08387	9099.776436
0.083876	9100.317883
0.083882	9100.856024
0.083888	9101.393841
0.083894	9101.922125
0.083899	9102.443271
0.083904	9102.966621
0.08391	9103.486604
0.083916	9104.010803
0.083922	9104.541847
0.083927	9105.074366
0.083933	9105.61917
0.083939	9106.155258
0.083945	9106.688223
0.08395	9107.215768
0.083956	9107.735206
0.083961	9108.262155
0.083966	9108.81079
0.083972	9109.357979
0.083978	9109.904057
0.083984	9110.434999
0.083989	9110.966154
0.083995	9111.50201
0.084001	9112.033731
0.084006	9112.57538
0.084012	9113.110903
0.084018	9113.654281
0.084023	9114.196597
0.08403	9114.74963
0.084036	9115.309164
0.084041	9115.847497
0.084047	9116.369017
0.084053	9116.905429
0.084059	9117.447786
0.084064	9117.990426
0.08407	9118.528557
0.084076	9119.068508
0.084082	9119.608074
0.084088	9120.15399
0.084093	9120.698015
0.084099	9121.24577
0.084105	9121.799997
0.084111	9122.352787
0.084117	9122.914313
0.084123	9123.468974
0.084129	9124.020692
0.084135	9124.572654
0.084141	9125.125859
0.084147	9125.69068
0.084153	9126.26632
0.084159	9126.842192
0.084165	9127.408651
0.084171	9127.975333
0.084177	9128.540872
0.084183	9129.094754
0.084188	9129.64706
0.084194	9130.196534
0.0842	9130.736687
0.084206	9131.273766
0.084211	9131.812079
0.084217	9132.346985
0.084222	9132.888068
0.084228	9133.428574
0.084234	9133.975572
0.08424	9134.513814
0.084245	9135.04328
0.084251	9135.568096
0.084257	9136.101253
0.084262	9136.637604
0.084268	9137.176564
0.084274	9137.715443
0.08428	9138.276008
0.084286	9138.844389
0.084291	9139.415711
0.084298	9139.988226
0.084303	9140.561884
0.084309	9141.129193
0.084315	9141.706177
0.084321	9142.282059
0.084327	9142.845839
0.084333	9143.40239
0.084339	9143.948943
0.084344	9144.502815
0.08435	9145.055868
0.084356	9145.608649
0.084362	9146.15236
0.084368	9146.683687
0.084374	9147.231342
0.08438	9147.800531
0.084386	9148.369598
0.084393	9148.931882
0.084398	9149.475452
0.084404	9150.023714
0.08441	9150.570347
0.084416	9151.114857
0.084422	9151.665686
0.084427	9152.209014
0.084433	9152.727086
0.084439	9153.257584
0.084445	9153.794775
0.08445	9154.337415
0.084456	9154.883492
0.084462	9155.433785
0.084468	9155.988517
0.084474	9156.544654
0.08448	9157.127906
0.084486	9157.708924
0.084492	9158.265829
0.084498	9158.797328
0.084504	9159.336551
0.08451	9159.871446
0.084516	9160.411538
0.084521	9160.960992
0.084528	9161.523964
0.084533	9162.082072
0.08454	9162.623115
0.084545	9163.170668
0.084551	9163.715421
0.084557	9164.250741
0.084563	9164.800347
0.084569	9165.351874
0.084576	9165.918232
0.084582	9166.486056
0.084587	9167.053274
0.084594	9167.610938
0.084599	9168.181835
0.084605	9168.745777
0.084611	9169.309042
0.084617	9169.866827
0.084623	9170.422044
0.084629	9170.988928
0.084635	9171.55474
0.084641	9172.115689
0.084647	9172.672595
0.084653	9173.229682
0.084659	9173.784899
0.084665	9174.335566
0.084671	9174.887861
0.084677	9175.438943
0.084683	9175.998649
0.084688	9176.560023
0.084694	9177.110235
0.0847	9177.654806
0.084706	9178.202865
0.084712	9178.758406
0.084718	9179.327302
0.084724	9179.906004
0.084731	9180.482321
0.084737	9181.047547
0.084743	9181.609639
0.084749	9182.165078
0.084755	9182.715958
0.084761	9183.278545
0.084767	9183.832266
0.084773	9184.395267
0.084779	9184.971058
0.084785	9185.547901
0.084791	9186.121811
0.084797	9186.691718
0.084803	9187.253072
0.084809	9187.810564
0.084815	9188.370279
0.084822	9188.933281
0.084828	9189.485
0.084833	9190.034879
0.08484	9190.577862
0.084845	9191.122646
0.084851	9191.665913
0.084857	9192.213223
0.084863	9192.766074
0.084869	9193.31012
0.084875	9193.865337
0.084881	9194.430785
0.084887	9194.98947
0.084893	9195.537812
0.084898	9196.077439
0.084905	9196.618421
0.08491	9197.159251
0.084916	9197.696371
0.084922	9198.234866
0.084927	9198.762836
0.084933	9199.30586
0.084939	9199.86324
0.084945	9200.417507
0.084951	9200.973806
0.084957	9201.522026
0.084963	9202.093884
0.08497	9202.666339
0.084976	9203.246376
0.084982	9203.818265
0.084988	9204.373694
0.084994	9204.921045
0.085	9205.46783
0.085006	9206.012037
0.085012	9206.56222
0.085018	9207.110592
0.085024	9207.666193
0.08503	9208.223301
0.085035	9208.781884
0.085041	9209.335615
0.085048	9209.895614
0.085054	9210.453773
0.08506	9210.99981
0.085066	9211.530227
0.085071	9212.064394
0.085077	9212.597399
0.085083	9213.130071
0.085089	9213.662317
0.085095	9214.199781
0.085101	9214.741966
0.085107	9215.287386
0.085112	9215.829652
0.085118	9216.374334
0.085124	9216.916388
0.08513	9217.468905
0.085136	9218.021898
0.085142	9218.564689
0.085147	9219.111828
0.085153	9219.651931
0.085159	9220.186574
0.085165	9220.725068
0.08517	9221.259246
0.085176	9221.788935
0.085182	9222.319989
0.085187	9222.856371
0.085193	9223.395361
0.085199	9223.954733
0.085205	9224.52282
0.085212	9225.09484
0.085218	9225.662907
0.085223	9226.20862
0.085229	9226.772481
0.085235	9227.332076
0.085241	9227.874867
0.085247	9228.424453
0.085253	9228.973371
0.085259	9229.512331
0.085265	9230.056457
0.085271	9230.591029
0.085276	9231.129706
0.085282	9231.66996
0.085288	9232.208324
0.085294	9232.755382
0.0853	9233.303107
0.085305	9233.841571
0.085311	9234.383362
0.085317	9234.925871
0.085323	9235.465801
0.085329	9236.009644
0.085334	9236.551677
0.085341	9237.095146
0.085346	9237.645389
0.085352	9238.203053
0.085358	9238.752871
0.085364	9239.298766
0.08537	9239.848099
0.085376	9240.403457
0.085381	9240.956127
0.085387	9241.508422
0.085393	9242.061495
0.085399	9242.612426
0.085405	9243.147402
0.085411	9243.682257
0.085416	9244.198439
0.085421	9244.718038
0.085427	9245.233927
0.085433	9245.75854
0.085438	9246.281759
0.085444	9246.807959
0.08545	9247.343664
0.085456	9247.884474
0.085461	9248.429702
0.085467	9248.958532
0.085473	9249.492719
0.085479	9250.026604
0.085485	9250.57898
0.085491	9251.135299
0.085497	9251.690587
0.085503	9252.236694
0.085509	9252.774714
0.085515	9253.313158
0.08552	9253.85042
0.085526	9254.379178
0.085532	9254.909868
0.085538	9255.454722
0.085543	9255.99439
0.085549	9256.535169
0.085555	9257.065809
0.08556	9257.594699
0.085566	9258.133032
0.085572	9258.669616
0.085578	9259.214217
0.085584	9259.760972
0.08559	9260.313661
0.085596	9260.859193
0.085602	9261.401378
0.085607	9261.938922
0.085613	9262.471492
0.085618	9262.997198
0.085625	9263.519678
0.08563	9264.046425
0.085636	9264.578399
0.085642	9265.11285
0.085648	9265.638879
0.085653	9266.180255
0.085659	9266.717274
0.085664	9267.250228
0.08567	9267.791776
0.085675	9268.334254
0.085681	9268.879664
0.085687	9269.438794
0.085693	9270.000967
0.085699	9270.559429
0.085705	9271.11415
0.085711	9271.671126
0.085717	9272.224311
0.085723	9272.771743
0.085729	9273.322006
0.085734	9273.863008
0.08574	9274.401908
0.085746	9274.939614
0.085751	9275.467746
0.085757	9275.964587
0.085763	9276.479606
0.085768	9276.999448
0.085774	9277.517763
0.085779	9278.046936
0.085785	9278.59085
0.085791	9279.133207
0.085796	9279.684895
0.085802	9280.244217
0.085809	9280.79543
0.085814	9281.346795
0.08582	9281.888454
0.085826	9282.432914
0.085832	9282.968497
0.085837	9283.499753
0.085843	9284.016137
0.085848	9284.541853
0.085854	9285.080631
0.08586	9285.626192
0.085865	9286.182046
0.085872	9286.731622
0.085878	9287.29152
0.085884	9287.84248
0.08589	9288.392794
0.085896	9288.94522
0.085902	9289.500963
0.085908	9290.048092
0.085914	9290.599153
0.08592	9291.147253
0.085926	9291.694563
0.085932	9292.236071
0.085938	9292.768672
0.085943	9293.294387
0.085948	9293.815331
0.085954	9294.341673
0.085959	9294.865114
0.085965	9295.393671
0.085971	9295.928273
0.085976	9296.464483
0.085982	9296.989875
0.085988	9297.513923
0.085994	9298.041862
0.085999	9298.574726
0.086005	9299.147595
0.086011	9299.712396
0.086018	9300.272982
0.086024	9300.83016
0.08603	9301.384417
0.086035	9301.940159
0.086041	9302.481606
0.086047	9303.021567
0.086053	9303.551357
0.086059	9304.084079
0.086064	9304.627325
0.08607	9305.163919
0.086076	9305.708197
0.086082	9306.243619
0.086087	9306.774672
0.086093	9307.31071
0.086099	9307.861893
0.086105	9308.418414
0.086111	9308.96891
0.086117	9309.490309
0.086122	9310.025376
0.086128	9310.565266
0.086133	9311.097624
0.086139	9311.619397
0.086145	9312.151906
0.086151	9312.693383
0.086156	9313.228158
0.086162	9313.770929
0.086168	9314.309576
0.086174	9314.852569
0.08618	9315.383552
0.086186	9315.916871
0.086191	9316.44846
0.086197	9316.990746
0.086203	9317.533053
0.086209	9318.081395
0.086215	9318.612893
0.086221	9319.163591
0.086226	9319.724581
0.086233	9320.289736
0.086239	9320.847834
0.086245	9321.40937
0.086251	9321.96301
0.086256	9322.509866
0.086262	9323.059128
0.086268	9323.612242
0.086274	9324.157389
0.08628	9324.714315
0.086286	9325.270866
0.086292	9325.824738
0.086298	9326.368895
0.086304	9326.910301
0.08631	9327.449777
0.086315	9327.97162
0.086321	9328.511409
0.086327	9329.049894
0.086333	9329.601623
0.086339	9330.153301
0.086345	9330.696861
0.086351	9331.241988
0.086356	9331.788439
0.086362	9332.321111
0.086368	9332.856805
0.086374	9333.403742
0.086379	9333.957735
0.086385	9334.525115
0.086391	9335.095608
0.086397	9335.67331
0.086403	9336.236483
0.086409	9336.801254
0.086415	9337.354439
0.086421	9337.927713
0.086427	9338.485295
0.086433	9339.040735
0.086439	9339.589431
0.086445	9340.126237
0.086451	9340.666097
0.086456	9341.206644
0.086462	9341.750244
0.086468	9342.29154
0.086474	9342.844189
0.08648	9343.401134
0.086486	9343.950629
0.086492	9344.500245
0.086498	9345.056038
0.086504	9345.607484
0.08651	9346.169313
0.086515	9346.732224
0.086522	9347.288128
0.086528	9347.851787
0.086534	9348.405164
0.08654	9348.956286
0.086546	9349.510997
0.086552	9350.056943
0.086558	9350.590798
0.086563	9351.124015
0.086569	9351.64421
0.086575	9352.171877
0.086581	9352.721978
0.086587	9353.288721
0.086593	9353.858254
0.086599	9354.417444
0.086605	9354.975987
0.086611	9355.527655
0.086617	9356.080153
0.086623	9356.627514
0.086629	9357.16705
0.086635	9357.707274
0.086641	9358.242766
0.086647	9358.779805
0.086652	9359.310373
0.086658	9359.844147
0.086663	9360.372188
0.086668	9360.910703
0.086674	9361.450067
0.08668	9361.98753
0.086686	9362.530342
0.086692	9363.070141
0.086698	9363.611962
0.086703	9364.150841
0.086709	9364.700538
0.086715	9365.242106
0.086721	9365.784878
0.086727	9366.326982
0.086733	9366.86306
0.086738	9367.406691
0.086744	9367.950756
0.08675	9368.488422
0.086756	9369.031932
0.086762	9369.57077
0.086768	9370.109083
0.086774	9370.652239
0.086779	9371.190652
0.086785	9371.72296
0.086791	9372.250839
0.086797	9372.782661
0.086803	9373.313634
0.086809	9373.861248
0.086815	9374.411188
0.08682	9374.968609
0.086826	9375.535583
0.086832	9376.094966
0.086838	9376.659009
0.086844	9377.215358
0.08685	9377.762699
0.086856	9378.313255
0.086862	9378.86094
0.086868	9379.403762
0.086874	9379.947979
0.08688	9380.486221
0.086885	9381.0251
0.086891	9381.563696
0.086896	9382.109127
0.086902	9382.648481
0.086908	9383.200119
0.086914	9383.751019
0.08692	9384.30572
0.086926	9384.858005
0.086932	9385.408591
0.086938	9385.956246
0.086943	9386.495812
0.086949	9387.041485
0.086955	9387.584611
0.086961	9388.123914
0.086967	9388.670507
0.086973	9389.218536
0.086979	9389.762035
0.086985	9390.305544
0.08699	9390.852673
0.086996	9391.400864
0.087002	9391.955332
0.087009	9392.504129
0.087015	9393.04589
0.087021	9393.586215
0.087027	9394.134152
0.087032	9394.687994
0.087038	9395.242372
0.087044	9395.768997
0.087049	9396.29448
0.087055	9396.830862
0.087061	9397.373128
0.087066	9397.910673
0.087071	9398.44938
0.087077	9398.991565
0.087083	9399.537935
0.087089	9400.089452
0.087095	9400.635276
0.087101	9401.183204
0.087107	9401.726936
0.087112	9402.260365
0.087118	9402.782927
0.087124	9403.312221
0.08713	9403.845287
0.087136	9404.385541
0.087141	9404.898204
0.087147	9405.405924
0.087153	9405.920357
0.087158	9406.450228
0.087165	9406.982616
0.08717	9407.514559
0.087176	9408.051993
0.087182	9408.584603
0.087187	9409.126505
0.087193	9409.669347
0.087199	9410.211664
0.087205	9410.756316
0.087211	9411.299107
0.087217	9411.83927
0.087223	9412.388219
0.08723	9412.935075
0.087235	9413.48005
0.087241	9414.021628
0.087247	9414.556807
0.087253	9415.091794
0.087259	9415.630167
0.087265	9416.159158
0.087271	9416.690131
0.087276	9417.226008
0.087282	9417.7588
0.087287	9418.296557
0.087293	9418.832979
0.087299	9419.368775
0.087305	9419.894086
0.08731	9420.428203
0.087316	9420.963099
0.087322	9421.502716
0.087328	9422.055435
0.087334	9422.59758
0.08734	9423.144699
0.087346	9423.690938
0.087352	9424.235428
0.087358	9424.781627
0.087364	9425.316846
0.08737	9425.849214
0.087375	9426.380288
0.087381	9426.917367
0.087387	9427.451009
0.087393	9427.977473
0.087398	9428.490288
0.087404	9428.998533
0.08741	9429.519305
0.087416	9430.050318
0.087421	9430.596103
0.087427	9431.135588
0.087433	9431.663659
0.087438	9432.201527
0.087444	9432.73987
0.08745	9433.284512
0.087456	9433.829589
0.087462	9434.377324
0.087467	9434.920692
0.087473	9435.470844
0.087479	9436.015081
0.087485	9436.560825
0.087491	9437.103637
0.087497	9437.649027
0.087503	9438.197288
0.087509	9438.739018
0.087515	9439.266978
0.087521	9439.803703
0.087527	9440.350448
0.087533	9440.896788
0.087539	9441.439519
0.087545	9441.973414
0.087551	9442.510807
0.087557	9443.049069
0.087563	9443.590314
0.087569	9444.15834
0.087575	9444.721696
0.08758	9445.272808
0.087586	9445.811899
0.087592	9446.34453
0.087598	9446.875705
0.087604	9447.409064
0.08761	9447.946891
0.087616	9448.48024
0.087622	9449.010404
0.087628	9449.54894
0.087633	9450.084068
0.087639	9450.615506
0.087645	9451.152494
0.087651	9451.693981
0.087657	9452.225622
0.087663	9452.761953
0.087668	9453.290772
0.087674	9453.820138
0.08768	9454.355427
0.087686	9454.888311
0.087692	9455.437361
0.087698	9455.984823
0.087704	9456.525997
0.08771	9457.070841
0.087716	9457.60507
0.087722	9458.155666
0.087728	9458.694879
0.087733	9459.239743
0.087739	9459.79496
0.087745	9460.353746
0.087751	9460.901602
0.087757	9461.451653
0.087763	9462.01242
0.087769	9462.579173
0.087775	9463.146097
0.087781	9463.704802
0.087787	9464.255824
0.087793	9464.825589
0.0878	9465.38115
0.087806	9465.927904
0.087812	9466.475862
0.087818	9467.025033
0.087823	9467.568522
0.087829	9468.117451
0.087835	9468.665095
0.087841	9469.212093
0.087848	9469.754985
0.087854	9470.307847
0.08786	9470.842975
0.087865	9471.380246
0.087871	9471.914444
0.087877	9472.452171
0.087883	9472.99385
0.087889	9473.541919
0.087895	9474.105891
0.087902	9474.673968
0.087908	9475.233037
0.087914	9475.78237
0.08792	9476.326668
0.087926	9476.87131
0.087932	9477.415992
0.087938	9477.954679
0.087944	9478.486521
0.08795	9479.021245
0.087956	9479.5607
0.087961	9480.105969
0.087967	9480.655999
0.087974	9481.211863
0.08798	9481.763926
0.087986	9482.304372
0.087991	9482.8395
0.087996	9483.364457
0.088003	9483.88808
0.088008	9484.432995
0.088014	9484.984582
0.08802	9485.533885
0.088026	9486.075544
0.088032	9486.616546
0.088037	9487.15859
0.088043	9487.696144
0.088049	9488.227976
0.088054	9488.767715
0.08806	9489.305886
0.088066	9489.852145
0.088072	9490.39519
0.088078	9490.942278
0.088084	9491.490721
0.08809	9492.043198
0.088096	9492.596545
0.088102	9493.162307
0.088108	9493.732234
0.088114	9494.308257
0.08812	9494.865911
0.088126	9495.415688
0.088132	9495.973898
0.088138	9496.515315
0.088144	9497.044548
0.08815	9497.573702
0.088155	9498.117666
0.088162	9498.671336
0.088168	9499.215331
0.088174	9499.759507
0.08818	9500.29871
0.088185	9500.834657
0.088191	9501.373789
0.088197	9501.917996
0.088202	9502.462617
0.088209	9503.011798
0.088215	9503.552153
0.08822	9504.093257
0.088226	9504.634188
0.088232	9505.165848
0.088238	9505.70312
0.088244	9506.235447
0.08825	9506.772547
0.088256	9507.328856
0.088262	9507.887915
0.088268	9508.442323
0.088274	9508.993536
0.08828	9509.540584
0.088286	9510.097166
0.088292	9510.650664
0.088298	9511.199522
0.088304	9511.749239
0.08831	9512.306083
0.088316	9512.856134
0.088322	9513.42139
0.088328	9513.977022
0.088334	9514.534958
0.08834	9515.087799
0.088346	9515.634827
0.088352	9516.17137
0.088358	9516.704699
0.088364	9517.240838
0.08837	9517.779838
0.088375	9518.315715
0.088381	9518.861792
0.088387	9519.409912
0.088393	9519.966018
0.088399	9520.521832
0.088405	9521.074147
0.088411	9521.634783
0.088417	9522.193629
0.088423	9522.758016
0.088429	9523.320987
0.088435	9523.873717
0.088441	9524.426366
0.088447	9524.980845
0.088453	9525.535961
0.08846	9526.091552
0.088466	9526.646132
0.088472	9527.196172
0.088477	9527.755049
0.088484	9528.306323
0.08849	9528.854605
0.088495	9529.398215
0.088502	9529.952957
0.088508	9530.508487
0.088514	9531.072894
0.08852	9531.639505
0.088526	9532.204569
0.088532	9532.760686
0.088538	9533.305439
0.088544	9533.853316
0.08855	9534.390234
0.088556	9534.927273
0.088562	9535.472895
0.088568	9536.03252
0.088574	9536.573451
0.08858	9537.105536
0.088586	9537.634528
0.088591	9538.165874
0.088597	9538.709556
0.088603	9539.252084
0.088609	9539.802752
0.088615	9540.35168
0.088621	9540.904521
0.088627	9541.46082
0.088633	9542.01724
0.088639	9542.578068
0.088645	9543.137986
0.088651	9543.69472
0.088657	9544.254274
0.088663	9544.811826
0.088669	9545.364141
0.088675	9545.921552
0.088681	9546.471846
0.088687	9547.02039
0.088692	9547.565517
0.088698	9548.114506
0.088705	9548.662595
0.08871	9549.200372
0.088716	9549.745641
0.088722	9550.298249
0.088728	9550.853739
0.088734	9551.419926
0.08874	9551.977721
0.088747	9552.536132
0.088752	9553.091663
0.088759	9553.634939
0.088765	9554.167115
0.08877	9554.702254
0.088776	9555.236856
0.088782	9555.76889
0.088787	9556.300733
0.088793	9556.838035
0.088799	9557.379289
0.088806	9557.917501
0.088812	9558.457785
0.088817	9559.001861
0.088823	9559.53797
0.088829	9560.080307
0.088834	9560.611269
0.08884	9561.152686
0.088846	9561.708772
0.088852	9562.26226
0.088858	9562.809238
0.088863	9563.356892
0.088869	9563.90945
0.088876	9564.460259
0.088882	9565.013009
0.088887	9565.556731
0.088893	9566.098946
0.088899	9566.639938
0.088905	9567.17637
0.088911	9567.7181
0.088917	9568.258961
0.088922	9568.80706
0.088928	9569.346708
0.088935	9569.890035
0.088941	9570.431098
0.088946	9570.976963
0.088953	9571.517763
0.088959	9572.063466
0.088964	9572.609594
0.08897	9573.152244
0.088976	9573.701516
0.088982	9574.244915
0.088988	9574.789587
0.088994	9575.330397
0.089	9575.865019
0.089005	9576.401866
0.089011	9576.940745
0.089017	9577.476985
0.089023	9578.012801
0.089029	9578.555026
0.089035	9579.090225
0.08904	9579.62509
0.089046	9580.158672
0.089052	9580.70203
0.089058	9581.25577
0.089063	9581.817215
0.08907	9582.371674
0.089076	9582.925728
0.089082	9583.487678
0.089088	9584.049052
0.089095	9584.614399
0.089101	9585.180596
0.089107	9585.747379
0.089113	9586.311897
0.089119	9586.875879
0.089125	9587.438932
0.089131	9588.003652
0.089137	9588.579837
0.089144	9589.155952
0.08915	9589.727487
0.089156	9590.30813
0.089162	9590.868938
0.089168	9591.429685
0.089175	9591.986207
0.089181	9592.534569
0.089187	9593.075065
0.089192	9593.607322
0.089198	9594.136142
0.089204	9594.662545
0.089209	9595.181871
0.089215	9595.70881
0.089221	9596.241562
0.089227	9596.782321
0.089233	9597.328277
0.089239	9597.871039
0.089245	9598.431695
0.089251	9598.996122
0.089257	9599.554493
0.089263	9600.114492
0.089269	9600.66889
0.089275	9601.234066
0.089281	9601.795561
0.089287	9602.358452
0.089293	9602.925052
0.0893	9603.47484
0.089306	9604.033009
0.089312	9604.593302
0.089318	9605.147275
0.089324	9605.70691
0.089331	9606.26795
0.089337	9606.841214
0.089343	9607.411212
0.089349	9607.97295
0.089356	9608.546496
0.089362	9609.10966
0.089368	9609.674562
0.089374	9610.237564
0.08938	9610.790951
0.089387	9611.35464
0.089393	9611.91569
0.089399	9612.470715
0.089405	9613.024749
0.089411	9613.585648
0.089418	9614.150318
0.089424	9614.707769
0.08943	9615.263532
0.089436	9615.833176
0.089442	9616.404812
0.089448	9616.969492
0.089454	9617.529824
0.08946	9618.088489
0.089466	9618.641775
0.089473	9619.192664
0.089479	9619.743837
0.089485	9620.294404
0.089491	9620.851248
0.089497	9621.393544
0.089503	9621.916551
0.089509	9622.443864
0.089515	9622.99354
0.089521	9623.562972
0.089527	9624.130735
0.089533	9624.692372
0.089539	9625.251906
0.089545	9625.805819
0.089551	9626.368952
0.089557	9626.942428
0.089563	9627.514407
0.08957	9628.092109
0.089576	9628.668547
0.089582	9629.24179
0.089589	9629.815236
0.089595	9630.384708
0.089601	9630.958457
0.089607	9631.523956
0.089613	9632.104438
0.089619	9632.697456
0.089626	9633.286097
0.089632	9633.866509
0.089639	9634.447152
0.089645	9635.031042
0.089652	9635.611857
0.089658	9636.192805
0.089664	9636.766948
0.08967	9637.321871
0.089676	9637.874449
0.089682	9638.427756
0.089688	9638.98553
0.089694	9639.548512
0.0897	9640.108753
0.089706	9640.667226
0.089713	9641.238124
0.089719	9641.798739
0.089725	9642.358758
0.089731	9642.923054
0.089737	9643.495448
0.089743	9644.061139
0.08975	9644.630793
0.089756	9645.20431
0.089762	9645.768019
0.089768	9646.33277
0.089774	9646.890767
0.08978	9647.446924
0.089786	9648.009481
0.089793	9648.581319
0.089799	9649.14606
0.089805	9649.709547
0.089811	9650.268777
0.089817	9650.819283
0.089823	9651.382153
0.089829	9651.944922
0.089835	9652.492364
0.089841	9653.046965
0.089847	9653.604618
0.089853	9654.161584
0.08986	9654.721007
0.089866	9655.295756
0.089872	9655.848062
0.089878	9656.400326
0.089884	9656.955695
0.08989	9657.521305
0.089896	9658.089898
0.089902	9658.657014
0.089908	9659.225253
0.089914	9659.785323
0.08992	9660.345504
0.089926	9660.895514
0.089932	9661.446525
0.089937	9661.98321
0.089943	9662.504568
0.089948	9663.034338
0.089954	9663.572519
0.08996	9664.113511
0.089966	9664.666646
0.089972	9665.221165
0.089978	9665.789586
0.089984	9666.353032
0.08999	9666.914517
0.089996	9667.475194
0.090002	9668.032493
0.090008	9668.585799
0.090014	9669.133606
0.09002	9669.682989
0.090026	9670.230805
0.090032	9670.776408
0.090038	9671.318936
0.090044	9671.865175
0.09005	9672.412921
0.090056	9672.943934
0.090061	9673.473249
0.090067	9673.996569
0.090073	9674.516896
0.090078	9675.046938
0.090084	9675.585383
0.090091	9676.140205
0.090096	9676.693168
0.090103	9677.243147
0.090108	9677.802621
0.090114	9678.367746
0.090121	9678.938957
0.090127	9679.517346
0.090134	9680.091509
0.090139	9680.654602
0.090145	9681.213944
0.090152	9681.771587
0.090158	9682.327967
0.090164	9682.880676
0.09017	9683.421183
0.090176	9683.956079
0.090181	9684.501206
0.090187	9685.048698
0.090193	9685.598547
0.090199	9686.142511
0.090205	9686.665527
0.090211	9687.183317
0.090217	9687.705706
0.090222	9688.226468
0.090228	9688.743903
0.090234	9689.249439
0.090239	9689.765439
0.090245	9690.290052
0.090251	9690.818063
0.090257	9691.353019
0.090263	9691.884295
0.090269	9692.415986
0.090274	9692.948779
0.09028	9693.48789
0.090286	9694.029509
0.090291	9694.565881
0.090297	9695.088189
0.090302	9695.610033
0.090308	9696.136426
0.090314	9696.671342
0.09032	9697.209159
0.090326	9697.74728
0.090331	9698.280497
0.090337	9698.81058
0.090343	9699.347791
0.090349	9699.884759
0.090354	9700.41833
0.09036	9700.957149
0.090366	9701.495047
0.090372	9702.036706
0.090378	9702.569246
0.090384	9703.112119
0.090389	9703.635863
0.090395	9704.162862
0.0904	9704.698102
0.090406	9705.240297
0.090412	9705.781875
0.090417	9706.313667
0.090423	9706.845135
0.090428	9707.369021
0.090434	9707.891977
0.09044	9708.425002
0.090446	9708.964599
0.090451	9709.501233
0.090457	9710.033298
0.090463	9710.582883
0.090469	9711.128011
0.090475	9711.677394
0.090481	9712.221075
0.090487	9712.754212
0.090493	9713.29759
0.090498	9713.848035
0.090504	9714.392353
0.09051	9714.936641
0.090516	9715.469282
0.090522	9716.005947
0.090528	9716.544997
0.090533	9717.068317
0.090539	9717.595003
0.090544	9718.11534
0.09055	9718.640014
0.090555	9719.163496
0.090561	9719.687452
0.090567	9720.222479
0.090573	9720.75965
0.090579	9721.299459
0.090585	9721.84594
0.090591	9722.387216
0.090596	9722.932252
0.090602	9723.478036
0.090608	9724.018906
0.090614	9724.558028
0.09062	9725.091448
0.090626	9725.616122
0.090631	9726.141898
0.090637	9726.678502
0.090643	9727.201569
0.090648	9727.735949
0.090654	9728.271047
0.09066	9728.801534
0.090666	9729.331638
0.090671	9729.855251
0.090677	9730.364416
0.090683	9730.868476
0.090688	9731.388044
0.090694	9731.907229
0.090699	9732.443216
0.090705	9732.979608
0.090711	9733.51968
0.090716	9734.071409
0.090722	9734.616546
0.090728	9735.172653
0.090734	9735.72877
0.09074	9736.292934
0.090746	9736.846068
0.090752	9737.396361
0.090758	9737.936727
0.090764	9738.479458
0.09077	9739.012159
0.090776	9739.552585
0.090782	9740.095205
0.090787	9740.645619
0.090794	9741.193972
0.090799	9741.74747
0.090805	9742.296095
0.090811	9742.854234
0.090817	9743.417852
0.090824	9743.996514
0.09083	9744.565693
0.090836	9745.118706
0.090842	9745.673519
0.090848	9746.229292
0.090854	9746.786713
0.090859	9747.327361
0.090865	9747.855351
0.090871	9748.374556
0.090876	9748.905408
0.090882	9749.443093
0.090888	9750.010281
0.090894	9750.577468
0.0909	9751.148993
0.090906	9751.722944
0.090913	9752.303466
0.090919	9752.876457
0.090925	9753.43872
0.090931	9753.995049
0.090937	9754.554108
0.090943	9755.100388
0.090949	9755.649569
0.090955	9756.198891
0.090961	9756.754301
0.090967	9757.30055
0.090972	9757.855291
0.090979	9758.415816
0.090985	9758.980395
0.09099	9759.538908
0.090996	9760.097471
0.091002	9760.652516
0.091008	9761.205266
0.091014	9761.757551
0.09102	9762.325072
0.091026	9762.880997
0.091032	9763.426771
0.091038	9763.983656
0.091044	9764.539045
0.09105	9765.105686
0.091056	9765.675866
0.091062	9766.245631
0.091069	9766.822191
0.091075	9767.412429
0.091081	9767.995449
0.091087	9768.580309
0.091093	9769.153471
0.091099	9769.710498
0.091105	9770.252056
0.09111	9770.790045
0.091116	9771.325466
0.091122	9771.870654
0.091128	9772.413183
0.091134	9772.969401
0.09114	9773.53038
0.091146	9774.089763
0.091153	9774.646496
0.091159	9775.206171
0.091165	9775.762137
0.09117	9776.319487
0.091176	9776.876443
0.091182	9777.429435
0.091188	9777.987149
0.091194	9778.543519
0.0912	9779.106187
0.091206	9779.668622
0.091212	9780.229986
0.091218	9780.787084
0.091224	9781.346982
0.09123	9781.902229
0.091236	9782.46607
0.091241	9783.028384
0.091247	9783.585512
0.091253	9784.127242
0.091259	9784.682509
0.091265	9785.246785
0.091271	9785.808351
0.091277	9786.365883
0.091283	9786.930391
0.091289	9787.4867
0.091295	9788.048195
0.091301	9788.611864
0.091307	9789.179931
0.091313	9789.744742
0.091319	9790.313204
0.091325	9790.88034
0.091331	9791.449732
0.091337	9792.016535
0.091344	9792.584238
0.09135	9793.147755
0.091356	9793.707764
0.091361	9794.263901
0.091368	9794.819917
0.091373	9795.393089
0.091379	9795.959599
0.091385	9796.518102
0.091391	9797.059751
0.091397	9797.601511
0.091403	9798.154726
0.091408	9798.710661
0.091414	9799.271742
0.09142	9799.829264
0.091426	9800.389809
0.091433	9800.95181
0.091439	9801.511323
0.091445	9802.054479
0.09145	9802.605935
0.091456	9803.15363
0.091462	9803.702669
0.091468	9804.244339
0.091475	9804.789001
0.09148	9805.342843
0.091486	9805.894157
0.091493	9806.437121
0.091498	9806.967932
0.091504	9807.507104
0.09151	9808.058772
0.091516	9808.621875
0.091522	9809.192126
0.091528	9809.752933
0.091534	9810.312255
0.09154	9810.869302
0.091546	9811.426066
0.091552	9811.979847
0.091558	9812.541332
0.091564	9813.090594
0.09157	9813.655456
0.091576	9814.217558
0.091583	9814.77326
0.091589	9815.347191
0.091595	9815.905835
0.091601	9816.455795
0.091607	9817.001407
0.091613	9817.5544
0.091619	9818.107382
0.091625	9818.659789
0.091631	9819.207201
0.091637	9819.752216
0.091643	9820.297131
0.091648	9820.841884
0.091654	9821.372827
0.09166	9821.903425
0.091666	9822.445246
0.091672	9823.000019
0.091678	9823.548714
0.091684	9824.11115
0.09169	9824.67856
0.091696	9825.234848
0.091702	9825.785859
0.091708	9826.336719
0.091714	9826.88954
0.09172	9827.438134
0.091726	9827.982867
0.091732	9828.523819
0.091738	9829.068096
0.091744	9829.61472
0.09175	9830.164366
0.091756	9830.714498
0.091762	9831.26744
0.091768	9831.819128
0.091774	9832.367228
0.09178	9832.92204
0.091786	9833.475195
0.091792	9834.035861
0.091798	9834.578925
0.091804	9835.132211
0.09181	9835.691189
0.091815	9836.235972
0.091821	9836.788207
0.091827	9837.341857
0.091832	9837.892362
0.091838	9838.442373
0.091844	9838.98666
0.09185	9839.52648
0.091856	9840.07469
0.091862	9840.637116
0.091869	9841.207842
0.091875	9841.790629
0.091881	9842.36826
0.091887	9842.946487
0.091894	9843.513715
0.0919	9844.08069
0.091906	9844.641184
0.091912	9845.20181
0.091918	9845.758291
0.091924	9846.289436
0.09193	9846.790917
0.091935	9847.298222
0.091941	9847.815466
0.091946	9848.347834
0.091952	9848.877523
0.091958	9849.405068
0.091964	9849.947648
0.091969	9850.497456
0.091976	9851.054614
0.091982	9851.611458
0.091988	9852.169597
0.091994	9852.727695
0.091999	9853.286329
0.092006	9853.850362
0.092012	9854.419127
0.092018	9854.973525
0.092024	9855.514183
0.09203	9856.049372
0.092036	9856.583722
0.092041	9857.129071
0.092047	9857.668061
0.092053	9858.210165
0.092059	9858.765554
0.092065	9859.323117
0.092071	9859.871125
0.092077	9860.416576
0.092083	9860.955889
0.092089	9861.493353
0.092095	9862.035821
0.092101	9862.586286
0.092107	9863.150208
0.092114	9863.707416
0.09212	9864.266
0.092126	9864.818861
0.092131	9865.381236
0.092137	9865.92611
0.092143	9866.479922
0.092149	9867.02425
0.092155	9867.557963
0.092161	9868.082506
0.092167	9868.618938
0.092173	9869.160577
0.092179	9869.706766
0.092184	9870.250892
0.092191	9870.797798
0.092196	9871.344543
0.092202	9871.899436
0.092208	9872.44795
0.092214	9873.001054
0.09222	9873.559163
0.092225	9874.12633
0.092232	9874.689726
0.092238	9875.262605
0.092245	9875.836718
0.09225	9876.39334
0.092256	9876.961144
0.092262	9877.521618
0.092268	9878.082214
0.092274	9878.646974
0.09228	9879.198663
0.092286	9879.745913
0.092292	9880.301919
0.092298	9880.851808
0.092304	9881.403921
0.09231	9881.942415
0.092316	9882.467777
0.092322	9882.992239
0.092327	9883.514244
0.092333	9884.053406
0.092339	9884.588959
0.092345	9885.139879
0.092351	9885.679951
0.092357	9886.231781
0.092363	9886.783995
0.092369	9887.345865
0.092374	9887.907421
0.09238	9888.464589
0.092386	9889.028592
0.092392	9889.598539
0.092399	9890.174006
0.092405	9890.740435
0.092411	9891.295076
0.092416	9891.840688
0.092422	9892.387595
0.092428	9892.915808
0.092433	9893.442433
0.092439	9893.95908
0.092445	9894.480832
0.09245	9895.004132
0.092456	9895.530019
0.092462	9896.063237
0.092467	9896.609011
0.092473	9897.153491
0.092479	9897.700751
0.092485	9898.256008
0.09249	9898.808091
0.092496	9899.366442
0.092502	9899.928766
0.092508	9900.466665
0.092514	9901.000226
0.09252	9901.567979
0.092526	9902.133812
0.092532	9902.689767
0.092538	9903.238837
0.092543	9903.799897
0.092549	9904.352334
0.092555	9904.907652
0.092561	9905.467914
0.092567	9906.01295
0.092573	9906.556247
0.092579	9907.102516
0.092585	9907.651293
0.092591	9908.209462
0.092597	9908.756146
0.092603	9909.31571
0.092609	9909.879895
0.092615	9910.442846
0.09262	9911.000085
0.092626	9911.544727
0.092632	9912.101794
0.092638	9912.654867
0.092643	9913.20877
0.092649	9913.761662
0.092655	9914.315301
0.092661	9914.876969
0.092667	9915.432833
0.092672	9915.974077
0.092678	9916.504191
0.092684	9917.045213
0.092689	9917.596022
0.092695	9918.145668
0.092701	9918.693394
0.092707	9919.253099
0.092713	9919.819518
0.092719	9920.380276
0.092725	9920.944511
0.092731	9921.51464
0.092737	9922.0784
0.092743	9922.637489
0.092748	9923.194465
0.092754	9923.730999
0.09276	9924.270413
0.092766	9924.811335
0.092772	9925.356027
0.092777	9925.897029
0.092783	9926.439699
0.092789	9926.997848
0.092795	9927.561325
0.092801	9928.136459
0.092807	9928.702342
0.092813	9929.267982
0.092819	9929.818033
0.092825	9930.364737
0.092831	9930.916992
0.092837	9931.467265
0.092843	9932.018337
0.092849	9932.568478
0.092855	9933.120521
0.092861	9933.678033
0.092866	9934.237829
0.092873	9934.798647
0.092879	9935.355492
0.092885	9935.912731
0.092891	9936.478998
0.092897	9937.046034
0.092903	9937.607185
0.092909	9938.178154
0.092915	9938.751215
0.092921	9939.317563
0.092927	9939.903363
0.092934	9940.473028
0.092939	9941.045027
0.092946	9941.614338
0.092951	9942.172395
0.092957	9942.728775
0.092963	9943.272183
0.092969	9943.80626
0.092975	9944.352246
0.092981	9944.896686
0.092987	9945.438143
0.092993	9945.980186
0.092999	9946.536131
0.093005	9947.092592
0.093011	9947.647222
0.093017	9948.19422
0.093023	9948.738103
0.093029	9949.295383
0.093035	9949.849639
0.093041	9950.401044
0.093047	9950.968717
0.093053	9951.548977
0.09306	9952.126911
0.093066	9952.706898
0.093072	9953.292132
0.093078	9953.879347
0.093084	9954.468584
0.09309	9955.054475
0.093096	9955.643278
0.093102	9956.208595
0.093108	9956.771061
0.093114	9957.332152
0.09312	9957.89396
0.093126	9958.44939
0.093132	9959.003889
0.093137	9959.558519
0.093143	9960.107013
0.093149	9960.649855
0.093155	9961.186449
0.09316	9961.730737
0.093166	9962.274014
0.093172	9962.821183
0.093178	9963.377856
0.093184	9963.932032
0.09319	9964.489746
0.093196	9965.054092
0.093202	9965.621148
0.093208	9966.190003
0.093214	9966.756807
0.09322	9967.327462
0.093227	9967.899481
0.093233	9968.47692
0.093238	9969.048101
0.093244	9969.62551
0.09325	9970.195589
0.093256	9970.758489
0.093262	9971.32232
0.093268	9971.876233
0.093274	9972.431803
0.09328	9972.981773
0.093285	9973.531086
0.093291	9974.085282
0.093297	9974.637991
0.093303	9975.194239
0.093309	9975.751155
0.093315	9976.310345
0.093321	9976.87824
0.093327	9977.441757
0.093333	9978.006255
0.093339	9978.582137
0.093345	9979.169616
0.093351	9979.765344
0.093358	9980.352337
0.093364	9980.933597
0.09337	9981.515394
0.093376	9982.097918
0.093382	9982.68389
0.093388	9983.254322
0.093394	9983.807002
0.0934	9984.352432
0.093406	9984.897397
0.093412	9985.453797
0.093418	9986.001037
0.093424	9986.555405
0.09343	9987.109237
0.093435	9987.668447
0.093441	9988.223573
0.093447	9988.777132
0.093453	9989.33886
0.093459	9989.898373
0.093465	9990.452943
0.093471	9991.011143
0.093477	9991.568321
0.093483	9992.128219
0.093489	9992.699652
0.093495	9993.264262
0.0935	9993.829093
0.093506	9994.389537
0.093512	9994.916739
0.093518	9995.44668
0.093524	9995.984366
0.09353	9996.524711
0.093535	9997.071921
0.093541	9997.621294
0.093546	9998.164238
0.093552	9998.7071
0.093558	9999.260639
0.093564	9999.833053
0.09357	10000.40627
0.093576	10000.97461
0.093582	10001.5513
0.093588	10002.11714
0.093595	10002.68231
0.093601	10003.25554
0.093607	10003.83125
0.093613	10004.41081
0.093619	10004.9832
0.093625	10005.55613
0.093631	10006.12603
0.093637	10006.68296
0.093643	10007.2372
0.093649	10007.78567
0.093655	10008.3322
0.093661	10008.88519
0.093667	10009.43081
0.093673	10009.98894
0.093678	10010.54974
0.093684	10011.10276
0.09369	10011.65222
0.093696	10012.20333
0.093703	10012.76819
0.093709	10013.35139
0.093715	10013.91808
0.093721	10014.48562
0.093727	10015.04014
0.093732	10015.60261
0.093738	10016.13368
0.093744	10016.66506
0.093749	10017.20627
0.093755	10017.74782
0.093761	10018.28725
0.093767	10018.82569
0.093772	10019.35786
0.093778	10019.898
0.093784	10020.43993
0.09379	10020.98764
0.093796	10021.53231
0.093802	10022.07439
0.093808	10022.61026
0.093814	10023.14986
0.093819	10023.687
0.093825	10024.22475
0.093831	10024.76148
0.093836	10025.27781
0.093842	10025.80229
0.093848	10026.34532
0.093854	10026.91155
0.09386	10027.48587
0.093866	10028.04726
0.093872	10028.60845
0.093878	10029.16867
0.093884	10029.73589
0.09389	10030.30902
0.093896	10030.87043
0.093902	10031.4266
0.093907	10031.96845
0.093912	10032.51067
0.093918	10033.0564
0.093925	10033.60451
0.093931	10034.15112
0.093937	10034.69496
0.093942	10035.23982
0.093948	10035.77112
0.093953	10036.31029
0.093959	10036.85804
0.093965	10037.42196
0.093971	10038.00396
0.093977	10038.58583
0.093983	10039.16228
0.09399	10039.73368
0.093995	10040.28611
0.094001	10040.83305
0.094007	10041.37599
0.094013	10041.92785
0.094019	10042.48943
0.094025	10043.04507
0.094031	10043.59881
0.094037	10044.1516
0.094043	10044.69617
0.094048	10045.24084
0.094054	10045.77395
0.09406	10046.30688
0.094065	10046.84204
0.094071	10047.37871
0.094077	10047.91027
0.094083	10048.45415
0.094088	10048.99983
0.094095	10049.54565
0.0941	10050.09677
0.094106	10050.6482
0.094112	10051.20744
0.094118	10051.77535
0.094124	10052.32998
0.09413	10052.90157
0.094136	10053.471
0.094142	10054.04033
0.094148	10054.62062
0.094154	10055.18817
0.094161	10055.75926
0.094166	10056.31818
0.094172	10056.88648
0.094178	10057.44582
0.094185	10058.00014
0.09419	10058.55274
0.094196	10059.09429
0.094202	10059.63373
0.094208	10060.17406
0.094214	10060.70987
0.094219	10061.2502
0.094225	10061.78882
0.094231	10062.33142
0.094237	10062.87244
0.094242	10063.4094
0.094248	10063.95215
0.094254	10064.47707
0.094259	10065.00733
0.094265	10065.53439
0.094271	10066.06212
0.094276	10066.60356
0.094282	10067.14182
0.094288	10067.68232
0.094294	10068.22401
0.0943	10068.75863
0.094305	10069.29239
0.094311	10069.82637
0.094317	10070.36324
0.094322	10070.89686
0.094328	10071.45131
0.094334	10072.00227
0.09434	10072.54743
0.094346	10073.07857
0.094352	10073.61711
0.094357	10074.15734
0.094363	10074.69978
0.094369	10075.24974
0.094374	10075.79109
0.09438	10076.32939
0.094386	10076.86934
0.094391	10077.4121
0.094397	10077.95284
0.094403	10078.4938
0.094409	10079.03365
0.094415	10079.57654
0.094421	10080.12486
0.094426	10080.67258
0.094432	10081.21297
0.094438	10081.76657
0.094444	10082.30296
0.094449	10082.84443
0.094455	10083.39
0.094461	10083.93753
0.094467	10084.49339
0.094472	10085.04843
0.094479	10085.61292
0.094484	10086.17767
0.09449	10086.73524
0.094496	10087.27664
0.094502	10087.82454
0.094508	10088.37781
0.094513	10088.93107
0.094519	10089.48733
0.094525	10090.04496
0.094531	10090.60251
0.094537	10091.14953
0.094543	10091.69483
0.094548	10092.23616
0.094554	10092.77213
0.09456	10093.31556
0.094566	10093.85472
0.094572	10094.40749
0.094578	10094.94998
0.094584	10095.5002
0.09459	10096.05112
0.094596	10096.59862
0.094602	10097.13896
0.094608	10097.69184
0.094613	10098.24534
0.09462	10098.79521
0.094626	10099.34308
0.094631	10099.88461
0.094637	10100.42716
0.094643	10100.97596
0.094649	10101.5113
0.094655	10102.05263
0.09466	10102.58263
0.094666	10103.11699
0.094672	10103.65332
0.094677	10104.19002
0.094683	10104.7323
0.094689	10105.27587
0.094695	10105.82092
0.094701	10106.36446
0.094707	10106.91133
0.094713	10107.45244
0.094719	10107.99824
0.094725	10108.55183
0.09473	10109.09782
0.094736	10109.64191
0.094742	10110.17905
0.094748	10110.71816
0.094754	10111.25436
0.09476	10111.80046
0.094765	10112.34523
0.094771	10112.88328
0.094777	10113.42047
0.094782	10113.96506
0.094788	10114.50155
0.094794	10115.03075
0.0948	10115.56319
0.094806	10116.09807
0.094812	10116.63799
0.094817	10117.18038
0.094823	10117.72763
0.094829	10118.28413
0.094834	10118.84382
0.09484	10119.39653
0.094846	10119.95044
0.094852	10120.51913
0.094858	10121.09168
0.094864	10121.66616
0.09487	10122.22439
0.094875	10122.77307
0.094882	10123.32644
0.094888	10123.87369
0.094894	10124.42524
0.094899	10124.97398
0.094905	10125.52125
0.094911	10126.07384
0.094917	10126.62231
0.094923	10127.1764
0.094929	10127.73382
0.094935	10128.28827
0.094941	10128.84457
0.094947	10129.39795
0.094953	10129.949
0.094958	10130.4943
0.094964	10131.03422
0.09497	10131.58029
0.094976	10132.12734
0.094982	10132.67221
0.094987	10133.20584
0.094993	10133.74674
0.094999	10134.28374
0.095005	10134.81378
0.09501	10135.34496
0.095016	10135.88458
0.095021	10136.43298
0.095028	10136.97854
0.095033	10137.52318
0.095039	10138.06665
0.095045	10138.61231
0.095051	10139.15028
0.095056	10139.67299
0.095062	10140.20145
0.095068	10140.73828
0.095073	10141.26706
0.095079	10141.81
0.095085	10142.34871
0.09509	10142.89264
0.095096	10143.43909
0.095102	10143.99112
0.095108	10144.54281
0.095114	10145.09878
0.09512	10145.65213
0.095126	10146.21269
0.095132	10146.77457
0.095138	10147.34185
0.095144	10147.90383
0.09515	10148.46674
0.095156	10149.02493
0.095162	10149.58067
0.095168	10150.13132
0.095174	10150.68031
0.095179	10151.22476
0.095185	10151.77596
0.095191	10152.31703
0.095197	10152.8693
0.095203	10153.41381
0.095209	10153.95425
0.095215	10154.50438
0.09522	10155.06126
0.095226	10155.62126
0.095232	10156.17896
0.095238	10156.73061
0.095244	10157.28075
0.095249	10157.80879
0.095255	10158.34963
0.095261	10158.90067
0.095267	10159.44925
0.095273	10159.99726
0.095279	10160.54581
0.095285	10161.0945
0.095291	10161.64502
0.095297	10162.19867
0.095302	10162.75281
0.095308	10163.3136
0.095314	10163.86684
0.09532	10164.41566
0.095326	10164.94267
0.095331	10165.4838
0.095337	10166.02636
0.095343	10166.55335
0.095349	10167.07916
0.095354	10167.61447
0.09536	10168.15926
0.095366	10168.72023
0.095372	10169.28049
0.095378	10169.84252
0.095384	10170.4021
0.095389	10170.96352
0.095395	10171.51747
0.095401	10172.07974
0.095407	10172.63098
0.095413	10173.19174
0.095419	10173.7465
0.095425	10174.28606
0.095431	10174.83193
0.095437	10175.3753
0.095442	10175.91794
0.095448	10176.46894
0.095454	10177.0122
0.09546	10177.55602
0.095466	10178.09597
0.095472	10178.62965
0.095477	10179.15963
0.095483	10179.69132
0.095489	10180.22159
0.095495	10180.76509
0.0955	10181.30511
0.095506	10181.84651
0.095512	10182.38838
0.095518	10182.92241
0.095524	10183.46242
0.09553	10184.01273
0.095535	10184.56774
0.095541	10185.11864
0.095547	10185.66867
0.095553	10186.21998
0.095559	10186.76741
0.095565	10187.3228
0.095571	10187.87595
0.095577	10188.41816
0.095583	10188.95911
0.095588	10189.50422
0.095595	10190.05338
0.0956	10190.60112
0.095606	10191.14677
0.095612	10191.70293
0.095618	10192.25949
0.095624	10192.81179
0.09563	10193.36042
0.095636	10193.90454
0.095642	10194.4529
0.095647	10194.99316
0.095653	10195.54238
0.095659	10196.09141
0.095665	10196.63948
0.095671	10197.18578
0.095677	10197.73227
0.095682	10198.27717
0.095688	10198.82401
0.095694	10199.36634
0.0957	10199.91618
0.095706	10200.4778
0.095712	10201.02858
0.095718	10201.57476
0.095724	10202.13062
0.09573	10202.68438
0.095736	10203.23481
0.095741	10203.78998
0.095747	10204.34732
0.095753	10204.88692
0.095759	10205.43837
0.095764	10206.00253
0.09577	10206.56217
0.095777	10207.12934
0.095783	10207.68133
0.095789	10208.23496
0.095795	10208.78417
0.0958	10209.32567
0.095806	10209.87747
0.095812	10210.43568
0.095819	10210.99279
0.095825	10211.55363
0.095831	10212.11986
0.095837	10212.6808
0.095843	10213.23855
0.095849	10213.79019
0.095855	10214.33074
0.095861	10214.87059
0.095866	10215.40111
0.095872	10215.93785
0.095878	10216.47473
0.095884	10217.01242
0.09589	10217.55648
0.095895	10218.11052
0.095901	10218.6683
0.095907	10219.22755
0.095913	10219.78529
0.095919	10220.34119
0.095925	10220.9073
0.095931	10221.4707
0.095937	10222.03156
0.095943	10222.60129
0.095949	10223.16148
0.095955	10223.72498
0.095961	10224.29322
0.095968	10224.86369
0.095974	10225.44074
0.09598	10226.00844
0.095986	10226.58489
0.095992	10227.16206
0.095998	10227.7285
0.096004	10228.28949
0.09601	10228.83681
0.096016	10229.37662
0.096021	10229.91339
0.096027	10230.4531
0.096033	10231.004
0.096039	10231.56101
0.096045	10232.11746
0.096051	10232.67471
0.096057	10233.23179
0.096063	10233.79977
0.096069	10234.36724
0.096075	10234.9325
0.096081	10235.49337
0.096087	10236.05617
0.096093	10236.62964
0.0961	10237.21123
0.096106	10237.79567
0.096112	10238.38456
0.096118	10238.97052
0.096124	10239.55423
0.096131	10240.13558
0.096136	10240.70066
0.096142	10241.25395
0.096148	10241.79348
0.096154	10242.33923
0.09616	10242.89031
0.096166	10243.44733
0.096172	10244.00593
0.096178	10244.55908
0.096183	10245.10958
0.09619	10245.67125
0.096196	10246.22683
0.096202	10246.79076
0.096208	10247.35364
0.096214	10247.9173
0.09622	10248.48297
0.096226	10249.05182
0.096232	10249.61876
0.096238	10250.17977
0.096244	10250.73455
0.09625	10251.29452
0.096256	10251.85261
0.096262	10252.41293
0.096268	10252.97719
0.096274	10253.5425
0.09628	10254.10238
0.096287	10254.66562
0.096293	10255.23395
0.096299	10255.79576
0.096305	10256.35687
0.096311	10256.91491
0.096317	10257.47987
0.096324	10258.04601
0.09633	10258.61987
0.096336	10259.18913
0.096342	10259.7503
0.096348	10260.31774
0.096354	10260.88584
0.09636	10261.46103
0.096366	10262.03024
0.096372	10262.59468
0.096378	10263.15489
0.096384	10263.7124
0.096389	10264.28074
0.096395	10264.83751
0.096401	10265.38347
0.096407	10265.91814
0.096413	10266.45416
0.096419	10266.99982
0.096425	10267.55081
0.096431	10268.10182
0.096436	10268.65519
0.096442	10269.2104
0.096448	10269.77137
0.096454	10270.33134
0.096461	10270.89559
0.096467	10271.45909
0.096473	10272.01175
0.096479	10272.58129
0.096485	10273.15091
0.096491	10273.71212
0.096497	10274.27813
0.096503	10274.83102
0.096509	10275.39191
0.096515	10275.95866
0.09652	10276.52812
0.096527	10277.09142
0.096532	10277.65145
0.096538	10278.206
0.096544	10278.75576
0.09655	10279.3118
0.096556	10279.86636
0.096562	10280.42446
0.096568	10280.97277
0.096574	10281.52677
0.096581	10282.08279
0.096586	10282.64551
0.096592	10283.20485
0.096598	10283.74989
0.096604	10284.29767
0.09661	10284.84373
0.096616	10285.39858
0.096622	10285.94119
0.096628	10286.47138
0.096633	10287.00645
0.096639	10287.53415
0.096645	10288.06721
0.09665	10288.60141
0.096656	10289.138
0.096662	10289.67719
0.096667	10290.22706
0.096673	10290.77718
0.096679	10291.31703
0.096685	10291.84357
0.096691	10292.36657
0.096696	10292.89035
0.096702	10293.42783
0.096707	10293.96733
0.096714	10294.51269
0.09672	10295.05652
0.096726	10295.59453
0.096732	10296.13473
0.096738	10296.68324
0.096744	10297.23918
0.096749	10297.7889
0.096755	10298.33489
0.096761	10298.88285
0.096767	10299.42823
0.096773	10299.97188
0.096778	10300.50764
0.096784	10301.0347
0.09679	10301.57137
0.096796	10302.09456
0.096802	10302.62232
0.096807	10303.1515
0.096812	10303.67256
0.096818	10304.1823
0.096824	10304.69646
0.096829	10305.22164
0.096835	10305.75245
0.09684	10306.28554
0.096846	10306.82916
0.096852	10307.36369
0.096858	10307.90721
0.096864	10308.45381
0.096869	10308.99414
0.096875	10309.52949
0.096881	10310.06451
0.096886	10310.59678
0.096892	10311.14553
0.096898	10311.68817
0.096904	10312.23524
0.09691	10312.78038
0.096916	10313.3322
0.096922	10313.86734
0.096928	10314.40514
0.096933	10314.95267
0.096939	10315.48952
0.096945	10316.02464
0.096951	10316.55542
0.096957	10317.09129
0.096962	10317.62845
0.096968	10318.15676
0.096974	10318.67288
0.096979	10319.19641
0.096985	10319.71741
0.096991	10320.2553
0.096997	10320.79333
0.097002	10321.32653
0.097008	10321.86192
0.097014	10322.40398
0.09702	10322.95541
0.097025	10323.49948
0.097031	10324.02719
0.097037	10324.55587
0.097042	10325.08363
0.097048	10325.61731
0.097053	10326.15327
0.097059	10326.68789
0.097065	10327.22641
0.09707	10327.76347
0.097076	10328.30374
0.097082	10328.84209
0.097088	10329.37927
0.097094	10329.90851
0.0971	10330.43764
0.097105	10330.9788
0.097111	10331.52118
0.097117	10332.06203
0.097123	10332.5958
0.097129	10333.14361
0.097135	10333.68919
0.097142	10334.23958
0.097148	10334.80343
0.097155	10335.35693
0.09716	10335.90451
0.097166	10336.45131
0.097172	10336.99591
0.097178	10337.54481
0.097184	10338.09015
0.097189	10338.6327
0.097195	10339.16951
0.097201	10339.70125
0.097206	10340.23616
0.097212	10340.76893
0.097218	10341.301
0.097224	10341.84665
0.09723	10342.38112
0.097235	10342.91676
0.097241	10343.44607
0.097247	10343.96983
0.097253	10344.49352
0.097259	10345.03145
0.097265	10345.5815
0.097271	10346.13167
0.097277	10346.68917
0.097282	10347.24218
0.097289	10347.78968
0.097295	10348.33017
0.0973	10348.87863
0.097307	10349.44118
0.097313	10349.99663
0.097319	10350.55031
0.097325	10351.10782
0.09733	10351.66173
0.097336	10352.21949
0.097342	10352.77054
0.097349	10353.32405
0.097354	10353.87563
0.097361	10354.43141
0.097366	10354.99223
0.097373	10355.54447
0.097378	10356.0979
0.097384	10356.65313
0.09739	10357.21592
0.097396	10357.78129
0.097402	10358.34074
0.097409	10358.88929
0.097415	10359.43343
0.09742	10359.98234
0.097426	10360.53222
0.097432	10361.08219
0.097438	10361.63291
0.097444	10362.1878
0.09745	10362.7413
0.097456	10363.29491
0.097462	10363.83957
0.097468	10364.39097
0.097473	10364.93567
0.097479	10365.47185
0.097485	10366.01077
0.097491	10366.54894
0.097497	10367.09002
0.097502	10367.63201
0.097508	10368.17421
0.097514	10368.70973
0.09752	10369.24863
0.097526	10369.78474
0.097532	10370.32708
0.097538	10370.87358
0.097544	10371.43077
0.09755	10371.99044
0.097556	10372.54486
0.097562	10373.0995
0.097568	10373.65071
0.097573	10374.18672
0.097579	10374.72218
0.097585	10375.26165
0.097591	10375.80527
0.097597	10376.35114
0.097603	10376.89204
0.097608	10377.43501
0.097614	10377.98784
0.09762	10378.54222
0.097626	10379.09538
0.097632	10379.6394
0.097638	10380.17863
0.097643	10380.72137
0.097649	10381.26409
0.097655	10381.82281
0.097662	10382.39347
0.097667	10382.95464
0.097673	10383.50185
0.097679	10384.04522
0.097685	10384.59596
0.09769	10385.14341
0.097697	10385.68403
0.097703	10386.23408
0.097708	10386.77142
0.097714	10387.30878
0.09772	10387.83286
0.097726	10388.37239
0.097732	10388.90938
0.097737	10389.44516
0.097743	10389.98482
0.097748	10390.51708
0.097754	10391.04321
0.09776	10391.54235
0.097766	10392.06016
0.097772	10392.58259
0.097777	10393.12658
0.097783	10393.6733
0.097789	10394.23032
0.097795	10394.78668
0.097801	10395.34441
0.097807	10395.91733
0.097813	10396.4875
0.097819	10397.05134
0.097825	10397.61169
0.097831	10398.15953
0.097837	10398.71163
0.097843	10399.27074
0.097849	10399.82363
0.097855	10400.38149
0.097861	10400.9364
0.097867	10401.49659
0.097873	10402.04607
0.097879	10402.59396
0.097885	10403.14553
0.097891	10403.69116
0.097897	10404.23842
0.097903	10404.78577
0.097909	10405.33509
0.097915	10405.88303
0.097921	10406.42877
0.097927	10406.97447
0.097933	10407.51871
0.097939	10408.06524
0.097945	10408.61726
0.097951	10409.16634
0.097956	10409.72187
0.097962	10410.26936
0.097968	10410.81844
0.097974	10411.35929
0.09798	10411.90618
0.097986	10412.44229
0.097991	10412.9798
0.097997	10413.51824
0.098002	10414.06924
0.098008	10414.62771
0.098014	10415.18555
0.09802	10415.7478
0.098026	10416.31214
0.098032	10416.8782
0.098038	10417.43648
0.098044	10417.99714
0.09805	10418.55102
0.098056	10419.1015
0.098062	10419.6445
0.098067	10420.19479
0.098073	10420.74027
0.098079	10421.28023
0.098085	10421.82176
0.09809	10422.3677
0.098096	10422.90437
0.098102	10423.44463
0.098108	10423.98645
0.098114	10424.54284
0.098119	10425.07876
0.098125	10425.61312
0.098131	10426.15345
0.098137	10426.67774
0.098142	10427.19955
0.098148	10427.73105
0.098154	10428.25664
0.098159	10428.79295
0.098165	10429.3385
0.09817	10429.87981
0.098176	10430.42498
0.098182	10430.96812
0.098188	10431.51334
0.098194	10432.0665
0.0982	10432.62232
0.098206	10433.19
0.098212	10433.74946
0.098218	10434.3079
0.098224	10434.86256
0.09823	10435.41506
0.098236	10435.95959
0.098242	10436.497
0.098247	10437.03802
0.098254	10437.57716
0.098259	10438.11833
0.098265	10438.65542
0.098271	10439.18583
0.098277	10439.7136
0.098282	10440.23963
0.098288	10440.77501
0.098294	10441.31355
0.0983	10441.86614
0.098306	10442.42781
0.098312	10442.9774
0.098318	10443.53879
0.098324	10444.09405
0.098331	10444.659
0.098336	10445.2251
0.098342	10445.79054
0.098348	10446.3434
0.098354	10446.89551
0.09836	10447.44819
0.098366	10447.9944
0.098372	10448.55204
0.098378	10449.10982
0.098384	10449.65664
0.098391	10450.20917
0.098397	10450.74475
0.098402	10451.25005
0.098407	10451.75735
0.098413	10452.28153
0.098419	10452.81734
0.098425	10453.33807
0.098431	10453.87181
0.098437	10454.40991
0.098443	10454.94809
0.098449	10455.49501
0.098455	10456.04888
0.09846	10456.59876
0.098466	10457.14679
0.098472	10457.68977
0.098478	10458.23978
0.098484	10458.77714
0.098489	10459.31355
0.098495	10459.8496
0.098502	10460.39618
0.098508	10460.94814
0.098514	10461.49146
0.09852	10462.03726
0.098526	10462.58921
0.098531	10463.15047
0.098538	10463.69854
0.098543	10464.24558
0.098549	10464.79612
0.098555	10465.36407
0.098561	10465.94408
0.098567	10466.51011
0.098574	10467.07072
0.09858	10467.62837
0.098585	10468.18072
0.098591	10468.71886
0.098597	10469.25763
0.098603	10469.79632
0.098609	10470.32824
0.098614	10470.85833
0.09862	10471.38393
0.098626	10471.9074
0.098632	10472.44457
0.098637	10472.97904
0.098643	10473.52004
0.098649	10474.05767
0.098655	10474.58816
0.098661	10475.12058
0.098666	10475.6605
0.098672	10476.18871
0.098678	10476.7165
0.098683	10477.24295
0.098689	10477.78876
0.098695	10478.333
0.098701	10478.87489
0.098707	10479.4218
0.098713	10479.96852
0.098719	10480.50702
0.098724	10481.04473
0.09873	10481.5813
0.098736	10482.12942
0.098742	10482.67813
0.098748	10483.21945
0.098754	10483.76301
0.09876	10484.30863
0.098765	10484.84993
0.098771	10485.38304
0.098777	10485.90715
0.098783	10486.4395
0.098788	10486.97743
0.098794	10487.5094
0.0988	10488.04072
0.098805	10488.55947
0.098811	10489.08187
0.098816	10489.61996
0.098822	10490.15651
0.098828	10490.70897
0.098834	10491.25715
0.09884	10491.80955
0.098846	10492.36217
0.098851	10492.91784
0.098858	10493.47368
0.098863	10494.03362
0.098869	10494.59948
0.098875	10495.15607
0.098881	10495.70507
0.098887	10496.25949
0.098893	10496.81614
0.098899	10497.3628
0.098905	10497.91434
0.098911	10498.46471
0.098917	10499.01905
0.098923	10499.57892
0.098929	10500.13309
0.098935	10500.68414
0.098941	10501.23022
0.098947	10501.76555
0.098953	10502.29897
0.098958	10502.83632
0.098964	10503.3713
0.09897	10503.89912
0.098976	10504.44313
0.098982	10504.99008
0.098988	10505.5411
0.098994	10506.0886
0.099	10506.64927
0.099006	10507.21094
0.099013	10507.78778
0.099019	10508.36342
0.099025	10508.94099
0.099031	10509.53126
0.099037	10510.11163
0.099044	10510.69221
0.099049	10511.25918
0.099056	10511.81945
0.099062	10512.37508
0.099068	10512.9321
0.099074	10513.48096
0.09908	10514.02704
0.099085	10514.57795
0.099091	10515.12816
0.099098	10515.6798
0.099103	10516.22701
0.099109	10516.76483
0.099115	10517.30972
0.099121	10517.85928
0.099127	10518.4036
0.099133	10518.94951
0.099139	10519.48727
0.099144	10520.03255
0.09915	10520.58216
0.099157	10521.14123
0.099162	10521.69366
0.099168	10522.24439
0.099175	10522.79458
0.099181	10523.34865
0.099186	10523.90899
0.099192	10524.46224
0.099198	10524.99941
0.099204	10525.55204
0.09921	10526.10484
0.099216	10526.6459
0.099221	10527.1835
0.099227	10527.70577
0.099233	10528.23211
0.099239	10528.7588
0.099244	10529.29512
0.09925	10529.83113
0.099256	10530.37023
0.099262	10530.91578
0.099268	10531.47814
0.099274	10532.04728
0.099281	10532.61586
0.099286	10533.18505
0.099292	10533.7589
0.099298	10534.32521
0.099304	10534.88077
0.099311	10535.44077
0.099317	10535.99652
0.099322	10536.54602
0.099328	10537.09681
0.099334	10537.64636
0.09934	10538.19689
0.099346	10538.73537
0.099352	10539.26983
0.099358	10539.81014
0.099363	10540.35156
0.099369	10540.89398
0.099376	10541.43703
0.099381	10541.98934
0.099387	10542.53688
0.099394	10543.08986
0.099399	10543.64854
0.099405	10544.19978
0.099412	10544.75732
0.099417	10545.31364
0.099424	10545.87612
0.099429	10546.43946
0.099436	10546.99079
0.099441	10547.53305
0.099447	10548.07093
0.099453	10548.62027
0.099459	10549.15964
0.099465	10549.7116
0.099471	10550.26082
0.099477	10550.80506
0.099483	10551.34788
0.099489	10551.88883
0.099494	10552.43507
0.0995	10552.96959
0.099506	10553.50296
0.099512	10554.0431
0.099518	10554.59168
0.099523	10555.14014
0.099529	10555.70271
0.099536	10556.28648
0.099542	10556.8705
0.099548	10557.44179
0.099554	10558.01122
0.09956	10558.56965
0.099566	10559.12538
0.099572	10559.68655
0.099578	10560.23426
0.099584	10560.75988
0.099589	10561.28433
0.099595	10561.80437
0.099601	10562.33786
0.099607	10562.87105
0.099613	10563.42083
0.099619	10563.9765
0.099625	10564.53613
0.099631	10565.09966
0.099637	10565.65876
0.099643	10566.2119
0.099649	10566.77037
0.099654	10567.31948
0.09966	10567.86305
0.099666	10568.40356
0.099672	10568.94398
0.099677	10569.48754
0.099683	10570.03876
0.099689	10570.58284
0.099695	10571.1266
0.0997	10571.68035
0.099706	10572.22417
0.099712	10572.7837
0.099719	10573.3554
0.099724	10573.9123
0.09973	10574.46689
0.099736	10575.02142
0.099742	10575.5777
0.099748	10576.12738
0.099754	10576.67504
0.09976	10577.22391
0.099766	10577.77206
0.099772	10578.33153
0.099777	10578.8843
0.099783	10579.43972
0.099789	10579.9967
0.099795	10580.54718
0.099801	10581.10005
0.099807	10581.65621
0.099813	10582.21592
0.099819	10582.77015
0.099825	10583.32657
0.099831	10583.87312
0.099836	10584.40999
0.099843	10584.94434
0.099848	10585.47003
0.099854	10586.00344
0.09986	10586.54339
0.099865	10587.09528
0.099871	10587.64916
0.099878	10588.21626
0.099884	10588.78481
0.099889	10589.35595
0.099895	10589.91159
0.099901	10590.46361
0.099907	10591.01672
0.099913	10591.56463
0.099919	10592.1162
0.099924	10592.66313
0.099931	10593.21735
0.099937	10593.77353
0.099942	10594.33446
0.099948	10594.88814
0.099954	10595.44725
0.09996	10596.00071
0.099966	10596.5522
0.099972	10597.10191
0.099977	10597.64847
0.099983	10598.2047
0.099989	10598.76217
0.099995	10599.31402
0.100001	10599.87582
0.100007	10600.41625
0.100013	10600.94966
0.100019	10601.48331
0.100024	10602.01002
0.10003	10602.55468
0.100036	10603.10265
0.100042	10603.66951
0.100048	10604.23419
0.100055	10604.80409
0.10006	10605.36937
0.100066	10605.92427
0.100072	10606.48077
0.100078	10607.02783
0.100084	10607.57953
0.10009	10608.13331
0.100096	10608.68303
0.100102	10609.232
0.100108	10609.78469
0.100114	10610.3486
0.10012	10610.91459
0.100126	10611.48096
0.100132	10612.06783
0.100138	10612.64246
0.100145	10613.23312
0.100151	10613.81702
0.100157	10614.38892
0.100163	10614.95962
0.100169	10615.51598
0.100175	10616.07544
0.100181	10616.63595
0.100187	10617.19469
0.100193	10617.7568
0.100199	10618.31446
0.100205	10618.87656
0.10021	10619.41469
0.100216	10619.96364
0.100222	10620.52167
0.100228	10621.07568
0.100234	10621.62742
0.10024	10622.18196
0.100246	10622.73592
0.100252	10623.28618
0.100259	10623.84082
0.100265	10624.39771
0.100271	10624.95136
0.100277	10625.51172
0.100283	10626.078
0.100289	10626.64635
0.100295	10627.20778
0.100301	10627.76817
0.100307	10628.31883
0.100313	10628.86475
0.100319	10629.40374
0.100325	10629.93567
0.100331	10630.47337
0.100336	10631.00997
0.100342	10631.54736
0.100348	10632.0883
0.100354	10632.63125
0.10036	10633.17393
0.100366	10633.73771
0.100372	10634.29188
0.100378	10634.84793
0.100384	10635.40237
0.10039	10635.95063
0.100396	10636.50244
0.100402	10637.0631
0.100408	10637.61925
0.100414	10638.16957
0.10042	10638.71961
0.100426	10639.27336
0.100432	10639.82847
0.100438	10640.3833
0.100443	10640.93407
0.100449	10641.47997
0.100455	10642.0293
0.100461	10642.56839
0.100466	10643.11685
0.100472	10643.6602
0.100478	10644.20295
0.100484	10644.75327
0.100489	10645.30847
0.100495	10645.84592
0.100501	10646.39085
0.100507	10646.93638
0.100513	10647.48123
0.100519	10648.02614
0.100524	10648.57185
0.10053	10649.11624
0.100536	10649.66519
0.100542	10650.21379
0.100548	10650.76219
0.100553	10651.30829
0.100559	10651.85695
0.100565	10652.40139
0.100571	10652.95371
0.100577	10653.49924
0.100582	10654.05781
0.100589	10654.62737
0.100595	10655.19627
0.1006	10655.76763
0.100606	10656.32873
0.100612	10656.88672
0.100618	10657.44499
0.100624	10658.00686
0.10063	10658.56245
0.100636	10659.12135
0.100642	10659.68357
0.100648	10660.24528
0.100654	10660.79604
0.10066	10661.34783
0.100666	10661.89746
0.100672	10662.44945
0.100678	10663.01376
0.100684	10663.5799
0.10069	10664.14362
0.100696	10664.70093
0.100702	10665.2581
0.100708	10665.81981
0.100714	10666.36809
0.10072	10666.91878
0.100727	10667.46417
0.100733	10668.00933
0.100739	10668.55056
0.100744	10669.08999
0.10075	10669.62419
0.100756	10670.15848
0.100762	10670.69676
0.100768	10671.24703
0.100773	10671.78708
0.100779	10672.33184
0.100785	10672.87721
0.100791	10673.42631
0.100797	10673.97198
0.100803	10674.51266
0.100809	10675.06847
0.100814	10675.62023
0.10082	10676.17297
0.100826	10676.72732
0.100832	10677.28422
0.100838	10677.83061
0.100844	10678.3806
0.10085	10678.92905
0.100855	10679.48622
0.100862	10680.04336
0.100868	10680.60377
0.100874	10681.1611
0.100879	10681.71636
0.100886	10682.27828
0.100892	10682.84826
0.100898	10683.42179
0.100904	10683.9908
0.10091	10684.56182
0.100916	10685.12116
0.100922	10685.68083
0.100928	10686.2349
0.100934	10686.78827
0.10094	10687.34501
0.100946	10687.89801
0.100952	10688.45206
0.100958	10689.00427
0.100964	10689.54971
0.10097	10690.10344
0.100976	10690.65231
0.100982	10691.19503
0.100988	10691.74494
0.100994	10692.29477
0.101	10692.84687
0.101006	10693.39981
0.101012	10693.95158
0.101018	10694.5022
0.101024	10695.05299
0.10103	10695.60539
0.101036	10696.15171
0.101042	10696.69234
0.101048	10697.24177
0.101054	10697.78679
0.10106	10698.33786
0.101066	10698.88899
0.101072	10699.44037
0.101078	10699.98663
0.101084	10700.53566
0.10109	10701.09704
0.101096	10701.65702
0.101102	10702.22442
0.101108	10702.79632
0.101114	10703.35932
0.10112	10703.90812
0.101126	10704.45124
0.101133	10705.00152
0.101139	10705.55136
0.101145	10706.09397
0.10115	10706.6491
0.101156	10707.19328
0.101162	10707.74225
0.101168	10708.28584
0.101174	10708.83727
0.10118	10709.38764
0.101186	10709.9503
0.101192	10710.51789
0.101198	10711.07211
0.101204	10711.62519
0.10121	10712.17595
0.101216	10712.72147
0.101221	10713.267
0.101228	10713.8274
0.101234	10714.37747
0.10124	10714.9173
0.101245	10715.46287
0.101251	10716.0079
0.101257	10716.55041
0.101263	10717.08397
0.101269	10717.60644
0.101274	10718.1261
0.10128	10718.65281
0.101286	10719.19434
0.101292	10719.7298
0.101298	10720.27271
0.101303	10720.80857
0.101309	10721.35248
0.101315	10721.90493
0.101321	10722.45584
0.101327	10723.01789
0.101333	10723.5727
0.101339	10724.12732
0.101345	10724.68368
0.101351	10725.23547
0.101357	10725.78756
0.101363	10726.33233
0.101369	10726.87678
0.101375	10727.42608
0.10138	10727.97925
0.101386	10728.53669
0.101393	10729.09498
0.101399	10729.65305
0.101405	10730.2047
0.101411	10730.76271
0.101417	10731.30921
0.101422	10731.85589
0.101428	10732.39428
0.101434	10732.92477
0.10144	10733.44875
0.101445	10733.97492
0.101451	10734.50232
0.101456	10735.02443
0.101462	10735.55013
0.101467	10736.06856
0.101473	10736.58992
0.101479	10737.12823
0.101484	10737.66614
0.101491	10738.20174
0.101496	10738.73532
0.101502	10739.27967
0.101508	10739.82032
0.101514	10740.3619
0.10152	10740.90209
0.101525	10741.44835
0.101531	10742.00708
0.101537	10742.5782
0.101543	10743.13884
0.101549	10743.70384
0.101555	10744.25502
0.101561	10744.80679
0.101567	10745.36467
0.101573	10745.90615
0.101579	10746.44366
0.101585	10746.98244
0.10159	10747.51834
0.101596	10748.05795
0.101602	10748.60176
0.101608	10749.13683
0.101614	10749.6677
0.101619	10750.20402
0.101625	10750.73862
0.101631	10751.28018
0.101636	10751.82278
0.101642	10752.35921
0.101648	10752.89085
0.101654	10753.41826
0.101659	10753.94205
0.101665	10754.46405
0.101671	10754.99677
0.101677	10755.53049
0.101683	10756.08695
0.101689	10756.64836
0.101695	10757.22638
0.101701	10757.8017
0.101707	10758.3641
0.101713	10758.91281
0.101719	10759.46057
0.101725	10760.00382
0.101731	10760.5484
0.101737	10761.09096
0.101743	10761.63234
0.101749	10762.17012
0.101754	10762.71043
0.10176	10763.25235
0.101766	10763.79549
0.101772	10764.33585
0.101777	10764.8893
0.101783	10765.43934
0.101789	10765.98392
0.101794	10766.51796
0.1018	10767.0521
0.101806	10767.57583
0.101812	10768.10635
0.101817	10768.64306
0.101823	10769.18129
0.101829	10769.71663
0.101835	10770.25579
0.101841	10770.8024
0.101847	10771.35932
0.101853	10771.91102
0.101858	10772.46408
0.101864	10773.00782
0.10187	10773.53569
0.101875	10774.0704
0.101881	10774.60058
0.101887	10775.12617
0.101893	10775.65977
0.101898	10776.20308
0.101904	10776.74007
0.101909	10777.27482
0.101916	10777.82099
0.101922	10778.3608
0.101927	10778.90003
0.101933	10779.44367
0.101939	10779.98463
0.101945	10780.52166
0.101951	10781.0618
0.101957	10781.60105
0.101963	10782.14256
0.101969	10782.69108
0.101974	10783.2389
0.10198	10783.7727
0.101986	10784.30155
0.101991	10784.82749
0.101996	10785.34674
0.102002	10785.85966
0.102008	10786.36968
0.102013	10786.90674
0.102019	10787.44456
0.102025	10787.98848
0.102031	10788.54637
0.102037	10789.1048
0.102043	10789.65457
0.102049	10790.21109
0.102056	10790.76336
0.102061	10791.32026
0.102068	10791.87323
0.102074	10792.43139
0.10208	10792.9841
0.102086	10793.54697
0.102092	10794.11248
0.102098	10794.67269
0.102104	10795.22302
0.10211	10795.7679
0.102116	10796.3044
0.102122	10796.85078
0.102127	10797.40437
0.102133	10797.95616
0.102139	10798.50553
0.102145	10799.05382
0.10215	10799.5972
0.102156	10800.13503
0.102162	10800.67589
0.102168	10801.21592
0.102174	10801.75268
0.10218	10802.28619
0.102185	10802.83267
0.102191	10803.38231
0.102197	10803.9322
0.102203	10804.47852
0.102209	10805.04502
0.102215	10805.59558
0.102221	10806.14691
0.102227	10806.69759
0.102233	10807.23699
0.102239	10807.77494
0.102245	10808.3068
0.102251	10808.84664
0.102257	10809.38453
0.102263	10809.92539
0.102269	10810.47223
0.102275	10811.015
0.102281	10811.56108
0.102287	10812.10956
0.102293	10812.67277
0.102299	10813.23939
0.102305	10813.79695
0.102311	10814.35181
0.102318	10814.89846
0.102324	10815.45292
0.10233	10816.00117
0.102336	10816.55063
0.102342	10817.11512
0.102348	10817.67545
0.102354	10818.23823
0.10236	10818.80254
0.102366	10819.34946
0.102372	10819.89596
0.102378	10820.43474
0.102384	10820.97735
0.10239	10821.52808
0.102396	10822.07477
0.102402	10822.62435
0.102408	10823.17459
0.102414	10823.72262
0.10242	10824.26678
0.102426	10824.80675
0.102432	10825.35517
0.102438	10825.90875
0.102443	10826.45016
0.102449	10826.99688
0.102455	10827.55263
0.102461	10828.1062
0.102467	10828.65777
0.102473	10829.20352
0.102479	10829.75373
0.102485	10830.30916
0.102491	10830.87173
0.102497	10831.43349
0.102503	10831.99067
0.102509	10832.55147
0.102515	10833.10716
0.102522	10833.66989
0.102527	10834.23421
0.102534	10834.78605
0.10254	10835.32789
0.102546	10835.88084
0.102552	10836.43102
0.102558	10836.97304
0.102564	10837.51299
0.10257	10838.06738
0.102576	10838.61579
0.102581	10839.17179
0.102588	10839.72838
0.102593	10840.2882
0.1026	10840.85472
0.102606	10841.42669
0.102612	10842.00356
0.102618	10842.57955
0.102624	10843.14134
0.102629	10843.70337
0.102635	10844.25576
0.102641	10844.81689
0.102648	10845.36941
0.102653	10845.92082
0.102659	10846.46965
0.102666	10847.02355
0.102672	10847.58605
0.102678	10848.14981
0.102684	10848.71078
0.10269	10849.27561
0.102696	10849.82991
0.102702	10850.38644
0.102708	10850.94159
0.102714	10851.50093
0.10272	10852.06193
0.102726	10852.62228
0.102732	10853.17996
0.102738	10853.73438
0.102744	10854.29052
0.102749	10854.85224
0.102755	10855.4215
0.102762	10855.9829
0.102768	10856.54842
0.102774	10857.10933
0.102781	10857.66347
0.102787	10858.22246
0.102793	10858.76905
0.102799	10859.32158
0.102805	10859.86463
0.10281	10860.41153
0.102816	10860.95701
0.102822	10861.50304
0.102828	10862.04671
0.102834	10862.59183
0.10284	10863.14074
0.102846	10863.69753
0.102852	10864.25995
0.102858	10864.81614
0.102864	10865.36829
0.10287	10865.9257
0.102876	10866.48744
0.102882	10867.05199
0.102888	10867.61748
0.102894	10868.17
0.1029	10868.72085
0.102906	10869.27786
0.102912	10869.82848
0.102918	10870.37584
0.102924	10870.92541
0.10293	10871.4754
0.102936	10872.02748
0.102942	10872.5837
0.102948	10873.13564
0.102954	10873.68927
0.10296	10874.23799
0.102966	10874.78727
0.102972	10875.33586
0.102978	10875.88159
0.102984	10876.43247
0.10299	10876.97593
0.102996	10877.51798
0.103002	10878.07033
0.103008	10878.626
0.103014	10879.17102
0.103021	10879.72721
0.103027	10880.28428
0.103033	10880.8412
0.103039	10881.38404
0.103044	10881.92525
0.10305	10882.46724
0.103056	10883.00773
0.103061	10883.54806
0.103068	10884.08732
0.103073	10884.63259
0.103079	10885.17423
0.103085	10885.70975
0.103091	10886.25082
0.103097	10886.78614
0.103103	10887.32566
0.103109	10887.87635
0.103115	10888.42852
0.103121	10889.00748
0.103127	10889.57388
0.103133	10890.13001
0.10314	10890.68944
0.103146	10891.25367
0.103152	10891.81886
0.103158	10892.37811
0.103164	10892.93877
0.10317	10893.48759
0.103176	10894.02737
0.103182	10894.57602
0.103187	10895.10894
0.103194	10895.64877
0.103199	10896.1897
0.103205	10896.73114
0.103211	10897.26899
0.103217	10897.79595
0.103223	10898.32484
0.103228	10898.85835
0.103234	10899.39476
0.10324	10899.93124
0.103246	10900.46454
0.103252	10901.00609
0.103257	10901.54926
0.103263	10902.09686
0.103269	10902.64661
0.103275	10903.18259
0.103281	10903.7162
0.103287	10904.25031
0.103292	10904.78498
0.103298	10905.31944
0.103304	10905.84994
0.103309	10906.38539
0.103315	10906.91255
0.103321	10907.44282
0.103326	10907.98028
0.103332	10908.51075
0.103338	10909.04305
0.103344	10909.58591
0.10335	10910.12424
0.103356	10910.66844
0.103361	10911.21642
0.103367	10911.75544
0.103374	10912.29762
0.10338	10912.84435
0.103385	10913.39336
0.103391	10913.94238
0.103397	10914.49569
0.103403	10915.04388
0.103409	10915.59086
0.103415	10916.13972
0.103421	10916.69076
0.103427	10917.24179
0.103433	10917.793
0.103438	10918.33658
0.103444	10918.88533
0.10345	10919.43566
0.103456	10919.99231
0.103462	10920.54954
0.103469	10921.1
0.103475	10921.66087
0.103481	10922.2163
0.103487	10922.77013
0.103493	10923.32651
0.103499	10923.86669
0.103504	10924.40771
0.10351	10924.95537
0.103516	10925.50237
0.103522	10926.0578
0.103528	10926.60988
0.103534	10927.16372
0.10354	10927.72521
0.103546	10928.28719
0.103552	10928.84759
0.103559	10929.40354
0.103565	10929.94656
0.103571	10930.47495
0.103577	10931.00683
0.103583	10931.54894
0.103589	10932.09654
0.103595	10932.64585
0.103601	10933.18514
0.103607	10933.73236
0.103613	10934.28217
0.103619	10934.85646
0.103625	10935.42555
0.103631	10936.00165
0.103637	10936.5648
0.103643	10937.13027
0.103649	10937.69919
0.103656	10938.25408
0.103662	10938.81021
0.103668	10939.36757
0.103674	10939.93806
0.10368	10940.49931
0.103686	10941.05709
0.103692	10941.59403
0.103698	10942.13131
0.103703	10942.67073
0.103709	10943.21035
0.103716	10943.75901
0.103722	10944.31071
0.103727	10944.85871
0.103734	10945.40998
0.10374	10945.95939
0.103746	10946.51025
0.103752	10947.0583
0.103758	10947.60583
0.103764	10948.17419
0.10377	10948.73082
0.103776	10949.28774
0.103782	10949.84047
0.103788	10950.39342
0.103794	10950.946
0.1038	10951.50137
0.103806	10952.0521
0.103812	10952.60715
0.103818	10953.1706
0.103824	10953.72977
0.103829	10954.28822
0.103835	10954.83954
0.103841	10955.39146
0.103847	10955.95202
0.103853	10956.50664
0.103859	10957.05799
0.103865	10957.61321
0.103871	10958.16621
0.103877	10958.72888
0.103883	10959.29202
0.103889	10959.85833
0.103896	10960.40871
0.103902	10960.96435
0.103908	10961.5143
0.103914	10962.07014
0.10392	10962.61672
0.103926	10963.15789
0.103932	10963.69849
0.103938	10964.2391
0.103944	10964.78558
0.10395	10965.32445
0.103956	10965.86803
0.103962	10966.41314
0.103968	10966.95436
0.103974	10967.49517
0.10398	10968.0358
0.103985	10968.57385
0.103992	10969.12097
0.103998	10969.67315
0.104004	10970.2267
0.10401	10970.7787
0.104016	10971.3381
0.104022	10971.90674
0.104029	10972.48096
0.104035	10973.04414
0.104041	10973.60757
0.104047	10974.1693
0.104053	10974.72406
0.104059	10975.28701
0.104066	10975.85142
0.104072	10976.41149
0.104078	10976.96314
0.104084	10977.51713
0.10409	10978.06895
0.104096	10978.62652
0.104102	10979.18317
0.104108	10979.74267
0.104114	10980.30232
0.10412	10980.86
0.104126	10981.41589
0.104132	10981.96373
0.104138	10982.50804
0.104144	10983.06192
0.10415	10983.60979
0.104156	10984.16538
0.104162	10984.71523
0.104168	10985.27148
0.104174	10985.81532
0.10418	10986.36463
0.104186	10986.90981
0.104192	10987.45656
0.104198	10988.00292
0.104204	10988.55049
0.10421	10989.102
0.104216	10989.65247
0.104222	10990.20914
0.104228	10990.76277
0.104234	10991.31071
0.10424	10991.87055
0.104247	10992.42471
0.104253	10992.98736
0.104259	10993.5407
0.104265	10994.08919
0.104272	10994.63669
0.104277	10995.18156
0.104284	10995.73432
0.10429	10996.2893
0.104296	10996.85189
0.104302	10997.40719
0.104308	10997.96275
0.104314	10998.52159
0.10432	10999.0768
0.104326	10999.6362
0.104332	11000.19433
0.104338	11000.75822
0.104344	11001.31309
0.10435	11001.86503
0.104356	11002.42062
0.104362	11002.9778
0.104369	11003.53659
0.104374	11004.09514
0.10438	11004.65329
0.104386	11005.20292
0.104393	11005.76078
0.104399	11006.3161
0.104405	11006.86535
0.104411	11007.41783
0.104417	11007.97261
0.104423	11008.52961
0.104429	11009.08065
0.104435	11009.6306
0.104441	11010.18529
0.104447	11010.74138
0.104453	11011.29796
0.10446	11011.8524
0.104465	11012.39254
0.104471	11012.94533
0.104477	11013.49826
0.104484	11014.04702
0.10449	11014.58431
0.104496	11015.12318
0.104502	11015.6692
0.104508	11016.21802
0.104514	11016.76428
0.104521	11017.32645
0.104527	11017.88602
0.104533	11018.44595
0.104539	11019.01474
0.104545	11019.57796
0.104551	11020.13619
0.104558	11020.69279
0.104563	11021.24726
0.104569	11021.78117
0.104575	11022.3295
0.104581	11022.87776
0.104588	11023.43094
0.104594	11023.98949
0.1046	11024.54679
0.104606	11025.10074
0.104612	11025.66368
0.104618	11026.22488
0.104624	11026.77593
0.104631	11027.31334
0.104636	11027.85565
0.104642	11028.41289
0.104648	11028.96121
0.104654	11029.50571
0.10466	11030.0575
0.104666	11030.60913
0.104672	11031.16567
0.104678	11031.70551
0.104684	11032.24011
0.10469	11032.77357
0.104696	11033.30784
0.104702	11033.83625
0.104708	11034.38004
0.104715	11034.92827
0.104721	11035.48141
0.104727	11036.03036
0.104734	11036.5774
0.10474	11037.125
0.104746	11037.66798
0.104752	11038.20503
0.104758	11038.75072
0.104764	11039.28882
0.10477	11039.84069
0.104776	11040.38464
0.104782	11040.92765
0.104788	11041.47713
0.104794	11042.02649
0.1048	11042.57614
0.104807	11043.14336
0.104813	11043.69801
0.104819	11044.24043
0.104825	11044.78271
0.104831	11045.32815
0.104836	11045.87024
0.104842	11046.41338
0.104849	11046.9605
0.104854	11047.50373
0.10486	11048.04381
0.104866	11048.57962
0.104871	11049.10339
0.104878	11049.63016
0.104883	11050.16316
0.104889	11050.70274
0.104895	11051.24802
0.104901	11051.79066
0.104908	11052.33156
0.104914	11052.87109
0.10492	11053.41954
0.104926	11053.96872
0.104932	11054.51426
0.104938	11055.05187
0.104944	11055.58594
0.10495	11056.11724
0.104956	11056.64804
0.104961	11057.17477
0.104967	11057.69679
0.104973	11058.23154
0.104979	11058.75295
0.104985	11059.27887
0.104991	11059.80339
0.104997	11060.34625
0.105003	11060.88046
0.105009	11061.42645
0.105015	11061.97708
0.105021	11062.52278
0.105027	11063.07974
0.105033	11063.62697
0.105039	11064.1727
0.105045	11064.72198
0.105051	11065.26529
0.105057	11065.80516
0.105063	11066.33619
0.105069	11066.86255
0.105075	11067.39553
0.105081	11067.92415
0.105086	11068.46254
0.105093	11068.99686
0.105099	11069.53052
0.105104	11070.05995
0.10511	11070.59461
0.105116	11071.12455
0.105122	11071.66379
0.105128	11072.217
0.105134	11072.77387
0.105141	11073.33122
0.105147	11073.88509
0.105153	11074.4349
0.105159	11074.98265
0.105165	11075.53383
0.105171	11076.07853
0.105177	11076.6289
0.105183	11077.17877
0.105189	11077.72068
0.105195	11078.25606
0.105201	11078.79099
0.105207	11079.31148
0.105213	11079.84234
0.105218	11080.36687
0.105224	11080.89687
0.10523	11081.42605
0.105236	11081.95348
0.105242	11082.47744
0.105248	11083.00278
0.105254	11083.53629
0.105259	11084.05992
0.105265	11084.58922
0.105271	11085.12674
0.105277	11085.65655
0.105283	11086.19136
0.105289	11086.72477
0.105295	11087.26492
0.1053	11087.80595
0.105306	11088.34061
0.105312	11088.87238
0.105318	11089.40564
0.105324	11089.94396
0.10533	11090.48199
0.105336	11091.02488
0.105341	11091.56097
0.105347	11092.08234
0.105354	11092.61839
0.105359	11093.14652
0.105365	11093.68193
0.105371	11094.2207
0.105377	11094.75202
0.105383	11095.29509
0.105388	11095.833
0.105394	11096.36566
0.1054	11096.89637
0.105406	11097.43094
0.105412	11097.95952
0.105418	11098.49419
0.105423	11099.03648
0.105429	11099.5707
0.105435	11100.10197
0.105441	11100.63629
0.105447	11101.18061
0.105453	11101.73107
0.10546	11102.28261
0.105466	11102.8411
0.105472	11103.40027
0.105478	11103.95015
0.105484	11104.48353
0.10549	11105.01029
0.105496	11105.55024
0.105502	11106.08645
0.105507	11106.63687
0.105514	11107.18796
0.10552	11107.7328
0.105526	11108.2803
0.105531	11108.8223
0.105538	11109.36986
0.105544	11109.92649
0.10555	11110.4857
0.105556	11111.0545
0.105562	11111.62084
0.105568	11112.18134
0.105574	11112.73484
0.10558	11113.28646
0.105586	11113.84267
0.105592	11114.40476
0.105598	11114.96241
0.105605	11115.51662
0.105611	11116.07244
0.105617	11116.63125
0.105623	11117.19418
0.105629	11117.76117
0.105635	11118.31575
0.105642	11118.87473
0.105648	11119.44092
0.105654	11119.98959
0.10566	11120.54603
0.105666	11121.08952
0.105672	11121.61821
0.105678	11122.15533
0.105684	11122.68535
0.10569	11123.21204
0.105696	11123.73965
0.105702	11124.28178
0.105708	11124.83077
0.105714	11125.37409
0.10572	11125.91597
0.105726	11126.44989
0.105732	11126.99292
0.105738	11127.56397
0.105745	11128.13057
0.105751	11128.70074
0.105757	11129.26319
0.105764	11129.81802
0.10577	11130.36699
0.105776	11130.92101
0.105782	11131.4705
0.105788	11132.02486
0.105794	11132.57351
0.105799	11133.12483
0.105805	11133.67165
0.105812	11134.21198
0.105817	11134.75922
0.105823	11135.29106
0.105829	11135.83478
0.105835	11136.37423
0.105841	11136.91217
0.105848	11137.44823
0.105854	11137.98875
0.10586	11138.53294
0.105866	11139.07646
0.105872	11139.63568
0.105878	11140.18453
0.105885	11140.74255
0.105891	11141.29611
0.105897	11141.85921
0.105904	11142.43214
0.10591	11143.0144
0.105917	11143.5879
0.105923	11144.14904
0.105929	11144.71406
0.105935	11145.27523
0.105942	11145.83769
0.105948	11146.38996
0.105954	11146.93261
0.10596	11147.47908
0.105966	11148.02464
0.105972	11148.57856
0.105978	11149.12279
0.105984	11149.66382
0.10599	11150.19589
0.105996	11150.73671
0.106002	11151.27984
0.106008	11151.81066
0.106013	11152.3417
0.106019	11152.86953
0.106025	11153.4052
0.10603	11153.9461
0.106037	11154.48349
0.106043	11155.03471
0.106048	11155.58457
0.106054	11156.12971
0.10606	11156.67137
0.106067	11157.22132
0.106073	11157.76246
0.106079	11158.30587
0.106084	11158.84864
0.10609	11159.38621
0.106096	11159.91204
0.106102	11160.44414
0.106108	11160.96079
0.106113	11161.48442
0.106119	11162.00943
0.106125	11162.54761
0.106131	11163.09732
0.106137	11163.63757
0.106143	11164.18213
0.106149	11164.74176
0.106155	11165.31323
0.106161	11165.88263
0.106168	11166.4449
0.106174	11167.00503
0.10618	11167.56331
0.106186	11168.12004
0.106192	11168.67346
0.106199	11169.23166
0.106205	11169.78664
0.10621	11170.33993
0.106217	11170.89773
0.106222	11171.45196
0.106229	11172.01833
0.106235	11172.57409
0.106241	11173.12798
0.106247	11173.6831
0.106252	11174.22908
0.106258	11174.77323
0.106265	11175.31747
0.106271	11175.86459
0.106277	11176.4161
0.106283	11176.97828
0.106289	11177.52987
0.106295	11178.08454
0.106301	11178.63364
0.106307	11179.19002
0.106313	11179.74912
0.106319	11180.30147
0.106325	11180.85994
0.106331	11181.40156
0.106337	11181.9489
0.106343	11182.49974
0.10635	11183.05865
0.106356	11183.62166
0.106362	11184.17632
0.106368	11184.73049
0.106374	11185.27351
0.10638	11185.82849
0.106386	11186.37517
0.106392	11186.91121
0.106399	11187.44461
0.106405	11187.97851
0.106411	11188.52326
0.106416	11189.07302
0.106422	11189.617
0.106428	11190.15835
0.106434	11190.69569
0.10644	11191.23139
0.106445	11191.76785
0.106451	11192.30148
0.106457	11192.82856
0.106463	11193.36465
0.106468	11193.89819
0.106475	11194.4394
0.10648	11194.97626
0.106486	11195.521
0.106493	11196.06612
0.106499	11196.61156
0.106505	11197.17037
0.106511	11197.72841
0.106517	11198.28681
0.106523	11198.84355
0.106529	11199.4027
0.106536	11199.98688
0.106542	11200.55882
0.106548	11201.12879
0.106554	11201.67863
0.10656	11202.22027
0.106566	11202.76178
0.106573	11203.30115
0.106578	11203.83681
0.106584	11204.36672
0.10659	11204.89775
0.106596	11205.42632
0.106602	11205.96876
0.106608	11206.51173
0.106614	11207.04776
0.10662	11207.58326
0.106626	11208.11697
0.106632	11208.64868
0.106638	11209.19044
0.106644	11209.72959
0.10665	11210.26791
0.106656	11210.81147
0.106662	11211.3559
0.106668	11211.91158
0.106674	11212.46969
0.10668	11213.02759
0.106686	11213.5868
0.106692	11214.13429
0.106698	11214.6884
0.106704	11215.24167
0.106709	11215.78155
0.106715	11216.31806
0.106721	11216.85262
0.106727	11217.39029
0.106734	11217.92942
0.10674	11218.46818
0.106746	11219.01165
0.106752	11219.55583
0.106758	11220.10085
0.106764	11220.64214
0.10677	11221.1836
0.106776	11221.7293
0.106782	11222.26279
0.106788	11222.8089
0.106794	11223.35155
0.1068	11223.89338
0.106806	11224.43742
0.106812	11224.9885
0.106818	11225.52834
0.106824	11226.07275
0.10683	11226.60956
0.106836	11227.14594
0.106842	11227.68506
0.106848	11228.22125
0.106854	11228.76209
0.10686	11229.29758
0.106866	11229.8331
0.106873	11230.38269
0.106879	11230.94072
0.106885	11231.48027
0.106891	11232.02279
0.106897	11232.56537
0.106903	11233.10766
0.106909	11233.65394
0.106915	11234.18856
0.10692	11234.72617
0.106927	11235.2604
0.106933	11235.79539
0.106938	11236.32898
0.106944	11236.8638
0.10695	11237.40053
0.106956	11237.94085
0.106962	11238.47638
0.106968	11239.01867
0.106974	11239.55871
0.10698	11240.10128
0.106986	11240.63918
0.106992	11241.17779
0.106998	11241.71313
0.107004	11242.24867
0.10701	11242.78771
0.107016	11243.32692
0.107021	11243.86257
0.107027	11244.40651
0.107033	11244.95817
0.10704	11245.51542
0.107046	11246.06681
0.107052	11246.62301
0.107058	11247.17687
0.107063	11247.72808
0.10707	11248.26735
0.107076	11248.79389
0.107081	11249.32368
0.107087	11249.86241
0.107093	11250.40028
0.107099	11250.94552
0.107105	11251.49117
0.107111	11252.03102
0.107116	11252.57532
0.107122	11253.11941
0.107129	11253.67452
0.107134	11254.21492
0.10714	11254.76008
0.107146	11255.30115
0.107152	11255.83788
0.107158	11256.36944
0.107164	11256.89908
0.10717	11257.43294
0.107176	11257.97103
0.107182	11258.51565
0.107188	11259.08123
0.107194	11259.64442
0.1072	11260.20354
0.107206	11260.76414
0.107212	11261.3313
0.107219	11261.89845
0.107225	11262.46435
0.107231	11263.02555
0.107238	11263.58621
0.107244	11264.14569
0.10725	11264.71035
0.107256	11265.26778
0.107263	11265.81325
0.107269	11266.36345
0.107275	11266.90543
0.107281	11267.44832
0.107287	11267.99744
0.107293	11268.52801
0.107299	11269.06138
0.107304	11269.58542
0.10731	11270.11333
0.107316	11270.64392
0.107322	11271.18201
0.107329	11271.7277
0.107335	11272.26953
0.10734	11272.82242
0.107347	11273.38408
0.107353	11273.94642
0.107359	11274.50267
0.107365	11275.05446
0.107371	11275.60381
0.107377	11276.14366
0.107383	11276.68977
0.107389	11277.23208
0.107396	11277.77833
0.107402	11278.32441
0.107408	11278.87565
0.107414	11279.42565
0.10742	11279.97636
0.107426	11280.53043
0.107433	11281.08057
0.107439	11281.64345
0.107444	11282.20569
0.107451	11282.76725
0.107457	11283.32666
0.107463	11283.87782
0.107469	11284.42837
0.107475	11284.97631
0.107481	11285.52388
0.107487	11286.05881
0.107494	11286.60725
0.1075	11287.15284
0.107506	11287.7006
0.107512	11288.24486
0.107518	11288.77516
0.107524	11289.29578
0.10753	11289.82515
0.107535	11290.35323
0.107541	11290.89064
0.107547	11291.43347
0.107553	11291.95994
0.10756	11292.50274
0.107566	11293.05331
0.107572	11293.60254
0.107578	11294.15324
0.107584	11294.69885
0.10759	11295.24473
0.107596	11295.79132
0.107602	11296.33765
0.107608	11296.88169
0.107614	11297.42818
0.10762	11297.96844
0.107626	11298.51582
0.107632	11299.07039
0.107639	11299.63339
0.107645	11300.19848
0.107651	11300.75294
0.107657	11301.30243
0.107663	11301.84425
0.107669	11302.38449
0.107675	11302.9144
0.107681	11303.44159
0.107687	11303.95458
0.107693	11304.48407
0.107699	11305.03022
0.107705	11305.58945
0.107711	11306.14737
0.107717	11306.70517
0.107723	11307.25852
0.10773	11307.82172
0.107736	11308.38046
0.107742	11308.93541
0.107749	11309.48567
0.107755	11310.04038
0.107761	11310.59375
0.107767	11311.14486
0.107773	11311.68337
0.10778	11312.22621
0.107786	11312.76715
0.107792	11313.30986
0.107798	11313.85835
0.107804	11314.4102
0.107811	11314.96167
0.107817	11315.50872
0.107823	11316.05433
0.10783	11316.60351
0.107836	11317.15098
0.107841	11317.68321
0.107847	11318.21041
0.107853	11318.74761
0.10786	11319.28848
0.107865	11319.82606
0.107872	11320.36759
0.107878	11320.90925
0.107884	11321.4475
0.10789	11321.99985
0.107897	11322.54992
0.107903	11323.08878
0.107909	11323.63754
0.107915	11324.18882
0.107921	11324.73528
0.107927	11325.28509
0.107933	11325.82719
0.107939	11326.36505
0.107945	11326.9046
0.107951	11327.45186
0.107958	11328.00783
0.107964	11328.56284
0.10797	11329.10313
0.107976	11329.63461
0.107982	11330.17335
0.107988	11330.7196
0.107994	11331.26663
0.108	11331.81248
0.108007	11332.35911
0.108013	11332.91347
0.108019	11333.47205
0.108026	11334.00265
0.108031	11334.53454
0.108038	11335.06902
0.108044	11335.60333
0.108049	11336.1439
0.108056	11336.68561
0.108062	11337.22833
0.108068	11337.77268
0.108074	11338.32322
0.10808	11338.87569
0.108086	11339.42079
0.108091	11339.96088
0.108097	11340.4963
0.108103	11341.01698
0.108109	11341.54458
0.108115	11342.08233
0.108121	11342.62041
0.108127	11343.15235
0.108133	11343.69641
0.10814	11344.24457
0.108146	11344.80174
0.108152	11345.35682
0.108158	11345.91015
0.108165	11346.46368
0.108171	11347.0137
0.108177	11347.56731
0.108183	11348.11699
0.108189	11348.66787
0.108195	11349.2238
0.108201	11349.77219
0.108207	11350.31326
0.108214	11350.8572
0.108219	11351.40189
0.108225	11351.92313
0.108231	11352.45341
0.108237	11352.98281
0.108242	11353.51133
0.108249	11354.04574
0.108255	11354.58304
0.108261	11355.1238
0.108266	11355.66545
0.108272	11356.20458
0.108278	11356.75181
0.108284	11357.29532
0.10829	11357.8567
0.108297	11358.42326
0.108303	11359.0001
0.108309	11359.56762
0.108315	11360.12482
0.108321	11360.68227
0.108327	11361.23349
0.108332	11361.78578
0.108338	11362.32952
0.108344	11362.88089
0.10835	11363.42526
0.108356	11363.95649
0.108361	11364.482
0.108367	11365.01221
0.108373	11365.54107
0.10838	11366.0734
0.108386	11366.6064
0.108392	11367.13944
0.108397	11367.66835
0.108403	11368.20147
0.108409	11368.73022
0.108415	11369.25585
0.108421	11369.77772
0.108427	11370.30262
0.108433	11370.83482
0.108439	11371.37152
0.108444	11371.90863
0.10845	11372.43848
0.108457	11372.97954
0.108462	11373.51561
0.108469	11374.05166
0.108475	11374.58593
0.108481	11375.13229
0.108487	11375.67631
0.108493	11376.22603
0.108499	11376.77753
0.108506	11377.31995
0.108512	11377.86335
0.108517	11378.41213
0.108524	11378.95836
0.10853	11379.5053
0.108536	11380.05053
0.108542	11380.59757
0.108549	11381.15713
0.108555	11381.72082
0.108561	11382.27148
0.108567	11382.82618
0.108573	11383.38151
0.108579	11383.94367
0.108585	11384.49414
0.108591	11385.04588
0.108597	11385.59176
0.108603	11386.13752
0.10861	11386.68355
0.108616	11387.22486
0.108622	11387.75611
0.108628	11388.27699
0.108634	11388.7984
0.108639	11389.32633
0.108646	11389.84813
0.108652	11390.37358
0.108658	11390.90199
0.108664	11391.44412
0.10867	11391.98466
0.108676	11392.53312
0.108682	11393.08343
0.108688	11393.62744
0.108694	11394.17932
0.1087	11394.72976
0.108706	11395.27186
0.108713	11395.81814
0.108719	11396.35773
0.108725	11396.90718
0.108731	11397.4597
0.108737	11398.00794
0.108744	11398.56883
0.10875	11399.12871
0.108757	11399.68348
0.108763	11400.23903
0.108769	11400.80741
0.108776	11401.3605
0.108782	11401.9063
0.108788	11402.45354
0.108794	11403.0082
0.1088	11403.56457
0.108806	11404.11908
0.108812	11404.67302
0.108818	11405.21762
0.108824	11405.77223
0.10883	11406.32512
0.108837	11406.86314
0.108843	11407.41136
0.108849	11407.96039
0.108855	11408.50265
0.108861	11409.05806
0.108867	11409.6124
0.108873	11410.16383
0.10888	11410.71568
0.108886	11411.26222
0.108892	11411.8058
0.108898	11412.34309
0.108904	11412.87764
0.10891	11413.4162
0.108916	11413.95436
0.108922	11414.48925
0.108929	11415.02919
0.108935	11415.57562
0.108941	11416.12683
0.108947	11416.66746
0.108953	11417.20958
0.108959	11417.75538
0.108965	11418.30309
0.108971	11418.8532
0.108977	11419.40352
0.108984	11419.95954
0.10899	11420.5152
0.108996	11421.07044
0.109002	11421.62383
0.109009	11422.18976
0.109015	11422.76157
0.109021	11423.32234
0.109027	11423.87871
0.109033	11424.43082
0.109039	11424.97577
0.109045	11425.51704
0.109051	11426.06016
0.109057	11426.60828
0.109063	11427.15721
0.109069	11427.70711
0.109075	11428.2497
0.109081	11428.7951
0.109087	11429.33261
0.109093	11429.87783
0.109099	11430.41527
0.109105	11430.95762
0.109111	11431.49536
0.109117	11432.03978
0.109123	11432.58839
0.10913	11433.13479
0.109136	11433.68127
0.109142	11434.22889
0.109148	11434.76199
0.109155	11435.30221
0.109161	11435.84359
0.109167	11436.38585
0.109173	11436.92258
0.109179	11437.4655
0.109185	11438.02003
0.109191	11438.56817
0.109197	11439.11949
0.109203	11439.66073
0.109209	11440.19901
0.109215	11440.74161
0.109221	11441.28053
0.109227	11441.8265
0.109234	11442.36499
0.109239	11442.91572
0.109245	11443.46902
0.109252	11444.02826
0.109258	11444.59085
0.109264	11445.15533
0.109271	11445.72636
0.109277	11446.28635
0.109283	11446.84993
0.109289	11447.40342
0.109296	11447.95704
0.109302	11448.5066
0.109309	11449.06547
0.109315	11449.61938
0.109321	11450.17438
0.109327	11450.73236
0.109333	11451.28979
0.10934	11451.84677
0.109346	11452.39464
0.109353	11452.94677
0.109359	11453.50272
0.109365	11454.05546
0.109371	11454.61605
0.109378	11455.17541
0.109384	11455.72884
0.10939	11456.29261
0.109396	11456.84824
0.109402	11457.40681
0.109409	11457.97304
0.109415	11458.53127
0.109421	11459.08476
0.109427	11459.63244
0.109434	11460.18338
0.10944	11460.73515
0.109446	11461.28727
0.109452	11461.84739
0.109458	11462.39901
0.109464	11462.95505
0.10947	11463.50785
0.109477	11464.06115
0.109483	11464.61981
0.10949	11465.17383
0.109496	11465.73244
0.109502	11466.28623
0.109508	11466.83648
0.109514	11467.39006
0.10952	11467.93347
0.109526	11468.48772
0.109533	11469.04022
0.109539	11469.59016
0.109545	11470.14027
0.109551	11470.68935
0.109557	11471.23956
0.109564	11471.7868
0.10957	11472.32742
0.109576	11472.86762
0.109581	11473.41354
0.109588	11473.95479
0.109594	11474.50042
0.1096	11475.04982
0.109606	11475.59714
0.109611	11476.14278
0.109617	11476.69235
0.109624	11477.2487
0.10963	11477.8036
0.109636	11478.34681
0.109642	11478.89783
0.109648	11479.45966
0.109654	11480.02047
0.10966	11480.57817
0.109667	11481.11072
0.109673	11481.652
0.109678	11482.19733
0.109685	11482.7442
0.109691	11483.286
0.109698	11483.82985
0.109704	11484.36996
0.10971	11484.91747
0.109716	11485.46195
0.109722	11486.00952
0.109728	11486.55326
0.109734	11487.09523
0.109741	11487.64506
0.109747	11488.18965
0.109753	11488.7375
0.109759	11489.28669
0.109765	11489.83025
0.109771	11490.37214
0.109777	11490.91808
0.109783	11491.46342
0.109789	11492.00522
0.109796	11492.55394
0.109802	11493.11932
0.109808	11493.67647
0.109814	11494.21152
0.10982	11494.74682
0.109826	11495.28837
0.109832	11495.82386
0.109838	11496.37042
0.109844	11496.91779
0.109851	11497.45727
0.109857	11498.00741
0.109863	11498.54605
0.109869	11499.08071
0.109876	11499.63118
0.109882	11500.17929
0.109888	11500.72748
0.109894	11501.2799
0.1099	11501.83116
0.109906	11502.38648
0.109913	11502.93853
0.109919	11503.48204
0.109925	11504.02326
0.109931	11504.5543
0.109937	11505.09851
0.109943	11505.64186
0.109949	11506.18601
0.109955	11506.7234
0.109961	11507.26143
0.109967	11507.7979
0.109973	11508.33887
0.109979	11508.87649
0.109985	11509.40876
0.109991	11509.94177
0.109997	11510.47074
0.110003	11511.00443
0.110009	11511.54679
0.110015	11512.08806
0.110021	11512.63627
0.110028	11513.19
0.110034	11513.73818
0.11004	11514.28957
0.110046	11514.83494
0.110053	11515.37224
0.110058	11515.91235
0.110065	11516.45564
0.11007	11517.00382
0.110077	11517.54204
0.110083	11518.06404
0.110089	11518.58355
0.110094	11519.11458
0.1101	11519.65232
0.110107	11520.19231
0.110112	11520.73668
0.110119	11521.28112
0.110125	11521.82778
0.110131	11522.38602
0.110137	11522.94118
0.110144	11523.49198
0.11015	11524.03626
0.110156	11524.58425
0.110163	11525.12821
0.110169	11525.68285
0.110175	11526.22801
0.110181	11526.78124
0.110187	11527.33617
0.110194	11527.8915
0.1102	11528.43604
0.110206	11528.97753
0.110213	11529.52072
0.110219	11530.07083
0.110225	11530.62249
0.110231	11531.17977
0.110237	11531.73873
0.110244	11532.29807
0.11025	11532.86138
0.110256	11533.42312
0.110262	11533.98054
0.110269	11534.53394
0.110275	11535.0746
0.110281	11535.61283
0.110287	11536.14398
0.110293	11536.68443
0.110299	11537.2193
0.110305	11537.75047
0.110311	11538.28907
0.110318	11538.8197
0.110323	11539.35157
0.110329	11539.89024
0.110335	11540.44429
0.110341	11540.98283
0.110347	11541.52839
0.110354	11542.07364
0.110359	11542.61623
0.110365	11543.15973
0.110372	11543.6947
0.110378	11544.23771
0.110383	11544.78028
0.11039	11545.32704
0.110396	11545.86842
0.110402	11546.41782
0.110408	11546.97723
0.110414	11547.54275
0.110421	11548.13081
0.110427	11548.71809
0.110433	11549.29779
0.110439	11549.87767
0.110446	11550.44993
0.110452	11551.00445
0.110459	11551.56198
0.110465	11552.1198
0.110471	11552.67228
0.110478	11553.23334
0.110483	11553.78698
0.11049	11554.34088
0.110496	11554.89834
0.110502	11555.44701
0.110509	11555.99523
0.110515	11556.54853
0.110521	11557.09902
0.110527	11557.65347
0.110534	11558.20767
0.11054	11558.75877
0.110546	11559.31409
0.110553	11559.86117
0.110559	11560.40605
0.110565	11560.95407
0.110571	11561.50237
0.110577	11562.05678
0.110583	11562.59791
0.110588	11563.1404
0.110595	11563.67958
0.110601	11564.21936
0.110607	11564.7646
0.110613	11565.32232
0.110619	11565.87844
0.110626	11566.43564
0.110632	11566.99671
0.110639	11567.56602
0.110645	11568.1356
0.110651	11568.69629
0.110657	11569.25815
0.110664	11569.82077
0.11067	11570.38054
0.110677	11570.93231
0.110683	11571.48687
0.110689	11572.05114
0.110695	11572.60793
0.110702	11573.17209
0.110709	11573.73704
0.110715	11574.30544
0.110721	11574.87472
0.110728	11575.44601
0.110734	11576.02
0.11074	11576.59289
0.110746	11577.16511
0.110753	11577.73626
0.11076	11578.31664
0.110766	11578.89831
0.110773	11579.47616
0.110779	11580.04959
0.110785	11580.61479
0.110791	11581.17503
0.110798	11581.73705
0.110804	11582.29826
0.11081	11582.8586
0.110817	11583.42641
0.110823	11583.98952
0.11083	11584.55071
0.110836	11585.1178
0.110842	11585.6779
0.110849	11586.24266
0.110856	11586.81182
0.110862	11587.37468
0.110868	11587.94709
0.110874	11588.51024
0.11088	11589.05509
0.110886	11589.60905
0.110893	11590.15876
0.110899	11590.70978
0.110905	11591.25966
0.110912	11591.80963
0.110918	11592.3555
0.110924	11592.90429
0.11093	11593.45357
0.110937	11594.00627
0.110943	11594.56479
0.11095	11595.13079
0.110956	11595.69653
0.110962	11596.26269
0.110968	11596.82563
0.110975	11597.38493
0.110981	11597.93922
0.110987	11598.49257
0.110993	11599.04907
0.110999	11599.60013
0.111006	11600.15061
0.111012	11600.70153
0.111019	11601.26156
0.111025	11601.83333
0.111031	11602.40164
0.111038	11602.97489
0.111044	11603.53752
0.111051	11604.10705
0.111057	11604.6752
0.111064	11605.24639
0.11107	11605.81841
0.111076	11606.38966
0.111083	11606.95588
0.111089	11607.52129
0.111096	11608.08851
0.111102	11608.64832
0.111108	11609.2176
0.111115	11609.77664
0.111121	11610.33914
0.111128	11610.89897
0.111135	11611.45298
0.111141	11612.01064
0.111147	11612.57346
0.111154	11613.14328
0.11116	11613.70731
0.111166	11614.27158
0.111173	11614.84307
0.111179	11615.41165
0.111185	11615.97777
0.111192	11616.54135
0.111198	11617.09996
0.111205	11617.65688
0.111211	11618.22053
0.111217	11618.77135
0.111223	11619.31341
0.111229	11619.84836
0.111236	11620.39015
0.111242	11620.94531
0.111248	11621.50049
0.111255	11622.05732
0.111261	11622.60858
0.111268	11623.17377
0.111274	11623.72805
0.111281	11624.29011
0.111287	11624.86978
0.111294	11625.4517
0.111301	11626.02796
0.111307	11626.6165
0.111314	11627.19379
0.11132	11627.77651
0.111326	11628.35347
0.111333	11628.93158
0.11134	11629.50179
0.111346	11630.07763
0.111353	11630.64301
0.111359	11631.2131
0.111366	11631.78196
0.111372	11632.34964
0.111379	11632.91917
0.111386	11633.48618
0.111392	11634.05804
0.111398	11634.6341
0.111405	11635.1984
0.111412	11635.76394
0.111418	11636.32909
0.111424	11636.8938
0.11143	11637.45997
0.111437	11638.02243
0.111443	11638.57773
0.111449	11639.13015
0.111455	11639.69356
0.111462	11640.26398
0.111468	11640.82709
0.111475	11641.40184
0.111481	11641.96239
0.111487	11642.52146
0.111494	11643.09429
0.111501	11643.6628
0.111507	11644.23766
0.111513	11644.81265
0.11152	11645.38666
0.111526	11645.96377
0.111533	11646.53956
0.111539	11647.09709
0.111546	11647.65506
0.111552	11648.21391
0.111559	11648.77348
0.111565	11649.33612
0.111572	11649.89885
0.111577	11650.45935
0.111584	11651.02067
0.11159	11651.57504
0.111597	11652.14622
0.111603	11652.70947
0.11161	11653.26659
0.111616	11653.82646
0.111622	11654.38226
0.111629	11654.93691
0.111635	11655.48867
0.111641	11656.04242
0.111648	11656.59467
0.111654	11657.14564
0.11166	11657.70018
0.111667	11658.25763
0.111673	11658.81014
0.111679	11659.35552
0.111686	11659.8962
0.111692	11660.43807
0.111698	11660.98259
0.111705	11661.5311
0.111711	11662.07818
0.111717	11662.62962
0.111724	11663.17944
0.11173	11663.73319
0.111736	11664.28814
0.111743	11664.84668
0.111749	11665.40118
0.111755	11665.95331
0.111762	11666.49555
0.111769	11667.05107
0.111775	11667.60778
0.111781	11668.1615
0.111788	11668.72062
0.111794	11669.27688
0.111801	11669.84733
0.111807	11670.41483
0.111814	11670.97793
0.11182	11671.54806
0.111826	11672.11738
0.111833	11672.68873
0.111839	11673.25378
0.111846	11673.81238
0.111852	11674.37596
0.111859	11674.93646
0.111865	11675.49702
0.111872	11676.05712
0.111878	11676.59521
0.111884	11677.14167
0.111891	11677.68714
0.111897	11678.24651
0.111903	11678.81075
0.11191	11679.37871
0.111916	11679.93629
0.111923	11680.50208
0.111929	11681.0642
0.111936	11681.62618
0.111942	11682.19124
0.111949	11682.75708
0.111956	11683.32757
0.111962	11683.88768
0.111968	11684.45069
0.111975	11685.01618
0.111981	11685.58635
0.111987	11686.15554
0.111994	11686.7156
0.112	11687.27828
0.112006	11687.83631
0.112013	11688.39184
0.112019	11688.94084
0.112025	11689.49281
0.112031	11690.05132
0.112038	11690.60911
0.112044	11691.15903
0.11205	11691.69124
0.112056	11692.22483
0.112062	11692.75462
0.112068	11693.29762
0.112075	11693.8439
0.112081	11694.38493
0.112088	11694.91727
0.112094	11695.45337
0.112101	11695.99778
0.112107	11696.53762
0.112113	11697.07402
0.11212	11697.61371
0.112126	11698.16031
0.112132	11698.71269
0.112139	11699.27115
0.112145	11699.8374
0.112151	11700.40086
0.112158	11700.96404
0.112164	11701.52679
0.112171	11702.09848
0.112178	11702.66481
0.112184	11703.22683
0.112191	11703.79329
0.112197	11704.34953
0.112204	11704.90189
0.11221	11705.46235
0.112217	11706.02236
0.112223	11706.57423
0.112229	11707.14163
0.112235	11707.69849
0.112242	11708.25126
0.112249	11708.8053
0.112254	11709.36194
0.112261	11709.91612
0.112267	11710.47436
0.112274	11711.02815
0.11228	11711.58388
0.112287	11712.13209
0.112293	11712.68192
0.112299	11713.24854
0.112306	11713.81313
0.112312	11714.35401
0.112318	11714.88661
0.112324	11715.42285
0.11233	11715.96171
0.112336	11716.50511
0.112343	11717.04544
0.112349	11717.58451
0.112355	11718.1321
0.112361	11718.68167
0.112368	11719.24058
0.112374	11719.80151
0.11238	11720.3541
0.112387	11720.91054
0.112393	11721.45269
0.112399	11722.00854
0.112406	11722.55995
0.112412	11723.11012
0.112418	11723.6613
0.112425	11724.21063
0.112431	11724.76715
0.112438	11725.32258
0.112444	11725.87943
0.11245	11726.4277
0.112457	11726.98296
0.112463	11727.53997
0.112469	11728.09342
0.112476	11728.64239
0.112482	11729.18572
0.112488	11729.73985
0.112495	11730.2877
0.112501	11730.8356
0.112507	11731.37639
0.112514	11731.92153
0.11252	11732.45448
0.112526	11732.99136
0.112532	11733.52622
0.112538	11734.07229
0.112545	11734.63924
0.112551	11735.19145
0.112557	11735.75618
0.112564	11736.33301
0.11257	11736.90613
0.112577	11737.47466
0.112583	11738.04116
0.112589	11738.60073
0.112596	11739.16441
0.112603	11739.73515
0.112609	11740.29694
0.112616	11740.87092
0.112622	11741.43977
0.112629	11742.00971
0.112636	11742.58741
0.112642	11743.1631
0.112649	11743.73471
0.112655	11744.30379
0.112662	11744.87938
0.112668	11745.45356
0.112675	11746.02298
0.112681	11746.58729
0.112688	11747.14413
0.112694	11747.6958
0.1127	11748.25587
0.112707	11748.81797
0.112713	11749.38269
0.112719	11749.92759
0.112726	11750.47361
0.112732	11751.0333
0.112739	11751.59144
0.112745	11752.14863
0.112751	11752.70474
0.112758	11753.26062
0.112764	11753.83057
0.112771	11754.39885
0.112777	11754.96717
0.112784	11755.52601
0.11279	11756.09154
0.112797	11756.65537
0.112804	11757.22266
0.11281	11757.78385
0.112816	11758.36151
0.112823	11758.92528
0.112829	11759.49112
0.112836	11760.06713
0.112843	11760.65872
0.112849	11761.24647
0.112856	11761.83347
0.112862	11762.40235
0.112868	11762.95787
0.112875	11763.50016
0.112881	11764.04973
0.112888	11764.60648
0.112894	11765.1626
0.112901	11765.72334
0.112908	11766.29967
0.112915	11766.86885
0.112921	11767.43424
0.112927	11767.99578
0.112933	11768.55967
0.11294	11769.12322
0.112946	11769.68136
0.112953	11770.2426
0.112959	11770.79325
0.112965	11771.35229
0.112972	11771.91378
0.112978	11772.46771
0.112984	11773.0267
0.112991	11773.58233
0.112997	11774.13938
0.113004	11774.68998
0.11301	11775.23356
0.113017	11775.78112
0.113023	11776.34026
0.11303	11776.90009
0.113036	11777.46356
0.113042	11778.02395
0.113048	11778.57797
0.113055	11779.13313
0.113061	11779.68955
0.113068	11780.24308
0.113074	11780.80007
0.11308	11781.34209
0.113086	11781.87605
0.113092	11782.41826
0.113098	11782.96254
0.113105	11783.51063
0.113111	11784.0745
0.113118	11784.63615
0.113124	11785.20992
0.113131	11785.7845
0.113138	11786.36433
0.113144	11786.93139
0.113151	11787.50207
0.113157	11788.06595
0.113163	11788.62691
0.11317	11789.19096
0.113176	11789.75314
0.113183	11790.31655
0.113189	11790.88782
0.113196	11791.4613
0.113203	11792.03483
0.113209	11792.61063
0.113216	11793.18725
0.113222	11793.75514
0.113229	11794.3219
0.113236	11794.88579
0.113242	11795.44446
0.113248	11796.00468
0.113254	11796.55259
0.113261	11797.09316
0.113267	11797.64351
0.113273	11798.19104
0.11328	11798.73396
0.113286	11799.27352
0.113292	11799.82252
0.113299	11800.37406
0.113305	11800.92324
0.113312	11801.46653
0.113318	11802.01445
0.113324	11802.56076
0.113331	11803.10658
0.113337	11803.6612
0.113344	11804.20991
0.11335	11804.76215
0.113357	11805.3151
0.113363	11805.8893
0.11337	11806.46204
0.113376	11807.02904
0.113383	11807.59899
0.113389	11808.16224
0.113395	11808.72688
0.113402	11809.29439
0.113408	11809.85165
0.113414	11810.40518
0.113421	11810.94916
0.113428	11811.4965
0.113435	11812.04538
0.113441	11812.60271
0.113447	11813.15107
0.113453	11813.70329
0.11346	11814.25372
0.113466	11814.80389
0.113472	11815.34992
0.113479	11815.89541
0.113485	11816.4405
0.113491	11816.99249
0.113498	11817.54253
0.113504	11818.08803
0.11351	11818.64035
0.113517	11819.1992
0.113523	11819.75095
0.113529	11820.31148
0.113536	11820.87316
0.113543	11821.44119
0.113549	11822.0177
0.113556	11822.6029
0.113563	11823.19062
0.113569	11823.76521
0.113576	11824.34789
0.113582	11824.91063
0.113589	11825.47347
0.113595	11826.02576
0.113601	11826.58211
0.113608	11827.13867
0.113614	11827.69248
0.11362	11828.24363
0.113626	11828.80163
0.113633	11829.35835
0.113639	11829.91388
0.113645	11830.46516
0.113652	11831.0139
0.113658	11831.56731
0.113665	11832.11964
0.113671	11832.67348
0.113678	11833.23082
0.113684	11833.77659
0.113691	11834.32217
0.113698	11834.88517
0.113705	11835.44042
0.113711	11835.99755
0.113717	11836.55872
0.113725	11837.11796
0.113731	11837.68394
0.113737	11838.24903
0.113743	11838.80536
0.113749	11839.36859
0.113756	11839.92723
0.113762	11840.48782
0.113769	11841.04564
0.113775	11841.60256
0.113781	11842.16398
0.113788	11842.71664
0.113794	11843.27164
0.1138	11843.81687
0.113807	11844.37372
0.113813	11844.92637
0.11382	11845.47262
0.113827	11846.02541
0.113833	11846.57137
0.113839	11847.12987
0.113845	11847.67393
0.113852	11848.23099
0.113858	11848.78429
0.113865	11849.34137
0.113871	11849.89648
0.113877	11850.45493
0.113884	11851.00824
0.113891	11851.56551
0.113897	11852.12434
0.113904	11852.68083
0.11391	11853.24283
0.113916	11853.80134
0.113923	11854.36146
0.113929	11854.9199
0.113936	11855.4713
0.113942	11856.02554
0.113948	11856.57963
0.113955	11857.13053
0.113961	11857.67585
0.113968	11858.21553
0.113974	11858.76131
0.11398	11859.3209
0.113987	11859.87609
0.113993	11860.42886
0.114	11860.98019
0.114006	11861.54332
0.114012	11862.10356
0.114019	11862.65708
0.114025	11863.20893
0.114031	11863.76729
0.114038	11864.32418
0.114044	11864.87588
0.114051	11865.43576
0.114057	11865.99583
0.114064	11866.54954
0.11407	11867.10369
0.114076	11867.65492
0.114082	11868.20587
0.114089	11868.7557
0.114095	11869.30202
0.114101	11869.85109
0.114108	11870.40445
0.114114	11870.95267
0.11412	11871.50501
0.114127	11872.05916
0.114133	11872.61465
0.114139	11873.17452
0.114146	11873.73421
0.114152	11874.2902
0.114159	11874.84755
0.114165	11875.40873
0.114171	11875.97582
0.114178	11876.54095
0.114184	11877.10471
0.114191	11877.67128
0.114197	11878.22636
0.114203	11878.79134
0.11421	11879.35005
0.114216	11879.90984
0.114223	11880.46704
0.114229	11881.01085
0.114235	11881.55538
0.114242	11882.12004
0.114248	11882.6924
0.114255	11883.25871
0.114262	11883.82398
0.114268	11884.39584
0.114275	11884.97054
0.114281	11885.54737
0.114288	11886.11988
0.114295	11886.68566
0.114301	11887.26098
0.114308	11887.83212
0.114314	11888.40942
0.114321	11888.97826
0.114327	11889.55037
0.114334	11890.1207
0.11434	11890.68077
0.114346	11891.24075
0.114353	11891.79701
0.114359	11892.35351
0.114365	11892.91618
0.114372	11893.48398
0.114379	11894.05518
0.114385	11894.629
0.114391	11895.19595
0.114398	11895.75706
0.114405	11896.32177
0.114411	11896.89851
0.114418	11897.46294
0.114424	11898.0185
0.114431	11898.5707
0.114437	11899.12392
0.114443	11899.68027
0.11445	11900.24188
0.114456	11900.8137
0.114463	11901.37997
0.114469	11901.94775
0.114475	11902.51435
0.114482	11903.08401
0.114488	11903.6478
0.114495	11904.21006
0.114502	11904.76861
0.114508	11905.33575
0.114515	11905.90737
0.114522	11906.47612
0.114528	11907.05026
0.114535	11907.62618
0.114541	11908.20719
0.114548	11908.78048
0.114554	11909.35157
0.114561	11909.91312
0.114568	11910.48441
0.114574	11911.04024
0.11458	11911.59535
0.114587	11912.13382
0.114593	11912.67296
0.114599	11913.20707
0.114606	11913.75049
0.114612	11914.29953
0.114619	11914.86
0.114625	11915.42581
0.114632	11916.0007
0.114639	11916.58216
0.114646	11917.15382
0.114653	11917.72387
0.114659	11918.28665
0.114666	11918.85569
0.114672	11919.41908
0.114679	11919.98351
0.114685	11920.55194
0.114692	11921.10857
0.114698	11921.67287
0.114705	11922.23914
0.114711	11922.80535
0.114718	11923.37836
0.114724	11923.94891
0.114731	11924.51435
0.114737	11925.08643
0.114744	11925.66653
0.11475	11926.24212
0.114757	11926.80648
0.114764	11927.3839
0.11477	11927.95333
0.114777	11928.52128
0.114783	11929.09225
0.11479	11929.66425
0.114796	11930.21865
0.114802	11930.77955
0.114809	11931.33357
0.114815	11931.88651
0.114821	11932.44282
0.114828	11932.99497
0.114834	11933.54574
0.11484	11934.11393
0.114846	11934.68086
0.114853	11935.25366
0.11486	11935.82829
0.114866	11936.393
0.114873	11936.96039
0.114879	11937.53667
0.114886	11938.11932
0.114893	11938.70066
0.1149	11939.27348
0.114906	11939.84838
0.114913	11940.42411
0.114919	11941.00359
0.114926	11941.57707
0.114933	11942.14738
0.11494	11942.70928
0.114946	11943.27944
0.114953	11943.84711
0.114959	11944.41045
0.114965	11944.97869
0.114972	11945.54638
0.114978	11946.11338
0.114985	11946.68192
0.114991	11947.2434
0.114998	11947.80365
0.115003	11948.36457
0.11501	11948.92553
0.115016	11949.48627
0.115023	11950.04594
0.115029	11950.59988
0.115036	11951.15488
0.115042	11951.71243
0.115048	11952.26957
0.115054	11952.81916
0.115061	11953.36665
0.115068	11953.91774
0.115074	11954.46079
0.115079	11955.00408
0.115086	11955.55261
0.115092	11956.10159
0.115099	11956.65098
0.115105	11957.20496
0.115111	11957.77084
0.115118	11958.34079
0.115125	11958.90943
0.115132	11959.47831
0.115138	11960.04375
0.115144	11960.61002
0.115151	11961.18378
0.115157	11961.7485
0.115164	11962.31283
0.11517	11962.88999
0.115177	11963.46704
0.115184	11964.05293
0.115191	11964.64005
0.115197	11965.21213
0.115203	11965.78104
0.11521	11966.34092
0.115216	11966.90395
0.115222	11967.4731
0.115229	11968.04088
0.115235	11968.60817
0.115242	11969.17929
0.115248	11969.7428
0.115255	11970.31363
0.115261	11970.89073
0.115268	11971.4658
0.115274	11972.04572
0.115281	11972.62512
0.115287	11973.20814
0.115294	11973.79279
0.115301	11974.37564
0.115307	11974.94917
0.115314	11975.52555
0.11532	11976.09365
0.115326	11976.6632
0.115333	11977.23379
0.11534	11977.79795
0.115346	11978.37392
0.115352	11978.92762
0.115358	11979.47581
0.115365	11980.03064
0.115372	11980.58874
0.115378	11981.15747
0.115385	11981.73193
0.115392	11982.30052
0.115398	11982.86176
0.115405	11983.42752
0.115411	11983.98988
0.115418	11984.55376
0.115424	11985.12251
0.115431	11985.68313
0.115437	11986.25326
0.115444	11986.81696
0.11545	11987.38852
0.115457	11987.95838
0.115464	11988.52477
0.11547	11989.09102
0.115477	11989.65574
0.115483	11990.21835
0.115489	11990.77482
0.115495	11991.33156
0.115501	11991.87384
0.115507	11992.42314
0.115514	11992.98366
0.115521	11993.54888
0.115527	11994.11728
0.115534	11994.67986
0.11554	11995.23232
0.115547	11995.79379
0.115553	11996.35514
0.115559	11996.91332
0.115566	11997.46894
0.115572	11998.03045
0.115578	11998.5963
0.115585	11999.15959
0.115591	11999.73011
0.115598	12000.30181
0.115604	12000.87449
0.115611	12001.4383
0.115617	12001.9955
0.115624	12002.55129
0.11563	12003.10849
0.115637	12003.67005
0.115643	12004.22695
0.11565	12004.79523
0.115656	12005.36198
0.115663	12005.92218
0.115669	12006.48711
0.115676	12007.05455
0.115682	12007.61849
0.115688	12008.1845
0.115695	12008.75838
0.115702	12009.3497
0.115708	12009.95137
0.115715	12010.55051
0.115722	12011.14164
0.115728	12011.72136
0.115735	12012.29832
0.115741	12012.8747
0.115748	12013.44307
0.115755	12014.00787
0.115762	12014.57075
0.115769	12015.13582
0.115775	12015.70332
0.115782	12016.26552
0.115788	12016.83661
0.115795	12017.40381
0.115802	12017.96641
0.115808	12018.53145
0.115815	12019.101
0.115821	12019.66481
0.115828	12020.23558
0.115835	12020.79996
0.115841	12021.36389
0.115847	12021.93255
0.115854	12022.49844
0.115861	12023.06083
0.115867	12023.6205
0.115874	12024.17974
0.11588	12024.74505
0.115887	12025.30811
0.115893	12025.87207
0.1159	12026.43272
0.115906	12026.99376
0.115912	12027.56286
0.115919	12028.13973
0.115926	12028.72105
0.115932	12029.28967
0.115939	12029.8701
0.115946	12030.44326
0.115953	12031.01743
0.11596	12031.58089
0.115966	12032.13924
0.115973	12032.70142
0.115979	12033.2621
0.115986	12033.82863
0.115993	12034.40057
0.115999	12034.97114
0.116006	12035.54267
0.116013	12036.12455
0.11602	12036.71412
0.116027	12037.28612
0.116034	12037.85716
0.11604	12038.42027
0.116047	12038.97515
0.116053	12039.54664
0.11606	12040.11532
0.116067	12040.68728
0.116073	12041.2517
0.11608	12041.82359
0.116086	12042.39098
0.116093	12042.96473
0.116099	12043.53574
0.116106	12044.10645
0.116112	12044.66866
0.116119	12045.24026
0.116126	12045.81169
0.116133	12046.38658
0.116139	12046.95975
0.116145	12047.52727
0.116152	12048.1005
0.116159	12048.66615
0.116165	12049.238
0.116172	12049.80407
0.116179	12050.379
0.116186	12050.96014
0.116192	12051.54492
0.116199	12052.10835
0.116206	12052.67494
0.116212	12053.24254
0.116218	12053.81134
0.116225	12054.37643
0.116232	12054.94108
0.116238	12055.50612
0.116245	12056.06778
0.116252	12056.6338
0.116258	12057.1965
0.116264	12057.75729
0.116271	12058.31728
0.116277	12058.87122
0.116284	12059.43157
0.11629	12059.99978
0.116297	12060.56125
0.116304	12061.11633
0.11631	12061.67118
0.116316	12062.22418
0.116323	12062.79121
0.11633	12063.36516
0.116336	12063.9441
0.116343	12064.50927
0.116349	12065.0817
0.116355	12065.65246
0.116362	12066.23401
0.116369	12066.81321
0.116375	12067.38957
0.116383	12067.96345
0.116389	12068.54364
0.116395	12069.1272
0.116402	12069.70714
0.116408	12070.28757
0.116415	12070.86892
0.116421	12071.44357
0.116428	12072.01789
0.116434	12072.58606
0.116441	12073.15092
0.116447	12073.71759
0.116454	12074.28291
0.11646	12074.84614
0.116467	12075.41513
0.116473	12075.97841
0.11648	12076.54098
0.116486	12077.09175
0.116493	12077.64094
0.116499	12078.18767
0.116505	12078.74076
0.116512	12079.30212
0.116518	12079.86032
0.116525	12080.42431
0.116532	12080.98657
0.116538	12081.55342
0.116544	12082.12262
0.116551	12082.67744
0.116558	12083.22974
0.116564	12083.78965
0.116571	12084.34312
0.116577	12084.90166
0.116583	12085.45972
0.11659	12086.01434
0.116596	12086.57375
0.116603	12087.12838
0.11661	12087.68117
0.116616	12088.24086
0.116622	12088.81243
0.116629	12089.39204
0.116636	12089.96252
0.116642	12090.52874
0.116649	12091.09227
0.116655	12091.65158
0.116662	12092.2091
0.116668	12092.76946
0.116675	12093.31197
0.116681	12093.86751
0.116688	12094.41834
0.116694	12094.97718
0.1167	12095.54437
0.116707	12096.11171
0.116713	12096.6836
0.11672	12097.24808
0.116727	12097.81285
0.116734	12098.38558
0.11674	12098.953
0.116747	12099.52878
0.116753	12100.10333
0.11676	12100.66664
0.116766	12101.22405
0.116773	12101.78076
0.116779	12102.33041
0.116785	12102.88496
0.116792	12103.44738
0.116799	12104.01015
0.116805	12104.57653
0.116811	12105.13305
0.116818	12105.69466
0.116825	12106.24592
0.116831	12106.80909
0.116838	12107.36108
0.116844	12107.91021
0.116851	12108.44512
0.116857	12108.95887
0.116863	12109.47931
0.116869	12110.01741
0.116876	12110.54937
0.116882	12111.09223
0.116889	12111.65654
0.116895	12112.21041
0.116902	12112.7624
0.116908	12113.31036
0.116914	12113.8504
0.116921	12114.39814
0.116927	12114.93964
0.116934	12115.48547
0.11694	12116.03705
0.116946	12116.59163
0.116953	12117.13579
0.116959	12117.68643
0.116966	12118.23583
0.116972	12118.78291
0.116979	12119.33537
0.116985	12119.8879
0.116992	12120.4471
0.116998	12121.00472
0.117005	12121.55481
0.117011	12122.10091
0.117018	12122.64582
0.117024	12123.19623
0.117031	12123.74797
0.117038	12124.30528
0.117044	12124.86576
0.11705	12125.42692
0.117057	12125.97489
0.117063	12126.53018
0.11707	12127.08643
0.117076	12127.64751
0.117083	12128.20361
0.117089	12128.75264
0.117095	12129.30606
0.117102	12129.86064
0.117108	12130.416
0.117115	12130.96727
0.117121	12131.52479
0.117128	12132.07933
0.117134	12132.62564
0.11714	12133.17728
0.117146	12133.72536
0.117152	12134.27056
0.117159	12134.81838
0.117165	12135.37248
0.117172	12135.92461
0.117178	12136.47171
0.117185	12137.02397
0.117192	12137.57764
0.117198	12138.13341
0.117204	12138.68635
0.117211	12139.23732
0.117217	12139.7958
0.117223	12140.34496
0.117229	12140.90434
0.117236	12141.46674
0.117242	12142.02723
0.117248	12142.58481
0.117255	12143.14652
0.117262	12143.70116
0.117268	12144.26785
0.117274	12144.82747
0.11728	12145.3857
0.117287	12145.93704
0.117293	12146.48382
0.117299	12147.02451
0.117306	12147.57128
0.117313	12148.11458
0.117319	12148.67121
0.117325	12149.22175
0.117332	12149.77664
0.117339	12150.34297
0.117345	12150.91351
0.117352	12151.48191
0.117359	12152.05136
0.117365	12152.62385
0.117372	12153.1957
0.117379	12153.7703
0.117386	12154.34553
0.117392	12154.92149
0.117399	12155.48467
0.117405	12156.04213
0.117412	12156.60277
0.117418	12157.16043
0.117425	12157.71182
0.117431	12158.27532
0.117438	12158.83574
0.117444	12159.39802
0.117451	12159.96394
0.117457	12160.52766
0.117463	12161.09335
0.11747	12161.65126
0.117477	12162.20364
0.117483	12162.75294
0.117489	12163.30077
0.117495	12163.85833
0.117502	12164.43175
0.117508	12164.99958
0.117515	12165.56381
0.117522	12166.12378
0.117528	12166.68519
0.117534	12167.24529
0.117541	12167.81782
0.117548	12168.38998
0.117554	12168.96864
0.117561	12169.54237
0.117568	12170.11264
0.117574	12170.69087
0.11758	12171.27607
0.117587	12171.85894
0.117594	12172.44001
0.1176	12173.01756
0.117607	12173.59516
0.117614	12174.17213
0.117621	12174.75077
0.117627	12175.32309
0.117634	12175.88548
0.11764	12176.45605
0.117647	12177.02557
0.117654	12177.60006
0.11766	12178.17934
0.117667	12178.75397
0.117673	12179.33295
0.11768	12179.90885
0.117687	12180.48544
0.117694	12181.06147
0.1177	12181.63028
0.117707	12182.19289
0.117713	12182.75461
0.117719	12183.32574
0.117726	12183.88286
0.117732	12184.44479
0.117738	12185.00437
0.117745	12185.55504
0.117751	12186.09806
0.117758	12186.6511
0.117764	12187.19589
0.117771	12187.75157
0.117777	12188.30187
0.117784	12188.85944
0.11779	12189.41327
0.117797	12189.97536
0.117803	12190.53828
0.11781	12191.10787
0.117817	12191.67625
0.117824	12192.24891
0.11783	12192.83256
0.117837	12193.4079
0.117843	12193.98991
0.11785	12194.56686
0.117857	12195.14255
0.117864	12195.7223
0.11787	12196.30286
0.117877	12196.88801
0.117884	12197.4721
0.117891	12198.05483
0.117897	12198.63384
0.117904	12199.21175
0.117911	12199.80054
0.117918	12200.38047
0.117925	12200.95423
0.117931	12201.53142
0.117938	12202.09879
0.117945	12202.67847
0.117952	12203.2532
0.117958	12203.81831
0.117965	12204.38573
0.117972	12204.94714
0.117978	12205.50857
0.117985	12206.08294
0.117992	12206.6582
0.117999	12207.23056
0.118006	12207.82173
0.118012	12208.40291
0.118019	12208.99454
0.118026	12209.58285
0.118033	12210.16444
0.118039	12210.74059
0.118046	12211.31565
0.118052	12211.88087
0.118058	12212.44505
0.118065	12213.00267
0.118072	12213.56009
0.118078	12214.11828
0.118084	12214.67448
0.118091	12215.23289
0.118098	12215.8026
0.118104	12216.37139
0.118111	12216.94135
0.118117	12217.51124
0.118124	12218.08926
0.118131	12218.66916
0.118137	12219.23898
0.118144	12219.81197
0.118151	12220.39509
0.118157	12220.97661
0.118164	12221.55106
0.118171	12222.12918
0.118178	12222.70292
0.118184	12223.27073
0.118191	12223.83266
0.118198	12224.40458
0.118204	12224.97124
0.118211	12225.54125
0.118217	12226.11012
0.118224	12226.68879
0.118231	12227.26396
0.118237	12227.85314
0.118244	12228.44226
0.118251	12229.02566
0.118258	12229.60805
0.118264	12230.20194
0.118271	12230.78894
0.118278	12231.36905
0.118284	12231.94725
0.118291	12232.52583
0.118298	12233.08803
0.118305	12233.6551
0.118311	12234.21838
0.118318	12234.78727
0.118324	12235.3607
0.118331	12235.93041
0.118338	12236.50004
0.118344	12237.07525
0.118351	12237.64497
0.118358	12238.22334
0.118364	12238.7989
0.118371	12239.3741
0.118378	12239.94509
0.118385	12240.52713
0.118392	12241.10959
0.118399	12241.70208
0.118406	12242.28091
0.118412	12242.85615
0.118419	12243.43176
0.118426	12244.00944
0.118433	12244.58274
0.118439	12245.15332
0.118446	12245.72763
0.118453	12246.31218
0.11846	12246.88781
0.118467	12247.46222
0.118474	12248.03633
0.11848	12248.61608
0.118487	12249.19373
0.118494	12249.77338
0.1185	12250.35859
0.118508	12250.937
0.118514	12251.52463
0.118521	12252.09555
0.118528	12252.67332
0.118535	12253.25264
0.118542	12253.8265
0.118548	12254.39357
0.118555	12254.97649
0.118562	12255.54858
0.118569	12256.1286
0.118575	12256.71198
0.118582	12257.30846
0.118589	12257.89359
0.118595	12258.47997
0.118602	12259.0702
0.118609	12259.65595
0.118616	12260.2383
0.118623	12260.8234
0.118629	12261.40654
0.118636	12261.99039
0.118643	12262.55359
0.11865	12263.11804
0.118656	12263.67988
0.118663	12264.24611
0.118669	12264.80355
0.118676	12265.36519
0.118682	12265.93914
0.118689	12266.51864
0.118696	12267.10839
0.118703	12267.69908
0.11871	12268.29118
0.118717	12268.88542
0.118725	12269.47502
0.118732	12270.05807
0.118739	12270.64238
0.118746	12271.22827
0.118752	12271.80847
0.118759	12272.38497
0.118766	12272.97127
0.118773	12273.55998
0.11878	12274.14582
0.118786	12274.73117
0.118793	12275.31537
0.1188	12275.89976
0.118807	12276.46795
0.118814	12277.03744
0.118821	12277.62146
0.118828	12278.19579
0.118834	12278.77555
0.118841	12279.35532
0.118848	12279.93298
0.118855	12280.51473
0.118862	12281.09628
0.118869	12281.68352
0.118876	12282.26324
0.118883	12282.82602
0.118889	12283.38923
0.118896	12283.95205
0.118903	12284.51949
0.118909	12285.08733
0.118915	12285.64986
0.118922	12286.21194
0.118929	12286.76928
0.118935	12287.33861
0.118943	12287.91115
0.118949	12288.48272
0.118956	12289.05499
0.118962	12289.6224
0.118969	12290.19032
0.118976	12290.76418
0.118982	12291.33847
0.118989	12291.91157
0.118995	12292.48501
0.119002	12293.05819
0.119009	12293.62014
0.119016	12294.19381
0.119022	12294.7609
0.119029	12295.32991
0.119036	12295.90195
0.119042	12296.47569
0.119049	12297.04545
0.119056	12297.61615
0.119062	12298.17123
0.119069	12298.71804
0.119075	12299.27247
0.119081	12299.84257
0.119088	12300.41472
0.119095	12300.99061
0.119102	12301.56827
0.119109	12302.14297
0.119115	12302.71987
0.119122	12303.29708
0.119129	12303.86872
0.119136	12304.45199
0.119142	12305.02139
0.119149	12305.59897
0.119156	12306.16966
0.119163	12306.73849
0.119169	12307.30625
0.119176	12307.88087
0.119183	12308.46494
0.11919	12309.0499
0.119197	12309.62006
0.119204	12310.19597
0.11921	12310.77556
0.119217	12311.3552
0.119224	12311.94337
0.119231	12312.50865
0.119238	12313.08606
0.119245	12313.64661
0.119252	12314.21651
0.119259	12314.78333
0.119265	12315.34462
0.119272	12315.90691
0.119279	12316.47354
0.119286	12317.04386
0.119292	12317.61533
0.119299	12318.18394
0.119306	12318.75658
0.119312	12319.32809
0.119319	12319.90799
0.119326	12320.47875
0.119332	12321.04889
0.119339	12321.61318
0.119346	12322.18443
0.119352	12322.74282
0.119359	12323.31528
0.119365	12323.88343
0.119372	12324.44702
0.119379	12324.99401
0.119386	12325.56004
0.119392	12326.11973
0.119399	12326.68167
0.119406	12327.25871
0.119412	12327.84048
0.119419	12328.4163
0.119425	12328.99658
0.119432	12329.57401
0.119439	12330.14846
0.119446	12330.71942
0.119453	12331.29651
0.11946	12331.86893
0.119467	12332.44194
0.119474	12333.01883
0.11948	12333.59261
0.119487	12334.17022
0.119494	12334.74628
0.119501	12335.33008
0.119508	12335.91244
0.119514	12336.49433
0.119522	12337.09198
0.119529	12337.67821
0.119536	12338.25901
0.119542	12338.83538
0.119549	12339.4177
0.119555	12340.00698
0.119562	12340.59045
0.119569	12341.17429
0.119576	12341.7499
0.119583	12342.32155
0.11959	12342.90315
0.119597	12343.48823
0.119604	12344.06299
0.119611	12344.64112
0.119618	12345.21411
0.119625	12345.78337
0.119631	12346.35041
0.119638	12346.9177
0.119645	12347.49016
0.119652	12348.06318
0.119658	12348.64119
0.119665	12349.20934
0.119671	12349.77226
0.119678	12350.33583
0.119685	12350.89742
0.119691	12351.45622
0.119698	12352.02522
0.119704	12352.58724
0.119711	12353.15074
0.119718	12353.71781
0.119725	12354.28718
0.119732	12354.85682
0.119738	12355.42271
0.119745	12355.9956
0.119751	12356.55916
0.119758	12357.13052
0.119765	12357.6951
0.119772	12358.26563
0.119779	12358.83524
0.119785	12359.40673
0.119792	12359.98131
0.119799	12360.5609
0.119806	12361.13566
0.119813	12361.70739
0.11982	12362.28435
0.119827	12362.85202
0.119833	12363.4252
0.11984	12364.00226
0.119847	12364.57832
0.119854	12365.15287
0.119861	12365.73688
0.119868	12366.31484
0.119875	12366.90287
0.119881	12367.49199
0.119888	12368.08051
0.119895	12368.66689
0.119902	12369.26119
0.119909	12369.86357
0.119916	12370.4559
0.119923	12371.04091
0.11993	12371.61064
0.119937	12372.18599
0.119944	12372.76223
0.119951	12373.33006
0.119958	12373.9047
0.119965	12374.47406
0.119971	12375.03487
0.119978	12375.60724
0.119985	12376.17868
0.119992	12376.74358
0.119998	12377.30638
0.120005	12377.87581
0.120012	12378.4333
0.120019	12379.00312
0.120026	12379.56179
0.120032	12380.13009
0.120039	12380.7023
0.120046	12381.28759
0.120053	12381.86917
0.120059	12382.45034
0.120066	12383.02612
0.120073	12383.60845
0.12008	12384.19483
0.120087	12384.7716
0.120095	12385.34007
0.120101	12385.91839
0.120108	12386.48923
0.120115	12387.06339
0.120121	12387.63182
0.120128	12388.18837
0.120135	12388.73889
0.120141	12389.28573
0.120147	12389.84144
0.120154	12390.38992
0.120161	12390.95053
0.120167	12391.50188
0.120174	12392.0608
0.12018	12392.62207
0.120187	12393.18054
0.120194	12393.74868
0.120201	12394.32371
0.120208	12394.89016
0.120215	12395.45976
0.120221	12396.03632
0.120229	12396.61719
0.120235	12397.19492
0.120242	12397.77045
0.120249	12398.34606
0.120256	12398.91678
0.120262	12399.4897
0.120269	12400.06544
0.120275	12400.64126
0.120282	12401.20731
0.120289	12401.78549
0.120295	12402.35935
0.120302	12402.92507
0.120309	12403.49441
0.120316	12404.05641
0.120323	12404.62853
0.12033	12405.20056
0.120337	12405.76385
0.120343	12406.33147
0.12035	12406.89202
0.120356	12407.45747
0.120363	12408.02616
0.12037	12408.59124
0.120377	12409.16466
0.120384	12409.74162
0.120391	12410.32194
0.120398	12410.90093
0.120404	12411.4859
0.120411	12412.07392
0.120418	12412.65407
0.120424	12413.24766
0.120431	12413.82885
0.120438	12414.41737
0.120445	12414.99726
0.120452	12415.58445
0.120459	12416.17366
0.120466	12416.76362
0.120473	12417.34041
0.12048	12417.92452
0.120486	12418.49962
0.120493	12419.06412
0.1205	12419.63615
0.120506	12420.19831
0.120513	12420.7679
0.12052	12421.33486
0.120527	12421.90073
0.120534	12422.47419
0.120541	12423.04643
0.120548	12423.62481
0.120555	12424.19365
0.120561	12424.76077
0.120568	12425.331
0.120575	12425.90036
0.120582	12426.45534
0.120588	12427.02325
0.120595	12427.59118
0.120602	12428.16251
0.120608	12428.7313
0.120615	12429.30478
0.120622	12429.88431
0.120629	12430.45925
0.120636	12431.03371
0.120643	12431.61604
0.12065	12432.19568
0.120657	12432.78535
0.120664	12433.3782
0.120671	12433.97446
0.120678	12434.56957
0.120684	12435.16564
0.120691	12435.76287
0.120698	12436.35442
0.120705	12436.94917
0.120712	12437.53584
0.12072	12438.12082
0.120727	12438.70537
0.120733	12439.27974
0.12074	12439.84837
0.120747	12440.4144
0.120754	12440.98104
0.120761	12441.54177
0.120767	12442.11576
0.120774	12442.6828
0.120781	12443.2455
0.120788	12443.80608
0.120795	12444.37296
0.120801	12444.94055
0.120808	12445.50191
0.120815	12446.07789
0.120822	12446.64518
0.120829	12447.21352
0.120835	12447.79014
0.120842	12448.36017
0.120849	12448.94346
0.120856	12449.52585
0.120863	12450.09683
0.12087	12450.67414
0.120877	12451.25102
0.120884	12451.827
0.12089	12452.39548
0.120897	12452.96422
0.120904	12453.53297
0.12091	12454.09975
0.120917	12454.67794
0.120924	12455.25086
0.120931	12455.82125
0.120937	12456.38875
0.120944	12456.95843
0.120951	12457.53103
0.120958	12458.10898
0.120965	12458.68899
0.120972	12459.26906
0.120979	12459.853
0.120986	12460.4344
0.120993	12461.01436
0.121001	12461.59502
0.121007	12462.17261
0.121015	12462.75531
0.121021	12463.32892
0.121028	12463.91456
0.121035	12464.49445
0.121042	12465.07162
0.121049	12465.65049
0.121056	12466.22855
0.121063	12466.80552
0.12107	12467.38194
0.121077	12467.95535
0.121083	12468.52598
0.12109	12469.09049
0.121097	12469.65987
0.121104	12470.22405
0.121111	12470.79018
0.121118	12471.35685
0.121125	12471.92986
0.121132	12472.50126
0.121139	12473.07284
0.121146	12473.64138
0.121153	12474.21552
0.12116	12474.79726
0.121167	12475.37808
0.121174	12475.95002
0.12118	12476.5213
0.121187	12477.09967
0.121195	12477.68435
0.121201	12478.26849
0.121208	12478.85575
0.121215	12479.4427
0.121223	12480.03518
0.12123	12480.62656
0.121237	12481.21344
0.121244	12481.79623
0.121251	12482.37929
0.121258	12482.96226
0.121265	12483.53894
0.121272	12484.11775
0.121279	12484.68787
0.121286	12485.25728
0.121292	12485.83255
0.121299	12486.40866
0.121306	12486.98852
0.121313	12487.56562
0.12132	12488.14546
0.121327	12488.72833
0.121334	12489.30445
0.121341	12489.88964
0.121348	12490.4642
0.121355	12491.03978
0.121362	12491.61211
0.121369	12492.17789
0.121376	12492.7509
0.121383	12493.32819
0.12139	12493.89791
0.121396	12494.46202
0.121403	12495.03306
0.12141	12495.61187
0.121417	12496.17944
0.121423	12496.75129
0.12143	12497.32065
0.121437	12497.88782
0.121444	12498.46449
0.121451	12499.04608
0.121457	12499.62446
0.121465	12500.21199
0.121471	12500.78986
0.121478	12501.37423
0.121486	12501.95672
0.121493	12502.5385
0.1215	12503.11136
0.121507	12503.68707
0.121513	12504.25975
0.12152	12504.82381
0.121527	12505.39751
0.121534	12505.96584
0.121541	12506.54039
0.121548	12507.10282
0.121555	12507.6658
0.121562	12508.22431
0.121569	12508.7829
0.121576	12509.34363
0.121582	12509.90686
0.121589	12510.47226
0.121596	12511.03881
0.121602	12511.60349
0.121609	12512.16079
0.121616	12512.72882
0.121623	12513.29407
0.12163	12513.85316
0.121637	12514.41174
0.121644	12514.97314
0.12165	12515.53307
0.121657	12516.09542
0.121664	12516.66113
0.121671	12517.22348
0.121678	12517.77764
0.121685	12518.34351
0.121691	12518.90507
0.121698	12519.46916
0.121705	12520.03277
0.121712	12520.60106
0.121719	12521.16535
0.121725	12521.73831
0.121732	12522.30788
0.121739	12522.87939
0.121746	12523.4463
0.121753	12524.01062
0.12176	12524.5711
0.121767	12525.12793
0.121773	12525.67839
0.12178	12526.23405
0.121787	12526.7789
0.121793	12527.32191
0.1218	12527.87491
0.121807	12528.43344
0.121814	12528.99499
0.121821	12529.55014
0.121828	12530.10549
0.121834	12530.66325
0.121841	12531.22578
0.121848	12531.78389
0.121855	12532.33358
0.121861	12532.87505
0.121868	12533.42166
0.121875	12533.9718
0.121882	12534.52156
0.121889	12535.08012
0.121896	12535.63867
0.121903	12536.19511
0.12191	12536.76322
0.121917	12537.35199
0.121924	12537.9265
0.121931	12538.50424
0.121938	12539.08121
0.121945	12539.65678
0.121952	12540.23384
0.12196	12540.79834
0.121966	12541.36345
0.121974	12541.92386
0.121981	12542.48819
0.121988	12543.04096
0.121995	12543.5992
0.122002	12544.15674
0.122009	12544.71159
0.122015	12545.2706
0.122022	12545.82601
0.122029	12546.38705
0.122036	12546.94186
0.122043	12547.50132
0.12205	12548.07048
0.122057	12548.6411
0.122064	12549.20993
0.122071	12549.76376
0.122078	12550.31714
0.122085	12550.87956
0.122091	12551.44863
0.122099	12552.01187
0.122106	12552.58023
0.122113	12553.14796
0.12212	12553.71592
0.122126	12554.28596
0.122133	12554.85217
0.12214	12555.42135
0.122147	12555.98179
0.122154	12556.54418
0.122161	12557.11219
0.122168	12557.68119
0.122175	12558.2543
0.122183	12558.82982
0.12219	12559.40866
0.122197	12559.98401
0.122204	12560.56106
0.122211	12561.13351
0.122218	12561.69544
0.122225	12562.25805
0.122231	12562.82629
0.122238	12563.40098
0.122245	12563.98185
0.122252	12564.55736
0.12226	12565.12849
0.122267	12565.70937
0.122274	12566.29028
0.122281	12566.87208
0.122288	12567.45105
0.122295	12568.02504
0.122302	12568.5929
0.122309	12569.14786
0.122316	12569.70074
0.122322	12570.26006
0.122329	12570.82023
0.122336	12571.37861
0.122343	12571.93911
0.12235	12572.50281
0.122357	12573.06263
0.122364	12573.61934
0.12237	12574.17343
0.122377	12574.73733
0.122384	12575.29222
0.12239	12575.84898
0.122398	12576.41509
0.122405	12576.9686
0.122411	12577.51257
0.122418	12578.03361
0.122424	12578.54584
0.122431	12579.06657
0.122437	12579.59678
0.122444	12580.13327
0.12245	12580.66914
0.122457	12581.21289
0.122464	12581.75866
0.12247	12582.30013
0.122477	12582.85465
0.122483	12583.40146
0.12249	12583.94261
0.122496	12584.49014
0.122503	12585.0311
0.12251	12585.57798
0.122516	12586.13068
0.122523	12586.67443
0.122529	12587.23281
0.122536	12587.78423
0.122543	12588.33663
0.12255	12588.89391
0.122556	12589.45078
0.122563	12590.00578
0.122569	12590.56372
0.122576	12591.12146
0.122583	12591.68318
0.12259	12592.23534
0.122597	12592.78844
0.122603	12593.34325
0.122611	12593.89784
0.122618	12594.45617
0.122624	12595.01139
0.122631	12595.56253
0.122638	12596.10608
0.122645	12596.64951
0.122651	12597.20059
0.122658	12597.75443
0.122665	12598.31449
0.122672	12598.87583
0.122679	12599.44602
0.122686	12600.01599
0.122693	12600.58553
0.1227	12601.14503
0.122707	12601.69822
0.122713	12602.24838
0.12272	12602.79689
0.122727	12603.34172
0.122733	12603.87754
0.12274	12604.40901
0.122746	12604.95418
0.122753	12605.49447
0.12276	12606.04226
0.122767	12606.60179
0.122773	12607.14605
0.12278	12607.69053
0.122787	12608.24094
0.122793	12608.79131
0.1228	12609.34601
0.122807	12609.90348
0.122814	12610.46256
0.122821	12611.02325
0.122827	12611.5793
0.122834	12612.14056
0.122841	12612.6952
0.122847	12613.247
0.122854	12613.79893
0.122861	12614.35852
0.122868	12614.91295
0.122875	12615.46275
0.122881	12616.02622
0.122888	12616.58687
0.122895	12617.14801
0.122901	12617.70351
0.122907	12618.24928
0.122914	12618.78605
0.12292	12619.32698
0.122927	12619.86541
0.122934	12620.40163
0.122941	12620.93503
0.122947	12621.47808
0.122954	12622.03384
0.122961	12622.58513
0.122967	12623.14625
0.122974	12623.70437
0.122981	12624.26706
0.122988	12624.8254
0.122995	12625.39046
0.123002	12625.95398
0.123008	12626.50395
0.123015	12627.05539
0.123022	12627.60739
0.123028	12628.16565
0.123035	12628.72307
0.123042	12629.28331
0.123049	12629.84007
0.123055	12630.39245
0.123062	12630.94776
0.123069	12631.50264
0.123076	12632.05241
0.123083	12632.61174
0.12309	12633.16407
0.123096	12633.71372
0.123103	12634.26617
0.123109	12634.81894
0.123117	12635.37465
0.123124	12635.92283
0.12313	12636.47532
0.123137	12637.02435
0.123144	12637.5713
0.123151	12638.12147
0.123158	12638.68056
0.123164	12639.23354
0.123171	12639.79534
0.123178	12640.37462
0.123185	12640.9511
0.123192	12641.53145
0.123199	12642.10599
0.123206	12642.68061
0.123213	12643.25213
0.12322	12643.82942
0.123227	12644.40879
0.123234	12644.98335
0.123241	12645.55111
0.123248	12646.11439
0.123255	12646.6805
0.123262	12647.24596
0.123269	12647.80884
0.123276	12648.3672
0.123283	12648.91795
0.12329	12649.47974
0.123297	12650.04387
0.123304	12650.60949
0.123311	12651.1806
0.123318	12651.74459
0.123325	12652.30567
0.123332	12652.8685
0.123339	12653.43303
0.123345	12653.98496
0.123352	12654.54837
0.123358	12655.10248
0.123366	12655.6509
0.123372	12656.20389
0.123379	12656.75663
0.123386	12657.3132
0.123393	12657.86756
0.1234	12658.42704
0.123406	12658.98574
0.123413	12659.54356
0.12342	12660.10704
0.123427	12660.66197
0.123434	12661.22969
0.123441	12661.78808
0.123447	12662.34979
0.123454	12662.91168
0.123461	12663.47044
0.123468	12664.03238
0.123475	12664.59135
0.123481	12665.14192
0.123488	12665.69303
0.123495	12666.24489
0.123501	12666.80335
0.123508	12667.36363
0.123516	12667.92576
0.123522	12668.49746
0.123529	12669.06601
0.123536	12669.63157
0.123543	12670.19353
0.12355	12670.7536
0.123557	12671.31819
0.123564	12671.89103
0.123571	12672.46325
0.123578	12673.03224
0.123585	12673.59599
0.123592	12674.16858
0.123599	12674.7345
0.123605	12675.30879
0.123612	12675.88112
0.123619	12676.44872
0.123626	12677.01434
0.123633	12677.58599
0.12364	12678.15056
0.123647	12678.70316
0.123654	12679.26674
0.123661	12679.83347
0.123668	12680.40924
0.123675	12680.98004
0.123682	12681.54492
0.123689	12682.11147
0.123696	12682.67374
0.123702	12683.23309
0.123709	12683.78912
0.123716	12684.34645
0.123723	12684.90205
0.12373	12685.4614
0.123737	12686.03211
0.123744	12686.5949
0.123751	12687.16137
0.123758	12687.72693
0.123765	12688.29408
0.123772	12688.85804
0.123779	12689.42198
0.123786	12689.98446
0.123793	12690.54344
0.1238	12691.10897
0.123806	12691.66696
0.123814	12692.22564
0.123821	12692.78061
0.123827	12693.34148
0.123834	12693.89497
0.123841	12694.4524
0.123848	12695.00702
0.123855	12695.55153
0.123862	12696.09996
0.123869	12696.64797
0.123876	12697.19929
0.123883	12697.75219
0.12389	12698.30455
0.123897	12698.84833
0.123904	12699.39995
0.123911	12699.9489
0.123918	12700.50042
0.123925	12701.04652
0.123932	12701.60064
0.123938	12702.14949
0.123945	12702.68767
0.123952	12703.22757
0.123959	12703.77187
0.123966	12704.30611
0.123972	12704.8484
0.123979	12705.39248
0.123985	12705.93399
0.123992	12706.47806
0.123999	12707.01746
0.124006	12707.56134
0.124012	12708.10264
0.124019	12708.64559
0.124025	12709.18671
0.124032	12709.72316
0.124039	12710.25389
0.124045	12710.79828
0.124052	12711.33519
0.124059	12711.87486
0.124066	12712.41025
0.124072	12712.954
0.124079	12713.50119
0.124085	12714.05667
0.124092	12714.60944
0.124099	12715.16343
0.124106	12715.70593
0.124113	12716.25627
0.124119	12716.79998
0.124125	12717.3313
0.124132	12717.86003
0.124139	12718.38976
0.124145	12718.91894
0.124152	12719.45355
0.124158	12719.98553
0.124165	12720.51681
0.124171	12721.048
0.124178	12721.5778
0.124185	12722.10997
0.124191	12722.65368
0.124198	12723.18903
0.124204	12723.72741
0.124211	12724.27223
0.124218	12724.81402
0.124225	12725.36094
0.124232	12725.90573
0.124239	12726.45533
0.124246	12727.00661
0.124252	12727.552
0.124259	12728.10425
0.124265	12728.65534
0.124272	12729.20234
0.124279	12729.74584
0.124286	12730.2822
0.124293	12730.80879
0.124299	12731.33427
0.124306	12731.86431
0.124312	12732.39139
0.124319	12732.92254
0.124326	12733.45009
0.124332	12733.97548
0.124338	12734.49308
0.124345	12735.01039
0.124351	12735.52677
0.124358	12736.04671
0.124364	12736.56018
0.124371	12737.06888
0.124378	12737.57975
0.124384	12738.09229
0.12439	12738.61069
0.124397	12739.12101
0.124404	12739.63683
0.12441	12740.15661
0.124417	12740.6755
0.124423	12741.19847
0.12443	12741.7149
0.124436	12742.23551
0.124443	12742.75478
0.124449	12743.27654
0.124456	12743.804
0.124463	12744.32767
0.124469	12744.85387
0.124475	12745.37907
0.124482	12745.89653
0.124488	12746.41571
0.124496	12746.94125
0.124502	12747.47308
0.124509	12748.00626
0.124515	12748.5379
0.124522	12749.08289
0.124529	12749.62723
0.124535	12750.17935
0.124542	12750.73057
0.124549	12751.26839
0.124556	12751.81022
0.124563	12752.3499
0.124569	12752.88743
0.124576	12753.42234
0.124582	12753.95907
0.124589	12754.48905
0.124595	12755.01727
0.124602	12755.55223
0.124608	12756.07689
0.124614	12756.60145
0.124621	12757.12273
0.124627	12757.64274
0.124634	12758.17486
0.12464	12758.71322
0.124647	12759.25098
0.124654	12759.78344
0.12466	12760.31712
0.124667	12760.84934
0.124673	12761.37709
0.12468	12761.90769
0.124687	12762.4376
0.124693	12762.97029
0.1247	12763.49602
0.124706	12764.02047
0.124713	12764.55092
0.12472	12765.07628
0.124726	12765.60684
0.124733	12766.13194
0.124739	12766.65769
0.124746	12767.18776
0.124752	12767.71306
0.124759	12768.24532
0.124765	12768.7771
0.124771	12769.29576
0.124778	12769.81101
0.124784	12770.33287
0.124791	12770.84928
0.124797	12771.37217
0.124804	12771.89593
0.12481	12772.41945
0.124817	12772.94589
0.124823	12773.47219
0.12483	12774.0036
0.124837	12774.55225
0.124844	12775.09842
0.12485	12775.64088
0.124857	12776.18877
0.124864	12776.72823
0.124871	12777.27081
0.124878	12777.80197
0.124884	12778.32825
0.124891	12778.85438
0.124897	12779.37747
0.124904	12779.90807
0.12491	12780.43064
0.124917	12780.94935
0.124923	12781.46997
0.12493	12781.99458
0.124936	12782.51044
0.124943	12783.03319
0.12495	12783.55962
0.124956	12784.08091
0.124963	12784.60343
0.124969	12785.13577
0.124976	12785.66945
0.124982	12786.1957
0.124989	12786.72668
0.124996	12787.25721
0.125002	12787.79382
0.125009	12788.32303
0.125016	12788.85234
0.125022	12789.38014
0.125029	12789.90271
0.125035	12790.43255
0.125042	12790.95946
0.125048	12791.47613
0.125055	12792.00014
0.125061	12792.51948
0.125068	12793.04224
0.125074	12793.5613
0.125081	12794.07787
0.125087	12794.59994
0.125094	12795.12592
0.1251	12795.64528
0.125107	12796.16023
0.125114	12796.6782
0.12512	12797.20019
0.125127	12797.71363
0.125133	12798.24132
0.12514	12798.76185
0.125146	12799.27889
0.125153	12799.79578
0.12516	12800.30709
0.125166	12800.80793
0.125172	12801.30552
0.125178	12801.80636
0.125185	12802.31388
0.125191	12802.82036
0.125197	12803.33274
0.125203	12803.83457
0.12521	12804.34214
0.125216	12804.84493
0.125222	12805.35474
0.125229	12805.85794
0.125235	12806.37642
0.125241	12806.88875
0.125248	12807.40197
0.125255	12807.91216
0.125261	12808.42613
0.125267	12808.94093
0.125274	12809.4529
0.125281	12809.97196
0.125287	12810.48492
0.125294	12811.01006
0.1253	12811.53238
0.125306	12812.04804
0.125312	12812.57957
0.125319	12813.11048
0.125326	12813.63885
0.125332	12814.17284
0.125339	12814.69374
0.125346	12815.22395
0.125352	12815.73501
0.125358	12816.25908
0.125365	12816.77662
0.125372	12817.29262
0.125378	12817.81815
0.125384	12818.34209
0.125391	12818.8705
0.125398	12819.40027
0.125404	12819.9209
0.12541	12820.44784
0.125417	12820.97741
0.125424	12821.52035
0.125431	12822.05894
0.125437	12822.59876
0.125444	12823.13763
0.125451	12823.67053
0.125457	12824.19535
0.125463	12824.71227
0.12547	12825.22252
0.125476	12825.73766
0.125483	12826.25572
0.125489	12826.78619
0.125495	12827.31152
0.125502	12827.84087
0.125509	12828.37413
0.125515	12828.90734
0.125522	12829.44458
0.125529	12829.96599
0.125535	12830.49249
0.125542	12831.01901
0.125549	12831.54431
0.125556	12832.06726
0.125562	12832.5924
0.125569	12833.12432
0.125575	12833.65212
0.125582	12834.17542
0.125589	12834.70729
0.125595	12835.23028
0.125601	12835.75164
0.125608	12836.27128
0.125615	12836.79644
0.125621	12837.31955
0.125628	12837.83888
0.125634	12838.35382
0.125641	12838.87546
0.125648	12839.39664
0.125654	12839.92029
0.12566	12840.44172
0.125667	12840.96288
0.125674	12841.48625
0.12568	12842.01279
0.125687	12842.54335
0.125693	12843.06644
0.1257	12843.58732
0.125707	12844.10833
0.125713	12844.62666
0.12572	12845.14793
0.125727	12845.67858
0.125734	12846.20284
0.125741	12846.7229
0.125748	12847.25071
0.125755	12847.78323
0.125761	12848.32085
0.125768	12848.87048
0.125775	12849.40866
0.125782	12849.94985
0.125788	12850.49918
0.125795	12851.03626
0.125802	12851.56985
0.125809	12852.10074
0.125815	12852.63689
0.125822	12853.17896
0.125829	12853.72035
0.125836	12854.25214
0.125843	12854.77321
0.12585	12855.29307
0.125856	12855.81364
0.125863	12856.33808
0.12587	12856.85791
0.125877	12857.37813
0.125884	12857.89222
0.12589	12858.41019
0.125897	12858.93333
0.125904	12859.45731
0.12591	12859.97734
0.125917	12860.51033
0.125923	12861.03181
0.12593	12861.5563
0.125937	12862.07733
0.125943	12862.58443
0.12595	12863.08673
0.125956	12863.60356
0.125963	12864.11989
0.125969	12864.63503
0.125976	12865.1463
0.125982	12865.65211
0.125988	12866.17549
0.125995	12866.68743
0.126001	12867.20565
0.126008	12867.71974
0.126014	12868.23562
0.126021	12868.75146
0.126027	12869.26715
0.126033	12869.78208
0.12604	12870.29512
0.126047	12870.80485
0.126053	12871.32414
0.12606	12871.8381
0.126066	12872.35133
0.126073	12872.86853
0.126079	12873.38131
0.126086	12873.89434
0.126093	12874.41683
0.126099	12874.935
0.126106	12875.45758
0.126113	12875.97278
0.126119	12876.4862
0.126126	12877.00489
0.126133	12877.51916
0.126139	12878.01576
0.126146	12878.52671
0.126152	12879.05023
0.126159	12879.56496
0.126166	12880.08448
0.126172	12880.61113
0.126179	12881.13104
0.126186	12881.64997
0.126192	12882.17485
0.126199	12882.70243
0.126205	12883.22425
0.126211	12883.74938
0.126218	12884.27241
0.126225	12884.79612
0.126231	12885.32091
0.126238	12885.84193
0.126245	12886.36556
0.126251	12886.88794
0.126258	12887.40837
0.126265	12887.92554
0.126271	12888.431
0.126277	12888.94648
0.126284	12889.46502
0.126291	12889.98332
0.126297	12890.50329
0.126304	12891.01928
0.12631	12891.53919
0.126317	12892.06057
0.126323	12892.58588
0.12633	12893.11935
0.126337	12893.64329
0.126344	12894.16194
0.12635	12894.68824
0.126357	12895.20891
0.126363	12895.73534
0.12637	12896.26054
0.126377	12896.7865
0.126383	12897.31771
0.12639	12897.84198
0.126397	12898.36454
0.126403	12898.88178
0.12641	12899.40298
0.126417	12899.92837
0.126424	12900.4463
0.12643	12900.96661
0.126437	12901.48495
0.126444	12902.0059
0.12645	12902.53285
0.126457	12903.06591
0.126464	12903.59791
0.12647	12904.12134
0.126477	12904.6458
0.126483	12905.18275
0.12649	12905.70909
0.126497	12906.23715
0.126504	12906.76358
0.12651	12907.29042
0.126517	12907.81049
0.126523	12908.33736
0.12653	12908.85965
0.126536	12909.37933
0.126542	12909.89607
0.126549	12910.41906
0.126556	12910.94331
0.126562	12911.46521
0.126569	12911.98691
0.126575	12912.50158
0.126582	12913.0208
0.126589	12913.54099
0.126596	12914.06026
0.126602	12914.56555
0.126608	12915.08269
0.126615	12915.58941
0.126621	12916.1009
0.126628	12916.60271
0.126635	12917.10822
0.126641	12917.60437
0.126647	12918.09404
0.126653	12918.5858
0.12666	12919.08189
0.126666	12919.57781
0.126672	12920.07071
0.126679	12920.57468
0.126685	12921.08653
0.126691	12921.58873
0.126697	12922.09729
0.126704	12922.61472
0.126711	12923.12862
0.126717	12923.64561
0.126724	12924.17291
0.126731	12924.70138
0.126737	12925.2292
0.126743	12925.76415
0.12675	12926.29119
0.126757	12926.82931
0.126763	12927.35592
0.12677	12927.87736
0.126776	12928.39828
0.126783	12928.91641
0.12679	12929.43322
0.126796	12929.95452
0.126803	12930.47211
0.126809	12930.98788
0.126816	12931.51151
0.126822	12932.04076
0.126829	12932.55892
0.126836	12933.07746
0.126842	12933.59566
0.126849	12934.11196
0.126856	12934.63544
0.126862	12935.15207
0.126869	12935.66766
0.126875	12936.18059
0.126882	12936.7056
0.126889	12937.22655
0.126895	12937.74725
0.126901	12938.27019
0.126909	12938.79608
0.126915	12939.32564
0.126922	12939.84979
0.126928	12940.37491
0.126935	12940.89731
0.126941	12941.41579
0.126948	12941.93308
0.126954	12942.44861
0.126961	12942.96705
0.126967	12943.47739
0.126974	12943.99187
0.126981	12944.50634
0.126987	12945.02582
0.126994	12945.53717
0.127	12946.05593
0.127007	12946.57219
0.127013	12947.07949
0.12702	12947.59209
0.127027	12948.11074
0.127033	12948.62795
0.12704	12949.14691
0.127046	12949.66029
0.127053	12950.17704
0.127059	12950.69851
0.127066	12951.21517
0.127073	12951.73742
0.127079	12952.26351
0.127086	12952.79115
0.127093	12953.31635
0.127099	12953.84279
0.127106	12954.36503
0.127112	12954.88302
0.127119	12955.40065
0.127126	12955.91545
0.127133	12956.42904
0.127139	12956.94502
0.127146	12957.4604
0.127153	12957.97783
0.127159	12958.49676
0.127165	12959.01878
0.127172	12959.53923
0.127178	12960.0507
0.127185	12960.5687
0.127192	12961.08418
0.127198	12961.59759
0.127205	12962.11341
0.127211	12962.63426
0.127218	12963.14782
0.127224	12963.67419
0.127231	12964.19487
0.127237	12964.71648
0.127244	12965.24178
0.12725	12965.75977
0.127257	12966.28352
0.127264	12966.79989
0.12727	12967.32132
0.127277	12967.84179
0.127284	12968.36302
0.12729	12968.88055
0.127297	12969.4154
0.127304	12969.93739
0.12731	12970.45953
0.127317	12970.98224
0.127324	12971.50834
0.12733	12972.03025
0.127337	12972.55607
0.127344	12973.08112
0.12735	12973.60316
0.127357	12974.1246
0.127364	12974.6504
0.12737	12975.15929
0.127376	12975.66753
0.127383	12976.1724
0.127389	12976.67983
0.127396	12977.19421
0.127403	12977.70166
0.127409	12978.21811
0.127415	12978.72958
0.127422	12979.24307
0.127429	12979.75414
0.127436	12980.2773
0.127442	12980.79231
0.127449	12981.30771
0.127456	12981.83365
0.127462	12982.35169
0.127469	12982.87843
0.127476	12983.39768
0.127483	12983.91534
0.127489	12984.4318
0.127496	12984.95095
0.127502	12985.46088
0.127509	12985.97758
0.127516	12986.48669
0.127522	12987.00217
0.127529	12987.51344
0.127535	12988.03479
0.127542	12988.54148
0.127549	12989.05667
0.127555	12989.56495
0.127562	12990.07582
0.127568	12990.58974
0.127575	12991.09137
0.127582	12991.59721
0.127588	12992.11059
0.127595	12992.62215
0.127602	12993.13751
0.127608	12993.65369
0.127615	12994.1743
0.127621	12994.68278
0.127628	12995.19827
0.127634	12995.72051
0.127641	12996.24463
0.127647	12996.76508
0.127653	12997.2858
0.12766	12997.80835
0.127667	12998.32116
0.127673	12998.84208
0.12768	12999.34997
0.127686	12999.86036
0.127693	13000.37082
0.127699	13000.88168
0.127706	13001.39052
0.127712	13001.89183
0.127718	13002.39759
0.127725	13002.89749
0.127731	13003.39978
0.127738	13003.9048
0.127745	13004.39675
0.127751	13004.90008
0.127757	13005.40091
0.127764	13005.90354
0.12777	13006.40542
0.127777	13006.90687
0.127783	13007.41386
0.12779	13007.90888
0.127796	13008.41348
0.127803	13008.92336
0.127809	13009.42405
0.127815	13009.92634
0.127821	13010.43385
0.127828	13010.93677
0.127834	13011.44236
0.127841	13011.94352
0.127847	13012.4387
0.127854	13012.93518
0.12786	13013.43964
0.127867	13013.9359
0.127873	13014.43049
0.127879	13014.91916
0.127885	13015.40839
0.127892	13015.88685
0.127898	13016.37772
0.127904	13016.86044
0.127911	13017.34599
0.127917	13017.8305
0.127923	13018.31601
0.127929	13018.80436
0.127935	13019.29512
0.127941	13019.79513
0.127948	13020.2937
0.127954	13020.7957
0.127961	13021.29437
0.127967	13021.79186
0.127974	13022.29544
0.12798	13022.7966
0.127987	13023.30107
0.127993	13023.80088
0.128	13024.29751
0.128006	13024.79642
0.128012	13025.29664
0.128019	13025.79985
0.128025	13026.30408
0.128032	13026.81152
0.128038	13027.33115
0.128045	13027.83949
0.128051	13028.34896
0.128058	13028.86021
0.128065	13029.37037
0.128071	13029.87732
0.128078	13030.38075
0.128085	13030.89001
0.128091	13031.39932
0.128098	13031.91073
0.128105	13032.42159
0.128111	13032.92745
0.128118	13033.43061
0.128125	13033.93622
0.128131	13034.43835
0.128138	13034.94125
0.128144	13035.44173
0.12815	13035.94518
0.128156	13036.44809
0.128163	13036.94095
0.128169	13037.43527
0.128176	13037.93481
0.128182	13038.43873
0.128189	13038.94562
0.128195	13039.44834
0.128201	13039.94615
0.128207	13040.44601
0.128214	13040.94584
0.12822	13041.45634
0.128227	13041.9625
0.128233	13042.46781
0.128239	13042.97336
0.128246	13043.4794
0.128253	13043.98515
0.128259	13044.49028
0.128266	13044.99397
0.128272	13045.50009
0.128279	13046.01283
0.128286	13046.52668
0.128293	13047.03871
0.128299	13047.54947
0.128305	13048.05715
0.128312	13048.57214
0.128318	13049.08421
0.128325	13049.60011
0.128331	13050.11776
0.128338	13050.62637
0.128345	13051.13839
0.128352	13051.65048
0.128358	13052.16076
0.128365	13052.67403
0.128371	13053.18643
0.128378	13053.70139
0.128384	13054.2177
0.128391	13054.72713
0.128398	13055.23598
0.128404	13055.74777
0.12841	13056.26558
0.128417	13056.77342
0.128424	13057.28781
0.12843	13057.7961
0.128436	13058.30877
0.128443	13058.82447
0.128449	13059.32354
0.128456	13059.81959
0.128462	13060.31221
0.128468	13060.8183
0.128475	13061.32251
0.128481	13061.82881
0.128487	13062.32803
0.128494	13062.82643
0.1285	13063.32878
0.128507	13063.83242
0.128513	13064.33165
0.128519	13064.82725
0.128526	13065.328
0.128532	13065.82703
0.128539	13066.32322
0.128545	13066.82338
0.128551	13067.30735
0.128557	13067.77682
0.128564	13068.25859
0.12857	13068.73842
0.128576	13069.22199
0.128582	13069.7021
0.128588	13070.17725
0.128595	13070.65922
0.128601	13071.1403
0.128607	13071.63037
0.128613	13072.112
0.128619	13072.59832
0.128625	13073.0938
0.128632	13073.58638
0.128638	13074.08783
0.128644	13074.57922
0.12865	13075.07642
0.128657	13075.57378
0.128663	13076.06895
0.128669	13076.56627
0.128675	13077.06204
0.128682	13077.55945
0.128688	13078.05262
0.128694	13078.55465
0.128701	13079.05765
0.128707	13079.55095
0.128714	13080.04405
0.12872	13080.53753
0.128727	13081.02858
0.128733	13081.51968
0.128739	13082.00672
0.128746	13082.49826
0.128752	13082.99125
0.128759	13083.48639
0.128765	13083.97884
0.128772	13084.47571
0.128778	13084.97373
0.128784	13085.46549
0.128791	13085.95996
0.128797	13086.45292
0.128803	13086.94268
0.128809	13087.4299
0.128816	13087.92108
0.128822	13088.41261
0.128829	13088.90313
0.128835	13089.39091
0.128842	13089.87103
0.128848	13090.35467
0.128854	13090.83447
0.12886	13091.31463
0.128866	13091.7964
0.128872	13092.27654
0.128878	13092.75792
0.128885	13093.23731
0.128891	13093.71858
0.128898	13094.20441
0.128904	13094.68725
0.12891	13095.1735
0.128916	13095.65725
0.128922	13096.14045
0.128929	13096.62796
0.128936	13097.116
0.128942	13097.59737
0.128948	13098.08338
0.128954	13098.56644
0.12896	13099.0494
0.128966	13099.53495
0.128973	13100.02002
0.128979	13100.50613
0.128986	13100.99028
0.128992	13101.47636
0.128998	13101.96765
0.129004	13102.4549
0.129011	13102.94818
0.129018	13103.43885
0.129024	13103.93204
0.129031	13104.4196
0.129037	13104.90994
0.129043	13105.40275
0.12905	13105.88913
0.129056	13106.37298
0.129062	13106.86354
0.129068	13107.34115
0.129074	13107.82693
0.129081	13108.3143
0.129087	13108.80484
0.129093	13109.29161
0.1291	13109.77715
0.129107	13110.26165
0.129113	13110.74755
0.129119	13111.22798
0.129126	13111.70819
0.129132	13112.18859
0.129139	13112.67154
0.129145	13113.15061
0.129151	13113.63497
0.129158	13114.11203
0.129165	13114.60705
0.129171	13115.08878
0.129177	13115.5782
0.129183	13116.06685
0.12919	13116.55895
0.129196	13117.05472
0.129202	13117.54262
0.129209	13118.03324
0.129215	13118.52931
0.129221	13119.02228
0.129227	13119.51159
0.129234	13120.00292
0.12924	13120.48497
0.129247	13120.96591
0.129253	13121.44705
0.129259	13121.92839
0.129265	13122.41998
0.129271	13122.90351
0.129277	13123.38959
0.129284	13123.88101
0.12929	13124.37147
0.129296	13124.86681
0.129303	13125.35615
0.129309	13125.84432
0.129316	13126.34481
0.129322	13126.83444
0.129328	13127.33258
0.129334	13127.82846
0.129341	13128.31955
0.129348	13128.82062
0.129354	13129.32174
0.129361	13129.81561
0.129367	13130.314
0.129373	13130.81312
0.12938	13131.30658
0.129386	13131.8029
0.129393	13132.29614
0.129399	13132.79616
0.129406	13133.29223
0.129413	13133.79353
0.129419	13134.29918
0.129426	13134.79947
0.129432	13135.29868
0.129439	13135.80513
0.129445	13136.3111
0.129452	13136.80948
0.129458	13137.30482
0.129465	13137.80407
0.129471	13138.30616
0.129478	13138.81778
0.129484	13139.32399
0.129492	13139.83376
0.129498	13140.34305
0.129505	13140.858
0.129512	13141.37378
0.129518	13141.88561
0.129525	13142.39298
0.129531	13142.90344
0.129537	13143.40463
0.129544	13143.9138
0.12955	13144.41402
0.129557	13144.92241
0.129563	13145.43154
0.12957	13145.93612
0.129577	13146.4519
0.129583	13146.95973
0.12959	13147.47925
0.129597	13147.99153
0.129604	13148.50003
0.129611	13149.01025
0.129617	13149.51442
0.129623	13150.01885
0.12963	13150.52229
0.129636	13151.0297
0.129643	13151.53124
0.12965	13152.02989
0.129656	13152.52948
0.129663	13153.03749
0.12967	13153.54399
0.129677	13154.05298
0.129683	13154.55384
0.12969	13155.06121
0.129696	13155.56814
0.129703	13156.07154
0.12971	13156.58007
0.129716	13157.08079
0.129723	13157.57453
0.129729	13158.08196
0.129736	13158.57374
0.129742	13159.05739
0.129749	13159.54479
0.129755	13160.03237
0.129762	13160.52615
0.129768	13161.02124
0.129775	13161.52375
0.129781	13162.02118
0.129787	13162.51565
0.129793	13163.02658
0.1298	13163.5349
0.129806	13164.04708
0.129813	13164.56242
0.12982	13165.07944
0.129826	13165.59966
0.129833	13166.11393
0.129839	13166.63791
0.129846	13167.15713
0.129853	13167.68578
0.129859	13168.20996
0.129866	13168.7363
0.129873	13169.26047
0.12988	13169.78928
0.129887	13170.31948
0.129894	13170.85045
0.129901	13171.39175
0.129908	13171.92711
0.129915	13172.46978
0.129921	13173.00507
0.129928	13173.53843
0.129934	13174.07872
0.129942	13174.61602
0.129949	13175.15284
0.129956	13175.685
0.129963	13176.22202
0.12997	13176.75194
0.129976	13177.29077
0.129984	13177.82697
0.129991	13178.35153
0.129997	13178.88762
0.130004	13179.42571
0.130011	13179.95963
0.130018	13180.49287
0.130025	13181.02598
0.130032	13181.56207
0.130038	13182.10225
0.130045	13182.635
0.130053	13183.1657
0.13006	13183.68859
0.130066	13184.21592
0.130073	13184.73739
0.13008	13185.26114
0.130087	13185.78722
0.130094	13186.31425
0.1301	13186.84569
0.130107	13187.37581
0.130114	13187.90588
0.130121	13188.42893
0.130128	13188.95096
0.130135	13189.48578
0.130142	13190.01644
0.130149	13190.54671
0.130155	13191.08031
0.130162	13191.60751
0.130169	13192.13651
0.130176	13192.6628
0.130183	13193.1802
0.13019	13193.69839
0.130196	13194.2224
0.130203	13194.7501
0.13021	13195.28016
0.130217	13195.80457
0.130224	13196.333
0.130231	13196.86286
0.130238	13197.39289
0.130244	13197.92656
0.130251	13198.46346
0.130258	13199.00323
0.130265	13199.54443
0.130272	13200.08593
0.13028	13200.6233
0.130287	13201.16734
0.130293	13201.69606
0.1303	13202.2304
0.130307	13202.76345
0.130314	13203.30188
0.130321	13203.84026
0.130328	13204.38372
0.130335	13204.93123
0.130342	13205.48155
0.130349	13206.03062
0.130357	13206.57433
0.130364	13207.11986
0.130371	13207.66488
0.130378	13208.21108
0.130385	13208.75349
0.130392	13209.30718
0.130399	13209.85464
0.130406	13210.40721
0.130413	13210.96178
0.13042	13211.51011
0.130427	13212.06373
0.130434	13212.61651
0.130441	13213.16513
0.130448	13213.7155
0.130455	13214.28008
0.130462	13214.83285
0.130469	13215.38467
0.130476	13215.93946
0.130483	13216.49724
0.13049	13217.05176
0.130498	13217.60622
0.130505	13218.16959
0.130512	13218.72701
0.13052	13219.28673
0.130527	13219.84839
0.130534	13220.40856
0.130541	13220.97255
0.130549	13221.53978
0.130557	13222.10246
0.130564	13222.66643
0.130572	13223.23593
0.130579	13223.80049
0.130587	13224.36918
0.130594	13224.93719
0.130602	13225.51437
0.130609	13226.09451
0.130616	13226.66248
0.130624	13227.23649
0.130632	13227.81576
0.13064	13228.38648
0.130647	13228.95819
0.130654	13229.53428
0.130662	13230.10417
0.130669	13230.67186
0.130677	13231.23918
0.130684	13231.80888
0.130692	13232.37402
0.130699	13232.94332
0.130707	13233.5149
0.130715	13234.08362
0.130722	13234.6559
0.130729	13235.23467
0.130737	13235.80149
0.130744	13236.37173
0.130752	13236.94034
0.13076	13237.50992
0.130767	13238.08137
0.130775	13238.65258
0.130782	13239.22196
0.130789	13239.78834
0.130797	13240.35341
0.130804	13240.92258
0.130811	13241.48619
0.130818	13242.05191
0.130826	13242.61507
0.130834	13243.17436
0.130841	13243.73154
0.130848	13244.2933
0.130856	13244.85317
0.130863	13245.41007
0.130871	13245.97577
0.130878	13246.54008
0.130885	13247.10214
0.130893	13247.66885
0.1309	13248.22965
0.130908	13248.79317
0.130916	13249.36298
0.130923	13249.92169
0.130931	13250.48869
0.130938	13251.05646
0.130945	13251.62774
0.130953	13252.196
0.13096	13252.76885
0.130968	13253.34089
0.130975	13253.91767
0.130983	13254.49491
0.13099	13255.06358
0.130998	13255.63331
0.131005	13256.20801
0.131012	13256.78544
0.13102	13257.36008
0.131027	13257.92916
0.131035	13258.50154
0.131042	13259.07689
0.13105	13259.65308
0.131057	13260.22491
0.131065	13260.79802
0.131072	13261.36809
0.13108	13261.93422
0.131087	13262.50438
0.131094	13263.07553
0.131102	13263.64165
0.131109	13264.20821
0.131117	13264.77502
0.131124	13265.34614
0.131131	13265.91113
0.131139	13266.47275
0.131146	13267.03831
0.131154	13267.59712
0.131161	13268.14872
0.131168	13268.70026
0.131176	13269.24984
0.131183	13269.81277
0.131191	13270.37277
0.131198	13270.93245
0.131206	13271.49828
0.131213	13272.0634
0.131221	13272.63198
0.131228	13273.20602
0.131236	13273.77909
0.131244	13274.34674
0.131251	13274.9289
0.131259	13275.50644
0.131267	13276.07457
0.131274	13276.64173
0.131282	13277.19733
0.131289	13277.7494
0.131297	13278.30325
0.131304	13278.86181
0.131312	13279.42607
0.131319	13279.98212
0.131327	13280.5445
0.131335	13281.10316
0.131342	13281.66051
0.13135	13282.21736
0.131357	13282.78053
0.131365	13283.33967
0.131372	13283.9006
0.131379	13284.4616
0.131386	13285.02667
0.131394	13285.59236
0.131401	13286.15455
0.131409	13286.71928
0.131416	13287.28124
0.131424	13287.83871
0.131431	13288.39795
0.131439	13288.9629
0.131447	13289.53162
0.131454	13290.09439
0.131462	13290.66066
0.131469	13291.22861
0.131477	13291.78629
0.131484	13292.34482
0.131492	13292.91161
0.131499	13293.47445
0.131506	13294.027
0.131514	13294.57216
0.131521	13295.11629
0.131529	13295.66519
0.131536	13296.21141
0.131544	13296.76368
0.131551	13297.31339
0.131558	13297.87342
0.131566	13298.42938
0.131573	13298.99259
0.131581	13299.55384
0.131589	13300.11327
0.131596	13300.67303
0.131604	13301.2346
0.131611	13301.80544
0.131619	13302.37369
0.131626	13302.94543
0.131634	13303.50616
0.131641	13304.07205
0.131648	13304.64282
0.131656	13305.20781
0.131664	13305.76977
0.131671	13306.32958
0.131678	13306.89186
0.131686	13307.45512
0.131693	13308.01891
0.131701	13308.56953
0.131708	13309.12046
0.131716	13309.67916
0.131724	13310.23487
0.131731	13310.78372
0.131739	13311.32892
0.131746	13311.87315
0.131753	13312.42197
0.131761	13312.96841
0.131768	13313.51481
0.131776	13314.06457
0.131783	13314.6164
0.131791	13315.17024
0.131798	13315.72335
0.131805	13316.27378
0.131813	13316.82679
0.131821	13317.38214
0.131828	13317.9351
0.131835	13318.48427
0.131842	13319.03177
0.13185	13319.57293
0.131857	13320.11735
0.131864	13320.6592
0.131871	13321.20815
0.131879	13321.75759
0.131886	13322.30619
0.131893	13322.85838
0.131901	13323.40188
0.131908	13323.94722
0.131916	13324.49275
0.131923	13325.03313
0.131931	13325.57667
0.131938	13326.12242
0.131945	13326.67048
0.131953	13327.21347
0.13196	13327.75898
0.131967	13328.29891
0.131975	13328.83779
0.131982	13329.38265
0.131989	13329.9271
0.131997	13330.4682
0.132004	13331.00751
0.132011	13331.54679
0.132019	13332.08503
0.132026	13332.62434
0.132033	13333.15949
0.13204	13333.68646
0.132048	13334.22105
0.132055	13334.74569
0.132062	13335.27447
0.132069	13335.7992
0.132076	13336.32832
0.132083	13336.85709
0.132091	13337.38068
0.132098	13337.91586
0.132106	13338.44604
0.132113	13338.97663
0.13212	13339.51422
0.132127	13340.04578
0.132134	13340.58421
0.132141	13341.11624
0.132149	13341.64283
0.132156	13342.1815
0.132164	13342.71802
0.132171	13343.2523
0.132177	13343.77898
0.132185	13344.3057
0.132192	13344.83741
0.132199	13345.36904
0.132206	13345.90377
0.132214	13346.4325
0.132221	13346.96822
0.132228	13347.50757
0.132236	13348.04136
0.132243	13348.5793
0.13225	13349.10582
0.132258	13349.63221
0.132265	13350.16002
0.132272	13350.69083
0.132279	13351.22214
0.132286	13351.75427
0.132294	13352.29222
0.132301	13352.8255
0.132308	13353.36525
0.132316	13353.90046
0.132323	13354.44097
0.13233	13354.98491
0.132337	13355.51853
0.132345	13356.05859
0.132352	13356.60095
0.132359	13357.14211
0.132366	13357.68795
0.132374	13358.23331
0.132381	13358.78402
0.132388	13359.32583
0.132395	13359.87075
0.132402	13360.40971
0.13241	13360.96006
0.132417	13361.50896
0.132425	13362.05545
0.132432	13362.6091
0.13244	13363.15237
0.132447	13363.7044
0.132454	13364.25516
0.132462	13364.8075
0.132469	13365.35644
0.132477	13365.90189
0.132484	13366.45634
0.132491	13367.0077
0.132499	13367.55574
0.132506	13368.10674
0.132513	13368.65234
0.13252	13369.20086
0.132528	13369.74992
0.132535	13370.30135
0.132542	13370.84434
0.132549	13371.38413
0.132557	13371.9135
0.132564	13372.44949
0.132571	13372.98094
0.132578	13373.51457
0.132586	13374.05076
0.132593	13374.58489
0.1326	13375.12636
0.132607	13375.66623
0.132615	13376.19788
0.132623	13376.73564
0.13263	13377.28135
0.132637	13377.81726
0.132644	13378.34823
0.132651	13378.87791
0.132658	13379.41141
0.132666	13379.94666
0.132673	13380.47712
0.13268	13381.01775
0.132688	13381.55435
0.132694	13382.0835
0.132702	13382.6211
0.132709	13383.15567
0.132716	13383.68375
0.132724	13384.21651
0.132731	13384.74653
0.132738	13385.28023
0.132745	13385.81563
0.132752	13386.35135
0.13276	13386.88467
0.132767	13387.41654
0.132774	13387.94428
0.132781	13388.47017
0.132788	13389.00305
0.132796	13389.53381
0.132803	13390.06259
0.13281	13390.59808
0.132818	13391.12496
0.132825	13391.65695
0.132832	13392.18969
0.132839	13392.72765
0.132847	13393.25722
0.132854	13393.79093
0.132861	13394.3338
0.132868	13394.86644
0.132875	13395.40206
0.132883	13395.9428
0.13289	13396.47543
0.132898	13397.00979
0.132905	13397.55255
0.132912	13398.08521
0.132919	13398.62572
0.132927	13399.16108
0.132934	13399.70146
0.132941	13400.24225
0.132948	13400.76906
0.132955	13401.29791
0.132962	13401.83107
0.13297	13402.35259
0.132977	13402.87486
0.132984	13403.40094
0.132991	13403.92679
0.132998	13404.44804
0.133006	13404.97145
0.133012	13405.5007
0.133019	13406.01907
0.133027	13406.54062
0.133034	13407.06706
0.133041	13407.59676
0.133048	13408.13169
0.133055	13408.65678
0.133063	13409.18875
0.13307	13409.72398
0.133077	13410.25512
0.133084	13410.79045
0.133092	13411.32698
0.133099	13411.86725
0.133106	13412.40664
0.133113	13412.94778
0.13312	13413.48559
0.133128	13414.02471
0.133135	13414.56191
0.133143	13415.10336
0.13315	13415.64602
0.133157	13416.17893
0.133165	13416.7119
0.133172	13417.24611
0.13318	13417.78017
0.133187	13418.31918
0.133194	13418.85755
0.133201	13419.39692
0.133209	13419.93924
0.133216	13420.47758
0.133223	13421.01476
0.13323	13421.55748
0.133238	13422.09661
0.133245	13422.63915
0.133252	13423.1799
0.13326	13423.71941
0.133267	13424.26044
0.133274	13424.80276
0.133282	13425.33912
0.133289	13425.88224
0.133297	13426.43003
0.133304	13426.97263
0.133312	13427.51182
0.133319	13428.04449
0.133327	13428.58204
0.133334	13429.11678
0.133341	13429.64463
0.133349	13430.17392
0.133356	13430.69783
0.133363	13431.22076
0.133371	13431.75379
0.133378	13432.28713
0.133385	13432.81715
0.133393	13433.34919
0.1334	13433.88504
0.133407	13434.41861
0.133414	13434.94874
0.133421	13435.48009
0.133429	13436.01274
0.133436	13436.54835
0.133444	13437.08647
0.133451	13437.61892
0.133458	13438.1594
0.133465	13438.69277
0.133472	13439.23345
0.13348	13439.77094
0.133487	13440.31138
0.133495	13440.84647
0.133502	13441.38682
0.133509	13441.9227
0.133517	13442.46429
0.133524	13443.00793
0.133532	13443.55109
0.133539	13444.08781
0.133546	13444.63254
0.133554	13445.17087
0.133561	13445.70536
0.133569	13446.2355
0.133577	13446.77448
0.133584	13447.31343
0.133591	13447.8506
0.133598	13448.38768
0.133605	13448.91881
0.133612	13449.44718
0.13362	13449.97514
0.133627	13450.50005
0.133635	13451.01865
0.133642	13451.53918
0.133649	13452.05575
0.133656	13452.57988
0.133663	13453.10091
0.133671	13453.61869
0.133678	13454.14496
0.133685	13454.67172
0.133693	13455.19712
0.1337	13455.72226
0.133707	13456.24963
0.133714	13456.77174
0.133721	13457.29738
0.133728	13457.8228
0.133736	13458.35345
0.133744	13458.87968
0.133751	13459.41388
0.133758	13459.94261
0.133765	13460.47323
0.133773	13461.00487
0.13378	13461.53831
0.133788	13462.06109
0.133795	13462.5875
0.133802	13463.11783
0.13381	13463.64788
0.133817	13464.17161
0.133824	13464.68959
0.133831	13465.21063
0.133839	13465.73753
0.133846	13466.26801
0.133854	13466.79929
0.133861	13467.32813
0.133868	13467.85884
0.133876	13468.39276
0.133883	13468.92272
0.133891	13469.45836
0.133898	13470.0004
0.133905	13470.52875
0.133913	13471.07318
0.13392	13471.60631
0.133928	13472.13918
0.133935	13472.67411
0.133942	13473.20638
0.133949	13473.73865
0.133957	13474.26958
0.133964	13474.80518
0.133971	13475.34202
0.133979	13475.8792
0.133986	13476.40619
0.133994	13476.94134
0.134001	13477.46783
0.134008	13477.99532
0.134015	13478.52368
0.134022	13479.04961
0.13403	13479.57501
0.134037	13480.1
0.134045	13480.62816
0.134052	13481.1537
0.134059	13481.68032
0.134067	13482.20999
0.134074	13482.73954
0.134081	13483.26064
0.134089	13483.78751
0.134096	13484.31582
0.134104	13484.84041
0.134111	13485.35756
0.134118	13485.87983
0.134125	13486.39949
0.134132	13486.93024
0.13414	13487.45805
0.134147	13487.97945
0.134154	13488.4995
0.134162	13489.02288
0.134169	13489.54492
0.134176	13490.06626
0.134183	13490.59422
0.134191	13491.11649
0.134197	13491.64476
0.134204	13492.16996
0.134212	13492.69902
0.134219	13493.22598
0.134226	13493.75483
0.134234	13494.28273
0.134241	13494.81353
0.134248	13495.32708
0.134256	13495.85595
0.134263	13496.38047
0.13427	13496.9036
0.134278	13497.41833
0.134285	13497.94128
0.134292	13498.45145
0.134299	13498.96573
0.134307	13499.48212
0.134314	13499.99967
0.134321	13500.51398
0.134328	13501.02956
0.134335	13501.55069
0.134343	13502.07072
0.13435	13502.59826
0.134358	13503.11449
0.134365	13503.63603
0.134372	13504.15522
0.134379	13504.67473
0.134387	13505.19074
0.134394	13505.71287
0.134401	13506.23196
0.134409	13506.75756
0.134416	13507.27994
0.134423	13507.80066
0.13443	13508.32452
0.134437	13508.84135
0.134444	13509.3568
0.134451	13509.87656
0.134459	13510.39892
0.134466	13510.92454
0.134474	13511.45118
0.134481	13511.96885
0.134488	13512.5009
0.134496	13513.0237
0.134503	13513.55236
0.13451	13514.07651
0.134517	13514.60431
0.134525	13515.13362
0.134531	13515.66274
0.134539	13516.19116
0.134546	13516.7189
0.134553	13517.24468
0.13456	13517.7731
0.134568	13518.29565
0.134575	13518.82177
0.134582	13519.34844
0.13459	13519.87141
0.134597	13520.39071
0.134605	13520.91652
0.134612	13521.44042
0.134619	13521.96296
0.134627	13522.48202
0.134634	13523.00176
0.134642	13523.52015
0.134649	13524.03675
0.134656	13524.56104
0.134663	13525.08034
0.13467	13525.60353
0.134678	13526.12718
0.134685	13526.64938
0.134692	13527.17547
0.1347	13527.70388
0.134708	13528.23797
0.134715	13528.77119
0.134722	13529.3035
0.134729	13529.83637
0.134737	13530.36785
0.134744	13530.90528
0.134751	13531.4314
0.134759	13531.96398
0.134766	13532.49732
0.134774	13533.03406
0.134781	13533.56731
0.134788	13534.09596
0.134796	13534.63451
0.134803	13535.1757
0.13481	13535.70596
0.134818	13536.24522
0.134825	13536.77668
0.134833	13537.31147
0.13484	13537.84941
0.134848	13538.38824
0.134855	13538.92506
0.134863	13539.46215
0.13487	13539.99523
0.134877	13540.53017
0.134885	13541.06754
0.134892	13541.6053
0.1349	13542.14097
0.134907	13542.67579
0.134915	13543.21921
0.134922	13543.75526
0.13493	13544.29575
0.134937	13544.82747
0.134945	13545.36495
0.134952	13545.90811
0.13496	13546.44338
0.134967	13546.97569
0.134975	13547.50512
0.134982	13548.0325
0.134989	13548.56443
0.134997	13549.08659
0.135004	13549.61262
0.135012	13550.13601
0.135019	13550.66576
0.135026	13551.18633
0.135034	13551.71853
0.135041	13552.24381
0.135048	13552.77191
0.135056	13553.29605
0.135063	13553.82437
0.13507	13554.35699
0.135077	13554.88293
0.135085	13555.402
0.135092	13555.92422
0.135099	13556.44169
0.135106	13556.95917
0.135113	13557.48213
0.135121	13558.00825
0.135128	13558.53634
0.135136	13559.06571
0.135143	13559.58904
0.13515	13560.11375
0.135157	13560.63935
0.135165	13561.15652
0.135172	13561.68164
0.135179	13562.20252
0.135187	13562.7223
0.135194	13563.24894
0.135202	13563.76698
0.135209	13564.29252
0.135216	13564.8104
0.135223	13565.33718
0.135231	13565.85735
0.135238	13566.37381
0.135246	13566.88869
0.135253	13567.40463
0.135261	13567.92617
0.135268	13568.44003
0.135275	13568.95648
0.135282	13569.47435
0.13529	13569.98777
0.135297	13570.50324
0.135304	13571.02197
0.135312	13571.53735
0.135319	13572.05683
0.135326	13572.57354
0.135334	13573.08954
0.135341	13573.60999
0.135348	13574.12216
0.135355	13574.63554
0.135363	13575.14356
0.13537	13575.65583
0.135377	13576.17168
0.135384	13576.68772
0.135391	13577.1963
0.135399	13577.70564
0.135406	13578.21407
0.135414	13578.7226
0.135421	13579.23362
0.135428	13579.73798
0.135435	13580.24761
0.135442	13580.75629
0.135449	13581.25819
0.135456	13581.76518
0.135463	13582.26281
0.13547	13582.76635
0.135477	13583.27232
0.135485	13583.77408
0.135492	13584.27996
0.135499	13584.78202
0.135507	13585.28957
0.135514	13585.78606
0.135521	13586.28988
0.135528	13586.79274
0.135535	13587.29211
0.135542	13587.80047
0.135549	13588.30307
0.135556	13588.81179
0.135564	13589.3112
0.135571	13589.81317
0.135578	13590.31266
0.135585	13590.81588
0.135592	13591.31653
0.135599	13591.81696
0.135606	13592.31613
0.135614	13592.81761
0.135621	13593.32408
0.135628	13593.82375
0.135635	13594.31938
0.135642	13594.81921
0.135649	13595.32154
0.135657	13595.82693
0.135664	13596.32295
0.135671	13596.81996
0.135678	13597.32128
0.135685	13597.81225
0.135692	13598.30661
0.135699	13598.80112
0.135706	13599.30032
0.135712	13599.79209
0.13572	13600.28844
0.135727	13600.78492
0.135734	13601.28292
0.135741	13601.77891
0.135748	13602.26989
0.135755	13602.76361
0.135763	13603.26003
0.13577	13603.75161
0.135777	13604.24643
0.135784	13604.73658
0.135791	13605.22973
0.135798	13605.71623
0.135805	13606.20152
0.135813	13606.68492
0.13582	13607.17185
0.135826	13607.66624
0.135833	13608.15891
0.13584	13608.64971
0.135847	13609.13272
0.135854	13609.62065
0.135861	13610.10436
0.135868	13610.59627
0.135875	13611.08026
0.135882	13611.56701
0.135888	13612.05008
0.135895	13612.53538
0.135902	13613.01834
0.135909	13613.5027
0.135916	13613.98771
0.135923	13614.46497
0.13593	13614.94587
0.135937	13615.42612
0.135944	13615.90512
0.135951	13616.39038
0.135957	13616.87254
0.135964	13617.35835
0.135971	13617.84316
0.135978	13618.32358
0.135985	13618.80385
0.135992	13619.28437
0.135999	13619.77244
0.136006	13620.25556
0.136012	13620.73795
0.136019	13621.21548
0.136026	13621.69441
0.136033	13622.17227
0.13604	13622.65015
0.136047	13623.12877
0.136054	13623.60671
0.136061	13624.08366
0.136068	13624.56249
0.136074	13625.04159
0.136081	13625.51266
0.136088	13625.99336
0.136095	13626.46604
0.136101	13626.94425
0.136109	13627.42703
0.136116	13627.90372
0.136123	13628.37631
0.13613	13628.85523
0.136136	13629.33173
0.136143	13629.80105
0.13615	13630.27352
0.136157	13630.75036
0.136164	13631.22343
0.136171	13631.70293
0.136177	13632.1791
0.136184	13632.65179
0.136191	13633.12422
0.136198	13633.59586
0.136205	13634.07256
0.136212	13634.55554
0.136219	13635.025
0.136226	13635.49541
0.136232	13635.96834
0.136239	13636.44107
0.136246	13636.90871
0.136253	13637.37773
0.136259	13637.84802
0.136265	13638.31503
0.136272	13638.78398
0.136279	13639.2476
0.136286	13639.71311
0.136293	13640.1809
0.136299	13640.64406
0.136306	13641.11274
0.136313	13641.57474
0.13632	13642.03572
0.136326	13642.48654
0.136333	13642.94621
0.13634	13643.40857
0.136347	13643.87082
0.136354	13644.32881
0.136361	13644.78433
0.136367	13645.24355
0.136374	13645.70644
0.13638	13646.15951
0.136387	13646.62007
0.136394	13647.0771
0.1364	13647.53139
0.136407	13647.98738
0.136413	13648.44346
0.13642	13648.90223
0.136427	13649.35801
0.136433	13649.80955
0.13644	13650.25915
0.136447	13650.71569
0.136453	13651.16669
0.13646	13651.61689
0.136467	13652.07228
0.136473	13652.52813
0.13648	13652.98135
0.136486	13653.42439
0.136493	13653.87255
0.1365	13654.31598
0.136506	13654.7595
0.136513	13655.20617
0.136519	13655.649
0.136526	13656.09135
0.136532	13656.53959
0.136538	13656.98327
0.136545	13657.4152
0.136552	13657.85889
0.136558	13658.29416
0.136565	13658.73004
0.136571	13659.16527
0.136577	13659.59745
0.136584	13660.02995
0.13659	13660.45925
0.136597	13660.89031
0.136603	13661.31948
0.13661	13661.74922
0.136616	13662.18024
0.136622	13662.61192
0.136629	13663.0377
0.136635	13663.46834
0.136642	13663.89785
0.136648	13664.31848
0.136655	13664.74929
0.136661	13665.17585
0.136667	13665.60215
0.136674	13666.02543
0.13668	13666.44982
0.136686	13666.87325
0.136693	13667.30197
0.136699	13667.72702
0.136706	13668.15073
0.136713	13668.56904
0.136719	13668.99188
0.136725	13669.40976
0.136732	13669.83075
0.136738	13670.25494
0.136745	13670.67488
0.136751	13671.10243
0.136757	13671.50991
0.136763	13671.92917
0.13677	13672.35252
0.136776	13672.77167
0.136782	13673.1893
0.136789	13673.61023
0.136795	13674.02594
0.136802	13674.44912
0.136808	13674.87027
0.136814	13675.29461
0.13682	13675.71748
0.136826	13676.14208
0.136833	13676.56719
0.136839	13676.98775
0.136845	13677.40503
0.136851	13677.82498
0.136858	13678.24059
0.136864	13678.66471
0.13687	13679.08363
0.136876	13679.51225
0.136883	13679.93239
0.136889	13680.34792
0.136895	13680.76741
0.136902	13681.18758
0.136907	13681.60106
0.136913	13682.01117
0.13692	13682.42666
0.136926	13682.83482
0.136932	13683.24078
0.136938	13683.64721
0.136944	13684.05843
0.136951	13684.45911
0.136957	13684.86294
0.136963	13685.25903
0.136969	13685.65153
0.136975	13686.04862
0.136981	13686.44166
0.136987	13686.83804
0.136993	13687.2276
0.136999	13687.6239
0.137005	13688.01043
0.13701	13688.39933
0.137016	13688.78912
0.137022	13689.17724
0.137027	13689.5663
0.137033	13689.94356
0.137039	13690.32879
0.137045	13690.71347
0.137051	13691.0964
0.137057	13691.47433
0.137063	13691.85909
0.137069	13692.23721
0.137075	13692.61673
0.137081	13692.99928
0.137087	13693.38266
0.137093	13693.7681
0.137098	13694.15285
0.137105	13694.53675
0.13711	13694.91963
0.137116	13695.30445
0.137122	13695.68917
0.137128	13696.07513
0.137134	13696.45086
0.13714	13696.83431
0.137145	13697.21757
0.137151	13697.60358
0.137157	13697.98384
0.137163	13698.36346
0.137169	13698.74443
0.137174	13699.12567
0.13718	13699.51059
0.137186	13699.89226
0.137192	13700.27665
0.137198	13700.66347
0.137204	13701.04886
0.13721	13701.43107
0.137216	13701.81455
0.137221	13702.19816
0.137227	13702.58092
0.137233	13702.96571
0.137239	13703.35124
0.137245	13703.73026
0.137251	13704.1082
0.137257	13704.48668
0.137263	13704.86382
0.137269	13705.24178
0.137274	13705.61954
0.13728	13705.99941
0.137286	13706.3778
0.137292	13706.7541
0.137298	13707.13533
0.137303	13707.51215
0.137309	13707.8802
0.137315	13708.25723
0.13732	13708.62903
0.137326	13709.00424
0.137332	13709.37436
0.137337	13709.7451
0.137343	13710.11316
0.137349	13710.48008
0.137354	13710.8497
0.13736	13711.22049
0.137365	13711.58671
0.137371	13711.95155
0.137377	13712.31894
0.137382	13712.68494
0.137388	13713.04824
0.137394	13713.41409
0.137399	13713.78046
0.137405	13714.14694
0.13741	13714.51179
0.137416	13714.8734
0.137421	13715.23863
0.137427	13715.60195
0.137432	13715.96476
0.137438	13716.33016
0.137444	13716.69373
0.137449	13717.06229
0.137455	13717.42359
0.137461	13717.79053
0.137466	13718.14415
0.137472	13718.50558
0.137477	13718.87042
0.137483	13719.23103
0.137489	13719.59022
0.137495	13719.95641
0.1375	13720.31707
0.137506	13720.6741
0.137511	13721.0364
0.137517	13721.40258
0.137522	13721.76336
0.137529	13722.12566
0.137534	13722.48765
0.137539	13722.85048
0.137545	13723.21344
0.13755	13723.57561
0.137555	13723.93191
0.137561	13724.29301
0.137566	13724.65065
0.137572	13725.00586
0.137577	13725.36678
0.137583	13725.72463
0.137588	13726.08691
0.137594	13726.43913
0.137599	13726.79657
0.137604	13727.15047
0.137609	13727.50565
0.137615	13727.85796
0.137621	13728.20877
0.137626	13728.56846
0.137631	13728.92499
0.137636	13729.2746
0.137641	13729.62775
0.137647	13729.98063
0.137652	13730.32862
0.137658	13730.67789
0.137663	13731.02669
0.137668	13731.37708
0.137674	13731.72902
0.137679	13732.08319
0.137684	13732.43379
0.137689	13732.78853
0.137694	13733.13913
0.1377	13733.49094
0.137705	13733.83814
0.137711	13734.18931
0.137716	13734.54632
0.137721	13734.89475
0.137726	13735.24706
0.137731	13735.60029
0.137736	13735.9528
0.137742	13736.30615
0.137747	13736.66238
0.137753	13737.01803
0.137758	13737.36802
0.137763	13737.72175
0.137768	13738.06755
0.137773	13738.4256
0.137779	13738.7772
0.137784	13739.13476
0.137789	13739.48353
0.137795	13739.83728
0.1378	13740.18835
0.137806	13740.54053
0.13781	13740.89122
0.137816	13741.24686
0.137821	13741.59237
0.137826	13741.94734
0.137832	13742.30003
0.137837	13742.64932
0.137842	13743.00472
0.137847	13743.35632
0.137853	13743.70283
0.137858	13744.05487
0.137864	13744.40305
0.137869	13744.74562
0.137874	13745.09783
0.13788	13745.44072
0.137885	13745.7853
0.13789	13746.13978
0.137895	13746.4897
0.137901	13746.83147
0.137907	13747.18527
0.137912	13747.53318
0.137917	13747.88091
0.137922	13748.23162
0.137927	13748.58096
0.137933	13748.93332
0.137938	13749.28241
0.137943	13749.63237
0.137949	13749.985
0.137955	13750.33469
0.13796	13750.68205
0.137966	13751.02587
0.137971	13751.37204
0.137976	13751.72415
0.137982	13752.07229
0.137987	13752.41939
0.137992	13752.76505
0.137997	13753.11444
0.138003	13753.4564
0.138008	13753.79726
0.138013	13754.14271
0.138019	13754.48402
0.138024	13754.83166
0.138029	13755.17263
0.138034	13755.51487
0.138039	13755.85533
0.138044	13756.19765
0.138049	13756.54067
0.138054	13756.87815
0.13806	13757.21467
0.138065	13757.55597
0.13807	13757.89844
0.138075	13758.22581
0.138081	13758.56156
0.138086	13758.89705
0.13809	13759.23756
0.138096	13759.57762
0.138101	13759.9209
0.138106	13760.25978
0.138111	13760.59684
0.138116	13760.93008
0.138121	13761.26565
0.138126	13761.60381
0.138131	13761.94197
0.138137	13762.28645
0.138142	13762.62654
0.138147	13762.96501
0.138152	13763.30985
0.138157	13763.64762
0.138162	13763.99226
0.138168	13764.322
0.138173	13764.65589
0.138178	13764.99683
0.138183	13765.33132
0.138188	13765.66564
0.138193	13766.00202
0.138198	13766.34045
0.138203	13766.67152
0.138208	13767.0055
0.138213	13767.34
0.138219	13767.6756
0.138223	13768.00445
0.138228	13768.33819
0.138234	13768.67431
0.138239	13769.00043
0.138244	13769.33152
0.13825	13769.67
0.138255	13769.99799
0.138261	13770.33132
0.138265	13770.65605
0.13827	13770.98546
0.138275	13771.31837
0.13828	13771.65149
0.138285	13771.98251
0.13829	13772.31494
0.138295	13772.63773
0.138299	13772.97024
0.138304	13773.29454
0.138309	13773.61251
0.138314	13773.93756
0.138319	13774.2557
0.138324	13774.57303
0.138329	13774.89454
0.138334	13775.21729
0.138339	13775.53944
0.138344	13775.85563
0.138349	13776.17696
0.138354	13776.50065
0.138359	13776.82673
0.138364	13777.14685
0.138369	13777.46944
0.138374	13777.78792
0.138379	13778.11944
0.138384	13778.44622
0.138389	13778.76654
0.138393	13779.08721
0.138398	13779.41547
0.138403	13779.73854
0.138407	13780.06301
0.138413	13780.38161
0.138417	13780.70555
0.138422	13781.03098
0.138427	13781.3493
0.138432	13781.67282
0.138437	13782.00227
0.138441	13782.32179
0.138446	13782.64718
0.138451	13782.97025
0.138456	13783.2958
0.138461	13783.6241
0.138466	13783.94432
0.138471	13784.27491
0.138476	13784.60759
0.13848	13784.93836
0.138486	13785.27248
0.138491	13785.59893
0.138495	13785.92933
0.1385	13786.25795
0.138505	13786.59025
0.13851	13786.92097
0.138515	13787.24933
0.13852	13787.5822
0.138525	13787.91983
0.13853	13788.25346
0.138535	13788.58793
0.13854	13788.91861
0.138545	13789.24859
0.138549	13789.58479
0.138555	13789.91703
0.13856	13790.25018
0.138565	13790.57981
0.13857	13790.91025
0.138574	13791.23892
0.138579	13791.57419
0.138585	13791.90158
0.13859	13792.23095
0.138595	13792.564
0.1386	13792.891
0.138605	13793.22295
0.13861	13793.553
0.138615	13793.88041
0.138621	13794.20454
0.138625	13794.52899
0.13863	13794.85449
0.138636	13795.17329
0.13864	13795.49389
0.138645	13795.81398
0.13865	13796.13373
0.138654	13796.45538
0.138659	13796.77008
0.138664	13797.09527
0.138669	13797.40915
0.138674	13797.72619
0.138679	13798.04353
0.138684	13798.35616
0.138689	13798.66436
0.138694	13798.97499
0.138699	13799.28634
0.138704	13799.60155
0.138708	13799.90642
0.138713	13800.21285
0.138718	13800.52222
0.138722	13800.83079
0.138728	13801.13439
0.138732	13801.43954
0.138737	13801.74314
0.138742	13802.04565
0.138746	13802.34857
0.138751	13802.64881
0.138756	13802.95
0.13876	13803.24476
0.138765	13803.54142
0.13877	13803.83623
0.138774	13804.13649
0.138779	13804.42879
0.138783	13804.71909
0.138788	13805.02182
0.138793	13805.31925
0.138798	13805.60917
0.138802	13805.90464
0.138807	13806.19321
0.138811	13806.48332
0.138816	13806.77066
0.138821	13807.05992
0.138825	13807.34386
0.13883	13807.62824
0.138834	13807.91448
0.138839	13808.20124
0.138843	13808.49067
0.138848	13808.77326
0.138853	13809.05611
0.138858	13809.34285
0.138862	13809.62055
0.138867	13809.9063
0.138871	13810.18379
0.138875	13810.45832
0.13888	13810.73392
0.138885	13811.01538
0.138889	13811.30351
0.138893	13811.57715
0.138898	13811.85262
0.138902	13812.1344
0.138906	13812.40997
0.138911	13812.6873
0.138915	13812.96327
0.13892	13813.23995
0.138924	13813.51327
0.138928	13813.78671
0.138933	13814.05896
0.138937	13814.33312
0.138942	13814.60746
0.138946	13814.88615
0.13895	13815.16084
0.138955	13815.43298
0.138959	13815.71224
0.138964	13815.98849
0.138968	13816.26867
0.138972	13816.54298
0.138977	13816.8089
0.138981	13817.08043
0.138985	13817.35214
0.13899	13817.62823
0.138994	13817.90452
0.138998	13818.17945
0.139003	13818.4574
0.139007	13818.73882
0.139011	13819.01047
0.139015	13819.28657
0.13902	13819.56518
0.139024	13819.83459
0.139028	13820.10746
0.139033	13820.38219
0.139037	13820.66283
0.139042	13820.94231
0.139046	13821.21605
0.13905	13821.49069
0.139054	13821.76724
0.139059	13822.0381
0.139063	13822.31284
0.139068	13822.58996
0.139072	13822.87164
0.139077	13823.14347
0.139081	13823.41099
0.139085	13823.68642
0.13909	13823.96231
0.139094	13824.23803
0.139098	13824.50996
0.139103	13824.77631
0.139108	13825.04137
0.139112	13825.31578
0.139116	13825.58343
0.13912	13825.84728
0.139125	13826.11415
0.139129	13826.3861
0.139133	13826.6484
0.139138	13826.91399
0.139141	13827.18388
0.139146	13827.44143
0.13915	13827.70519
0.139154	13827.96246
0.139158	13828.22233
0.139163	13828.47804
0.139167	13828.73396
0.139171	13828.99935
0.139175	13829.25815
0.139179	13829.51282
0.139183	13829.76889
0.139188	13830.02322
0.139192	13830.28336
0.139196	13830.53881
0.1392	13830.7953
0.139204	13831.04513
0.139208	13831.2941
0.139212	13831.54754
0.139217	13831.79895
0.139221	13832.04656
0.139225	13832.29678
0.139229	13832.54318
0.139233	13832.79588
0.139237	13833.03491
0.139241	13833.27809
0.139246	13833.52534
0.13925	13833.76607
0.139254	13834.00508
0.139258	13834.24459
0.139262	13834.47984
0.139266	13834.71777
0.13927	13834.95248
0.139273	13835.18564
0.139278	13835.42936
0.139282	13835.66097
0.139286	13835.89205
0.139289	13836.12891
0.139293	13836.36502
0.139297	13836.59613
0.139301	13836.82574
0.139304	13837.05624
0.139308	13837.28824
0.139312	13837.51689
0.139316	13837.74424
0.13932	13837.97214
0.139324	13838.20741
0.139328	13838.43117
0.139331	13838.66235
0.139335	13838.8852
0.139339	13839.1121
0.139343	13839.33497
0.139347	13839.56251
0.139351	13839.79097
0.139355	13840.02328
0.139358	13840.2509
0.139362	13840.47409
0.139366	13840.70428
0.13937	13840.93417
0.139374	13841.16467
0.139378	13841.39089
0.139382	13841.62601
0.139385	13841.85335
0.139389	13842.08088
0.139393	13842.31603
0.139397	13842.54556
0.139401	13842.77495
0.139405	13843.00392
0.139408	13843.23274
0.139412	13843.46296
0.139416	13843.69198
0.139421	13843.92609
0.139424	13844.15312
0.139428	13844.38524
0.139432	13844.61899
0.139436	13844.85162
0.13944	13845.08296
0.139444	13845.31376
0.139448	13845.547
0.139452	13845.78593
0.139456	13846.01727
0.13946	13846.25136
0.139464	13846.47977
0.139468	13846.71335
0.139472	13846.95084
0.139476	13847.18443
0.139479	13847.41319
0.139483	13847.64205
0.139487	13847.87579
0.139491	13848.11061
0.139494	13848.34378
0.139498	13848.58115
0.139502	13848.80998
0.139505	13849.04711
0.139509	13849.28082
0.139513	13849.51246
0.139517	13849.7484
0.139521	13849.98356
0.139525	13850.21969
0.139529	13850.45122
0.139532	13850.68848
0.139536	13850.91955
0.13954	13851.15379
0.139544	13851.39395
0.139548	13851.63212
0.139552	13851.86809
0.139556	13852.11007
0.13956	13852.34675
0.139564	13852.5849
0.139567	13852.82154
0.139571	13853.05847
0.139575	13853.29514
0.139579	13853.53122
0.139583	13853.77043
0.139587	13854.00687
0.139591	13854.24151
0.139594	13854.47359
0.139598	13854.70882
0.139602	13854.9417
0.139606	13855.174
0.13961	13855.40477
0.139613	13855.6356
0.139617	13855.86685
0.139621	13856.10201
0.139625	13856.33888
0.139628	13856.56764
0.139632	13856.79411
0.139636	13857.02916
0.13964	13857.26817
0.139644	13857.49921
0.139648	13857.73064
0.139651	13857.96068
0.139655	13858.19198
0.139658	13858.42322
0.139662	13858.65732
0.139666	13858.88496
0.139669	13859.12243
0.139673	13859.35161
0.139677	13859.57687
0.139681	13859.80653
0.139684	13860.03165
0.139688	13860.26679
0.139692	13860.49897
0.139696	13860.73189
0.139699	13860.96384
0.139703	13861.19346
0.139707	13861.42819
0.13971	13861.65549
0.139715	13861.88807
0.139718	13862.11764
0.139722	13862.34936
0.139726	13862.58034
0.13973	13862.81627
0.139734	13863.04745
0.139737	13863.27668
0.139741	13863.51181
0.139745	13863.74337
0.139749	13863.97075
0.139752	13864.19608
0.139756	13864.42754
0.13976	13864.65724
0.139764	13864.88479
0.139767	13865.11653
0.139771	13865.34931
0.139775	13865.57689
0.139779	13865.80537
0.139782	13866.03789
0.139786	13866.27179
0.13979	13866.50657
0.139794	13866.73641
0.139798	13866.96517
0.139802	13867.19647
0.139805	13867.42949
0.139809	13867.66189
0.139813	13867.89278
0.139816	13868.11932
0.13982	13868.35215
0.139824	13868.57701
0.139828	13868.81029
0.139832	13869.0415
0.139836	13869.27023
0.13984	13869.4976
0.139844	13869.72531
0.139848	13869.95332
0.139851	13870.18614
0.139855	13870.41715
0.139859	13870.65255
0.139862	13870.87904
0.139866	13871.10541
0.13987	13871.33566
0.139874	13871.56473
0.139877	13871.79092
0.139881	13872.02327
0.139885	13872.25589
0.139889	13872.48441
0.139892	13872.71474
0.139896	13872.94328
0.1399	13873.1787
0.139904	13873.40874
0.139908	13873.63906
0.139911	13873.86246
0.139915	13874.08824
0.139919	13874.31419
0.139922	13874.53871
0.139926	13874.76735
0.13993	13875.00191
0.139933	13875.23387
0.139937	13875.4562
0.139941	13875.68218
0.139944	13875.91192
0.139947	13876.13749
0.139952	13876.36756
0.139955	13876.60013
0.139959	13876.82694
0.139962	13877.05114
0.139966	13877.28091
0.13997	13877.50326
0.139973	13877.7313
0.139977	13877.95697
0.139981	13878.17954
0.139984	13878.40644
0.139988	13878.62906
0.139992	13878.84761
0.139995	13879.07151
0.139998	13879.29193
0.140003	13879.50626
0.140006	13879.72031
0.14001	13879.9303
0.140013	13880.1508
0.140017	13880.36492
0.14002	13880.57721
0.140024	13880.79257
0.140028	13881.00035
0.140031	13881.2083
0.140035	13881.42019
0.140038	13881.63584
0.140042	13881.84096
0.140045	13882.04791
0.140049	13882.26099
0.140053	13882.46834
0.140056	13882.67572
0.14006	13882.88813
0.140064	13883.09583
0.140067	13883.30545
0.14007	13883.51124
0.140074	13883.71799
0.140077	13883.92348
0.140081	13884.12905
0.140084	13884.33531
0.140088	13884.53887
0.140091	13884.74286
0.140095	13884.94925
0.140098	13885.15448
0.140102	13885.36296
0.140105	13885.57215
0.140109	13885.78005
0.140112	13885.98692
0.140115	13886.19087
0.140119	13886.39308
0.140122	13886.60224
0.140126	13886.80349
0.140129	13887.0096
0.140133	13887.20918
0.140136	13887.4152
0.140139	13887.60891
0.140143	13887.8137
0.140147	13888.01518
0.14015	13888.21996
0.140154	13888.42169
0.140157	13888.62132
0.14016	13888.82105
0.140163	13889.02173
0.140167	13889.22385
0.140171	13889.42466
0.140174	13889.6231
0.140177	13889.81895
0.14018	13890.01927
0.140184	13890.21482
0.140187	13890.41227
0.14019	13890.60919
0.140193	13890.8087
0.140197	13891.008
0.1402	13891.20587
0.140203	13891.4054
0.140207	13891.60563
0.14021	13891.80424
0.140214	13892.00067
0.140217	13892.19559
0.14022	13892.39532
0.140224	13892.59074
0.140227	13892.79064
0.140231	13892.98398
0.140233	13893.18583
0.140236	13893.38081
0.14024	13893.57712
0.140243	13893.77783
0.140246	13893.97319
0.140249	13894.1716
0.140253	13894.3619
0.140256	13894.56143
0.140259	13894.76245
0.140263	13894.96106
0.140266	13895.15976
0.14027	13895.35745
0.140273	13895.55538
0.140277	13895.75156
0.14028	13895.94207
0.140283	13896.13474
0.140286	13896.33454
0.14029	13896.52655
0.140293	13896.71658
0.140296	13896.92484
0.140299	13897.11791
0.140303	13897.31472
0.140306	13897.51004
0.140309	13897.70269
0.140312	13897.90741
0.140315	13898.09877
0.140319	13898.29899
0.140322	13898.49267
0.140325	13898.69587
0.140329	13898.89081
0.140332	13899.08803
0.140335	13899.28532
0.140338	13899.48173
0.140342	13899.68562
0.140345	13899.88101
0.140349	13900.07743
0.140352	13900.27465
0.140356	13900.4773
0.140359	13900.67391
0.140362	13900.86872
0.140366	13901.06669
0.140369	13901.25876
0.140373	13901.46169
0.140376	13901.66154
0.140379	13901.86224
0.140383	13902.06669
0.140386	13902.2754
0.14039	13902.47805
0.140393	13902.6796
0.140396	13902.88828
0.1404	13903.09232
0.140403	13903.30619
0.140406	13903.50814
0.140409	13903.71718
0.140413	13903.92093
0.140417	13904.13364
0.14042	13904.34341
0.140424	13904.55536
0.140427	13904.76644
0.140431	13904.98062
0.140434	13905.20142
0.140437	13905.41111
0.140441	13905.62459
0.140444	13905.84084
0.140448	13906.05267
0.140452	13906.26998
0.140455	13906.48837
0.140459	13906.70487
0.140462	13906.92131
0.140466	13907.13572
0.140469	13907.35276
0.140473	13907.56214
0.140476	13907.78777
0.140479	13907.99916
0.140483	13908.21584
0.140486	13908.42989
0.14049	13908.64081
0.140494	13908.8579
0.140497	13909.07692
0.140501	13909.2928
0.140505	13909.51044
0.140508	13909.72429
0.140511	13909.9439
0.140515	13910.16222
0.140518	13910.38523
0.140522	13910.60635
0.140525	13910.82295
0.140529	13911.04099
0.140532	13911.26297
0.140536	13911.48473
0.14054	13911.70588
0.140543	13911.93509
0.140547	13912.15965
0.14055	13912.38828
0.140554	13912.61259
0.140558	13912.84025
0.140561	13913.06025
0.140565	13913.28347
0.140568	13913.5115
0.140572	13913.73393
0.140576	13913.96614
0.140579	13914.19566
0.140583	13914.42875
0.140586	13914.65945
0.14059	13914.88864
0.140594	13915.12937
0.140597	13915.36226
0.140601	13915.59719
0.140604	13915.83197
0.140608	13916.07044
0.140612	13916.30543
0.140615	13916.53046
0.140619	13916.76637
0.140623	13917.00257
0.140627	13917.2443
0.14063	13917.48307
0.140634	13917.72732
0.140637	13917.96748
0.140641	13918.20953
0.140645	13918.44931
0.140649	13918.69552
0.140653	13918.94085
0.140656	13919.1869
0.14066	13919.43167
0.140664	13919.67654
0.140668	13919.92766
0.140672	13920.17114
0.140676	13920.4169
0.140679	13920.66529
0.140683	13920.9093
0.140687	13921.15636
0.140691	13921.40408
0.140695	13921.6483
0.140698	13921.90199
0.140702	13922.15088
0.140706	13922.39602
0.14071	13922.64341
0.140713	13922.88492
0.140717	13923.13649
0.140721	13923.38185
0.140725	13923.62809
0.140728	13923.87696
0.140732	13924.11813
0.140736	13924.37055
0.140739	13924.61699
0.140743	13924.86401
0.140747	13925.11157
0.140751	13925.35754
0.140754	13925.60836
0.140758	13925.84919
0.140762	13926.09554
0.140766	13926.34854
0.14077	13926.59133
0.140773	13926.8385
0.140777	13927.08671
0.14078	13927.33097
0.140785	13927.57895
0.140788	13927.82218
0.140792	13928.07021
0.140796	13928.31169
0.1408	13928.56143
0.140804	13928.80363
0.140807	13929.04466
0.140811	13929.28724
0.140815	13929.53563
0.140818	13929.78002
0.140822	13930.02501
0.140826	13930.26409
0.140829	13930.51474
0.140833	13930.76129
0.140837	13931.00647
0.140841	13931.24897
0.140845	13931.49428
0.140849	13931.7422
0.140853	13931.98878
0.140856	13932.23058
0.14086	13932.4791
0.140863	13932.72547
0.140867	13932.96862
0.140871	13933.21445
0.140874	13933.45987
0.140877	13933.70506
0.140881	13933.95117
0.140885	13934.19828
0.140888	13934.44469
0.140892	13934.69238
0.140895	13934.93784
0.140899	13935.1855
0.140903	13935.42571
0.140906	13935.67472
0.14091	13935.91787
0.140914	13936.15969
0.140918	13936.40488
0.140921	13936.64508
0.140925	13936.8945
0.140929	13937.14394
0.140933	13937.39115
0.140937	13937.632
0.14094	13937.87533
0.140944	13938.11606
0.140948	13938.35547
0.140952	13938.6042
0.140955	13938.84312
0.140959	13939.08423
0.140963	13939.32909
0.140966	13939.56425
0.14097	13939.80818
0.140973	13940.05303
0.140977	13940.29916
0.140981	13940.54167
0.140984	13940.78753
0.140988	13941.03222
0.140992	13941.27533
0.140995	13941.5145
0.140998	13941.76216
0.141002	13941.99955
0.141006	13942.24056
0.141009	13942.48639
0.141013	13942.72608
0.141017	13942.97358
0.14102	13943.21452
0.141024	13943.45617
0.141028	13943.70143
0.141032	13943.94697
0.141036	13944.19044
0.141039	13944.43412
0.141043	13944.67708
0.141047	13944.91925
0.14105	13945.15472
0.141054	13945.3891
0.141058	13945.63695
0.141062	13945.87641
0.141066	13946.11659
0.141069	13946.35678
0.141072	13946.59168
0.141076	13946.82468
0.14108	13947.0626
0.141084	13947.30403
0.141087	13947.54251
0.141091	13947.77912
0.141095	13948.01452
0.141098	13948.25034
0.141102	13948.48911
0.141105	13948.72447
0.141108	13948.96176
0.141112	13949.20087
0.141115	13949.43434
0.141119	13949.66724
0.141123	13949.89566
0.141126	13950.12802
0.14113	13950.36819
0.141134	13950.60893
0.141137	13950.83179
0.141141	13951.06423
0.141144	13951.29852
0.141148	13951.53135
0.141152	13951.76635
0.141156	13951.99194
0.141159	13952.22683
0.141163	13952.45687
0.141167	13952.68668
0.14117	13952.91061
0.141173	13953.13888
0.141177	13953.36881
0.141181	13953.60129
0.141184	13953.83066
0.141188	13954.06351
0.141191	13954.29026
0.141195	13954.51701
0.141199	13954.74057
0.141202	13954.96914
0.141206	13955.19749
0.141209	13955.42412
0.141213	13955.64921
0.141216	13955.87995
0.14122	13956.11052
0.141223	13956.33598
0.141227	13956.56641
0.14123	13956.78962
0.141234	13957.0155
0.141238	13957.2412
0.141241	13957.46417
0.141245	13957.69038
0.141248	13957.91335
0.141252	13958.14214
0.141256	13958.36369
0.141259	13958.58568
0.141263	13958.81173
0.141267	13959.03432
0.14127	13959.25355
0.141274	13959.47923
0.141278	13959.69975
0.141281	13959.92108
0.141285	13960.1429
0.141289	13960.36752
0.141292	13960.59464
0.141296	13960.8134
0.141299	13961.02699
0.141303	13961.2495
0.141306	13961.4708
0.14131	13961.69409
0.141313	13961.91586
0.141317	13962.13382
0.14132	13962.34929
0.141324	13962.56588
0.141327	13962.78181
0.141331	13962.99614
0.141334	13963.21367
0.141338	13963.43194
0.141341	13963.64721
0.141345	13963.86603
0.141348	13964.08138
0.141352	13964.30219
0.141355	13964.51527
0.141359	13964.72981
0.141362	13964.94114
0.141366	13965.15439
0.141369	13965.36861
0.141373	13965.58795
0.141376	13965.79884
0.141379	13966.00843
0.141383	13966.22677
0.141386	13966.43907
0.14139	13966.65239
0.141393	13966.8646
0.141397	13967.07407
0.1414	13967.28446
0.141403	13967.49555
0.141407	13967.70926
0.14141	13967.92084
0.141413	13968.13006
0.141417	13968.33915
0.14142	13968.55019
0.141424	13968.75889
0.141427	13968.96916
0.14143	13969.184
0.141433	13969.39637
0.141437	13969.60637
0.14144	13969.82052
0.141444	13970.03115
0.141447	13970.23612
0.141451	13970.4424
0.141454	13970.65938
0.141457	13970.86882
0.141461	13971.07501
0.141464	13971.28214
0.141467	13971.49585
0.141471	13971.70771
0.141474	13971.92052
0.141477	13972.13407
0.141481	13972.33801
0.141484	13972.54707
0.141487	13972.75942
0.141491	13972.96673
0.141494	13973.17759
0.141497	13973.39026
0.141501	13973.60235
0.141504	13973.8078
0.141507	13974.01124
0.141511	13974.21621
0.141514	13974.42291
0.141517	13974.63083
0.14152	13974.83528
0.141523	13975.04107
0.141527	13975.24713
0.14153	13975.44802
0.141533	13975.65128
0.141536	13975.85374
0.14154	13976.05748
0.141543	13976.25616
0.141546	13976.46235
0.14155	13976.65877
0.141553	13976.86213
0.141556	13977.0601
0.141559	13977.2635
0.141562	13977.46088
0.141565	13977.66386
0.141569	13977.86163
0.141572	13978.05953
0.141575	13978.25629
0.141578	13978.45476
0.141581	13978.6531
0.141585	13978.85005
0.141588	13979.04523
0.141591	13979.23888
0.141595	13979.4292
0.141598	13979.62742
0.141601	13979.81804
0.141604	13980.01542
0.141607	13980.21276
0.141611	13980.40826
0.141614	13980.6039
0.141617	13980.80102
0.14162	13980.99549
0.141623	13981.19197
0.141626	13981.38923
0.14163	13981.59123
0.141633	13981.78704
0.141636	13981.98508
0.141639	13982.18228
0.141642	13982.37656
0.141645	13982.57406
0.141649	13982.77693
0.141652	13982.97552
0.141655	13983.16738
0.141658	13983.36688
0.141662	13983.56817
0.141665	13983.7674
0.141669	13983.96688
0.141672	13984.16118
0.141675	13984.3597
0.141678	13984.55981
0.141682	13984.75979
0.141685	13984.96063
0.141688	13985.16045
0.141692	13985.36697
0.141695	13985.56999
0.141698	13985.77592
0.141702	13985.97394
0.141705	13986.17426
0.141708	13986.37426
0.141712	13986.57533
0.141715	13986.77683
0.141718	13986.97822
0.141722	13987.18055
0.141725	13987.38166
0.141728	13987.59271
0.141732	13987.79192
0.141735	13987.99214
0.141738	13988.19373
0.141741	13988.40144
0.141745	13988.59994
0.141748	13988.80718
0.141751	13989.00429
0.141755	13989.21145
0.141758	13989.42073
0.141761	13989.62604
0.141764	13989.8285
0.141768	13990.03527
0.141771	13990.24062
0.141775	13990.44332
0.141778	13990.65411
0.141781	13990.86408
0.141784	13991.07234
0.141788	13991.27732
0.141791	13991.48757
0.141794	13991.69408
0.141797	13991.90449
0.1418	13992.1165
0.141804	13992.32804
0.141807	13992.53805
0.14181	13992.75293
0.141813	13992.95781
0.141816	13993.16921
0.14182	13993.38161
0.141823	13993.59328
0.141826	13993.80198
0.141829	13994.00952
0.141833	13994.21766
0.141836	13994.43551
0.141839	13994.64665
0.141843	13994.85436
0.141846	13995.06074
0.141849	13995.27205
0.141852	13995.48341
0.141856	13995.6904
0.141859	13995.90366
0.141862	13996.11009
0.141865	13996.32347
0.141869	13996.53371
0.141872	13996.74273
0.141875	13996.94976
0.141879	13997.16126
0.141882	13997.36745
0.141885	13997.57213
0.141888	13997.78008
0.141891	13997.991
0.141895	13998.20254
0.141898	13998.40549
0.141902	13998.61329
0.141905	13998.82448
0.141908	13999.03149
0.141911	13999.23574
0.141914	13999.43882
0.141917	13999.65066
0.14192	13999.85494
0.141923	14000.06166
0.141927	14000.26373
0.14193	14000.4671
0.141933	14000.66847
0.141936	14000.87474
0.141939	14001.08033
0.141943	14001.28474
0.141946	14001.49586
0.141949	14001.69573
0.141952	14001.89589
0.141956	14002.09644
0.141959	14002.30234
0.141962	14002.50689
0.141966	14002.7044
0.141969	14002.90915
0.141972	14003.10703
0.141975	14003.31653
0.141978	14003.51515
0.141982	14003.71614
0.141985	14003.92097
0.141988	14004.12557
0.141991	14004.33365
0.141994	14004.53672
0.141998	14004.74642
0.142001	14004.94581
0.142004	14005.15484
0.142007	14005.35755
0.142011	14005.56324
0.142014	14005.76735
0.142017	14005.96968
0.14202	14006.17462
0.142023	14006.38634
0.142027	14006.58449
0.14203	14006.79236
0.142033	14006.99793
0.142036	14007.20466
0.14204	14007.41293
0.142043	14007.61912
0.142047	14007.82373
0.14205	14008.02753
0.142054	14008.23131
0.142057	14008.43389
0.14206	14008.63719
0.142064	14008.83962
0.142067	14009.04872
0.14207	14009.25711
0.142074	14009.46653
0.142077	14009.67475
0.142081	14009.87817
0.142084	14010.09
0.142087	14010.29373
0.14209	14010.50513
0.142094	14010.71545
0.142097	14010.92466
0.142101	14011.13276
0.142104	14011.34043
0.142107	14011.54917
0.142111	14011.76369
0.142114	14011.96806
0.142117	14012.17586
0.142121	14012.38195
0.142124	14012.59166
0.142127	14012.79756
0.142131	14013.01104
0.142134	14013.22497
0.142138	14013.43685
0.142141	14013.64692
0.142145	14013.862
0.142148	14014.07687
0.142151	14014.28996
0.142155	14014.49614
0.142158	14014.70892
0.142162	14014.92196
0.142165	14015.13152
0.142168	14015.34135
0.142172	14015.55172
0.142175	14015.76645
0.142178	14015.97982
0.142182	14016.18895
0.142185	14016.39875
0.142189	14016.60811
0.142192	14016.8253
0.142195	14017.0391
0.142198	14017.25148
0.142202	14017.46106
0.142205	14017.67886
0.142208	14017.89569
0.142212	14018.10739
0.142215	14018.32115
0.142219	14018.54481
0.142222	14018.75838
0.142226	14018.97829
0.142229	14019.19575
0.142233	14019.40992
0.142236	14019.63231
0.14224	14019.854
0.142243	14020.07651
0.142247	14020.30344
0.14225	14020.52764
0.142253	14020.74988
0.142256	14020.97982
0.14226	14021.2068
0.142263	14021.4259
0.142267	14021.6515
0.14227	14021.87547
0.142273	14022.10116
0.142277	14022.33364
0.14228	14022.56367
0.142284	14022.79129
0.142288	14023.02063
0.142291	14023.25993
0.142294	14023.49388
0.142298	14023.72578
0.142302	14023.95931
0.142305	14024.1924
0.142309	14024.42456
0.142313	14024.65452
0.142316	14024.887
0.14232	14025.12185
0.142324	14025.3638
0.142328	14025.60168
0.142331	14025.84509
0.142335	14026.08605
0.142339	14026.31957
0.142342	14026.55207
0.142346	14026.79578
0.14235	14027.0362
0.142353	14027.26992
0.142356	14027.51028
0.14236	14027.75006
0.142363	14027.99432
0.142367	14028.23536
0.14237	14028.478
0.142374	14028.72096
0.142377	14028.97261
0.142381	14029.2168
0.142385	14029.46263
0.142388	14029.70894
0.142392	14029.95568
0.142396	14030.19679
0.142399	14030.44942
0.142403	14030.69575
0.142407	14030.93915
0.142411	14031.18771
0.142414	14031.44058
0.142418	14031.68665
0.142422	14031.93676
0.142426	14032.18579
0.142429	14032.44024
0.142433	14032.6864
0.142437	14032.94316
0.142441	14033.19394
0.142445	14033.44803
0.142448	14033.69785
0.142452	14033.95175
0.142455	14034.20568
0.142459	14034.46126
0.142463	14034.71472
0.142466	14034.97472
0.14247	14035.22672
0.142474	14035.48676
0.142478	14035.74664
0.142482	14036.00524
0.142486	14036.26114
0.14249	14036.50877
0.142494	14036.77111
0.142497	14037.03027
0.142501	14037.28963
0.142505	14037.55429
0.142509	14037.81009
0.142513	14038.06768
0.142516	14038.32828
0.142521	14038.58828
0.142525	14038.85262
0.142528	14039.11132
0.142533	14039.37547
0.142536	14039.63883
0.14254	14039.89928
0.142544	14040.16055
0.142548	14040.4201
0.142552	14040.6854
0.142556	14040.94802
0.14256	14041.20342
0.142564	14041.47104
0.142568	14041.73735
0.142572	14042.00179
0.142576	14042.26653
0.14258	14042.5318
0.142584	14042.79633
0.142588	14043.06076
0.142592	14043.32318
0.142596	14043.58362
0.1426	14043.84981
0.142604	14044.11885
0.142607	14044.38048
0.142611	14044.64964
0.142616	14044.92106
0.14262	14045.18493
0.142624	14045.4469
0.142628	14045.71745
0.142632	14045.98916
0.142637	14046.25942
0.14264	14046.52944
0.142644	14046.79857
0.142648	14047.06892
0.142652	14047.33662
0.142656	14047.60062
0.142659	14047.8722
0.142663	14048.15009
0.142667	14048.41806
0.142671	14048.68
0.142675	14048.95179
0.142679	14049.22047
0.142683	14049.49486
0.142687	14049.76727
0.14269	14050.03397
0.142695	14050.30979
0.142699	14050.58349
0.142702	14050.85728
0.142706	14051.12186
0.14271	14051.40065
0.142714	14051.67225
0.142719	14051.94843
0.142723	14052.22815
0.142728	14052.50273
0.142732	14052.78299
0.142736	14053.05888
0.14274	14053.33986
0.142744	14053.6155
0.142748	14053.89267
0.142752	14054.17566
0.142756	14054.45585
0.142761	14054.74059
0.142765	14055.01894
0.142769	14055.29309
0.142774	14055.57255
0.142778	14055.84977
0.142782	14056.13208
0.142786	14056.41387
0.142791	14056.69846
0.142794	14056.97896
0.142798	14057.26455
0.142803	14057.54516
0.142807	14057.82435
0.142811	14058.10544
0.142815	14058.39299
0.142819	14058.67959
0.142823	14058.96647
0.142827	14059.2526
0.142831	14059.53979
0.142836	14059.83333
0.14284	14060.12513
0.142844	14060.4134
0.142848	14060.70085
0.142852	14060.99132
0.142857	14061.2733
0.142861	14061.56191
0.142865	14061.85243
0.142869	14062.13859
0.142873	14062.42752
0.142878	14062.7191
0.142882	14063.01192
0.142886	14063.30183
0.142891	14063.58989
0.142895	14063.88343
0.142899	14064.17398
0.142904	14064.47338
0.142908	14064.76572
0.142912	14065.06235
0.142917	14065.35208
0.142921	14065.64624
0.142925	14065.94041
0.142929	14066.23805
0.142933	14066.52692
0.142937	14066.82158
0.142942	14067.11429
0.142946	14067.40621
0.14295	14067.69673
0.142954	14067.98121
0.142958	14068.26954
0.142963	14068.56177
0.142967	14068.85767
0.142971	14069.14502
0.142975	14069.43921
0.142979	14069.72798
0.142984	14070.01564
0.142988	14070.3069
0.142992	14070.59501
0.142996	14070.88591
0.143	14071.17638
0.143005	14071.46785
0.143009	14071.76032
0.143013	14072.04763
0.143017	14072.3428
0.143022	14072.63246
0.143026	14072.91898
0.14303	14073.20363
0.143034	14073.49475
0.143038	14073.78559
0.143043	14074.06758
0.143047	14074.35197
0.14305	14074.6421
0.143054	14074.9281
0.143059	14075.22255
0.143063	14075.51383
0.143067	14075.8015
0.143072	14076.09768
0.143076	14076.40228
0.143081	14076.69847
0.143085	14076.99618
0.14309	14077.29532
0.143094	14077.59443
0.143099	14077.89328
0.143104	14078.19402
0.143108	14078.50051
0.143113	14078.79963
0.143117	14079.10493
0.143122	14079.4094
0.143127	14079.71703
0.143131	14080.02221
0.143136	14080.33464
0.14314	14080.6416
0.143144	14080.95482
0.143149	14081.26848
0.143153	14081.57717
0.143158	14081.88826
0.143163	14082.19682
0.143168	14082.5121
0.143172	14082.82375
0.143176	14083.13511
0.143181	14083.4507
0.143186	14083.76441
0.14319	14084.08444
0.143195	14084.39925
0.143199	14084.71327
0.143204	14085.03062
0.143208	14085.35131
0.143213	14085.67287
0.143218	14085.99738
0.143222	14086.31827
0.143227	14086.63986
0.143232	14086.9679
0.143237	14087.29479
0.143242	14087.6186
0.143246	14087.94041
0.14325	14088.25917
0.143255	14088.58597
0.143261	14088.91503
0.143265	14089.23881
0.14327	14089.5617
0.143275	14089.89247
0.14328	14090.21879
0.143285	14090.54126
0.14329	14090.86396
0.143295	14091.18988
0.1433	14091.51428
0.143304	14091.84215
0.143309	14092.1682
0.143313	14092.49553
0.143318	14092.82162
0.143323	14093.15006
0.143328	14093.4802
0.143333	14093.80662
0.143337	14094.13517
0.143342	14094.45478
0.143347	14094.78103
0.143352	14095.11047
0.143356	14095.43641
0.143361	14095.76023
0.143365	14096.08344
0.14337	14096.41021
0.143375	14096.74101
0.14338	14097.06512
0.143384	14097.39353
0.143389	14097.72514
0.143394	14098.05605
0.143399	14098.38294
0.143404	14098.71461
0.143408	14099.04673
0.143413	14099.38271
0.143418	14099.71377
0.143423	14100.04632
0.143428	14100.37921
0.143433	14100.70918
0.143438	14101.04326
0.143443	14101.37646
0.143448	14101.71008
0.143452	14102.05165
0.143457	14102.39126
0.143462	14102.72807
0.143467	14103.06201
0.143472	14103.40217
0.143477	14103.73334
0.143482	14104.07468
0.143487	14104.41181
0.143492	14104.75327
0.143497	14105.0914
0.143502	14105.43266
0.143507	14105.77689
0.143512	14106.11653
0.143517	14106.45349
0.143522	14106.79694
0.143527	14107.13596
0.143532	14107.47885
0.143537	14107.82283
0.143542	14108.16116
0.143547	14108.49934
0.143552	14108.83938
0.143557	14109.18059
0.143562	14109.52225
0.143567	14109.86506
0.143572	14110.2047
0.143577	14110.55007
0.143582	14110.88849
0.143588	14111.23107
0.143593	14111.57682
0.143598	14111.91635
0.143603	14112.25946
0.143608	14112.59714
0.143614	14112.93264
0.143619	14113.27667
0.143624	14113.62176
0.143628	14113.96526
0.143634	14114.31035
0.143639	14114.65273
0.143644	14114.99899
0.143649	14115.34212
0.143654	14115.68499
0.143659	14116.02977
0.143664	14116.37778
0.14367	14116.7249
0.143675	14117.06408
0.14368	14117.40497
0.143685	14117.7494
0.143691	14118.10016
0.143696	14118.44603
0.143701	14118.78589
0.143706	14119.12859
0.143711	14119.46859
0.143717	14119.81629
0.143721	14120.16397
0.143726	14120.50302
0.143732	14120.84265
0.143737	14121.1844
0.143743	14121.52599
0.143748	14121.87112
0.143752	14122.21514
0.143758	14122.56125
0.143763	14122.90713
0.143768	14123.24954
0.143774	14123.59212
0.143779	14123.93807
0.143783	14124.28464
0.143788	14124.62934
0.143793	14124.97599
0.143799	14125.31764
0.143804	14125.66202
0.143809	14126.01055
0.143814	14126.35574
0.143819	14126.69591
0.143824	14127.04203
0.143829	14127.38685
0.143834	14127.73218
0.14384	14128.08297
0.143845	14128.4221
0.14385	14128.76771
0.143855	14129.10933
0.143861	14129.46168
0.143866	14129.80695
0.143871	14130.151
0.143876	14130.49651
0.143881	14130.84104
0.143886	14131.18631
0.143891	14131.53044
0.143897	14131.86826
0.143902	14132.21178
0.143908	14132.55293
0.143913	14132.89549
0.143918	14133.23784
0.143923	14133.58127
0.143928	14133.92128
0.143934	14134.26484
0.143939	14134.60746
0.143944	14134.94655
0.143949	14135.29011
0.143955	14135.63859
0.14396	14135.98572
0.143966	14136.32437
0.14397	14136.66322
0.143976	14137.00722
0.143981	14137.35255
0.143987	14137.69573
0.143992	14138.0389
0.143998	14138.38669
0.144002	14138.7322
0.144008	14139.08432
0.144013	14139.44031
0.144019	14139.79036
0.144024	14140.14794
0.14403	14140.50119
0.144035	14140.85612
0.144041	14141.21359
0.144046	14141.56882
0.144051	14141.92714
0.144057	14142.2881
0.144062	14142.64822
0.144068	14143.00802
0.144073	14143.37357
0.144078	14143.73415
0.144084	14144.0991
0.14409	14144.4687
0.144095	14144.83016
0.1441	14145.1975
0.144106	14145.56777
0.144112	14145.93651
0.144118	14146.30695
0.144124	14146.67204
0.144129	14147.04724
0.144135	14147.41509
0.144141	14147.78829
0.144146	14148.15767
0.144152	14148.52353
0.144158	14148.89262
0.144163	14149.2659
0.144169	14149.64412
0.144175	14150.01975
0.14418	14150.39638
0.144186	14150.7788
0.144192	14151.15888
0.144198	14151.5312
0.144204	14151.91301
0.14421	14152.29391
0.144216	14152.66341
0.144222	14153.04206
0.144228	14153.41682
0.144233	14153.79609
0.144239	14154.17435
0.144245	14154.54521
0.144252	14154.92217
0.144258	14155.29141
0.144263	14155.66914
0.144268	14156.03998
0.144274	14156.41946
0.144279	14156.79875
0.144285	14157.17243
0.144291	14157.54681
0.144297	14157.92239
0.144303	14158.2991
0.144308	14158.67955
0.144314	14159.05397
0.14432	14159.43189
0.144326	14159.81349
0.144332	14160.19672
0.144338	14160.57682
0.144343	14160.95993
0.144349	14161.33818
0.144356	14161.71585
0.144362	14162.09603
0.144367	14162.47584
0.144373	14162.85533
0.144379	14163.23824
0.144385	14163.6195
0.144391	14163.99606
0.144397	14164.37517
0.144402	14164.7459
0.144408	14165.13021
0.144414	14165.50849
0.14442	14165.88686
0.144425	14166.26346
0.144431	14166.63958
0.144437	14167.01821
0.144443	14167.39773
0.144449	14167.77053
0.144455	14168.14148
0.144461	14168.52009
0.144467	14168.90055
0.144473	14169.27905
0.144478	14169.65535
0.144484	14170.02923
0.14449	14170.40602
0.144496	14170.78436
0.144502	14171.15793
0.144508	14171.53874
0.144514	14171.9149
0.14452	14172.2919
0.144526	14172.66253
0.144532	14173.04229
0.144538	14173.41937
0.144544	14173.79889
0.14455	14174.17945
0.144556	14174.55362
0.144562	14174.92845
0.144568	14175.30475
0.144574	14175.68163
0.14458	14176.05506
0.144586	14176.42808
0.144592	14176.80164
0.144598	14177.17446
0.144604	14177.54928
0.14461	14177.9294
0.144616	14178.30363
0.144621	14178.67957
0.144627	14179.05329
0.144633	14179.42745
0.144639	14179.8002
0.144645	14180.17296
0.144651	14180.54043
0.144657	14180.9113
0.144663	14181.28536
0.144669	14181.65869
0.144675	14182.03134
0.144681	14182.40233
0.144687	14182.77772
0.144693	14183.14861
0.144699	14183.52035
0.144705	14183.88716
0.144711	14184.25624
0.144717	14184.62705
0.144723	14184.9885
0.144729	14185.35725
0.144735	14185.72245
0.144741	14186.09029
0.144746	14186.45903
0.144752	14186.83035
0.144758	14187.19756
0.144764	14187.56354
0.14477	14187.92857
0.144776	14188.29465
0.144782	14188.65864
0.144788	14189.0221
0.144794	14189.38419
0.1448	14189.7488
0.144806	14190.11466
0.144812	14190.47029
0.144817	14190.83318
0.144823	14191.19329
0.144829	14191.55748
0.144835	14191.91894
0.144841	14192.28156
0.144847	14192.64338
0.144853	14193.00504
0.144859	14193.36747
0.144865	14193.72673
0.144871	14194.09161
0.144877	14194.44636
0.144883	14194.80922
0.144889	14195.16771
0.144895	14195.52784
0.144901	14195.89097
0.144907	14196.25119
0.144913	14196.62383
0.144919	14196.98546
0.144925	14197.35228
0.144931	14197.7191
0.144938	14198.08309
0.144944	14198.45421
0.14495	14198.82094
0.144956	14199.18735
0.144962	14199.56421
0.144968	14199.93375
0.144974	14200.3052
0.14498	14200.67603
0.144986	14201.05339
0.144992	14201.42769
0.144998	14201.79226
0.145004	14202.16807
0.14501	14202.54138
0.145017	14202.91698
0.145023	14203.29246
0.145029	14203.6693
0.145035	14204.05114
0.145041	14204.43023
0.145046	14204.81068
0.145053	14205.18396
0.145059	14205.56465
0.145065	14205.93884
0.145072	14206.31967
0.145078	14206.70338
0.145084	14207.08128
0.14509	14207.45723
0.145096	14207.83721
0.145102	14208.21193
0.145108	14208.59287
0.145114	14208.97238
0.145121	14209.35715
0.145127	14209.7384
0.145133	14210.11535
0.145139	14210.49599
0.145146	14210.88557
0.145153	14211.26545
0.145159	14211.64592
0.145166	14212.03402
0.145172	14212.41591
0.145179	14212.80023
0.145185	14213.18271
0.145191	14213.56802
0.145198	14213.95765
0.145204	14214.34262
0.14521	14214.72566
0.145217	14215.11003
0.145223	14215.49298
0.14523	14215.88417
0.145236	14216.26981
0.145243	14216.65811
0.145249	14217.04602
0.145256	14217.43547
0.145262	14217.83039
0.145268	14218.21772
0.145274	14218.6048
0.145281	14218.99075
0.145287	14219.38301
0.145294	14219.77547
0.145301	14220.17017
0.145307	14220.5644
0.145314	14220.95348
0.14532	14221.34997
0.145327	14221.75174
0.145333	14222.14653
0.14534	14222.54193
0.145346	14222.93142
0.145353	14223.3239
0.14536	14223.72429
0.145366	14224.12358
0.145373	14224.52343
0.145379	14224.92462
0.145385	14225.32489
0.145392	14225.72508
0.145399	14226.12205
0.145405	14226.52281
0.145412	14226.92494
0.145419	14227.33159
0.145425	14227.73743
0.145432	14228.13682
0.145438	14228.54767
0.145445	14228.95264
0.145452	14229.35862
0.145458	14229.76455
0.145465	14230.16934
0.145472	14230.57484
0.145478	14230.98502
0.145484	14231.39618
0.145491	14231.80803
0.145498	14232.22314
0.145505	14232.6255
0.145511	14233.03439
0.145518	14233.44232
0.145525	14233.85674
0.145532	14234.26978
0.145539	14234.68532
0.145545	14235.09605
0.145552	14235.50145
0.145559	14235.9125
0.145566	14236.3275
0.145572	14236.73137
0.145579	14237.14474
0.145585	14237.55403
0.145592	14237.9702
0.145599	14238.37865
0.145606	14238.78802
0.145613	14239.20452
0.14562	14239.61471
0.145626	14240.03307
0.145634	14240.44232
0.14564	14240.85926
0.145647	14241.26303
0.145654	14241.68063
0.145661	14242.09182
0.145668	14242.51056
0.145675	14242.92237
0.145682	14243.33335
0.145688	14243.75038
0.145695	14244.16618
0.145702	14244.57817
0.145709	14244.99571
0.145716	14245.41157
0.145723	14245.82692
0.14573	14246.24607
0.145737	14246.6609
0.145744	14247.08002
0.145751	14247.49278
0.145758	14247.90663
0.145765	14248.33159
0.145772	14248.75077
0.145779	14249.16842
0.145786	14249.58507
0.145793	14250.00775
0.1458	14250.429
0.145807	14250.84879
0.145814	14251.26659
0.145821	14251.68695
0.145828	14252.10119
0.145835	14252.52213
0.145842	14252.94171
0.145848	14253.35834
0.145856	14253.78325
0.145863	14254.20257
0.145869	14254.6262
0.145876	14255.04663
0.145883	14255.46997
0.145891	14255.89388
0.145897	14256.31323
0.145904	14256.73806
0.145911	14257.15629
0.145918	14257.58038
0.145926	14258.00066
0.145933	14258.41898
0.145939	14258.84447
0.145946	14259.26293
0.145953	14259.68229
0.14596	14260.10401
0.145968	14260.53186
0.145974	14260.94994
0.145982	14261.36893
0.145989	14261.7884
0.145996	14262.21545
0.146003	14262.63964
0.14601	14263.06458
0.146016	14263.48734
0.146024	14263.91331
0.146031	14264.33799
0.146038	14264.76361
0.146045	14265.18598
0.146053	14265.6104
0.14606	14266.03316
0.146067	14266.45684
0.146074	14266.881
0.146081	14267.30151
0.146088	14267.72835
0.146095	14268.15189
0.146102	14268.58558
0.146109	14269.00809
0.146117	14269.43221
0.146124	14269.86168
0.146131	14270.28767
0.146139	14270.71268
0.146146	14271.13443
0.146153	14271.55827
0.14616	14271.98478
0.146168	14272.41199
0.146175	14272.83704
0.146182	14273.26713
0.146189	14273.69452
0.146197	14274.11516
0.146204	14274.54198
0.146211	14274.9647
0.146218	14275.39223
0.146225	14275.82052
0.146233	14276.2481
0.14624	14276.67229
0.146247	14277.09368
0.146254	14277.51628
0.146261	14277.93983
0.146268	14278.36757
0.146275	14278.79072
0.146283	14279.22329
0.14629	14279.64729
0.146297	14280.07874
0.146304	14280.50291
0.146311	14280.92647
0.146319	14281.35055
0.146326	14281.77567
0.146333	14282.1964
0.14634	14282.61285
0.146348	14283.03522
0.146355	14283.45987
0.146362	14283.88424
0.146369	14284.30586
0.146376	14284.72755
0.146384	14285.14521
0.146391	14285.56899
0.146398	14285.99652
0.146406	14286.42105
0.146412	14286.8475
0.14642	14287.26478
0.146427	14287.68544
0.146434	14288.10525
0.146441	14288.52625
0.146449	14288.95095
0.146456	14289.37146
0.146463	14289.79765
0.146471	14290.21643
0.146478	14290.63235
0.146485	14291.05448
0.146492	14291.47831
0.1465	14291.89976
0.146507	14292.31908
0.146515	14292.74591
0.146522	14293.16502
0.146529	14293.5829
0.146536	14294.00145
0.146544	14294.42351
0.146551	14294.84322
0.146558	14295.26248
0.146565	14295.67776
0.146573	14296.09671
0.146579	14296.51328
0.146587	14296.92561
0.146594	14297.34403
0.146601	14297.76643
0.146609	14298.1847
0.146616	14298.60718
0.146623	14299.02627
0.14663	14299.44282
0.146637	14299.85584
0.146644	14300.27098
0.146652	14300.67959
0.146659	14301.09799
0.146667	14301.50782
0.146674	14301.91799
0.146681	14302.32597
0.146688	14302.73821
0.146695	14303.14899
0.146703	14303.55633
0.14671	14303.96523
0.146718	14304.37806
0.146725	14304.78341
0.146732	14305.19052
0.146739	14305.60677
0.146746	14306.01077
0.146753	14306.41914
0.14676	14306.82299
0.146768	14307.2273
0.146775	14307.63612
0.146782	14308.04319
0.146789	14308.44612
0.146796	14308.85055
0.146803	14309.25471
0.14681	14309.65365
0.146817	14310.04878
0.146824	14310.44505
0.146831	14310.83902
0.146838	14311.24365
0.146845	14311.64362
0.146852	14312.04805
0.146859	14312.44921
0.146866	14312.84421
0.146873	14313.23844
0.14688	14313.63774
0.146888	14314.03053
0.146895	14314.42201
0.146902	14314.80997
0.146909	14315.20725
0.146916	14315.59439
0.146923	14315.98584
0.14693	14316.38126
0.146937	14316.77409
0.146944	14317.16902
0.146951	14317.56127
0.146958	14317.94771
0.146966	14318.33742
0.146973	14318.72589
0.14698	14319.1122
0.146987	14319.4976
0.146994	14319.88994
0.147001	14320.27431
0.147008	14320.65969
0.147015	14321.04755
0.147022	14321.43253
0.147029	14321.82197
0.147036	14322.21104
0.147043	14322.59338
0.147051	14322.97376
0.147058	14323.35155
0.147065	14323.73788
0.147072	14324.12537
0.147079	14324.50889
0.147086	14324.89547
0.147093	14325.28548
0.1471	14325.66456
0.147107	14326.05281
0.147114	14326.44375
0.147121	14326.83625
0.147128	14327.21497
0.147135	14327.59275
0.147141	14327.9766
0.147149	14328.36856
0.147156	14328.7535
0.147163	14329.13784
0.14717	14329.52262
0.147177	14329.9084
0.147184	14330.29218
0.147191	14330.67478
0.147198	14331.05505
0.147205	14331.44139
0.147212	14331.83215
0.147219	14332.21726
0.147226	14332.60612
0.147233	14332.99906
0.14724	14333.38686
0.147247	14333.77296
0.147254	14334.15664
0.147261	14334.5471
0.147268	14334.93721
0.147275	14335.32412
0.147283	14335.71603
0.14729	14336.10744
0.147297	14336.50043
0.147304	14336.8872
0.147311	14337.27744
0.147319	14337.6737
0.147326	14338.06915
0.147333	14338.46401
0.14734	14338.85625
0.147348	14339.24554
0.147355	14339.64358
0.147362	14340.03936
0.147369	14340.4307
0.147377	14340.82953
0.147384	14341.2284
0.14739	14341.62181
0.147398	14342.01648
0.147405	14342.40874
0.147412	14342.80571
0.147419	14343.20343
0.147427	14343.5982
0.147434	14343.98943
0.147441	14344.39302
0.147448	14344.78926
0.147455	14345.18399
0.147463	14345.58231
0.14747	14345.97732
0.147477	14346.37424
0.147484	14346.7713
0.147492	14347.17274
0.147499	14347.56451
0.147506	14347.95919
0.147514	14348.35627
0.147521	14348.75296
0.147528	14349.15201
0.147535	14349.55178
0.147543	14349.94753
0.14755	14350.34741
0.147557	14350.74484
0.147564	14351.1434
0.147571	14351.54107
0.147578	14351.9385
0.147585	14352.33224
0.147592	14352.72789
0.147599	14353.12291
0.147606	14353.51986
0.147613	14353.92314
0.147621	14354.31997
0.147628	14354.72234
0.147636	14355.12247
0.147643	14355.51924
0.14765	14355.92136
0.147657	14356.3158
0.147664	14356.72129
0.147671	14357.11856
0.147678	14357.52142
0.147686	14357.91906
0.147693	14358.31536
0.1477	14358.71185
0.147707	14359.10715
0.147714	14359.5103
0.147722	14359.90547
0.147729	14360.2977
0.147736	14360.69623
0.147743	14361.0926
0.14775	14361.4931
0.147758	14361.89201
0.147765	14362.28755
0.147772	14362.68384
0.14778	14363.07794
0.147787	14363.4798
0.147794	14363.87748
0.147802	14364.2768
0.147809	14364.67734
0.147816	14365.07396
0.147824	14365.47724
0.147832	14365.87935
0.147839	14366.27845
0.147846	14366.68315
0.147854	14367.08601
0.147861	14367.48685
0.147868	14367.88887
0.147876	14368.29332
0.147883	14368.69624
0.14789	14369.10603
0.147898	14369.51414
0.147905	14369.91136
0.147912	14370.32034
0.14792	14370.7304
0.147927	14371.13417
0.147935	14371.53631
0.147942	14371.94272
0.14795	14372.34849
0.147957	14372.75629
0.147964	14373.15778
0.147972	14373.56089
0.147979	14373.9662
0.147986	14374.37429
0.147994	14374.78063
0.148001	14375.17762
0.148008	14375.58246
0.148016	14375.98273
0.148023	14376.38133
0.14803	14376.78643
0.148038	14377.18699
0.148045	14377.58743
0.148053	14377.98454
0.14806	14378.38968
0.148068	14378.79608
0.148075	14379.20122
0.148082	14379.6053
0.14809	14380.00433
0.148097	14380.40959
0.148105	14380.80915
0.148112	14381.20904
0.14812	14381.61025
0.148127	14382.0114
0.148135	14382.41363
0.148142	14382.81742
0.148149	14383.22386
0.148157	14383.62747
0.148164	14384.02967
0.148171	14384.43634
0.148179	14384.83994
0.148187	14385.23621
0.148194	14385.64048
0.148201	14386.04633
0.148208	14386.44703
0.148215	14386.85356
0.148223	14387.26184
0.148231	14387.66878
0.148238	14388.07461
0.148246	14388.48094
0.148254	14388.88332
0.148261	14389.29253
0.148269	14389.69991
0.148276	14390.10939
0.148284	14390.51476
0.148292	14390.92112
0.148299	14391.32333
0.148307	14391.72944
0.148314	14392.13306
0.148322	14392.53655
0.14833	14392.94252
0.148337	14393.3508
0.148345	14393.75339
0.148352	14394.16162
0.14836	14394.56856
0.148367	14394.97237
0.148375	14395.37245
0.148383	14395.7784
0.14839	14396.18833
0.148398	14396.59614
0.148406	14396.99928
0.148413	14397.4065
0.148421	14397.81068
0.148429	14398.22319
0.148436	14398.6303
0.148444	14399.03799
0.148451	14399.44712
0.148459	14399.84941
0.148466	14400.25426
0.148474	14400.66221
0.148482	14401.06299
0.148489	14401.47175
0.148497	14401.87747
0.148504	14402.28038
0.148512	14402.68879
0.14852	14403.09435
0.148527	14403.50771
0.148535	14403.91699
0.148543	14404.31859
0.14855	14404.72488
0.148558	14405.12742
0.148566	14405.53671
0.148574	14405.94228
0.148581	14406.34734
0.148589	14406.75372
0.148597	14407.16017
0.148604	14407.56972
0.148612	14407.97217
0.14862	14408.37784
0.148627	14408.78328
0.148635	14409.18855
0.148642	14409.60147
0.14865	14410.00983
0.148658	14410.41769
0.148665	14410.82951
0.148673	14411.24014
0.14868	14411.651
0.148688	14412.06194
0.148696	14412.47646
0.148703	14412.88941
0.148711	14413.30332
0.148719	14413.71584
0.148727	14414.12721
0.148734	14414.53887
0.148742	14414.95107
0.14875	14415.35847
0.148758	14415.77236
0.148766	14416.1896
0.148773	14416.60032
0.14878	14417.01583
0.148788	14417.43259
0.148796	14417.84202
0.148803	14418.24615
0.148811	14418.66201
0.148818	14419.07342
0.148826	14419.49128
0.148834	14419.90739
0.148842	14420.32146
0.14885	14420.73632
0.148858	14421.15137
0.148866	14421.56312
0.148874	14421.98175
0.148882	14422.40492
0.14889	14422.82078
0.148898	14423.23964
0.148906	14423.65547
0.148914	14424.07263
0.148921	14424.49219
0.148929	14424.90967
0.148937	14425.33115
0.148945	14425.74615
0.148953	14426.16411
0.14896	14426.57723
0.148968	14426.99868
0.148976	14427.41459
0.148983	14427.83029
0.148991	14428.25272
0.148999	14428.66923
0.149007	14429.08588
0.149015	14429.50313
0.149023	14429.92034
0.14903	14430.33165
0.149038	14430.74556
0.149046	14431.16421
0.149054	14431.57317
0.149062	14431.98772
0.14907	14432.4023
0.149077	14432.81888
0.149085	14433.23698
0.149093	14433.65124
0.149101	14434.0676
0.149108	14434.4825
0.149116	14434.90067
0.149124	14435.31583
0.149132	14435.73277
0.14914	14436.15201
0.149148	14436.56789
0.149156	14436.98437
0.149164	14437.40089
0.149172	14437.80857
0.14918	14438.22335
0.149188	14438.63953
0.149196	14439.04952
0.149204	14439.46821
0.149212	14439.87388
0.149219	14440.29346
0.149227	14440.71078
0.149235	14441.12974
0.149243	14441.54177
0.149251	14441.96114
0.149259	14442.37658
0.149267	14442.7856
0.149275	14443.19735
0.149283	14443.61255
0.149291	14444.02536
0.149299	14444.43956
0.149307	14444.85491
0.149314	14445.27343
0.149322	14445.68031
0.14933	14446.09538
0.149338	14446.50248
0.149346	14446.91739
0.149354	14447.33369
0.149362	14447.74511
0.14937	14448.15772
0.149378	14448.57448
0.149386	14448.98601
0.149393	14449.39708
0.149401	14449.81331
0.14941	14450.22719
0.149417	14450.64333
0.149425	14451.05474
0.149433	14451.46663
0.149441	14451.87656
0.149449	14452.29065
0.149457	14452.70082
0.149465	14453.1131
0.149473	14453.5231
0.149481	14453.9373
0.149489	14454.34731
0.149497	14454.75703
0.149505	14455.16592
0.149512	14455.57596
0.14952	14455.9836
0.149528	14456.39124
0.149536	14456.7948
0.149544	14457.20157
0.149552	14457.61189
0.14956	14458.02204
0.149568	14458.43134
0.149576	14458.84109
0.149583	14459.25177
0.149591	14459.65825
0.149599	14460.06545
0.149607	14460.47396
0.149615	14460.87456
0.149623	14461.27549
0.149631	14461.67395
0.149638	14462.06803
0.149646	14462.45733
0.149654	14462.85571
0.149661	14463.24571
0.149669	14463.63673
0.149677	14464.02365
0.149685	14464.41235
0.149692	14464.80474
0.1497	14465.18845
0.149707	14465.57764
0.149715	14465.95917
0.149722	14466.34866
0.14973	14466.72745
0.149737	14467.11397
0.149745	14467.48856
0.149753	14467.86706
0.14976	14468.24426
0.149768	14468.61894
0.149776	14468.99259
0.149783	14469.36623
0.14979	14469.74437
0.149798	14470.11604
0.149806	14470.49377
0.149814	14470.86682
0.149821	14471.23655
0.149828	14471.60712
0.149836	14471.97594
0.149843	14472.34851
0.149851	14472.71918
0.149859	14473.09102
0.149867	14473.4644
0.149874	14473.83518
0.149882	14474.20012
0.149889	14474.56414
0.149897	14474.93198
0.149904	14475.29423
0.149912	14475.65767
0.149919	14476.02404
0.149927	14476.38914
0.149934	14476.75433
0.149942	14477.11931
0.149949	14477.48402
0.149956	14477.84587
0.149964	14478.21339
0.149971	14478.58036
0.149978	14478.94439
0.149986	14479.31438
0.149993	14479.68359
0.150001	14480.05343
0.150008	14480.41541
0.150015	14480.78012
0.150023	14481.14702
0.150031	14481.50922
0.150038	14481.87941
0.150046	14482.24583
0.150054	14482.61081
0.150062	14482.97481
0.150069	14483.34006
0.150076	14483.70857
0.150084	14484.07118
0.150092	14484.43999
0.150099	14484.80428
0.150107	14485.1801
0.150115	14485.54813
0.150122	14485.91354
0.15013	14486.27934
0.150137	14486.64886
0.150145	14487.01204
0.150152	14487.37433
0.15016	14487.73512
0.150167	14488.09964
0.150175	14488.46576
0.150183	14488.82583
0.15019	14489.18617
0.150198	14489.55343
0.150205	14489.92085
0.150213	14490.28523
0.15022	14490.64624
0.150228	14491.00706
0.150235	14491.37272
0.150242	14491.73529
0.15025	14492.08781
0.150257	14492.44282
0.150265	14492.80095
0.150272	14493.16435
0.15028	14493.51851
0.150288	14493.88301
0.150295	14494.2366
0.150303	14494.59607
0.15031	14494.95438
0.150317	14495.31316
0.150325	14495.66561
0.150332	14496.01878
0.150339	14496.37373
0.150346	14496.73072
0.150353	14497.08365
0.150361	14497.44079
0.150368	14497.79807
0.150376	14498.14671
0.150384	14498.49942
0.150391	14498.85674
0.150399	14499.21277
0.150406	14499.56655
0.150413	14499.92139
0.150421	14500.27588
0.150428	14500.63138
0.150436	14500.98233
0.150443	14501.33641
0.150451	14501.68654
0.150458	14502.04071
0.150465	14502.39737
0.150472	14502.75244
0.150479	14503.10784
0.150487	14503.46519
0.150494	14503.81918
0.150502	14504.17395
0.150509	14504.52966
0.150517	14504.88609
0.150524	14505.24074
0.150531	14505.59159
0.150538	14505.9424
0.150546	14506.29841
0.150553	14506.65541
0.150561	14507.00938
0.150568	14507.35746
0.150575	14507.71649
0.150583	14508.06895
0.15059	14508.41845
0.150598	14508.76909
0.150605	14509.12351
0.150613	14509.47836
0.15062	14509.83259
0.150627	14510.18588
0.150635	14510.53497
0.150642	14510.88244
0.15065	14511.23763
0.150657	14511.59428
0.150665	14511.95027
0.150672	14512.30698
0.15068	14512.65745
0.150687	14513.01183
0.150694	14513.36257
0.150702	14513.71293
0.150709	14514.06177
0.150716	14514.41621
0.150724	14514.76992
0.150731	14515.11866
0.150739	14515.4755
0.150746	14515.82957
0.150754	14516.19251
0.150761	14516.54558
0.150769	14516.89808
0.150776	14517.24847
0.150783	14517.60333
0.150791	14517.95769
0.150798	14518.31007
0.150806	14518.65796
0.150813	14519.0053
0.150821	14519.36016
0.150828	14519.71318
0.150836	14520.07106
0.150843	14520.42056
0.150851	14520.77091
0.150858	14521.12744
0.150866	14521.48468
0.150873	14521.83423
0.15088	14522.19065
0.150888	14522.54498
0.150896	14522.90076
0.150903	14523.25402
0.150911	14523.61379
0.150919	14523.96761
0.150926	14524.32335
0.150933	14524.6821
0.150941	14525.04172
0.150948	14525.40202
0.150956	14525.75543
0.150963	14526.11004
0.15097	14526.46564
0.150978	14526.82438
0.150985	14527.17118
0.150993	14527.53334
0.151	14527.88826
0.151008	14528.2369
0.151015	14528.59199
0.151022	14528.94816
0.15103	14529.3036
0.151037	14529.64839
0.151045	14530.00416
0.151052	14530.35055
0.151059	14530.70078
0.151066	14531.04842
0.151074	14531.38907
0.151081	14531.73567
0.151089	14532.08475
0.151096	14532.43382
0.151104	14532.77482
0.151111	14533.11245
0.151118	14533.45038
0.151126	14533.78997
0.151133	14534.13234
0.151141	14534.46689
0.151148	14534.80262
0.151155	14535.1395
0.151163	14535.47018
0.15117	14535.8043
0.151177	14536.13559
0.151185	14536.46568
0.151192	14536.79413
0.151199	14537.13272
0.151206	14537.46258
0.151214	14537.78799
0.15122	14538.11788
0.151228	14538.44855
0.151235	14538.77384
0.151242	14539.1035
0.15125	14539.43196
0.151257	14539.76033
0.151264	14540.08931
0.151272	14540.41431
0.151279	14540.74359
0.151286	14541.06575
0.151293	14541.39182
0.1513	14541.72068
0.151308	14542.04567
0.151315	14542.3712
0.151322	14542.69595
0.151329	14543.02432
0.151336	14543.34846
0.151344	14543.67413
0.151351	14544.00048
0.151358	14544.32709
0.151364	14544.65068
0.151371	14544.97755
0.151379	14545.30242
0.151386	14545.63006
0.151393	14545.95549
0.151401	14546.28259
0.151408	14546.60629
0.151415	14546.92811
0.151422	14547.25172
0.151429	14547.58146
0.151436	14547.90325
0.151444	14548.2316
0.15145	14548.54927
0.151458	14548.87076
0.151464	14549.19205
0.151471	14549.51105
0.151478	14549.82844
0.151486	14550.14719
0.151493	14550.46895
0.151499	14550.78877
0.151507	14551.10646
0.151514	14551.42687
0.151521	14551.7433
0.151527	14552.06152
0.151535	14552.38468
0.151542	14552.70102
0.151549	14553.02607
0.151556	14553.34581
0.151563	14553.66144
0.151571	14553.98521
0.151578	14554.30535
0.151585	14554.62172
0.151592	14554.9403
0.151599	14555.25534
0.151606	14555.58035
0.151613	14555.89995
0.15162	14556.21788
0.151626	14556.52966
0.151633	14556.84913
0.151641	14557.17177
0.151648	14557.48906
0.151655	14557.80471
0.151662	14558.12029
0.151668	14558.43842
0.151676	14558.75267
0.151682	14559.06941
0.151689	14559.39111
0.151696	14559.70627
0.151703	14560.0224
0.15171	14560.33601
0.151717	14560.64715
0.151724	14560.96072
0.151731	14561.27698
0.151738	14561.59811
0.151745	14561.91302
0.151753	14562.23185
0.151759	14562.55187
0.151767	14562.87161
0.151774	14563.1888
0.151781	14563.51054
0.151788	14563.83242
0.151795	14564.14498
0.151802	14564.46836
0.151809	14564.78543
0.151816	14565.10159
0.151823	14565.42129
0.15183	14565.73453
0.151837	14566.04913
0.151844	14566.37178
0.151851	14566.6895
0.151858	14567.00969
0.151865	14567.33132
0.151872	14567.65099
0.151879	14567.97214
0.151886	14568.28913
0.151893	14568.60201
0.151901	14568.91691
0.151908	14569.23315
0.151915	14569.55326
0.151922	14569.86781
0.151928	14570.18589
0.151936	14570.50689
0.151943	14570.82662
0.15195	14571.14739
0.151957	14571.46411
0.151964	14571.78215
0.151971	14572.10708
0.151979	14572.42236
0.151985	14572.73998
0.151993	14573.06025
0.151999	14573.38265
0.152006	14573.70506
0.152014	14574.02228
0.15202	14574.34059
0.152028	14574.65999
0.152034	14574.98044
0.152042	14575.29833
0.152049	14575.61651
0.152056	14575.92941
0.152063	14576.25076
0.15207	14576.56344
0.152077	14576.88174
0.152084	14577.20247
0.152091	14577.51976
0.152098	14577.83942
0.152105	14578.15448
0.152112	14578.47652
0.152119	14578.7981
0.152126	14579.12256
0.152134	14579.44128
0.152141	14579.76396
0.152148	14580.08335
0.152155	14580.39934
0.152163	14580.71652
0.152169	14581.03775
0.152177	14581.361
0.152183	14581.68224
0.15219	14582.0066
0.152198	14582.32222
0.152205	14582.64271
0.152212	14582.96106
0.152219	14583.28043
0.152226	14583.599
0.152233	14583.91986
0.152241	14584.23991
0.152248	14584.56032
0.152254	14584.88267
0.152262	14585.20372
0.152269	14585.52452
0.152276	14585.84544
0.152283	14586.16352
0.152289	14586.48112
0.152296	14586.79899
0.152304	14587.11443
0.152311	14587.43294
0.152318	14587.75018
0.152325	14588.06966
0.152332	14588.38854
0.152339	14588.70379
0.152346	14589.01531
0.152353	14589.33771
0.15236	14589.65125
0.152367	14589.96672
0.152374	14590.28602
0.152381	14590.608
0.152388	14590.92262
0.152395	14591.23398
0.152402	14591.54572
0.152409	14591.86658
0.152416	14592.17961
0.152423	14592.48702
0.15243	14592.80409
0.152437	14593.12095
0.152444	14593.43413
0.15245	14593.74837
0.152457	14594.06617
0.152465	14594.38142
0.152471	14594.7002
0.152478	14595.01751
0.152485	14595.33728
0.152492	14595.65629
0.152499	14595.97281
0.152507	14596.29416
0.152513	14596.61007
0.15252	14596.92639
0.152527	14597.24509
0.152534	14597.56076
0.152542	14597.88072
0.152549	14598.19593
0.152556	14598.51324
0.152563	14598.83043
0.15257	14599.1465
0.152577	14599.46445
0.152583	14599.78427
0.15259	14600.09941
0.152597	14600.41452
0.152604	14600.73241
0.152611	14601.05176
0.152618	14601.36757
0.152625	14601.68635
0.152632	14602.00752
0.152639	14602.32904
0.152647	14602.65133
0.152654	14602.96563
0.152661	14603.28158
0.152668	14603.5958
0.152675	14603.9032
0.152682	14604.21662
0.152689	14604.53704
0.152696	14604.85057
0.152703	14605.15975
0.15271	14605.47847
0.152717	14605.78544
0.152724	14606.09377
0.152731	14606.40718
0.152738	14606.71625
0.152745	14607.03043
0.152752	14607.33904
0.152759	14607.64671
0.152765	14607.95781
0.152772	14608.26645
0.152779	14608.57169
0.152786	14608.87551
0.152793	14609.18126
0.152799	14609.48939
0.152806	14609.79988
0.152813	14610.10668
0.15282	14610.41186
0.152827	14610.71348
0.152834	14611.0161
0.15284	14611.32301
0.152847	14611.63019
0.152854	14611.93557
0.152861	14612.23919
0.152867	14612.54088
0.152875	14612.85064
0.152882	14613.14818
0.152889	14613.45488
0.152895	14613.75251
0.152902	14614.05834
0.152909	14614.36468
0.152917	14614.66197
0.152923	14614.96621
0.15293	14615.26692
0.152937	14615.57005
0.152943	14615.86478
0.15295	14616.16938
0.152958	14616.47105
0.152964	14616.77271
0.152971	14617.06965
0.152978	14617.374
0.152985	14617.67576
0.152992	14617.97545
0.152999	14618.27361
0.153006	14618.57596
0.153012	14618.8765
0.153019	14619.18194
0.153026	14619.48205
0.153033	14619.77099
0.15304	14620.07181
0.153046	14620.37062
0.153053	14620.66842
0.15306	14620.96756
0.153066	14621.2633
0.153073	14621.55851
0.15308	14621.85571
0.153087	14622.15022
0.153094	14622.44619
0.1531	14622.74445
0.153107	14623.03967
0.153114	14623.33819
0.153121	14623.63074
0.153128	14623.93305
0.153135	14624.22881
0.153142	14624.52803
0.153149	14624.82398
0.153155	14625.11907
0.153162	14625.4184
0.153169	14625.7161
0.153175	14626.00973
0.153182	14626.30448
0.153189	14626.60029
0.153196	14626.88995
0.153203	14627.185
0.15321	14627.47921
0.153216	14627.76541
0.153223	14628.05991
0.15323	14628.35252
0.153237	14628.64234
0.153243	14628.93427
0.15325	14629.22422
0.153257	14629.5156
0.153264	14629.80412
0.153271	14630.0965
0.153277	14630.38856
0.153284	14630.68172
0.153291	14630.97034
0.153297	14631.26093
0.153304	14631.54988
0.15331	14631.83695
0.153317	14632.1246
0.153324	14632.41663
0.15333	14632.70571
0.153337	14632.99454
0.153344	14633.28405
0.15335	14633.57324
0.153357	14633.86112
0.153364	14634.14999
0.15337	14634.44134
0.153378	14634.72986
0.153384	14635.01774
0.153391	14635.30263
0.153398	14635.59576
0.153404	14635.88498
0.153411	14636.16546
0.153417	14636.45515
0.153424	14636.73993
0.153431	14637.0311
0.153437	14637.31533
0.153444	14637.6034
0.153451	14637.8909
0.153458	14638.17329
0.153465	14638.4558
0.153471	14638.7421
0.153478	14639.0336
0.153484	14639.31906
0.153491	14639.61239
0.153498	14639.89873
0.153504	14640.18533
0.153511	14640.47328
0.153518	14640.75938
0.153524	14641.04671
0.153531	14641.33683
0.153538	14641.62104
0.153544	14641.90745
0.153551	14642.19852
0.153558	14642.4838
0.153564	14642.76962
0.153571	14643.0578
0.153578	14643.35238
0.153584	14643.64101
0.153591	14643.92773
0.153598	14644.21532
0.153605	14644.50886
0.153612	14644.80058
0.153619	14645.09454
0.153626	14645.38728
0.153632	14645.67593
0.153639	14645.9725
0.153645	14646.26327
0.153652	14646.55588
0.153659	14646.84105
0.153666	14647.12851
0.153672	14647.4212
0.153679	14647.71229
0.153686	14648.00884
0.153692	14648.30003
0.1537	14648.59286
0.153706	14648.88685
0.153713	14649.17831
0.15372	14649.47144
0.153727	14649.76147
0.153733	14650.0533
0.15374	14650.35179
0.153747	14650.6435
0.153753	14650.93185
0.15376	14651.22797
0.153767	14651.51794
0.153773	14651.81374
0.15378	14652.10996
0.153787	14652.40837
0.153794	14652.70515
0.1538	14653.00171
0.153807	14653.29735
0.153814	14653.59158
0.153821	14653.89253
0.153827	14654.1902
0.153834	14654.48666
0.153841	14654.79216
0.153848	14655.08744
0.153855	14655.38579
0.153862	14655.68494
0.153868	14655.98603
0.153875	14656.2827
0.153882	14656.58109
0.153889	14656.8822
0.153896	14657.18945
0.153903	14657.49431
0.153909	14657.7954
0.153916	14658.10185
0.153923	14658.40476
0.15393	14658.71037
0.153937	14659.01411
0.153944	14659.31832
0.153951	14659.62531
0.153957	14659.92802
0.153964	14660.2308
0.153971	14660.53309
0.153978	14660.84002
0.153985	14661.14424
0.153992	14661.44745
0.153998	14661.75368
0.154006	14662.06133
0.154012	14662.36651
0.154019	14662.67536
0.154026	14662.98387
0.154034	14663.2927
0.154041	14663.60412
0.154048	14663.9112
0.154055	14664.22689
0.154062	14664.53915
0.154069	14664.85281
0.154076	14665.16631
0.154083	14665.47474
0.15409	14665.78106
0.154097	14666.092
0.154104	14666.39983
0.154111	14666.71412
0.154118	14667.02729
0.154125	14667.33415
0.154132	14667.65445
0.154139	14667.96976
0.154146	14668.29086
0.154153	14668.60329
0.15416	14668.91856
0.154167	14669.22981
0.154174	14669.54571
0.154181	14669.86063
0.154188	14670.17699
0.154195	14670.49306
0.154203	14670.81072
0.154209	14671.12923
0.154216	14671.44681
0.154223	14671.76304
0.15423	14672.08301
0.154237	14672.40253
0.154244	14672.71555
0.154251	14673.03177
0.154259	14673.34208
0.154266	14673.66056
0.154273	14673.9761
0.15428	14674.28915
0.154287	14674.60497
0.154294	14674.9234
0.154301	14675.23913
0.154308	14675.55687
0.154315	14675.87131
0.154322	14676.19136
0.154329	14676.50611
0.154336	14676.81718
0.154343	14677.13588
0.154351	14677.44552
0.154358	14677.75076
0.154365	14678.06382
0.154372	14678.37923
0.154379	14678.69319
0.154386	14679.00935
0.154393	14679.31846
0.1544	14679.6345
0.154407	14679.94703
0.154415	14680.26051
0.154422	14680.56781
0.154429	14680.88139
0.154436	14681.19697
0.154443	14681.51027
0.15445	14681.82538
0.154457	14682.13822
0.154464	14682.45029
0.154471	14682.7635
0.154478	14683.07338
0.154485	14683.39371
0.154493	14683.71541
0.154499	14684.03996
0.154507	14684.365
0.154514	14684.68335
0.154522	14685.0092
0.154529	14685.32984
0.154536	14685.65887
0.154544	14685.9888
0.154551	14686.31597
0.154558	14686.64912
0.154565	14686.97674
0.154572	14687.30813
0.15458	14687.64067
0.154587	14687.97344
0.154594	14688.3075
0.154602	14688.63987
0.154609	14688.97642
0.154616	14689.31199
0.154624	14689.64965
0.154631	14689.98824
0.154639	14690.32761
0.154646	14690.66958
0.154654	14691.00994
0.154661	14691.35251
0.154668	14691.68905
0.154676	14692.03733
0.154683	14692.37876
0.15469	14692.7208
0.154698	14693.06578
0.154706	14693.41009
0.154713	14693.75758
0.154721	14694.10682
0.154728	14694.45292
0.154736	14694.79871
0.154744	14695.14392
0.154751	14695.49639
0.154759	14695.84936
0.154766	14696.20102
0.154774	14696.5552
0.154782	14696.90337
0.154789	14697.25785
0.154797	14697.60817
0.154805	14697.96389
0.154813	14698.31473
0.15482	14698.66476
0.154828	14699.01726
0.154836	14699.36915
0.154843	14699.72435
0.154851	14700.07821
0.154859	14700.43428
0.154867	14700.79484
0.154874	14701.15066
0.154882	14701.50743
0.15489	14701.85973
0.154897	14702.21583
0.154905	14702.5731
0.154913	14702.92689
0.154921	14703.2882
0.154928	14703.63773
0.154936	14703.99037
0.154944	14704.34644
0.154952	14704.70233
0.15496	14705.06332
0.154967	14705.42103
0.154975	14705.78131
0.154983	14706.14389
0.154991	14706.50101
0.154998	14706.86547
0.155006	14707.22338
0.155014	14707.58591
0.155022	14707.9447
0.15503	14708.29806
0.155037	14708.65719
0.155045	14709.01771
0.155053	14709.37979
0.15506	14709.73191
0.155068	14710.09374
0.155076	14710.446
0.155083	14710.80063
0.155091	14711.16004
0.155099	14711.51753
0.155107	14711.87392
0.155115	14712.22996
0.155122	14712.58576
0.15513	14712.94295
0.155138	14713.29773
0.155145	14713.65375
0.155153	14714.00271
0.155161	14714.35338
0.155169	14714.70342
0.155176	14715.04947
0.155184	14715.39896
0.155192	14715.74335
0.1552	14716.08808
0.155208	14716.43494
0.155215	14716.78132
0.155223	14717.12596
0.155231	14717.47394
0.155238	14717.81384
0.155246	14718.15235
0.155254	14718.49777
0.155262	14718.8379
0.15527	14719.18201
0.155278	14719.52371
0.155286	14719.8659
0.155293	14720.2107
0.155301	14720.5523
0.155309	14720.89435
0.155316	14721.23165
0.155324	14721.57417
0.155332	14721.91135
0.15534	14722.24981
0.155347	14722.58797
0.155355	14722.91959
0.155362	14723.26098
0.15537	14723.59551
0.155378	14723.93053
0.155385	14724.26952
0.155393	14724.61532
0.1554	14724.95205
0.155408	14725.28546
0.155416	14725.62599
0.155423	14725.96472
0.155431	14726.30032
0.155439	14726.63699
0.155446	14726.97337
0.155454	14727.31052
0.155462	14727.64417
0.155469	14727.98229
0.155477	14728.31798
0.155485	14728.65201
0.155493	14728.98704
0.155501	14729.31934
0.155509	14729.65526
0.155516	14729.98855
0.155524	14730.31616
0.155531	14730.65112
0.155539	14730.98953
0.155547	14731.32547
0.155555	14731.66004
0.155562	14731.99547
0.15557	14732.33702
0.155578	14732.67613
0.155586	14733.01837
0.155594	14733.36406
0.155602	14733.70321
0.155609	14734.05319
0.155618	14734.40569
0.155625	14734.75221
0.155634	14735.09671
0.155642	14735.44635
0.15565	14735.79639
0.155658	14736.14175
0.155665	14736.48916
0.155673	14736.83634
0.155681	14737.18854
0.155689	14737.53951
0.155697	14737.89007
0.155705	14738.23988
0.155713	14738.58976
0.155721	14738.94261
0.155729	14739.29336
0.155737	14739.64382
0.155745	14739.99393
0.155753	14740.34005
0.155761	14740.69498
0.155769	14741.0442
0.155777	14741.39709
0.155785	14741.7473
0.155793	14742.10266
0.155801	14742.45539
0.155809	14742.81272
0.155817	14743.16121
0.155825	14743.51568
0.155833	14743.87006
0.155841	14744.22118
0.155849	14744.58147
0.155857	14744.93684
0.155866	14745.29613
0.155874	14745.65965
0.155881	14746.02295
0.15589	14746.38854
0.155898	14746.7547
0.155906	14747.11857
0.155914	14747.48655
0.155922	14747.85632
0.155931	14748.22716
0.155939	14748.59875
0.155948	14748.97551
0.155956	14749.34807
0.155964	14749.71544
0.155972	14750.08841
0.155981	14750.46157
0.155989	14750.8363
0.155998	14751.21215
0.156006	14751.58544
0.156014	14751.96307
0.156023	14752.34053
0.156031	14752.71658
0.15604	14753.09496
0.156048	14753.47601
0.156057	14753.86116
0.156066	14754.2399
0.156074	14754.62531
0.156083	14755.00397
0.156091	14755.38229
0.1561	14755.76121
0.156108	14756.14906
0.156117	14756.5304
0.156126	14756.91471
0.156135	14757.30413
0.156143	14757.68419
0.156152	14758.0672
0.156161	14758.45322
0.15617	14758.82954
0.156179	14759.21583
0.156187	14759.60069
0.156196	14759.98864
0.156205	14760.3713
0.156213	14760.75135
0.156222	14761.13569
0.156231	14761.51821
0.15624	14761.9038
0.156248	14762.28994
0.156257	14762.67545
0.156266	14763.06002
0.156275	14763.44012
0.156284	14763.82147
0.156293	14764.20336
0.156301	14764.59098
0.156311	14764.97738
0.15632	14765.36107
0.156328	14765.74333
0.156338	14766.12664
0.156346	14766.51222
0.156355	14766.90104
0.156364	14767.2908
0.156373	14767.67654
0.156382	14768.0703
0.156391	14768.45911
0.1564	14768.84614
0.156408	14769.23007
0.156417	14769.61574
0.156426	14770.00859
0.156435	14770.39932
0.156444	14770.78643
0.156453	14771.17473
0.156463	14771.57103
0.156471	14771.95647
0.156481	14772.34336
0.15649	14772.73198
0.156499	14773.12199
0.156508	14773.511
0.156517	14773.8966
0.156526	14774.28518
0.156535	14774.67583
0.156544	14775.06522
0.156553	14775.46037
0.156562	14775.84976
0.15657	14776.23805
0.15658	14776.62333
0.156589	14777.00815
0.156598	14777.40657
0.156607	14777.78997
0.156616	14778.17503
0.156626	14778.55561
0.156635	14778.94663
0.156644	14779.32951
0.156653	14779.7145
0.156662	14780.10442
0.156671	14780.49564
0.15668	14780.88008
0.156689	14781.26996
0.156698	14781.65733
0.156708	14782.04214
0.156717	14782.42312
0.156726	14782.8175
0.156736	14783.1953
0.156745	14783.58769
0.156754	14783.97135
0.156763	14784.35413
0.156772	14784.74237
0.156782	14785.1289
0.156791	14785.50716
0.156801	14785.89113
0.15681	14786.28107
0.156819	14786.66782
0.156828	14787.05382
0.156837	14787.44007
0.156847	14787.82282
0.156856	14788.20839
0.156865	14788.59293
0.156874	14788.97766
0.156884	14789.36607
0.156893	14789.7514
0.156902	14790.14446
0.156911	14790.52991
0.156921	14790.92503
0.15693	14791.31154
0.156939	14791.70703
0.156949	14792.09797
0.156959	14792.48844
0.156968	14792.87531
0.156977	14793.26586
0.156987	14793.65898
0.156996	14794.04762
0.157005	14794.4378
0.157015	14794.82737
0.157025	14795.21754
0.157034	14795.60958
0.157044	14796.00199
0.157053	14796.39559
0.157063	14796.78435
0.157072	14797.1785
0.157082	14797.57548
0.157092	14797.96931
0.157102	14798.36471
0.157111	14798.76026
0.157121	14799.15529
0.157131	14799.55833
0.15714	14799.95541
0.15715	14800.35794
0.15716	14800.75762
0.157169	14801.15865
0.157179	14801.55795
0.157189	14801.95545
0.157198	14802.3589
0.157208	14802.74855
0.157217	14803.15289
0.157227	14803.55017
0.157237	14803.9503
0.157246	14804.35266
0.157257	14804.75556
0.157266	14805.1547
0.157276	14805.55539
0.157286	14805.95802
0.157296	14806.3603
0.157306	14806.7625
0.157315	14807.16072
0.157325	14807.56185
0.157335	14807.96277
0.157345	14808.36224
0.157354	14808.7601
0.157364	14809.16131
0.157374	14809.5608
0.157384	14809.95705
0.157394	14810.35136
0.157404	14810.74786
0.157414	14811.14482
0.157424	14811.54451
0.157433	14811.93987
0.157443	14812.3402
0.157453	14812.73498
0.157463	14813.12902
0.157473	14813.52407
0.157482	14813.91849
0.157492	14814.31054
0.157502	14814.70331
0.157512	14815.09923
0.157521	14815.48748
0.157531	14815.87352
0.157541	14816.25864
0.157551	14816.64189
0.15756	14817.0268
0.15757	14817.40815
0.15758	14817.79686
0.15759	14818.17585
0.1576	14818.56199
0.15761	14818.94478
0.157619	14819.32536
0.157629	14819.70548
0.157639	14820.08582
0.157648	14820.46232
0.157659	14820.84255
0.157668	14821.227
0.157678	14821.61391
0.157688	14821.99188
0.157698	14822.37354
0.157708	14822.74662
0.157718	14823.12216
0.157728	14823.49761
0.157737	14823.86992
0.157747	14824.24072
0.157757	14824.6132
0.157767	14824.98822
0.157777	14825.36473
0.157787	14825.73792
0.157796	14826.1075
0.157806	14826.48169
0.157815	14826.85927
0.157825	14827.22703
0.157835	14827.5993
0.157846	14827.97099
0.157855	14828.34783
0.157865	14828.72427
0.157875	14829.09279
0.157886	14829.46659
0.157895	14829.84531
0.157906	14830.2205
0.157916	14830.58887
0.157925	14830.96202
0.157935	14831.33202
0.157945	14831.69955
0.157954	14832.06984
0.157964	14832.43847
0.157974	14832.80402
0.157984	14833.17457
0.157994	14833.54263
0.158005	14833.91136
0.158014	14834.28111
0.158024	14834.64716
0.158034	14835.02104
0.158044	14835.38816
0.158054	14835.7523
0.158064	14836.12154
0.158074	14836.49062
0.158083	14836.86133
0.158093	14837.22628
0.158103	14837.59569
0.158113	14837.96548
0.158123	14838.32995
0.158133	14838.6972
0.158143	14839.06195
0.158153	14839.42793
0.158163	14839.79716
0.158173	14840.16308
0.158182	14840.52042
0.158192	14840.88118
0.158202	14841.24363
0.158212	14841.60782
0.158222	14841.97175
0.158232	14842.33335
0.158241	14842.69649
0.158252	14843.05887
0.158262	14843.424
0.158271	14843.78398
0.158281	14844.14875
0.158291	14844.5102
0.158301	14844.86941
0.158311	14845.22865
0.158321	14845.59223
0.158331	14845.94982
0.158341	14846.31796
0.158351	14846.67823
0.158361	14847.0344
0.158371	14847.39785
0.158381	14847.75797
0.158391	14848.11921
0.158401	14848.47791
0.158411	14848.84143
0.15842	14849.20463
0.158431	14849.55923
0.15844	14849.91821
0.15845	14850.27719
0.158461	14850.63433
0.158471	14850.99264
0.158481	14851.35536
0.158491	14851.71656
0.158501	14852.07633
0.158511	14852.43829
0.158521	14852.7992
0.158531	14853.15667
0.158542	14853.51982
0.158551	14853.87568
0.158562	14854.23112
0.158572	14854.59056
0.158582	14854.94704
0.158592	14855.3079
0.158602	14855.66889
0.158612	14856.03106
0.158622	14856.39529
0.158632	14856.75984
0.158642	14857.12234
0.158652	14857.48822
0.158662	14857.85042
0.158672	14858.21388
0.158682	14858.57851
0.158693	14858.94114
0.158703	14859.30496
0.158713	14859.66462
0.158723	14860.02426
0.158733	14860.39766
0.158743	14860.75804
0.158753	14861.1186
0.158763	14861.47938
0.158773	14861.84363
0.158783	14862.20793
0.158793	14862.57415
0.158803	14862.93561
0.158813	14863.29612
0.158823	14863.65571
0.158833	14864.01877
0.158843	14864.38181
0.158853	14864.74893
0.158864	14865.11288
0.158874	14865.4743
0.158883	14865.84475
0.158893	14866.20922
0.158904	14866.5715
0.158914	14866.93275
0.158924	14867.29241
0.158934	14867.6545
0.158944	14868.0179
0.158955	14868.38877
0.158965	14868.74961
0.158976	14869.11393
0.158986	14869.47207
0.158996	14869.83709
0.159006	14870.20486
0.159017	14870.5647
0.159027	14870.92612
0.159037	14871.28701
0.159048	14871.65625
0.159057	14872.02318
0.159068	14872.3873
0.159078	14872.75681
0.159088	14873.11816
0.159098	14873.48855
0.159108	14873.85581
0.159119	14874.22406
0.159128	14874.59144
0.159139	14874.96034
0.15915	14875.32678
0.15916	14875.69517
0.15917	14876.0608
0.15918	14876.42329
0.15919	14876.79216
0.159201	14877.16511
0.159211	14877.53102
0.159221	14877.89851
0.159232	14878.27304
0.159242	14878.64541
0.159252	14879.01573
0.159262	14879.38372
0.159272	14879.75302
0.159282	14880.12666
0.159292	14880.48982
0.159303	14880.86555
0.159313	14881.23145
0.159323	14881.59997
0.159334	14881.97197
0.159344	14882.33967
0.159354	14882.71496
0.159365	14883.08414
0.159375	14883.46072
0.159386	14883.83231
0.159396	14884.20408
0.159407	14884.5826
0.159417	14884.95887
0.159427	14885.34078
0.159438	14885.71272
0.159448	14886.08927
0.159459	14886.46156
0.159469	14886.83822
0.15948	14887.21797
0.15949	14887.59975
0.159501	14887.96898
0.159512	14888.3427
0.159522	14888.72074
0.159532	14889.10106
0.159543	14889.4799
0.159553	14889.85645
0.159564	14890.23445
0.159575	14890.61546
0.159586	14890.99806
0.159596	14891.37812
0.159606	14891.76024
0.159617	14892.14253
0.159627	14892.51846
0.159638	14892.89879
0.159649	14893.28185
0.159659	14893.66341
0.159669	14894.04046
0.15968	14894.42663
0.15969	14894.8094
0.159701	14895.18956
0.159712	14895.57563
0.159722	14895.95705
0.159733	14896.34036
0.159743	14896.7275
0.159754	14897.10818
0.159765	14897.49383
0.159776	14897.87511
0.159786	14898.26216
0.159797	14898.64953
0.159808	14899.03985
0.159819	14899.42213
0.15983	14899.80801
0.15984	14900.19453
0.159851	14900.58281
0.159861	14900.97047
0.159872	14901.35896
0.159883	14901.74768
0.159893	14902.13958
0.159904	14902.52862
0.159915	14902.91747
0.159926	14903.30684
0.159936	14903.69744
0.159947	14904.0933
0.159958	14904.4849
0.159969	14904.87912
0.15998	14905.26419
0.159991	14905.65827
0.160001	14906.04605
0.160012	14906.44454
0.160023	14906.83744
0.160034	14907.23566
0.160045	14907.63277
0.160056	14908.027
0.160067	14908.43022
0.160077	14908.82667
0.160088	14909.22957
0.160099	14909.63511
0.16011	14910.0354
0.160121	14910.44343
0.160132	14910.85057
0.160143	14911.25481
0.160154	14911.66123
0.160165	14912.06541
0.160177	14912.46913
0.160188	14912.87739
0.160199	14913.28308
0.16021	14913.69273
0.160221	14914.10231
0.160232	14914.51377
0.160243	14914.92653
0.160254	14915.33534
0.160265	14915.74702
0.160276	14916.15895
0.160287	14916.56357
0.160298	14916.9743
0.160309	14917.38381
0.16032	14917.79291
0.160331	14918.20058
0.160343	14918.60981
0.160354	14919.02462
0.160365	14919.43845
0.160376	14919.84557
0.160388	14920.25561
0.160399	14920.66587
0.16041	14921.08233
0.160422	14921.49772
0.160433	14921.91076
0.160444	14922.32926
0.160456	14922.74173
0.160467	14923.1603
0.160478	14923.58404
0.160489	14924.00132
0.160501	14924.42195
0.160512	14924.8387
0.160524	14925.25046
0.160535	14925.66934
0.160546	14926.08635
0.160558	14926.51006
0.160569	14926.92792
0.160581	14927.34239
0.160592	14927.75218
0.160603	14928.16839
0.160615	14928.58389
0.160626	14928.99745
0.160638	14929.41435
0.160649	14929.82602
0.160661	14930.23608
0.160672	14930.64787
0.160683	14931.06435
0.160695	14931.47295
0.160706	14931.88607
0.160717	14932.30015
0.160729	14932.70875
0.160741	14933.12431
0.160752	14933.53883
0.160763	14933.94792
0.160775	14934.35585
0.160786	14934.76103
0.160797	14935.17203
0.160809	14935.57261
0.160821	14935.98357
0.160833	14936.39238
0.160844	14936.79725
0.160856	14937.20548
0.160868	14937.61599
0.160879	14938.02597
0.160891	14938.43175
0.160902	14938.84363
0.160914	14939.24986
0.160925	14939.66251
0.160937	14940.07489
0.160948	14940.48228
0.16096	14940.88981
0.160972	14941.30397
0.160983	14941.71254
0.160995	14942.11943
0.161007	14942.52826
0.161019	14942.93629
0.16103	14943.34662
0.161042	14943.75893
0.161053	14944.17113
0.161064	14944.58563
0.161077	14945.00145
0.161088	14945.41238
0.1611	14945.82751
0.161112	14946.23835
0.161124	14946.65331
0.161136	14947.06189
0.161148	14947.47689
0.161159	14947.88531
0.161171	14948.29863
0.161183	14948.70706
0.161194	14949.12299
0.161206	14949.53924
0.161217	14949.94721
0.161229	14950.3661
0.161241	14950.78118
0.161253	14951.19684
0.161265	14951.61767
0.161277	14952.02855
0.161289	14952.44629
0.1613	14952.865
0.161312	14953.28678
0.161325	14953.70999
0.161337	14954.12765
0.161349	14954.54228
0.161361	14954.96696
0.161373	14955.39013
0.161385	14955.81103
0.161397	14956.2272
0.161409	14956.64458
0.161421	14957.0646
0.161433	14957.4837
0.161445	14957.90803
0.161457	14958.3275
0.161469	14958.74829
0.161481	14959.17686
0.161493	14959.59669
0.161505	14960.02816
0.161517	14960.45326
0.161529	14960.87739
0.161542	14961.30313
0.161554	14961.73503
0.161566	14962.15846
0.161577	14962.58495
0.16159	14963.0103
0.161602	14963.43619
0.161615	14963.8609
0.161627	14964.2898
0.161639	14964.71722
0.161651	14965.1458
0.161664	14965.57718
0.161676	14966.00776
0.161688	14966.43774
0.161701	14966.86584
0.161713	14967.29758
0.161726	14967.72745
0.161738	14968.15424
0.161751	14968.5884
0.161763	14969.022
0.161775	14969.45253
0.161788	14969.88878
0.1618	14970.31691
0.161812	14970.7545
0.161825	14971.18599
0.161838	14971.62219
0.16185	14972.05703
0.161862	14972.48929
0.161875	14972.92861
0.161887	14973.36635
0.1619	14973.80686
0.161912	14974.24355
0.161925	14974.68007
0.161937	14975.11917
0.16195	14975.55533
0.161963	14975.99161
0.161975	14976.43072
0.161988	14976.87061
0.162001	14977.30936
0.162013	14977.75092
0.162026	14978.19527
0.162039	14978.63558
0.162052	14979.07343
0.162065	14979.51924
0.162077	14979.96191
0.16209	14980.40882
0.162103	14980.85152
0.162116	14981.29353
0.162129	14981.73913
0.162142	14982.18206
0.162155	14982.63569
0.162167	14983.08251
0.16218	14983.52676
0.162193	14983.97841
0.162206	14984.42892
0.162219	14984.87664
0.162232	14985.32883
0.162244	14985.77779
0.162257	14986.22617
0.16227	14986.67151
0.162283	14987.11563
0.162296	14987.56366
0.162309	14988.01371
0.162322	14988.46687
0.162335	14988.91734
0.162348	14989.37463
0.162361	14989.82022
0.162374	14990.27364
0.162388	14990.72299
0.162401	14991.17089
0.162414	14991.62342
0.162427	14992.07726
0.162441	14992.52428
0.162453	14992.97409
0.162467	14993.43273
0.162479	14993.88263
0.162492	14994.34123
0.162506	14994.79774
0.162519	14995.25578
0.162532	14995.71236
0.162546	14996.16679
0.162559	14996.62349
0.162572	14997.08272
0.162586	14997.54064
0.162599	14997.99661
0.162612	14998.45676
0.162625	14998.91297
0.162638	14999.36789
0.162652	14999.82467
0.162665	15000.27868
0.162679	15000.74018
0.162693	15001.19702
0.162706	15001.64912
0.16272	15002.09993
0.162734	15002.55577
0.162747	15003.01451
0.16276	15003.46623
0.162774	15003.92768
0.162787	15004.38314
0.162801	15004.83304
0.162814	15005.28953
0.162827	15005.7435
0.162841	15006.20032
0.162854	15006.65058
0.162868	15007.10516
0.162881	15007.55309
0.162895	15008.01374
0.162908	15008.46821
0.162921	15008.92283
0.162935	15009.37994
0.162948	15009.83546
0.162962	15010.28723
0.162975	15010.73827
0.162989	15011.19932
0.163002	15011.65125
0.163016	15012.10646
0.163029	15012.56013
0.163043	15013.01161
0.163056	15013.46076
0.16307	15013.91772
0.163084	15014.36393
0.163097	15014.81276
0.163111	15015.26817
0.163124	15015.72261
0.163138	15016.173
0.163152	15016.63059
0.163166	15017.08464
0.16318	15017.53695
0.163193	15017.99018
0.163207	15018.4436
0.163221	15018.88882
0.163234	15019.33625
0.163248	15019.79295
0.163262	15020.24197
0.163275	15020.69261
0.163289	15021.14177
0.163302	15021.59444
0.163316	15022.04474
0.163329	15022.49148
0.163344	15022.94325
0.163357	15023.39288
0.163371	15023.84563
0.163385	15024.29686
0.163398	15024.74974
0.163412	15025.19562
0.163426	15025.64401
0.163439	15026.08522
0.163453	15026.52756
0.163467	15026.97503
0.16348	15027.42104
0.163495	15027.87411
0.163508	15028.32065
0.163522	15028.76835
0.163536	15029.21519
0.16355	15029.66525
0.163564	15030.10617
0.163578	15030.55134
0.163591	15030.99928
0.163605	15031.44905
0.163619	15031.90024
0.163633	15032.34201
0.163647	15032.78515
0.163661	15033.22463
0.163675	15033.66955
0.163688	15034.11542
0.163702	15034.56034
0.163716	15035.01028
0.16373	15035.45776
0.163744	15035.89502
0.163758	15036.34005
0.163772	15036.78089
0.163786	15037.22838
0.1638	15037.67078
0.163813	15038.1106
0.163827	15038.54586
0.163841	15038.98821
0.163854	15039.43116
0.163868	15039.86883
0.163882	15040.30175
0.163896	15040.73967
0.16391	15041.18062
0.163924	15041.61266
0.163938	15042.05273
0.163951	15042.48768
0.163965	15042.92275
0.163979	15043.36234
0.163993	15043.79473
0.164008	15044.23183
0.164021	15044.66418
0.164035	15045.09897
0.16405	15045.52961
0.164063	15045.96281
0.164077	15046.40034
0.164091	15046.83134
0.164105	15047.26586
0.164118	15047.69564
0.164132	15048.12165
0.164146	15048.54572
0.164159	15048.97777
0.164173	15049.40346
0.164187	15049.82696
0.164201	15050.24427
0.164215	15050.67263
0.164229	15051.09422
0.164243	15051.51932
0.164256	15051.94283
0.16427	15052.36525
0.164284	15052.7861
0.164298	15053.21049
0.164312	15053.6328
0.164326	15054.05373
0.16434	15054.47857
0.164353	15054.89572
0.164367	15055.31007
0.164381	15055.72123
0.164395	15056.13478
0.164409	15056.55455
0.164422	15056.97034
0.164436	15057.38631
0.164449	15057.80293
0.164463	15058.22211
0.164477	15058.63657
0.16449	15059.04596
0.164504	15059.4584
0.164518	15059.87287
0.164532	15060.2894
0.164546	15060.70514
0.16456	15061.11744
0.164573	15061.53837
0.164587	15061.95581
0.164601	15062.37276
0.164614	15062.79036
0.164628	15063.20819
0.164642	15063.6195
0.164656	15064.04379
0.16467	15064.45825
0.164683	15064.87591
0.164697	15065.28737
0.164711	15065.70297
0.164726	15066.1174
0.164739	15066.53187
0.164753	15066.94508
0.164767	15067.35826
0.164781	15067.77827
0.164795	15068.19962
0.164809	15068.6134
0.164822	15069.02875
0.164836	15069.44854
0.164851	15069.86825
0.164865	15070.29327
0.164879	15070.71048
0.164893	15071.13017
0.164907	15071.55489
0.164921	15071.97833
0.164935	15072.40743
0.164949	15072.83268
0.164963	15073.25595
0.164977	15073.67487
0.164991	15074.09819
0.165005	15074.52287
0.165019	15074.94582
0.165033	15075.36975
0.165047	15075.7923
0.165061	15076.20686
0.165076	15076.6258
0.16509	15077.03984
0.165104	15077.45846
0.165117	15077.87055
0.165131	15078.28706
0.165146	15078.69144
0.165159	15079.10216
0.165173	15079.51414
0.165187	15079.91715
0.165201	15080.32652
0.165215	15080.73181
0.165229	15081.13876
0.165243	15081.54676
0.165257	15081.95055
0.165271	15082.35597
0.165285	15082.76154
0.165299	15083.16738
0.165313	15083.57212
0.165326	15083.97108
0.16534	15084.37721
0.165354	15084.77816
0.165368	15085.17866
0.165382	15085.58352
0.165396	15085.98957
0.16541	15086.3862
0.165424	15086.78729
0.165438	15087.18747
0.165452	15087.5859
0.165466	15087.98827
0.16548	15088.38638
0.165493	15088.77694
0.165507	15089.1757
0.165521	15089.5739
0.165534	15089.97143
0.165548	15090.36797
0.165562	15090.76054
0.165576	15091.15237
0.16559	15091.54672
0.165604	15091.94779
0.165617	15092.34414
0.165631	15092.73817
0.165645	15093.12976
0.165659	15093.52385
0.165673	15093.91799
0.165687	15094.31323
0.165701	15094.70657
0.165715	15095.10178
0.165729	15095.49313
0.165743	15095.88672
0.165757	15096.27767
0.165771	15096.6729
0.165785	15097.06463
0.165799	15097.46317
0.165813	15097.85565
0.165827	15098.25042
0.165841	15098.64231
0.165855	15099.03382
0.165869	15099.43212
0.165883	15099.83083
0.165897	15100.22356
0.165911	15100.61827
0.165925	15101.01314
0.165939	15101.40834
0.165953	15101.80602
0.165967	15102.20013
0.165981	15102.59858
0.165995	15102.99627
0.166009	15103.39411
0.166023	15103.79293
0.166037	15104.18996
0.166051	15104.59293
0.166066	15104.99253
0.16608	15105.3902
0.166094	15105.78942
0.166108	15106.19389
0.166122	15106.59023
0.166136	15106.99157
0.166151	15107.40209
0.166165	15107.80271
0.166179	15108.20598
0.166193	15108.60534
0.166208	15109.00949
0.166222	15109.41437
0.166236	15109.81991
0.166251	15110.22654
0.166265	15110.63706
0.16628	15111.0477
0.166294	15111.45817
0.166309	15111.86723
0.166323	15112.281
0.166337	15112.69365
0.166351	15113.10555
0.166366	15113.5165
0.16638	15113.93151
0.166394	15114.34285
0.166409	15114.75441
0.166424	15115.16658
0.166438	15115.58302
0.166452	15115.99991
0.166466	15116.41913
0.166481	15116.83814
0.166495	15117.25235
0.166509	15117.66518
0.166523	15118.08852
0.166538	15118.49957
0.166552	15118.91196
0.166567	15119.33102
0.166582	15119.751
0.166596	15120.16529
0.16661	15120.5854
0.166625	15121.00422
0.16664	15121.42326
0.166654	15121.84385
0.166669	15122.2553
0.166683	15122.67319
0.166698	15123.09406
0.166713	15123.50446
0.166727	15123.92077
0.166742	15124.33605
0.166756	15124.75424
0.166771	15125.16642
0.166785	15125.58233
0.1668	15125.99551
0.166814	15126.40838
0.166829	15126.82314
0.166844	15127.23693
0.166858	15127.65286
0.166873	15128.06757
0.166887	15128.48067
0.166902	15128.89547
0.166916	15129.30317
0.166931	15129.71868
0.166945	15130.12543
0.166959	15130.5301
0.166974	15130.94087
0.166989	15131.34986
0.167003	15131.75831
0.167017	15132.17207
0.167032	15132.57783
0.167046	15132.97752
0.167061	15133.3778
0.167075	15133.77518
0.16709	15134.1757
0.167104	15134.56991
0.167118	15134.97302
0.167132	15135.36724
0.167146	15135.76079
0.167161	15136.15507
0.167175	15136.54932
0.16719	15136.94147
0.167204	15137.3313
0.167219	15137.72312
0.167233	15138.11684
0.167248	15138.51118
0.167262	15138.89951
0.167277	15139.287
0.167291	15139.67627
0.167305	15140.06463
0.16732	15140.45218
0.167334	15140.83831
0.167348	15141.22536
0.167363	15141.61326
0.167377	15142.00386
0.167392	15142.38865
0.167406	15142.77585
0.16742	15143.1637
0.167435	15143.54748
0.167449	15143.9401
0.167464	15144.32243
0.167478	15144.70713
0.167493	15145.08901
0.167507	15145.47699
0.167522	15145.86505
0.167536	15146.24254
0.167551	15146.62589
0.167566	15147.00656
0.16758	15147.38806
0.167594	15147.76742
0.167608	15148.13798
0.167623	15148.51401
0.167638	15148.89155
0.167652	15149.26237
0.167667	15149.63601
0.167681	15150.00356
0.167695	15150.37373
0.167709	15150.73846
0.167723	15151.10088
0.167737	15151.4612
0.167752	15151.82894
0.167766	15152.1913
0.16778	15152.55759
0.167794	15152.91788
0.167809	15153.27576
0.167823	15153.63539
0.167837	15153.99549
0.167851	15154.357
0.167865	15154.70886
0.16788	15155.06666
0.167894	15155.42024
0.167908	15155.78082
0.167922	15156.13148
0.167936	15156.4853
0.16795	15156.83582
0.167964	15157.19643
0.167979	15157.54403
0.167993	15157.90472
0.168007	15158.25274
0.168021	15158.60596
0.168035	15158.95883
0.168049	15159.31052
0.168063	15159.66136
0.168077	15160.01622
0.168091	15160.36023
0.168105	15160.71675
0.168119	15161.06481
0.168133	15161.42157
0.168147	15161.77004
0.168162	15162.12077
0.168176	15162.47881
0.168189	15162.82875
0.168203	15163.18332
0.168218	15163.54044
0.168232	15163.88845
0.168246	15164.24193
0.168259	15164.5977
0.168273	15164.95606
0.168287	15165.30878
0.168301	15165.66742
0.168315	15166.01788
0.168329	15166.36774
0.168344	15166.7202
0.168358	15167.07344
0.168372	15167.42747
0.168386	15167.77683
0.1684	15168.12485
0.168414	15168.47523
0.168428	15168.82771
0.168442	15169.17093
0.168456	15169.5263
0.168471	15169.87638
0.168485	15170.23174
0.168499	15170.58596
0.168513	15170.9357
0.168527	15171.2893
0.168541	15171.6414
0.168555	15171.99706
0.168568	15172.33788
0.168583	15172.68923
0.168596	15173.03942
0.16861	15173.39091
0.168624	15173.7399
0.168638	15174.09022
0.168652	15174.44209
0.168666	15174.79109
0.16868	15175.14452
0.168694	15175.49123
0.168708	15175.84161
0.168722	15176.18485
0.168736	15176.53704
0.16875	15176.88798
0.168764	15177.23758
0.168778	15177.58475
0.168792	15177.93651
0.168806	15178.28828
0.16882	15178.63801
0.168834	15178.99291
0.168848	15179.34728
0.168863	15179.70399
0.168877	15180.05631
0.168891	15180.41107
0.168905	15180.76848
0.168919	15181.11971
0.168933	15181.47922
0.168947	15181.83652
0.168961	15182.19306
0.168975	15182.54086
0.16899	15182.90499
0.169004	15183.25927
0.169018	15183.62592
0.169032	15183.98865
0.169046	15184.34965
0.16906	15184.70805
0.169074	15185.07418
0.169088	15185.43722
0.169102	15185.79794
0.169117	15186.1597
0.169131	15186.5226
0.169145	15186.8846
0.169159	15187.25428
0.169174	15187.61881
0.169188	15187.98645
0.169202	15188.35492
0.169216	15188.71955
0.16923	15189.08892
0.169245	15189.44836
0.169259	15189.82002
0.169273	15190.18061
0.169287	15190.55136
0.169301	15190.91469
0.169315	15191.28211
0.16933	15191.6486
0.169344	15192.02389
0.169358	15192.39224
0.169373	15192.75891
0.169387	15193.13465
0.169401	15193.51164
0.169416	15193.8875
0.16943	15194.25842
0.169444	15194.628
0.169458	15194.99868
0.169473	15195.37078
0.169487	15195.73897
0.169502	15196.11117
0.169516	15196.48144
0.16953	15196.85387
0.169544	15197.22776
0.169558	15197.60046
0.169573	15197.97244
0.169587	15198.33885
0.169602	15198.7134
0.169617	15199.08183
0.169631	15199.44762
0.169645	15199.82425
0.16966	15200.19058
0.169674	15200.56559
0.169689	15200.9403
0.169703	15201.31892
0.169718	15201.68575
0.169733	15202.06057
0.169747	15202.4375
0.169762	15202.81271
0.169776	15203.18299
0.16979	15203.55322
0.169805	15203.9326
0.169819	15204.30416
0.169834	15204.67941
0.169848	15205.0507
0.169863	15205.42699
0.169877	15205.80648
0.169892	15206.18545
0.169906	15206.55989
0.169921	15206.93693
0.169935	15207.31471
0.16995	15207.69319
0.169964	15208.07167
0.169979	15208.45307
0.169994	15208.83424
0.170008	15209.21463
0.170022	15209.59726
0.170037	15209.98562
0.170052	15210.36487
0.170066	15210.75334
0.170081	15211.13831
0.170096	15211.52568
0.170111	15211.91472
0.170126	15212.30816
0.170141	15212.69067
0.170156	15213.08213
0.170171	15213.47514
0.170186	15213.86587
0.170201	15214.26233
0.170215	15214.65412
0.17023	15215.04933
0.170245	15215.44348
0.170259	15215.83587
0.170275	15216.23487
0.17029	15216.62492
0.170305	15217.02456
0.17032	15217.41871
0.170334	15217.81741
0.170349	15218.21723
0.170365	15218.61586
0.17038	15219.01325
0.170395	15219.4115
0.170409	15219.80592
0.170424	15220.20445
0.170439	15220.59511
0.170454	15220.997
0.170469	15221.39976
0.170485	15221.79918
0.1705	15222.2027
0.170515	15222.60924
0.17053	15223.00983
0.170545	15223.41145
0.17056	15223.81583
0.170575	15224.21647
0.17059	15224.61426
0.170606	15225.0176
0.170621	15225.41904
0.170636	15225.82265
0.170651	15226.22208
0.170666	15226.62369
0.170681	15227.0234
0.170696	15227.41953
0.170711	15227.82395
0.170726	15228.2246
0.170742	15228.619
0.170756	15229.01983
0.170772	15229.422
0.170787	15229.8235
0.170802	15230.22903
0.170817	15230.63219
0.170832	15231.03273
0.170848	15231.43395
0.170863	15231.83546
0.170878	15232.23552
0.170893	15232.64029
0.170908	15233.04661
0.170924	15233.44779
0.170939	15233.85232
0.170954	15234.24382
0.17097	15234.64618
0.170985	15235.04587
0.171	15235.44713
0.171015	15235.84929
0.171031	15236.24146
0.171046	15236.64698
0.171061	15237.04294
0.171077	15237.442
0.171092	15237.84239
0.171108	15238.24545
0.171123	15238.644
0.171139	15239.04623
0.171154	15239.44692
0.17117	15239.84532
0.171185	15240.25308
0.171201	15240.65402
0.171216	15241.05508
0.171232	15241.4577
0.171248	15241.8581
0.171263	15242.26103
0.171279	15242.66402
0.171294	15243.06788
0.17131	15243.47029
0.171326	15243.87669
0.171341	15244.27677
0.171357	15244.68151
0.171373	15245.08858
0.171388	15245.4962
0.171404	15245.90009
0.17142	15246.3086
0.171435	15246.71191
0.171451	15247.12129
0.171467	15247.5366
0.171482	15247.93898
0.171498	15248.35043
0.171514	15248.7619
0.17153	15249.17467
0.171546	15249.58989
0.171561	15250.00104
0.171577	15250.4165
0.171592	15250.82805
0.171608	15251.24067
0.171624	15251.65021
0.171639	15252.06281
0.171655	15252.47833
0.171671	15252.89304
0.171687	15253.30945
0.171702	15253.72023
0.171719	15254.13646
0.171734	15254.55307
0.17175	15254.96375
0.171766	15255.37904
0.171782	15255.79618
0.171798	15256.20589
0.171814	15256.6189
0.17183	15257.03417
0.171846	15257.45229
0.171862	15257.86851
0.171878	15258.28073
0.171894	15258.69723
0.17191	15259.11436
0.171926	15259.53034
0.171943	15259.95248
0.171959	15260.36985
0.171975	15260.79293
0.171991	15261.21019
0.172008	15261.63325
0.172024	15262.05551
0.17204	15262.47711
0.172057	15262.89754
0.172073	15263.31482
0.17209	15263.7416
0.172106	15264.16257
0.172122	15264.58679
0.172139	15265.0102
0.172155	15265.43344
0.172171	15265.85983
0.172188	15266.28546
0.172204	15266.70941
0.17222	15267.13524
0.172237	15267.56374
0.172254	15267.99152
0.17227	15268.418
0.172287	15268.84504
0.172303	15269.27031
0.17232	15269.69691
0.172337	15270.12987
0.172353	15270.56833
0.17237	15270.99871
0.172386	15271.4289
0.172403	15271.8633
0.172419	15272.29413
0.172436	15272.72973
0.172452	15273.15794
0.17247	15273.59365
0.172486	15274.02823
0.172503	15274.46201
0.17252	15274.8991
0.172537	15275.33342
0.172553	15275.76693
0.17257	15276.19763
0.172587	15276.63316
0.172604	15277.07166
0.17262	15277.50487
0.172637	15277.94534
0.172654	15278.38006
0.172671	15278.81514
0.172688	15279.25065
0.172706	15279.69018
0.172722	15280.124
0.172739	15280.56428
0.172756	15281.00002
0.172773	15281.44213
0.172791	15281.87889
0.172808	15282.32034
0.172825	15282.75642
0.172842	15283.19567
0.172859	15283.63047
0.172876	15284.06799
0.172894	15284.50409
0.172911	15284.94514
0.172928	15285.38757
0.172945	15285.82151
0.172963	15286.25442
0.17298	15286.69419
0.172997	15287.12714
0.173014	15287.56412
0.173031	15288.00173
0.173049	15288.43912
0.173066	15288.88123
0.173083	15289.31726
0.1731	15289.75768
0.173118	15290.19236
0.173135	15290.62911
0.173152	15291.07024
0.17317	15291.49865
0.173187	15291.93301
0.173205	15292.36516
0.173222	15292.80503
0.173239	15293.24046
0.173257	15293.675
0.173274	15294.10347
0.173291	15294.53574
0.173309	15294.96792
0.173327	15295.40784
0.173344	15295.83878
0.173362	15296.26786
0.173379	15296.69662
0.173397	15297.12456
0.173414	15297.55553
0.173432	15297.98596
0.173449	15298.41455
0.173467	15298.84412
0.173485	15299.26655
0.173502	15299.69129
0.17352	15300.12114
0.173538	15300.55426
0.173556	15300.98
0.173574	15301.40606
0.173591	15301.83178
0.173609	15302.26011
0.173627	15302.68298
0.173645	15303.10353
0.173663	15303.52836
0.17368	15303.95049
0.173698	15304.37489
0.173716	15304.79509
0.173733	15305.21722
0.173751	15305.63973
0.173769	15306.06033
0.173787	15306.48323
0.173804	15306.90293
0.173822	15307.32294
0.17384	15307.73935
0.173858	15308.1621
0.173876	15308.57695
0.173894	15308.99402
0.173912	15309.41083
0.17393	15309.82897
0.173947	15310.24514
0.173965	15310.65468
0.173983	15311.06763
0.174001	15311.47951
0.174019	15311.89173
0.174037	15312.30594
0.174055	15312.7188
0.174073	15313.12512
0.174091	15313.54064
0.174109	15313.94657
0.174127	15314.3615
0.174145	15314.77325
0.174163	15315.17615
0.17418	15315.57957
0.174198	15315.98611
0.174216	15316.38764
0.174234	15316.7911
0.174251	15317.1962
0.174269	15317.59977
0.174287	15318.00142
0.174305	15318.40162
0.174323	15318.79897
0.174342	15319.20243
0.17436	15319.60398
0.174378	15320.00871
0.174396	15320.40958
0.174414	15320.80986
0.174431	15321.20931
0.174449	15321.60779
0.174467	15322.00561
0.174485	15322.40447
0.174503	15322.80377
0.174521	15323.20154
0.174539	15323.59467
0.174557	15323.98805
0.174576	15324.38236
0.174594	15324.77652
0.174612	15325.16997
0.17463	15325.56207
0.174648	15325.9599
0.174666	15326.35838
0.174684	15326.75903
0.174702	15327.15228
0.174721	15327.54208
0.174738	15327.93273
0.174756	15328.31992
0.174774	15328.7158
0.174792	15329.10459
0.17481	15329.4932
0.174828	15329.88039
0.174847	15330.27176
0.174865	15330.65941
0.174883	15331.04783
0.174901	15331.43843
0.174919	15331.82428
0.174937	15332.20769
0.174955	15332.59157
0.174973	15332.97343
0.17499	15333.36266
0.175009	15333.75143
0.175027	15334.13724
0.175045	15334.5255
0.175063	15334.90393
0.175081	15335.29714
0.175099	15335.68902
0.175117	15336.08016
0.175135	15336.46794
0.175153	15336.85624
0.175171	15337.24372
0.175189	15337.63084
0.175207	15338.02254
0.175225	15338.4138
0.175243	15338.79911
0.175262	15339.18247
0.17528	15339.56896
0.175298	15339.95624
0.175316	15340.34025
0.175334	15340.72773
0.175352	15341.11599
0.175371	15341.49704
0.175389	15341.88412
0.175407	15342.27312
0.175425	15342.66286
0.175444	15343.0535
0.175462	15343.44697
0.17548	15343.83331
0.175498	15344.22062
0.175516	15344.61057
0.175535	15345.00041
0.175553	15345.38804
0.175571	15345.77648
0.17559	15346.16564
0.175608	15346.55797
0.175626	15346.94613
0.175645	15347.33719
0.175663	15347.72902
0.175682	15348.11848
0.1757	15348.51102
0.175718	15348.90265
0.175737	15349.29393
0.175755	15349.69053
0.175773	15350.08145
0.175791	15350.47813
0.17581	15350.8706
0.175829	15351.26968
0.175847	15351.65956
0.175866	15352.05777
0.175884	15352.44921
0.175903	15352.84732
0.175921	15353.2407
0.17594	15353.64156
0.175958	15354.03579
0.175977	15354.42949
0.175996	15354.8207
0.176014	15355.21736
0.176033	15355.61374
0.176052	15356.00966
0.176071	15356.40515
0.176089	15356.79637
0.176108	15357.19085
0.176127	15357.58449
0.176145	15357.97337
0.176164	15358.36635
0.176183	15358.75422
0.176201	15359.14898
0.17622	15359.54562
0.176239	15359.93547
0.176257	15360.32195
0.176276	15360.71035
0.176294	15361.1081
0.176313	15361.49786
0.176331	15361.88558
0.17635	15362.27726
0.176369	15362.66869
0.176387	15363.0589
0.176406	15363.44943
0.176425	15363.83907
0.176444	15364.23271
0.176462	15364.62262
0.176481	15365.02
0.1765	15365.409
0.176519	15365.80058
0.176538	15366.1931
0.176557	15366.58658
0.176577	15366.98269
0.176595	15367.37429
0.176614	15367.77071
0.176633	15368.16353
0.176653	15368.55555
0.176672	15368.95096
0.176691	15369.35012
0.17671	15369.74221
0.176729	15370.1401
0.176748	15370.52889
0.176767	15370.93017
0.176786	15371.32574
0.176805	15371.71615
0.176824	15372.1128
0.176844	15372.51004
0.176863	15372.90445
0.176882	15373.2986
0.176901	15373.69211
0.17692	15374.09238
0.17694	15374.48705
0.176959	15374.88173
0.176978	15375.2858
0.176997	15375.68495
0.177017	15376.08655
0.177036	15376.48122
0.177055	15376.87874
0.177074	15377.2783
0.177093	15377.67437
0.177113	15378.07413
0.177132	15378.47177
0.177151	15378.86247
0.177171	15379.25558
0.17719	15379.65303
0.17721	15380.05142
0.177229	15380.44801
0.177248	15380.84859
0.177267	15381.24745
0.177287	15381.64712
0.177306	15382.04589
0.177325	15382.44123
0.177345	15382.84004
0.177364	15383.2318
0.177383	15383.63522
0.177403	15384.03189
0.177422	15384.43211
0.177441	15384.83045
0.177461	15385.22243
0.17748	15385.61963
0.1775	15386.01825
0.177519	15386.41543
0.177539	15386.81232
0.177558	15387.20515
0.177578	15387.6036
0.177597	15387.99779
0.177617	15388.39563
0.177637	15388.79241
0.177656	15389.18579
0.177676	15389.57812
0.177696	15389.97301
0.177716	15390.37095
0.177736	15390.77754
0.177755	15391.17717
0.177775	15391.5736
0.177795	15391.97007
0.177815	15392.37214
0.177835	15392.76861
0.177854	15393.16486
0.177874	15393.56795
0.177894	15393.96838
0.177914	15394.36551
0.177934	15394.76782
0.177953	15395.16687
0.177973	15395.56868
0.177993	15395.97349
0.178013	15396.3768
0.178033	15396.77744
0.178053	15397.18081
0.178073	15397.58457
0.178093	15397.99252
0.178113	15398.39208
0.178133	15398.79332
0.178153	15399.19892
0.178173	15399.60233
0.178193	15400.01094
0.178213	15400.41306
0.178233	15400.82372
0.178254	15401.23135
0.178274	15401.63668
0.178294	15402.04764
0.178314	15402.45748
0.178334	15402.8682
0.178354	15403.27452
0.178375	15403.68889
0.178394	15404.10504
0.178415	15404.51761
0.178434	15404.93066
0.178455	15405.33709
0.178475	15405.75821
0.178496	15406.16627
0.178516	15406.57821
0.178536	15406.9986
0.178557	15407.41953
0.178578	15407.83147
0.178598	15408.24884
0.178619	15408.66706
0.17864	15409.08458
0.178661	15409.50609
0.178681	15409.92461
0.178702	15410.34453
0.178723	15410.76726
0.178744	15411.18781
0.178765	15411.61362
0.178785	15412.04311
0.178806	15412.47069
0.178827	15412.88884
0.178848	15413.32165
0.178869	15413.74144
0.17889	15414.17144
0.178911	15414.60199
0.178932	15415.03146
0.178953	15415.46
0.178974	15415.89609
0.178995	15416.32905
0.179016	15416.75882
0.179038	15417.19465
0.179059	15417.63278
0.17908	15418.06208
0.179101	15418.49863
0.179122	15418.93486
0.179143	15419.37269
0.179165	15419.81294
0.179186	15420.25146
0.179208	15420.69765
0.179229	15421.13237
0.179251	15421.57845
0.179272	15422.0222
0.179294	15422.46389
0.179316	15422.90958
0.179338	15423.35106
0.179359	15423.79511
0.179381	15424.24246
0.179403	15424.68624
0.179424	15425.12841
0.179446	15425.57488
0.179468	15426.02052
0.17949	15426.47059
0.179512	15426.9198
0.179533	15427.36946
0.179555	15427.82629
0.179577	15428.2796
0.179599	15428.73022
0.179621	15429.18127
0.179643	15429.6311
0.179665	15430.08608
0.179687	15430.53977
0.179709	15430.99582
0.179731	15431.45365
0.179754	15431.90761
0.179776	15432.36807
0.179798	15432.82253
0.17982	15433.27577
0.179843	15433.73655
0.179865	15434.19608
0.179888	15434.66276
0.17991	15435.12
0.179933	15435.57969
0.179956	15436.03772
0.179978	15436.495
0.180001	15436.95362
0.180023	15437.42584
0.180046	15437.8875
0.180069	15438.35576
0.180092	15438.81817
0.180115	15439.28212
0.180138	15439.74946
0.180161	15440.22053
0.180184	15440.68565
0.180207	15441.15345
0.18023	15441.61951
0.180254	15442.08836
0.180277	15442.55624
0.1803	15443.02786
0.180324	15443.50297
0.180347	15443.97441
0.18037	15444.44765
0.180394	15444.9253
0.180417	15445.39227
0.180441	15445.86811
0.180464	15446.34351
0.180487	15446.8197
0.180511	15447.3003
0.180534	15447.77721
0.180558	15448.25635
0.180582	15448.73141
0.180605	15449.20789
0.18063	15449.68954
0.180654	15450.1765
0.180678	15450.65792
0.180702	15451.14279
0.180726	15451.62247
0.18075	15452.10924
0.180774	15452.59725
0.180798	15453.0893
0.180822	15453.57397
0.180846	15454.06447
0.18087	15454.55666
0.180895	15455.0478
0.180919	15455.54306
0.180944	15456.02985
0.180968	15456.51718
0.180993	15457.0067
0.181017	15457.5054
0.181042	15457.99862
0.181067	15458.49157
0.181092	15458.99099
0.181117	15459.49635
0.181141	15460.00096
0.181167	15460.49723
0.181192	15461.00113
0.181217	15461.50543
0.181243	15462.00488
0.181268	15462.50354
0.181293	15463.00072
0.181318	15463.51133
0.181344	15464.01757
0.181369	15464.52609
0.181395	15465.03139
0.18142	15465.53916
0.181446	15466.04461
0.181471	15466.54941
0.181497	15467.05375
0.181522	15467.55851
0.181548	15468.06586
0.181574	15468.57432
0.1816	15469.08626
0.181626	15469.5927
0.181652	15470.09964
0.181678	15470.61205
0.181704	15471.12594
0.18173	15471.63884
0.181756	15472.15114
0.181782	15472.66403
0.181808	15473.17724
0.181835	15473.6965
0.181861	15474.20809
0.181888	15474.71769
0.181914	15475.23125
0.181941	15475.74624
0.181967	15476.25769
0.181994	15476.77703
0.18202	15477.28626
0.182047	15477.79522
0.182074	15478.31096
0.182101	15478.82216
0.182128	15479.33894
0.182155	15479.8501
0.182182	15480.35591
0.182209	15480.86993
0.182237	15481.38526
0.182264	15481.89857
0.182291	15482.41132
0.182318	15482.92097
0.182346	15483.43387
0.182373	15483.94407
0.1824	15484.46062
0.182428	15484.96935
0.182456	15485.487
0.182483	15485.99846
0.182511	15486.51729
0.182539	15487.03657
0.182567	15487.5534
0.182595	15488.06775
0.182622	15488.58875
0.18265	15489.11209
0.182678	15489.62486
0.182706	15490.14708
0.182734	15490.66541
0.182763	15491.18726
0.182791	15491.70945
0.182819	15492.22896
0.182848	15492.74319
0.182876	15493.26847
0.182905	15493.78357
0.182934	15494.3053
0.182963	15494.82664
0.182991	15495.34328
0.18302	15495.85856
0.183049	15496.37874
0.183078	15496.89541
0.183106	15497.4182
0.183136	15497.94173
0.183164	15498.46587
0.183194	15498.98982
0.183223	15499.50807
0.183252	15500.03019
0.183282	15500.55565
0.183311	15501.07979
0.183341	15501.6006
0.183371	15502.12785
0.183401	15502.64913
0.183431	15503.17477
0.183461	15503.70177
0.183491	15504.22554
0.183521	15504.74378
0.183551	15505.26126
0.183581	15505.78678
0.183611	15506.31138
0.183641	15506.83689
0.183671	15507.35973
0.183702	15507.88044
0.183732	15508.40837
0.183762	15508.92971
0.183793	15509.45604
0.183823	15509.97605
0.183854	15510.49849
0.183885	15511.01969
0.183915	15511.54508
0.183946	15512.06582
0.183977	15512.59352
0.184008	15513.11471
0.184039	15513.6408
0.18407	15514.16475
0.184102	15514.69289
0.184133	15515.21521
0.184164	15515.73716
0.184195	15516.25717
0.184226	15516.7806
0.184258	15517.30022
0.184289	15517.81803
0.184321	15518.33321
0.184353	15518.85092
0.184385	15519.36867
0.184417	15519.88524
0.184449	15520.40241
0.18448	15520.92404
0.184513	15521.44385
0.184544	15521.96104
0.184576	15522.47624
0.184609	15522.98998
0.184641	15523.51104
0.184674	15524.02691
0.184706	15524.54496
0.184738	15525.0525
0.184771	15525.56066
0.184803	15526.0734
0.184836	15526.58392
0.184868	15527.10054
0.184901	15527.60905
0.184934	15528.11894
0.184967	15528.62832
0.184999	15529.13768
0.185033	15529.65321
0.185066	15530.16422
0.185099	15530.67389
0.185132	15531.18647
0.185166	15531.70357
0.185199	15532.21197
0.185233	15532.72128
0.185266	15533.2289
0.185299	15533.7463
0.185333	15534.25347
0.185366	15534.76279
0.1854	15535.27274
0.185434	15535.78245
0.185468	15536.28664
0.185502	15536.7949
0.185536	15537.30834
0.18557	15537.82133
0.185605	15538.32902
0.185639	15538.8349
0.185673	15539.34708
0.185708	15539.85728
0.185742	15540.36016
0.185777	15540.86944
0.185811	15541.38033
0.185846	15541.89451
0.18588	15542.39665
0.185915	15542.90379
0.18595	15543.41542
0.185985	15543.92405
0.18602	15544.43042
0.186054	15544.94386
0.186089	15545.44832
0.186124	15545.95695
0.186159	15546.4654
0.186195	15546.97344
0.18623	15547.479
0.186265	15547.98708
0.186301	15548.49158
0.186336	15549.004
0.186372	15549.51139
0.186407	15550.01654
0.186443	15550.51756
0.186479	15551.02672
0.186514	15551.53226
0.18655	15552.04045
0.186585	15552.54379
0.186622	15553.05406
0.186658	15553.56873
0.186694	15554.08357
0.18673	15554.59178
0.186766	15555.10025
0.186802	15555.60484
0.186838	15556.11337
0.186875	15556.62963
0.186911	15557.13639
0.186948	15557.64998
0.186985	15558.16076
0.187021	15558.67042
0.187058	15559.17629
0.187095	15559.68337
0.187132	15560.18819
0.187168	15560.69649
0.187205	15561.20733
0.187242	15561.71781
0.187278	15562.22713
0.187315	15562.74018
0.187352	15563.24606
0.187389	15563.7547
0.187427	15564.26564
0.187463	15564.77244
0.187501	15565.28369
0.187538	15565.79165
0.187575	15566.29553
0.187612	15566.8044
0.18765	15567.31483
0.187688	15567.82169
0.187725	15568.3272
0.187763	15568.83766
0.1878	15569.34389
0.187838	15569.84903
0.187875	15570.35489
0.187913	15570.85765
0.187951	15571.36697
0.187989	15571.87524
0.188026	15572.38717
0.188064	15572.89048
0.188102	15573.39016
0.18814	15573.89905
0.188178	15574.40327
0.188216	15574.91249
0.188255	15575.42437
0.188293	15575.92368
0.188331	15576.4363
0.188369	15576.94371
0.188407	15577.44202
0.188446	15577.94502
0.188484	15578.45004
0.188523	15578.95626
0.188561	15579.4595
0.1886	15579.96353
0.188639	15580.47603
0.188677	15580.98387
0.188716	15581.48167
0.188755	15581.99227
0.188794	15582.4919
0.188833	15582.99721
0.188872	15583.49996
0.18891	15584.0083
0.18895	15584.51193
0.188989	15585.01076
0.189028	15585.51847
0.189067	15586.02486
0.189106	15586.52934
0.189145	15587.02479
0.189185	15587.52741
0.189224	15588.03056
0.189263	15588.5337
0.189302	15589.0275
0.189342	15589.53268
0.189381	15590.03031
0.189421	15590.53453
0.18946	15591.03406
0.1895	15591.53056
0.189539	15592.0292
0.189579	15592.53237
0.189619	15593.03077
0.189659	15593.53497
0.189698	15594.03151
0.189738	15594.52982
0.189778	15595.02474
0.189818	15595.51855
0.189857	15596.02141
0.189897	15596.51692
0.189937	15597.01394
0.189978	15597.50634
0.190017	15597.99147
0.190058	15598.491
0.190098	15598.98291
0.190138	15599.47487
0.190178	15599.96624
0.190219	15600.45543
0.190259	15600.94616
0.1903	15601.4421
0.19034	15601.93101
0.19038	15602.42378
0.190421	15602.91973
0.190461	15603.40797
0.190501	15603.9017
0.190541	15604.39512
0.190582	15604.88229
0.190623	15605.37187
0.190663	15605.86266
0.190704	15606.34776
0.190745	15606.83354
0.190785	15607.31973
0.190826	15607.81462
0.190867	15608.30382
0.190908	15608.79318
0.190949	15609.28315
0.19099	15609.77123
0.191031	15610.26734
0.191073	15610.76472
0.191114	15611.25669
0.191155	15611.75009
0.191197	15612.244
0.191238	15612.73304
0.19128	15613.22159
0.191321	15613.7196
0.191362	15614.21097
0.191404	15614.70522
0.191446	15615.20164
0.191487	15615.70065
0.191529	15616.19379
0.19157	15616.69209
0.191612	15617.18762
0.191654	15617.68283
0.191695	15618.18094
0.191737	15618.67483
0.191779	15619.17659
0.191821	15619.67147
0.191862	15620.16613
0.191904	15620.66284
0.191946	15621.15716
0.191988	15621.65274
0.192031	15622.14393
0.192072	15622.64148
0.192115	15623.13392
0.192157	15623.62719
0.192199	15624.12232
0.192241	15624.61522
0.192283	15625.10615
0.192325	15625.60017
0.192368	15626.08251
0.19241	15626.57493
0.192452	15627.06721
0.192495	15627.55791
0.192538	15628.0464
0.19258	15628.53346
0.192623	15629.02533
0.192665	15629.51496
0.192708	15630.00212
0.192751	15630.48779
0.192794	15630.97227
0.192837	15631.45919
0.192879	15631.94769
0.192922	15632.43378
0.192965	15632.91401
0.193008	15633.39864
0.193051	15633.88783
0.193094	15634.37056
0.193137	15634.8575
0.19318	15635.34467
0.193223	15635.82875
0.193266	15636.31477
0.193309	15636.80321
0.193352	15637.28331
0.193395	15637.76813
0.193438	15638.25451
0.193481	15638.73611
0.193524	15639.21876
0.193568	15639.69696
0.193611	15640.18324
0.193655	15640.66861
0.193698	15641.15239
0.193742	15641.62995
0.193785	15642.12423
0.193829	15642.614
0.193872	15643.09806
0.193916	15643.58223
0.19396	15644.06886
0.194004	15644.55478
0.194047	15645.04228
0.194091	15645.52883
0.194134	15646.01502
0.194178	15646.50633
0.194222	15646.99444
0.194266	15647.46781
0.19431	15647.95788
0.194354	15648.44052
0.194398	15648.92166
0.194442	15649.39975
0.194486	15649.88702
0.19453	15650.36699
0.194575	15650.84878
0.194619	15651.33068
0.194664	15651.81172
0.194708	15652.30128
0.194752	15652.78177
0.194797	15653.26223
0.194841	15653.74111
0.194885	15654.21977
0.19493	15654.70396
0.194974	15655.18368
0.195018	15655.65985
0.195063	15656.14549
0.195108	15656.62563
0.195153	15657.10834
0.195198	15657.5858
0.195243	15658.06653
0.195288	15658.54392
0.195333	15659.01898
0.195378	15659.49769
0.195423	15659.97539
0.195468	15660.44928
0.195513	15660.92852
0.195558	15661.398
0.195603	15661.86988
0.195648	15662.34155
0.195693	15662.81032
0.195738	15663.28149
0.195784	15663.75814
0.195829	15664.22361
0.195874	15664.68744
0.195919	15665.15649
0.195964	15665.62568
0.19601	15666.09522
0.196056	15666.5613
0.196101	15667.02636
0.196147	15667.49388
0.196192	15667.95967
0.196238	15668.42626
0.196283	15668.89299
0.196329	15669.35855
0.196375	15669.82356
0.19642	15670.28575
0.196466	15670.75402
0.196511	15671.21382
0.196557	15671.67686
0.196603	15672.13987
0.196649	15672.60095
0.196695	15673.07219
0.196741	15673.5348
0.196787	15673.99417
0.196833	15674.4568
0.196879	15674.92136
0.196925	15675.3804
0.196971	15675.84295
0.197017	15676.30421
0.197064	15676.76225
0.19711	15677.22651
0.197156	15677.69497
0.197203	15678.15754
0.197249	15678.61488
0.197295	15679.07106
0.197342	15679.53601
0.197388	15679.9935
0.197435	15680.45538
0.197482	15680.914
0.197529	15681.37087
0.197576	15681.83074
0.197622	15682.2887
0.197669	15682.74639
0.197716	15683.20487
0.197763	15683.66307
0.19781	15684.12519
0.197857	15684.57965
0.197904	15685.04105
0.19795	15685.50299
0.197997	15685.96136
0.198044	15686.42271
0.198092	15686.8833
0.198138	15687.33939
0.198185	15687.79385
0.198233	15688.25542
0.19828	15688.71977
0.198327	15689.17683
0.198375	15689.63914
0.198422	15690.09571
0.198469	15690.55637
0.198516	15691.02061
0.198564	15691.47358
0.198611	15691.93812
0.198658	15692.39754
0.198705	15692.85608
0.198753	15693.31232
0.1988	15693.77417
0.198848	15694.23292
0.198895	15694.69026
0.198944	15695.14594
0.198992	15695.6048
0.199039	15696.06543
0.199087	15696.52171
0.199135	15696.97998
0.199183	15697.43594
0.199231	15697.88938
0.199278	15698.34187
0.199327	15698.79706
0.199374	15699.25206
0.199422	15699.70547
0.199471	15700.16384
0.199519	15700.61571
0.199567	15701.06735
0.199615	15701.51768
0.199663	15701.97365
0.19971	15702.4262
0.199759	15702.87307
0.199807	15703.32285
0.199855	15703.77519
0.199903	15704.2257
0.199951	15704.67843
0.199999	15705.12823
0.200048	15705.57455
0.200096	15706.01982
0.200145	15706.46864
0.200194	15706.92282
0.200242	15707.37206
0.200291	15707.82321
0.200339	15708.27399
0.200388	15708.72299
0.200436	15709.16809
0.200484	15709.61124
0.200533	15710.05704
0.200582	15710.50882
0.20063	15710.95241
0.200678	15711.39975
0.200727	15711.84577
0.200775	15712.29239
0.200824	15712.73671
0.200873	15713.18592
0.200922	15713.63413
0.200971	15714.0871
0.20102	15714.52828
0.201068	15714.9682
0.201117	15715.4153
0.201166	15715.86024
0.201215	15716.30353
0.201264	15716.74441
0.201314	15717.18608
0.201362	15717.62561
0.201412	15718.06624
0.20146	15718.50907
0.201509	15718.94954
0.201559	15719.39165
0.201608	15719.83269
0.201657	15720.2702
0.201706	15720.71543
0.201755	15721.15292
0.201805	15721.59607
0.201854	15722.03549
0.201904	15722.47175
0.201953	15722.91046
0.202002	15723.34593
0.202052	15723.78381
0.202102	15724.22549
0.202152	15724.66001
0.202201	15725.09788
0.20225	15725.53289
0.2023	15725.96967
0.20235	15726.40872
0.202399	15726.84455
0.202449	15727.28087
0.202499	15727.71461
0.202549	15728.14848
0.202599	15728.58276
0.202648	15729.01449
0.202698	15729.44132
0.202748	15729.87148
0.202798	15730.3011
0.202847	15730.7358
0.202897	15731.16923
0.202947	15731.59874
0.202997	15732.02812
0.203047	15732.46064
0.203097	15732.89344
0.203147	15733.32445
0.203197	15733.76037
0.203248	15734.19339
0.203298	15734.62596
0.203348	15735.05747
0.203398	15735.48361
0.203449	15735.91418
0.203499	15736.34579
0.20355	15736.7768
0.2036	15737.20585
0.203651	15737.64033
0.203701	15738.06774
0.203752	15738.49829
0.203802	15738.92453
0.203853	15739.35002
0.203903	15739.77661
0.203954	15740.20174
0.204005	15740.63244
0.204055	15741.06242
0.204106	15741.48965
0.204157	15741.91372
0.204208	15742.33847
0.204259	15742.75345
0.20431	15743.18122
0.204361	15743.60367
0.204412	15744.02376
0.204463	15744.44875
0.204514	15744.87411
0.204566	15745.30167
0.204617	15745.72376
0.204668	15746.14211
0.204719	15746.55956
0.20477	15746.97796
0.204821	15747.39858
0.204873	15747.82202
0.204925	15748.24031
0.204976	15748.66849
0.205028	15749.09378
0.205079	15749.5191
0.205131	15749.93513
0.205183	15750.35506
0.205234	15750.78497
0.205286	15751.20887
0.205338	15751.63037
0.205389	15752.05374
0.205441	15752.47446
0.205493	15752.90252
0.205545	15753.32587
0.205597	15753.74692
0.205649	15754.17397
0.205701	15754.59933
0.205753	15755.0238
0.205805	15755.44602
0.205858	15755.86788
0.20591	15756.29365
0.205962	15756.7172
0.206015	15757.13435
0.206067	15757.55904
0.206119	15757.98618
0.206171	15758.41109
0.206224	15758.83966
0.206277	15759.26041
0.206329	15759.68658
0.206382	15760.11156
0.206434	15760.53512
0.206488	15760.96314
0.206541	15761.38854
0.206594	15761.81202
0.206646	15762.23545
0.2067	15762.65994
0.206752	15763.08867
0.206806	15763.51071
0.206859	15763.93518
0.206912	15764.36125
0.206965	15764.78538
0.207018	15765.20772
0.207071	15765.63201
0.207125	15766.05454
0.207178	15766.47459
0.207232	15766.89935
0.207285	15767.32109
0.207339	15767.74852
0.207393	15768.1724
0.207447	15768.60024
0.2075	15769.02318
0.207554	15769.44428
0.207608	15769.87074
0.207662	15770.30129
0.207716	15770.72668
0.20777	15771.15285
0.207824	15771.58044
0.207878	15772.00465
0.207932	15772.43571
0.207986	15772.86006
0.208041	15773.28606
0.208095	15773.71522
0.20815	15774.13557
0.208204	15774.55612
0.208258	15774.96917
0.208313	15775.3892
0.208367	15775.80702
0.208422	15776.2283
0.208476	15776.6454
0.208531	15777.05687
0.208585	15777.47152
0.20864	15777.88114
0.208695	15778.29398
0.20875	15778.70316
0.208804	15779.1158
0.208859	15779.5306
0.208914	15779.94015
0.208969	15780.34797
0.209024	15780.76369
0.209079	15781.1775
0.209134	15781.58595
0.209189	15781.99678
0.209244	15782.40699
0.2093	15782.81557
0.209355	15783.22891
0.20941	15783.6348
0.209465	15784.04283
0.209521	15784.44754
0.209576	15784.85472
0.209632	15785.25993
0.209688	15785.6672
0.209744	15786.07887
0.2098	15786.47767
0.209856	15786.8873
0.209912	15787.29462
0.209967	15787.70153
0.210023	15788.09949
0.210079	15788.5024
0.210135	15788.89954
0.210191	15789.30032
0.210247	15789.70343
0.210303	15790.10262
0.21036	15790.50237
0.210416	15790.90239
0.210472	15791.29431
0.210529	15791.6976
0.210585	15792.09895
0.210641	15792.49325
0.210698	15792.88887
0.210755	15793.27792
0.210811	15793.6686
0.210868	15794.06368
0.210925	15794.46115
0.210982	15794.85592
0.211039	15795.24977
0.211096	15795.6416
0.211152	15796.02935
0.211209	15796.42533
0.211266	15796.81897
0.211323	15797.21269
0.21138	15797.60798
0.211438	15798.00221
0.211495	15798.39589
0.211552	15798.78516
0.21161	15799.17383
0.211667	15799.56495
0.211725	15799.95634
0.211782	15800.34847
0.21184	15800.7376
0.211897	15801.12199
0.211954	15801.51406
0.212012	15801.90078
0.21207	15802.28759
0.212128	15802.67625
0.212186	15803.06419
0.212244	15803.45367
0.212301	15803.84197
0.212359	15804.23548
0.212418	15804.6178
0.212476	15805.00646
0.212534	15805.39449
0.212592	15805.78232
0.212651	15806.17329
0.212709	15806.55854
0.212767	15806.94402
0.212826	15807.33757
0.212884	15807.72299
0.212943	15808.11009
0.213002	15808.49327
0.21306	15808.88205
0.213119	15809.26685
0.213178	15809.65643
0.213238	15810.03958
0.213297	15810.42896
0.213356	15810.81089
0.213415	15811.1917
0.213474	15811.57019
0.213533	15811.96145
0.213592	15812.34494
0.213652	15812.72982
0.213711	15813.1167
0.21377	15813.49777
0.21383	15813.88216
0.213889	15814.26183
0.213949	15814.64746
0.214009	15815.02936
0.214069	15815.40611
0.214129	15815.79184
0.214189	15816.17257
0.214249	15816.55368
0.214309	15816.93414
0.214369	15817.31136
0.214429	15817.69459
0.21449	15818.07524
0.21455	15818.45791
0.21461	15818.83117
0.214671	15819.21402
0.214732	15819.59274
0.214792	15819.97418
0.214853	15820.34853
0.214914	15820.73093
0.214975	15821.11292
0.215036	15821.48829
0.215097	15821.86298
0.215158	15822.23786
0.215219	15822.60587
0.21528	15822.98484
0.215342	15823.3474
0.215403	15823.72516
0.215464	15824.09035
0.215526	15824.4583
0.215588	15824.82382
0.21565	15825.18681
0.215711	15825.54702
0.215773	15825.90722
0.215835	15826.26894
0.215897	15826.62758
0.215959	15826.99348
0.216021	15827.35497
0.216083	15827.71657
0.216146	15828.07344
0.216209	15828.42786
0.216271	15828.78127
0.216334	15829.13175
0.216397	15829.48452
0.216459	15829.83818
0.216522	15830.19191
0.216585	15830.54075
0.216648	15830.88865
0.21671	15831.23801
0.216774	15831.58652
0.216837	15831.92787
0.2169	15832.26769
0.216964	15832.60444
0.217027	15832.94879
0.217091	15833.29239
0.217155	15833.63435
0.217218	15833.9763
0.217282	15834.31467
0.217346	15834.65499
0.21741	15834.99816
0.217473	15835.33497
0.217538	15835.66904
0.217602	15836.00345
0.217666	15836.33837
0.217731	15836.67163
0.217795	15837.00394
0.217859	15837.33641
0.217924	15837.66779
0.217989	15838.00334
0.218053	15838.33577
0.218118	15838.67362
0.218183	15839.00298
0.218248	15839.3381
0.218313	15839.66237
0.218379	15839.99072
0.218444	15840.32272
0.218509	15840.65912
0.218575	15840.98993
0.218641	15841.31321
0.218706	15841.64157
0.218772	15841.96959
0.218839	15842.30019
0.218905	15842.62704
0.218971	15842.94663
0.219038	15843.27003
0.219104	15843.59279
0.21917	15843.91929
0.219236	15844.251
0.219303	15844.57494
0.219369	15844.88787
0.219436	15845.20865
0.219503	15845.53074
0.21957	15845.85
0.219637	15846.15824
0.219704	15846.47431
0.219772	15846.78899
0.219839	15847.10927
0.219906	15847.42565
0.219974	15847.74349
0.220042	15848.0542
0.22011	15848.36622
0.220177	15848.673
0.220245	15848.98048
0.220314	15849.28311
0.220382	15849.59315
0.22045	15849.89959
0.220519	15850.20553
0.220587	15850.50609
0.220656	15850.81221
0.220724	15851.11805
0.220793	15851.42057
0.220862	15851.71902
0.22093	15852.01351
0.220999	15852.3141
0.221069	15852.61305
0.221138	15852.90755
0.221207	15853.20415
0.221277	15853.49199
0.221347	15853.77752
0.221416	15854.0733
0.221486	15854.37198
0.221556	15854.66504
0.221627	15854.95718
0.221697	15855.24232
0.221767	15855.53435
0.221837	15855.82497
0.221908	15856.10946
0.221978	15856.39605
0.222049	15856.68974
0.22212	15856.96958
0.222191	15857.25298
0.222262	15857.54117
0.222333	15857.82379
0.222403	15858.10334
0.222474	15858.38534
0.222546	15858.66078
0.222617	15858.93453
0.222689	15859.21076
0.22276	15859.48345
0.222832	15859.75448
0.222904	15860.02867
0.222976	15860.2901
0.223048	15860.55331
0.22312	15860.82287
0.223192	15861.07935
0.223265	15861.3457
0.223337	15861.60651
0.223409	15861.8723
0.223483	15862.13658
0.223555	15862.3939
0.223628	15862.64825
0.223701	15862.90259
0.223775	15863.16023
0.223848	15863.41256
0.223921	15863.65481
0.223995	15863.90763
0.224068	15864.15279
0.224142	15864.40362
0.224216	15864.64728
0.22429	15864.88968
0.224364	15865.13755
0.224438	15865.37786
0.224512	15865.6198
0.224587	15865.85585
0.224661	15866.09382
0.224735	15866.33607
0.22481	15866.57198
0.224885	15866.8045
0.224959	15867.0416
0.225034	15867.27368
0.225109	15867.50336
0.225185	15867.73115
0.22526	15867.96113
0.225336	15868.19054
0.225412	15868.42159
0.225488	15868.64787
0.225564	15868.87807
0.22564	15869.10073
0.225716	15869.32511
0.225793	15869.55311
0.225869	15869.76829
0.225946	15869.98814
0.226022	15870.20621
0.226099	15870.42004
0.226176	15870.63251
0.226253	15870.8447
0.22633	15871.06133
0.226407	15871.26984
0.226484	15871.477
0.226562	15871.68864
0.226639	15871.89042
0.226717	15872.09543
0.226794	15872.29453
0.226872	15872.50023
0.22695	15872.69734
0.227028	15872.89925
0.227106	15873.1009
0.227184	15873.29725
0.227263	15873.48883
0.227341	15873.68224
0.227419	15873.87987
0.227498	15874.07336
0.227577	15874.26704
0.227656	15874.45719
0.227735	15874.64391
0.227815	15874.82732
0.227894	15875.01328
0.227974	15875.19945
0.228053	15875.3854
0.228133	15875.56791
0.228213	15875.74909
0.228293	15875.92673
0.228373	15876.1042
0.228453	15876.27749
0.228533	15876.44813
0.228614	15876.6262
0.228695	15876.79896
0.228775	15876.97019
0.228856	15877.13552
0.228938	15877.30077
0.229019	15877.46999
0.2291	15877.63131
0.229182	15877.79595
0.229263	15877.96046
0.229344	15878.11517
0.229426	15878.2715
0.229508	15878.42994
0.22959	15878.58007
0.229672	15878.73706
0.229754	15878.88513
0.229836	15879.0349
0.229919	15879.18011
0.230001	15879.32262
0.230084	15879.46669
0.230168	15879.60262
0.230251	15879.7449
0.230334	15879.87758
0.230418	15880.02022
0.230501	15880.15473
0.230585	15880.28943
0.230668	15880.41117
0.230752	15880.54308
0.230835	15880.66971
0.230919	15880.7948
0.231004	15880.91562
0.231088	15881.03448
0.231173	15881.1529
0.231257	15881.2754
0.231342	15881.38476
0.231426	15881.49508
0.231512	15881.6067
0.231597	15881.71759
0.231682	15881.8224
0.231767	15881.9299
0.231853	15882.03349
0.231939	15882.13977
0.232025	15882.2384
0.232111	15882.34148
0.232198	15882.43946
0.232284	15882.53817
0.23237	15882.6393
0.232457	15882.73384
0.232544	15882.8277
0.232631	15882.92287
0.232718	15883.01154
0.232805	15883.1008
0.232892	15883.1835
0.23298	15883.26719
0.233067	15883.35068
0.233155	15883.43157
0.233243	15883.51444
0.233332	15883.59156
0.23342	15883.66735
0.233508	15883.73788
0.233597	15883.81375
0.233686	15883.8893
0.233775	15883.95705
0.233864	15884.02954
0.233954	15884.08852
0.234043	15884.15357
0.234133	15884.21925
0.234223	15884.28034
0.234312	15884.33566
0.234402	15884.38937
0.234493	15884.44336
0.234583	15884.50364
0.234674	15884.55813
0.234764	15884.60754
0.234855	15884.65228
0.234947	15884.70149
0.235038	15884.74921
0.23513	15884.79418
0.235222	15884.8324
0.235314	15884.86863
0.235406	15884.90624
0.235498	15884.94078
0.235591	15884.97267
0.235684	15884.99691
0.235777	15885.01499
0.23587	15885.04407
0.235964	15885.06308
0.236057	15885.08184
0.236152	15885.09434
0.236246	15885.10826
0.236341	15885.11918
0.236435	15885.12221
0.23653	15885.11765
0.236625	15885.11925
0.236721	15885.11642
0.236817	15885.11263
0.236912	15885.09683
0.237009	15885.08641
0.237105	15885.07473
0.237203	15885.05374
0.2373	15885.03477
0.237398	15885.01675
0.237496	15884.98153
0.237595	15884.94788
0.237694	15884.9048
0.237794	15884.86587
0.237894	15884.82238
0.237994	15884.77078
0.238094	15884.71352
0.238195	15884.65167
0.238297	15884.58296
0.238399	15884.50794
0.238502	15884.43042
0.238605	15884.34598
0.238709	15884.25668
0.238814	15884.15799
0.238918	15884.05614
0.239024	15883.94727
0.23913	15883.82773
0.239237	15883.70071
0.239344	15883.56197
0.239453	15883.4206
0.239562	15883.2664
0.239672	15883.10045
0.239783	15882.92367
0.239897	15882.72747
0.240013	15882.49933
0.240087	15882.67635
0.240161	15882.84675
0.240235	15883.01612
0.240308	15883.18146
0.240382	15883.34946
0.240456	15883.51015
0.24053	15883.68002
0.240603	15883.84301
0.240677	15884.00942
0.24075	15884.17554
0.240824	15884.34024
0.240897	15884.49814
0.240971	15884.66287
0.241044	15884.82203
0.241117	15884.98339
0.24119	15885.15252
0.241264	15885.31689
0.241337	15885.47659
0.24141	15885.63606
0.241483	15885.78902
0.241556	15885.9458
0.241629	15886.09291
0.241702	15886.24918
0.241775	15886.39755
0.241848	15886.5531
0.241921	15886.7034
0.241994	15886.85243
0.242066	15886.99564
0.242139	15887.14275
0.242212	15887.28694
0.242284	15887.43998
0.242357	15887.58023
0.24243	15887.73421
0.242502	15887.87886
0.242575	15888.02478
0.242648	15888.17297
0.242721	15888.31789
0.242793	15888.46616
0.242866	15888.61238
0.242938	15888.75829
0.243011	15888.91003
0.243084	15889.05644
0.243157	15889.20778
0.24323	15889.34686
0.243302	15889.4896
0.243375	15889.63545
0.243448	15889.7766
0.24352	15889.91785
0.243592	15890.06222
0.243665	15890.2069
0.243738	15890.34999
0.243811	15890.49084
0.243884	15890.63132
0.243956	15890.77086
0.244029	15890.91045
0.244102	15891.06015
0.244175	15891.19789
0.244248	15891.34084
0.244321	15891.48311
0.244394	15891.62879
0.244467	15891.76884
0.244541	15891.90551
0.244614	15892.05268
0.244687	15892.19586
0.244761	15892.32621
0.244834	15892.46966
0.244908	15892.60955
0.244981	15892.75017
0.245055	15892.89342
0.245128	15893.02878
0.245202	15893.16769
0.245275	15893.30461
0.245349	15893.44413
0.245423	15893.57845
0.245497	15893.71256
0.245571	15893.84429
0.245645	15893.98112
0.245719	15894.11594
0.245793	15894.25309
0.245868	15894.38126
0.245942	15894.51746
0.246017	15894.64923
0.246092	15894.77896
0.246166	15894.91461
0.246241	15895.04858
0.246316	15895.17597
0.246391	15895.30623
0.246466	15895.44049
0.246542	15895.57221
0.246617	15895.7066
0.246692	15895.83546
0.246767	15895.97303
0.246844	15896.10293
0.246919	15896.23052
0.246995	15896.36375
0.247072	15896.49796
0.247147	15896.63615
0.247224	15896.76257
0.247299	15896.88625
0.247375	15897.00916
0.247452	15897.12472
0.247528	15897.23699
0.247604	15897.36193
0.247681	15897.47099
0.247758	15897.58006
0.247834	15897.69117
0.247911	15897.79785
0.247989	15897.90334
0.248066	15898.00678
0.248143	15898.10472
0.24822	15898.20784
0.248298	15898.30917
0.248375	15898.4083
0.248453	15898.50716
0.248531	15898.61012
0.248609	15898.71063
0.248687	15898.80081
0.248765	15898.89751
0.248843	15898.98766
0.248922	15899.07918
0.249	15899.17571
0.249079	15899.26343
0.249158	15899.3518
0.249237	15899.43641
0.249316	15899.51729
0.249396	15899.59331
0.249475	15899.66252
0.249555	15899.74519
0.249634	15899.8139
0.249714	15899.88081
0.249794	15899.94066
0.249874	15900.01351
0.249954	15900.05684
0.250034	15900.11542
0.250114	15900.16306
0.250195	15900.20626
0.250275	15900.24082
0.250356	15900.29165
0.250437	15900.33025
0.250517	15900.37416
0.250598	15900.40911
0.250679	15900.44208
0.25076	15900.47369
0.250841	15900.50775
0.250923	15900.54234
0.251004	15900.56347
0.251086	15900.59577
0.251168	15900.61704
0.251249	15900.64364
0.251331	15900.67148
0.251413	15900.69304
0.251495	15900.71154
0.251577	15900.73769
0.25166	15900.7612
0.251742	15900.77569
0.251824	15900.80205
0.251907	15900.8198
0.25199	15900.84391
0.252074	15900.86519
0.252157	15900.88715
0.25224	15900.90113
0.252324	15900.92079
0.252408	15900.94147
0.252492	15900.96062
0.252576	15900.97486
0.25266	15900.98959
0.252745	15900.99929
0.252829	15901.01236
0.252914	15901.02367
0.252998	15901.02556
0.253083	15901.03897
0.253168	15901.04781
0.253253	15901.05787
0.253338	15901.07463
0.253424	15901.08446
0.253509	15901.10018
0.253595	15901.1007
0.253682	15901.11308
0.253768	15901.12164
0.253855	15901.12306
0.253942	15901.13589
0.254029	15901.13706
0.254116	15901.14624
0.254203	15901.1572
0.254291	15901.16714
0.25438	15901.17084
0.254468	15901.18186
0.254557	15901.18727
0.254645	15901.19882
0.254733	15901.20016
0.254822	15901.20993
0.254911	15901.22358
0.255001	15901.23235
0.255091	15901.23924
0.255181	15901.24269
0.255271	15901.24783
0.255362	15901.25313
0.255453	15901.26485
0.255544	15901.26632
0.255637	15901.25682
0.255728	15901.25724
0.25582	15901.24155
0.255912	15901.23207
0.256005	15901.22599
0.256098	15901.22053
0.256192	15901.20605
0.256286	15901.18829
0.25638	15901.17655
0.256474	15901.15972
0.256568	15901.12922
0.256662	15901.11389
0.256757	15901.08225
0.256852	15901.05525
0.256948	15901.02903
0.257043	15900.98653
0.257139	15900.94022
0.257236	15900.89305
0.257332	15900.84209
0.257429	15900.78559
0.257526	15900.73342
0.257623	15900.67953
0.25772	15900.6156
0.257818	15900.54784
0.257916	15900.47163
0.258015	15900.39856
0.258113	15900.3233
0.258213	15900.25643
0.258313	15900.18608
0.258413	15900.10628
0.258513	15900.01624
0.258613	15899.92748
0.258714	15899.82623
0.258815	15899.71472
0.258916	15899.60473
0.259018	15899.49362
0.259119	15899.37504
0.259221	15899.24817
0.259324	15899.11978
0.259426	15898.99993
0.259529	15898.87291
0.259632	15898.73596
0.259736	15898.60006
0.259838	15898.47729
0.259943	15898.34541
0.260047	15898.21421
0.260152	15898.0668
0.260257	15897.9274
0.260362	15897.78912
0.260468	15897.64363
0.260574	15897.48649
0.26068	15897.32135
0.260786	15897.17088
0.260892	15896.99807
0.260999	15896.83031
0.261106	15896.65398
0.261214	15896.48669
0.261322	15896.30718
0.26143	15896.12742
0.261539	15895.95606
0.261647	15895.78096
0.261757	15895.58581
0.261866	15895.39146
0.261976	15895.20085
0.262086	15895.00673
0.262196	15894.79734
0.262307	15894.60224
0.262418	15894.39689
0.262529	15894.19005
0.262641	15893.97893
0.262754	15893.77109
0.262866	15893.57122
0.262979	15893.36923
0.263092	15893.16121
0.263206	15892.95349
0.26332	15892.74509
0.263434	15892.51885
0.263549	15892.29791
0.263664	15892.07979
0.26378	15891.85412
0.263895	15891.62864
0.264012	15891.41683
0.264129	15891.20125
0.264246	15890.97621
0.264364	15890.75495
0.264482	15890.54387
0.264601	15890.32844
0.264721	15890.10067
0.26484	15889.86659
0.264961	15889.64152
0.265082	15889.41864
0.265203	15889.19229
0.265325	15888.95881
0.265447	15888.73149
0.26557	15888.5133
0.265692	15888.29684
0.265815	15888.05976
0.26594	15887.83298
0.266065	15887.62252
0.26619	15887.3969
0.266316	15887.17819
0.266443	15886.97136
0.26657	15886.72867
0.266697	15886.51508
0.266825	15886.28708
0.266954	15886.04114
0.267083	15885.80374
0.267213	15885.57642
0.267344	15885.3325
0.267476	15885.0859
0.267607	15884.84709
0.26774	15884.59644
0.267873	15884.35468
0.268007	15884.10101
0.268142	15883.84169
0.268276	15883.60042
0.268412	15883.34688
0.268548	15883.07446
0.268684	15882.79821
0.268822	15882.50863
0.26896	15882.20915
0.269099	15881.90937
0.269239	15881.58579
0.269378	15881.27219
0.269518	15880.93988
0.269658	15880.59186
0.269798	15880.24208
0.26994	15879.89647
0.270083	15879.51113
0.270227	15879.12709
0.270371	15878.7397
0.270516	15878.33899
0.27066	15877.94707
0.270806	15877.53245
0.270952	15877.11313
0.271099	15876.6662
0.271246	15876.2178
0.271395	15875.76325
0.271543	15875.28069
0.271692	15874.8085
0.271842	15874.31723
0.271992	15873.81516
0.272143	15873.30198
0.272294	15872.79924
0.272445	15872.28409
0.272596	15871.76865
0.272748	15871.26972
0.272901	15870.74961
0.273054	15870.2009
0.273206	15869.655
0.273361	15869.13331
0.273516	15868.59694
0.273672	15868.05936
0.273829	15867.52086
0.273986	15866.96367
0.274143	15866.4189
0.274302	15865.87269
0.274462	15865.31801
0.274622	15864.76811
0.274783	15864.20029
0.274944	15863.65261
0.275105	15863.09172
0.275268	15862.52499
0.275431	15861.94926
0.275595	15861.35668
0.27576	15860.74988
0.275924	15860.14258
0.276089	15859.53457
0.276255	15858.88394
0.27642	15858.26753
0.276587	15857.62059
0.276754	15857.00075
0.276923	15856.36457
0.277092	15855.67906
0.277263	15855.03147
0.277434	15854.36252
0.277605	15853.70985
0.277774	15853.03936
0.277947	15852.31747
0.278119	15851.63372
0.278294	15850.94858
0.278467	15850.27775
0.278642	15849.56623
0.278816	15848.84774
0.278993	15848.12416
0.279171	15847.39675
0.279351	15846.67566
0.279528	15845.91931
0.279708	15845.20207
0.279887	15844.45891
0.280068	15843.65181
0.280249	15842.88425
0.280431	15842.09419
0.280615	15841.30759
0.280797	15840.4877
0.280982	15839.65342
0.281168	15838.8403
0.281355	15838.01092
0.281541	15837.20763
0.281729	15836.38037
0.281918	15835.53496
0.282109	15834.72904
0.2823	15833.90705
0.282491	15833.03202
0.282681	15832.15511
0.282874	15831.31746
0.283068	15830.42447
0.283264	15829.57604
0.283459	15828.67943
0.283656	15827.79627
0.283855	15826.87396
0.284054	15825.96533
0.284254	15825.01763
0.284455	15824.09297
0.284657	15823.12555
0.284859	15822.1997
0.285063	15821.23481
0.285267	15820.2289
0.285471	15819.21212
0.285678	15818.16349
0.285885	15817.15487
0.286092	15816.13437
0.286302	15815.11465
0.286513	15814.05757
0.286724	15812.9945
0.286939	15811.93238
0.287156	15810.8509
0.287372	15809.76105
0.28759	15808.64021
0.287811	15807.51767
0.288032	15806.31348
0.288254	15805.12854
0.288479	15803.97852
0.288703	15802.76786
0.28893	15801.54653
0.289157	15800.29148
0.289388	15799.04525
0.289619	15797.77215
0.289854	15796.47776
0.290088	15795.22364
0.290327	15793.90072
0.290566	15792.58039
0.290805	15791.2418
0.291051	15789.93502
0.291299	15788.56713
0.29155	15787.22957
0.291802	15785.86277
0.292053	15784.49479
0.292308	15783.12007
0.292565	15781.7505
0.292828	15780.37099
0.293096	15778.98323
0.293364	15777.56637
0.293638	15776.10975
0.293909	15774.7012
0.294184	15773.24944
0.294464	15771.71966
0.294748	15770.12574
0.295031	15768.52351
0.295322	15766.92359
0.295617	15765.20967
0.295917	15763.42075
0.296223	15761.70381
0.296536	15759.95035
0.296851	15758.03664
0.29717	15756.09529
0.297496	15754.13301
0.297831	15752.06691
0.298162	15749.98072
0.298505	15747.8286
0.298852	15745.64493
0.299217	15743.46555
0.299581	15741.0498
0.299965	15738.55387
0.300343	15735.96853
0.300736	15733.24037
0.301137	15730.47429
0.301556	15727.50723
0.30199	15724.49974
0.302435	15721.31438
0.302903	15717.92637
0.303371	15714.48081
0.303863	15710.77711
0.304385	15706.95746
0.304923	15702.86357
0.305481	15698.56478
0.30605	15693.78288
0.306647	15688.7546
0.307272	15683.6313
0.30792	15677.98183
0.308593	15671.51988
0.309317	15665.14575
0.310056	15658.43467
0.310836	15650.67487
0.311702	15642.476
0.312642	15632.68461
0.313725	15622.93683
0.315032	15610.24488
0.31679	15594.8848
0.319834	15566.7664
