0.003633	27.8457
0.003421	31.222467
0.003409	31.82914
0.003412	31.483143
0.003431	30.853256
0.003405	30.228382
0.003392	30.001662
0.003398	30.091267
0.003398	29.896594
0.003406	29.833805
0.003395	29.906581
0.003405	29.886339
0.003409	30.042248
0.00343	30.084159
0.003416	30.011279
0.003416	30.236142
0.003422	30.126158
0.00343	30.04952
0.003432	30.241038
0.00343	30.334703
0.003433	30.400261
0.003436	30.454553
0.003439	30.416038
0.003446	30.271419
0.003441	30.281861
0.003443	30.296237
0.003449	30.311815
0.003448	30.377311
0.003442	30.487293
0.003443	30.479575
0.003447	30.506967
0.003445	30.532941
0.003445	30.500912
0.003445	30.530491
0.003447	30.43818
0.00345	30.485072
0.003454	30.529118
0.003451	30.650941
0.003453	30.629365
0.003458	30.605941
0.003462	30.590281
0.003461	30.632813
0.00346	30.859778
0.003464	30.902053
0.003471	30.976813
0.003474	31.075591
0.003478	31.180872
0.003479	31.175829
0.003482	31.239092
0.003486	31.280108
0.003491	31.3716
0.00349	31.411392
0.00349	31.529603
0.003493	31.58185
0.003496	31.674063
0.003492	31.709905
0.003495	31.819201
0.003499	31.80973
0.003502	31.852292
0.003502	31.984493
0.003504	32.029103
0.003504	32.041716
0.00351	32.199446
0.003508	32.260434
0.003508	32.356564
0.00351	32.357316
0.00351	32.417279
0.003513	32.472847
0.003515	32.50239
0.003516	32.617914
0.003516	32.692912
0.003516	32.751757
0.003515	32.859549
0.003518	33.036207
0.003518	33.124068
0.003519	33.13014
0.003518	33.211771
0.003524	33.327068
0.003524	33.443223
0.003523	33.500811
0.003525	33.593604
0.003526	33.718695
0.003528	33.855322
0.003526	33.972832
0.003527	34.054929
0.003526	34.147391
0.003527	34.267198
0.00353	34.417049
0.003528	34.504453
0.003528	34.523267
0.003529	34.588706
0.00353	34.684835
0.003532	34.711953
0.003533	34.757071
0.003536	34.823785
0.003538	34.930559
0.003538	35.03219
0.003537	35.099106
0.003538	35.171225
0.003539	35.23753
0.00354	35.321207
0.003542	35.435974
0.003547	35.544905
0.003548	35.665588
0.00355	35.764632
0.003551	35.888746
0.003554	35.914272
0.003551	35.946323
0.00355	36.010642
0.00355	36.029974
0.003553	36.100508
0.003553	36.170772
0.003554	36.286876
0.003554	36.341802
0.003555	36.40953
0.003555	36.449064
0.003555	36.521643
0.003556	36.631325
0.003556	36.676211
0.003557	36.710542
0.003559	36.759809
0.00356	36.819695
0.003562	36.947449
0.003561	37.034165
0.003562	37.080426
0.003562	37.11239
0.003564	37.209198
0.003564	37.273951
0.003563	37.340329
0.003563	37.387899
0.003563	37.450916
0.003565	37.547268
0.003564	37.635535
0.003565	37.710412
0.003566	37.764275
0.003567	37.794983
0.003568	37.900047
0.00357	37.959289
0.003567	37.986282
0.003567	38.019911
0.003569	38.090838
0.003571	38.16037
0.003571	38.236934
0.003572	38.347448
0.003571	38.435463
0.003571	38.446153
0.003571	38.533361
0.003572	38.609698
0.003571	38.63488
0.003572	38.684892
0.003572	38.759874
0.003573	38.8448
0.003574	38.942024
0.003574	38.962082
0.003572	39.005546
0.003573	39.073523
0.003574	39.164896
0.003574	39.204384
0.003575	39.287248
0.003576	39.392153
0.003575	39.42137
0.003576	39.44469
0.003577	39.548741
0.003577	39.61186
0.00358	39.711788
0.003579	39.748931
0.00358	39.787115
0.003582	39.879262
0.003583	39.9351
0.003583	40.021861
0.003583	40.133194
0.003583	40.209867
0.003583	40.230349
0.003584	40.30552
0.003586	40.388916
0.003587	40.42725
0.003588	40.497767
0.003588	40.589254
0.003588	40.627377
0.003587	40.666314
0.003586	40.715702
0.003587	40.784023
0.003589	40.848468
0.00359	40.922393
0.00359	40.966914
0.003591	41.07248
0.003592	41.183305
0.003593	41.264937
0.003593	41.312429
0.003592	41.378288
0.003594	41.449499
0.003594	41.500663
0.003594	41.580336
0.003596	41.643761
0.003595	41.702952
0.003597	41.802738
0.003597	41.871593
0.003597	41.917429
0.003598	42.008393
0.003598	42.060399
0.003599	42.125513
0.0036	42.18572
0.0036	42.193984
0.003601	42.257631
0.003603	42.339126
0.003603	42.462636
0.003603	42.522345
0.003604	42.585153
0.003603	42.642902
0.003604	42.713864
0.003604	42.800585
0.003604	42.884743
0.003604	42.939378
0.003605	43.022026
0.003605	43.090249
0.003606	43.156058
0.003607	43.239243
0.003607	43.281333
0.003607	43.374277
0.003609	43.475024
0.003609	43.542566
0.003609	43.6131
0.003609	43.697412
0.00361	43.76809
0.003611	43.8551
0.003611	43.958447
0.003611	44.031296
0.003611	44.109852
0.003612	44.188097
0.003613	44.266034
0.003613	44.340928
0.003614	44.415437
0.003614	44.502772
0.003615	44.602443
0.003616	44.678438
0.003617	44.800491
0.003618	44.890208
0.003619	44.959905
0.003619	45.022285
0.00362	45.080897
0.003621	45.162035
0.003621	45.254399
0.003623	45.343398
0.003624	45.41464
0.003624	45.504197
0.003625	45.574944
0.003627	45.65495
0.003627	45.740084
0.003628	45.827744
0.003628	45.919073
0.003629	45.996025
0.003629	46.074614
0.00363	46.12996
0.003631	46.21748
0.003631	46.310445
0.003631	46.407069
0.003631	46.448502
0.003631	46.51809
0.003632	46.600775
0.003633	46.678775
0.003634	46.730878
0.003635	46.803728
0.003636	46.900302
0.003637	46.980064
0.003637	47.066134
0.003638	47.164223
0.003639	47.267413
0.003639	47.35099
0.003639	47.379777
0.003639	47.411574
0.00364	47.441324
0.00364	47.470074
0.003641	47.500374
0.003641	47.537561
0.003642	47.598651
0.003642	47.644596
0.003642	47.687214
0.003642	47.721972
0.003642	47.760144
0.003642	47.796199
0.003643	47.855474
0.003644	47.955876
0.003645	48.010806
0.003646	48.054589
0.003646	48.112477
0.003647	48.152502
0.003648	48.236049
0.003648	48.304418
0.003649	48.362896
0.00365	48.433425
0.00365	48.498062
0.00365	48.555724
0.00365	48.61073
0.00365	48.665843
0.003651	48.717959
0.003652	48.80361
0.003653	48.861807
0.003654	48.930613
0.003655	48.997452
0.003655	49.081481
0.003656	49.136315
0.003656	49.209009
0.003657	49.280655
0.003658	49.346171
0.003659	49.410477
0.00366	49.489421
0.00366	49.561326
0.003661	49.62892
0.003661	49.682146
0.003662	49.724372
0.003663	49.819315
0.003664	49.904522
0.003665	49.982024
0.003666	50.053119
0.003667	50.130411
0.003668	50.184275
0.003667	50.247947
0.003668	50.343967
0.003668	50.423005
0.003668	50.488477
0.003669	50.59257
0.003669	50.635337
0.00367	50.715733
0.003671	50.770936
0.003671	50.838809
0.003671	50.901688
0.003672	50.966456
0.003673	51.041622
0.003673	51.097007
0.003673	51.177604
0.003674	51.241808
0.003675	51.314276
0.003675	51.374538
0.003676	51.448189
0.003677	51.532902
0.003678	51.628731
0.003679	51.712435
0.003679	51.785259
0.00368	51.88194
0.003681	51.966344
0.003681	52.031418
0.003682	52.053241
0.003683	52.11137
0.003683	52.206738
0.003684	52.28597
0.003685	52.366308
0.003685	52.435454
0.003687	52.501893
0.003687	52.595859
0.003687	52.664449
0.003687	52.70886
0.003687	52.773836
0.003688	52.836209
0.003689	52.886457
0.003689	52.943602
0.00369	53.040512
0.00369	53.0873
0.003691	53.14353
0.00369	53.199236
0.00369	53.226536
0.00369	53.242983
0.00369	53.284736
0.003691	53.322163
0.003691	53.372471
0.003692	53.417709
0.003692	53.454644
0.003693	53.486017
0.003693	53.53268
0.003694	53.595945
0.003694	53.643054
0.003695	53.707002
0.003695	53.783139
0.003695	53.83704
0.003696	53.896372
0.003697	53.983489
0.003697	54.052537
0.003698	54.105324
0.003699	54.175611
0.0037	54.265592
0.003701	54.355685
0.003702	54.450082
0.003702	54.501175
0.003703	54.579608
0.003704	54.66544
0.003705	54.756355
0.003706	54.834171
0.003706	54.919501
0.003707	55.003271
0.003708	55.090288
0.003708	55.151899
0.003708	55.214915
0.003708	55.268516
0.003709	55.347189
0.00371	55.422165
0.003711	55.516628
0.003711	55.596963
0.003712	55.665711
0.003713	55.7411
0.003714	55.845967
0.003715	55.923915
0.003716	56.013364
0.003716	56.063666
0.003717	56.162976
0.003718	56.246412
0.003718	56.316426
0.003718	56.384751
0.003719	56.487958
0.00372	56.565316
0.00372	56.640157
0.00372	56.708417
0.00372	56.779887
0.003721	56.865062
0.003721	56.927077
0.003722	57.026737
0.003723	57.098163
0.003723	57.185118
0.003724	57.273269
0.003725	57.336321
0.003724	57.423399
0.003726	57.51241
0.003726	57.58793
0.003726	57.674067
0.003727	57.764888
0.003727	57.822667
0.003728	57.910652
0.003729	58.003196
0.00373	58.101878
0.003731	58.190979
0.003731	58.26743
0.003732	58.365878
0.003733	58.443304
0.003733	58.516895
0.003734	58.609693
0.003735	58.691927
0.003735	58.7873
0.003736	58.858092
0.003736	58.939146
0.003737	59.024215
0.003737	59.123511
0.003738	59.217552
0.003738	59.295678
0.003739	59.386124
0.00374	59.486763
0.003741	59.576575
0.003741	59.665415
0.003742	59.754989
0.003743	59.83482
0.003744	59.922668
0.003744	60.017184
0.003745	60.129794
0.003746	60.233037
0.003747	60.320969
0.003747	60.390712
0.003748	60.471751
0.003748	60.549456
0.003748	60.633205
0.003749	60.714065
0.003749	60.794958
0.00375	60.87922
0.00375	60.961248
0.003751	61.05405
0.003752	61.138605
0.003753	61.217225
0.003753	61.305627
0.003754	61.406684
0.003755	61.484461
0.003756	61.56763
0.003756	61.663287
0.003756	61.746355
0.003757	61.834706
0.003757	61.922681
0.003758	62.007477
0.003758	62.101437
0.003758	62.198541
0.003759	62.300557
0.00376	62.41372
0.003761	62.516573
0.003761	62.60567
0.003762	62.680674
0.003762	62.762874
0.003763	62.852878
0.003763	62.938743
0.003764	63.041447
0.003765	63.114044
0.003765	63.20507
0.003766	63.291
0.003766	63.386084
0.003767	63.488869
0.003768	63.574528
0.003769	63.627256
0.003769	63.714949
0.00377	63.779918
0.003771	63.833128
0.003771	63.905678
0.003771	63.968907
0.003772	64.018264
0.003773	64.087083
0.003773	64.127803
0.003774	64.205892
0.003774	64.291353
0.003774	64.348617
0.003775	64.402766
0.003775	64.463629
0.003776	64.529759
0.003777	64.602876
0.003777	64.658673
0.003778	64.719374
0.003778	64.790155
0.003779	64.868852
0.00378	64.941797
0.00378	65.012123
0.003781	65.072622
0.003782	65.144252
0.003782	65.212161
0.003782	65.275107
0.003783	65.344685
0.003784	65.411745
0.003784	65.500714
0.003785	65.583051
0.003786	65.655945
0.003787	65.722388
0.003788	65.800256
0.003788	65.886081
0.003788	65.961321
0.00379	66.034306
0.00379	66.117107
0.003791	66.192569
0.003792	66.264058
0.003793	66.350105
0.003794	66.422726
0.003794	66.493527
0.003795	66.57186
0.003795	66.648252
0.003796	66.731317
0.003797	66.81243
0.003798	66.887467
0.003798	66.961564
0.003799	67.034408
0.0038	67.116744
0.0038	67.190427
0.003801	67.270742
0.003801	67.352816
0.003802	67.439318
0.003803	67.519703
0.003804	67.59659
0.003805	67.690331
0.003805	67.779877
0.003806	67.865671
0.003806	67.949342
0.003807	68.032943
0.003808	68.114309
0.003809	68.199062
0.003809	68.277769
0.00381	68.361198
0.003811	68.438641
0.003812	68.532564
0.003813	68.607541
0.003813	68.680354
0.003814	68.757211
0.003815	68.839275
0.003815	68.92236
0.003816	69.000298
0.003816	69.083636
0.003817	69.164113
0.003818	69.242254
0.003819	69.324873
0.00382	69.409333
0.00382	69.495805
0.003821	69.584723
0.003822	69.667515
0.003822	69.763824
0.003823	69.842016
0.003823	69.917033
0.003825	69.994527
0.003826	70.089643
0.003827	70.184485
0.003827	70.269259
0.003828	70.364607
0.003829	70.462797
0.003829	70.551988
0.00383	70.640805
0.003831	70.73028
0.003832	70.807622
0.003832	70.874895
0.003833	70.950943
0.003834	71.033896
0.003835	71.110177
0.003835	71.188743
0.003835	71.270493
0.003836	71.360605
0.003836	71.440899
0.003837	71.531061
0.003838	71.615531
0.003838	71.709525
0.003839	71.797736
0.00384	71.894702
0.003841	71.976846
0.003841	72.057353
0.003841	72.126415
0.003841	72.199501
0.003842	72.282323
0.003843	72.366075
0.003843	72.445359
0.003844	72.526452
0.003845	72.611286
0.003845	72.693825
0.003846	72.765061
0.003846	72.844648
0.003847	72.921141
0.003847	73.00463
0.003849	73.10655
0.003849	73.192081
0.00385	73.274469
0.00385	73.360354
0.003851	73.450314
0.003851	73.534248
0.003852	73.628292
0.003853	73.715037
0.003854	73.792956
0.003854	73.876961
0.003855	73.963291
0.003856	74.046446
0.003856	74.145354
0.003857	74.224364
0.003857	74.301595
0.003858	74.382052
0.003859	74.456371
0.00386	74.542155
0.003861	74.599753
0.003861	74.6794
0.003862	74.761939
0.003862	74.834762
0.003863	74.897394
0.003863	74.970905
0.003864	75.049875
0.003864	75.129179
0.003865	75.196886
0.003865	75.262581
0.003866	75.331644
0.003866	75.405619
0.003867	75.465805
0.003867	75.534746
0.003868	75.6086
0.003868	75.680685
0.003869	75.743641
0.00387	75.820043
0.00387	75.878985
0.00387	75.946915
0.003871	76.022983
0.003871	76.09615
0.003872	76.182096
0.003872	76.256233
0.003873	76.330007
0.003873	76.39734
0.003873	76.467444
0.003874	76.531451
0.003874	76.6048
0.003875	76.677926
0.003876	76.756775
0.003876	76.84077
0.003877	76.912157
0.003877	76.980421
0.003878	77.043144
0.003879	77.122781
0.003879	77.185231
0.00388	77.26041
0.003881	77.33567
0.003881	77.410859
0.003882	77.498473
0.003882	77.582751
0.003883	77.656362
0.003884	77.730287
0.003884	77.797752
0.003885	77.876631
0.003885	77.95183
0.003886	78.02527
0.003887	78.097709
0.003888	78.184818
0.003888	78.265537
0.003889	78.358995
0.00389	78.445183
0.00389	78.519725
0.003891	78.593388
0.003891	78.674936
0.003892	78.76253
0.003892	78.852682
0.003893	78.933775
0.003893	79.009257
0.003894	79.090027
0.003894	79.17389
0.003894	79.266569
0.003895	79.35292
0.003896	79.444426
0.003897	79.534912
0.003898	79.604874
0.003899	79.682843
0.003899	79.752805
0.0039	79.833099
0.0039	79.921694
0.003901	80.010997
0.003901	80.095335
0.003902	80.177066
0.003902	80.253245
0.003903	80.332721
0.003903	80.40975
0.003903	80.490974
0.003904	80.578892
0.003904	80.658539
0.003905	80.73573
0.003906	80.818057
0.003906	80.90839
0.003907	80.997511
0.003907	81.081374
0.003908	81.153581
0.003909	81.236019
0.00391	81.304181
0.003911	81.386649
0.003912	81.460787
0.003912	81.54921
0.003912	81.638836
0.003913	81.727259
0.003913	81.807483
0.003914	81.881195
0.003915	81.953422
0.003915	82.033413
0.003916	82.107187
0.003917	82.189705
0.003918	82.281637
0.003918	82.365338
0.003918	82.457391
0.003919	82.547907
0.00392	82.628727
0.00392	82.730809
0.003921	82.817867
0.003922	82.89804
0.003923	82.965798
0.003923	83.047306
0.003924	83.138226
0.003924	83.223211
0.003925	83.30574
0.003925	83.382698
0.003925	83.463064
0.003926	83.538869
0.003926	83.609539
0.003927	83.682888
0.003927	83.756732
0.003928	83.840939
0.003929	83.938401
0.003929	84.028421
0.00393	84.12384
0.003931	84.225508
0.003931	84.311332
0.003932	84.391647
0.003932	84.468726
0.003933	84.542055
0.003934	84.62423
0.003935	84.698014
0.003936	84.776327
0.003936	84.850039
0.003937	84.929616
0.003937	84.999881
0.003938	85.081258
0.003938	85.162482
0.003939	85.246962
0.00394	85.340572
0.003941	85.420411
0.003942	85.498057
0.003942	85.581192
0.003943	85.656998
0.003943	85.737313
0.003944	85.819013
0.003945	85.891138
0.003945	85.961575
0.003945	86.035035
0.003946	86.121628
0.003947	86.196473
0.003948	86.282167
0.003949	86.373825
0.003949	86.473763
0.003949	86.56803
0.00395	86.643209
0.00395	86.729286
0.003951	86.814039
0.003952	86.900693
0.003953	86.987216
0.003953	87.057562
0.003954	87.144276
0.003955	87.219202
0.003955	87.307959
0.003956	87.402438
0.003957	87.486129
0.003957	87.566393
0.003958	87.651612
0.003959	87.740651
0.003959	87.826759
0.003959	87.915142
0.00396	87.996639
0.003961	88.069877
0.003961	88.160372
0.003962	88.243953
0.003962	88.322336
0.003963	88.404653
0.003963	88.486363
0.003964	88.563806
0.003964	88.644434
0.003965	88.730835
0.003966	88.831664
0.003967	88.931177
0.003968	89.030701
0.003969	89.131954
0.003969	89.218032
0.00397	89.2849
0.00397	89.354285
0.003971	89.426714
0.003971	89.516927
0.003972	89.602054
0.003972	89.675605
0.003973	89.748317
0.003973	89.826498
0.003974	89.916569
0.003975	89.995924
0.003975	90.08004
0.003976	90.155764
0.003976	90.244167
0.003977	90.320296
0.003978	90.408467
0.003978	90.489024
0.003978	90.574252
0.003979	90.640524
0.00398	90.725024
0.003981	90.815368
0.003981	90.90641
0.003982	90.993741
0.003982	91.07538
0.003983	91.151307
0.003983	91.229226
0.003984	91.313342
0.003985	91.397549
0.003985	91.479137
0.003986	91.569582
0.003987	91.648805
0.003987	91.732527
0.003988	91.828331
0.003989	91.91829
0.00399	92.011404
0.003991	92.090192
0.003991	92.165179
0.003991	92.240621
0.003992	92.324312
0.003992	92.411482
0.003992	92.498853
0.003993	92.58299
0.003993	92.660888
0.003994	92.726978
0.003994	92.796515
0.003994	92.887789
0.003995	92.979579
0.003996	93.068457
0.003997	93.156587
0.003998	93.245788
0.003999	93.335414
0.003999	93.430773
0.004	93.521814
0.004001	93.613928
0.004001	93.710944
0.004002	93.801298
0.004002	93.882907
0.004003	93.972129
0.004004	94.064323
0.004004	94.129614
0.004004	94.197099
0.004005	94.263816
0.004005	94.338843
0.004005	94.415083
0.004006	94.493517
0.004007	94.589725
0.004007	94.687449
0.004008	94.785214
0.004009	94.872384
0.00401	94.964861
0.00401	95.040727
0.004011	95.119798
0.004012	95.211032
0.004012	95.297261
0.004013	95.382287
0.004013	95.460246
0.004014	95.550752
0.004015	95.642895
0.004016	95.718741
0.004016	95.787086
0.004016	95.866925
0.004017	95.947574
0.004017	96.026614
0.004018	96.125916
0.004018	96.212307
0.004018	96.293754
0.004019	96.369236
0.00402	96.456082
0.004021	96.539723
0.004021	96.61932
0.004022	96.704821
0.004022	96.786692
0.004023	96.875672
0.004024	96.980635
0.004025	97.083485
0.004025	97.176619
0.004026	97.259886
0.004026	97.340484
0.004027	97.418008
0.004027	97.482167
0.004028	97.555223
0.004029	97.641442
0.004029	97.735405
0.00403	97.825587
0.00403	97.924039
0.004031	98.016517
0.004032	98.104899
0.004033	98.190785
0.004033	98.283899
0.004034	98.377761
0.004034	98.459269
0.004035	98.536763
0.004035	98.615723
0.004036	98.703782
0.004037	98.798412
0.004037	98.897441
0.004038	98.980778
0.004039	99.067816
0.00404	99.158545
0.00404	99.238778
0.00404	99.325614
0.004041	99.409002
0.004041	99.498163
0.004042	99.593906
0.004043	99.689649
0.004043	99.774099
0.004044	99.854929
0.004044	99.929986
0.004044	100.006156
0.004045	100.092304
0.004046	100.16809
0.004046	100.252742
0.004047	100.339517
0.004048	100.436847
0.004048	100.525998
0.004049	100.633134
0.004049	100.721598
0.00405	100.802914
0.004051	100.884239
0.004051	100.968254
0.004052	101.048357
0.004052	101.121554
0.004053	101.189959
0.004054	101.267069
0.004055	101.345119
0.004055	101.427466
0.004056	101.505516
0.004057	101.581301
0.004057	101.655267
0.004058	101.734297
0.004058	101.822872
0.004059	101.899759
0.004059	101.982157
0.00406	102.060864
0.004061	102.131524
0.004062	102.205449
0.004062	102.280668
0.004063	102.377897
0.004063	102.468878
0.004063	102.551427
0.004064	102.630811
0.004064	102.718446
0.004065	102.794949
0.004065	102.883968
0.004065	102.961816
0.004066	103.035428
0.004067	103.127956
0.004067	103.21831
0.004068	103.307461
0.004068	103.388625
0.004069	103.481051
0.00407	103.575106
0.004071	103.663276
0.004071	103.746846
0.004071	103.825109
0.004072	103.903239
0.004072	103.976962
0.004072	104.062383
0.004073	104.156649
0.004073	104.277445
0.004074	104.356678
0.004074	104.396572
0.004074	104.453027
0.004074	104.508026
0.004075	104.576138
0.004075	104.626335
0.004075	104.669707
0.004075	104.706013
0.004076	104.750719
0.004076	104.795012
0.004076	104.849273
0.004076	104.91417
0.004077	104.971201
0.004077	105.02076
0.004078	105.091248
0.004078	105.150493
0.004078	105.203794
0.004079	105.244325
0.004079	105.295604
0.004079	105.352261
0.00408	105.393288
0.004081	105.454474
0.004081	105.525851
0.004082	105.601131
0.004082	105.658142
0.004082	105.712484
0.004083	105.768009
0.004083	105.830156
0.004083	105.896508
0.004083	105.963093
0.004083	106.020994
0.004084	106.080664
0.004084	106.128535
0.004084	106.165781
0.004084	106.210296
0.004085	106.264365
0.004085	106.325804
0.004085	106.386576
0.004085	106.436307
0.004086	106.479538
0.004086	106.52105
0.004086	106.568507
0.004086	106.629774
0.004087	106.691507
0.004088	106.750479
0.004088	106.812414
0.004089	106.892395
0.004089	106.960658
0.004089	107.035362
0.00409	107.107578
0.00409	107.18577
0.00409	107.245096
0.004091	107.321731
0.004091	107.398739
0.004092	107.481298
0.004092	107.563079
0.004093	107.642454
0.004093	107.712719
0.004094	107.791638
0.004094	107.870437
0.004095	107.946879
0.004096	108.023746
0.004096	108.114717
0.004097	108.197721
0.004097	108.274022
0.004098	108.358421
0.004098	108.434662
0.004099	108.519495
0.0041	108.600993
0.0041	108.685028
0.0041	108.76781
0.004101	108.849591
0.004101	108.930289
0.004102	109.019835
0.004102	109.117701
0.004103	109.221804
0.004104	109.338687
0.004105	109.448392
0.004105	109.536461
0.004106	109.633104
0.004106	109.725359
0.004106	109.817189
0.004107	109.904035
0.004108	110.00555
0.004108	110.099241
0.004108	110.198906
0.004109	110.290898
0.004109	110.383183
0.00411	110.481049
0.004111	110.582645
0.004112	110.681391
0.004112	110.780601
0.004113	110.883148
0.004113	110.985847
0.004114	111.067263
0.004115	111.152138
0.004116	111.260781
0.004116	111.374186
0.004117	111.466704
0.004117	111.55638
0.004118	111.642377
0.004118	111.734066
0.004119	111.839605
0.004119	111.934236
0.00412	112.042272
0.004121	112.126884
0.004121	112.224244
0.004122	112.316914
0.004122	112.406044
0.004123	112.50113
0.004123	112.601938
0.004124	112.704606
0.004125	112.795223
0.004125	112.883282
0.004126	112.966913
0.004127	113.057803
0.004127	113.155001
0.004127	113.256598
0.004128	113.358083
0.004128	113.454078
0.004129	113.547031
0.004129	113.641459
0.00413	113.736181
0.004132	113.829396
0.004132	113.928839
0.004133	114.035046
0.004134	114.155488
0.004134	114.266668
0.004135	114.368882
0.004135	114.460277
0.004136	114.561621
0.004137	114.654179
0.004137	114.755098
0.004138	114.851821
0.004138	114.946048
0.004138	115.042771
0.004139	115.143164
0.00414	115.239908
0.00414	115.346448
0.004141	115.462068
0.004141	115.571186
0.004143	115.678535
0.004143	115.774177
0.004144	115.869212
0.004145	115.95446
0.004146	116.07929
0.004147	116.180148
0.004147	116.277054
0.004148	116.365537
0.004148	116.425591
0.004149	116.503156
0.004149	116.595633
0.00415	116.68801
0.00415	116.774411
0.004151	116.859426
0.004151	116.946474
0.004152	117.031672
0.004152	117.114889
0.004153	117.20312
0.004153	117.291047
0.004154	117.383009
0.004154	117.468379
0.004155	117.556306
0.004156	117.6356
0.004156	117.718705
0.004156	117.808917
0.004157	117.898675
0.004157	117.97167
0.004158	118.06259
0.004159	118.174327
0.004159	118.26087
0.00416	118.347918
0.00416	118.427292
0.004161	118.5235
0.004162	118.628675
0.004163	118.721426
0.004163	118.795563
0.004164	118.890679
0.004165	118.990739
0.004165	119.07995
0.004166	119.15977
0.004166	119.235606
0.004167	119.330074
0.004168	119.425221
0.004168	119.513502
0.004168	119.600449
0.004169	119.696657
0.004169	119.791389
0.00417	119.887384
0.004171	119.984603
0.004171	120.076716
0.004172	120.177686
0.004172	120.296197
0.004173	120.40667
0.004174	120.500249
0.004174	120.575256
0.004175	120.666489
0.004176	120.761039
0.004176	120.854386
0.004177	120.948592
0.004177	121.06131
0.004178	121.172885
0.004178	121.285309
0.004179	121.389019
0.004179	121.490271
0.004181	121.5976
0.004181	121.692575
0.004182	121.80599
0.004183	121.929798
0.004184	122.061573
0.004184	122.169266
0.004185	122.266758
0.004186	122.372237
0.004186	122.461327
0.004186	122.576684
0.004187	122.682314
0.004188	122.800744
0.004188	122.906455
0.004189	123.005807
0.00419	123.10335
0.004191	123.194169
0.004192	123.310283
0.004193	123.430078
0.004193	123.538701
0.004194	123.645979
0.004195	123.762195
0.004195	123.869979
0.004196	123.98395
0.004197	124.120871
0.004198	124.248441
0.004199	124.365708
0.0042	124.487959
0.004201	124.600333
0.004202	124.713425
0.004202	124.836435
0.004203	124.950922
0.004204	125.058746
0.004204	125.174234
0.004205	125.295444
0.004206	125.424722
0.004206	125.541079
0.004207	125.673633
0.004208	125.797239
0.004208	125.916579
0.00421	126.0342
0.00421	126.158231
0.004211	126.274072
0.004211	126.394939
0.004212	126.520263
0.004213	126.638036
0.004214	126.744394
0.004215	126.872672
0.004215	127.000544
0.004217	127.123665
0.004217	127.247231
0.004218	127.369786
0.004219	127.481128
0.004219	127.583898
0.00422	127.699699
0.00422	127.810465
0.004221	127.930422
0.004222	128.043068
0.004223	128.165027
0.004223	128.289159
0.004224	128.412209
0.004225	128.520812
0.004225	128.626816
0.004226	128.73005
0.004227	128.835145
0.004227	128.9403
0.004227	129.057689
0.004228	129.182801
0.004229	129.290515
0.00423	129.399198
0.00423	129.5114
0.004231	129.624896
0.004232	129.726746
0.004232	129.836673
0.004233	129.945943
0.004233	130.067345
0.004234	130.177404
0.004235	130.278929
0.004236	130.398835
0.004237	130.507125
0.004237	130.634492
0.004238	130.75458
0.004239	130.873192
0.004239	130.997799
0.00424	131.101134
0.004241	131.219574
0.004242	131.337337
0.004243	131.461408
0.004244	131.547546
0.004245	131.651256
0.004245	131.754439
0.004245	131.858058
0.004246	131.957086
0.004246	132.047208
0.004247	132.145256
0.004248	132.236136
0.004248	132.336266
0.004248	132.435517
0.004248	132.543887
0.004249	132.648507
0.004249	132.74524
0.004249	132.827911
0.00425	132.910793
0.00425	133.013108
0.004251	133.114077
0.004251	133.22631
0.004252	133.332789
0.004252	133.448499
0.004253	133.552795
0.004254	133.65054
0.004255	133.759214
0.004256	133.880343
0.004256	134.000855
0.004257	134.114149
0.004258	134.241193
0.004259	134.359896
0.00426	134.484048
0.004261	134.589709
0.004261	134.698311
0.004262	134.810554
0.004263	134.927457
0.004264	135.046413
0.004265	135.167279
0.004266	135.299529
0.004267	135.414208
0.004268	135.545781
0.004269	135.674483
0.004269	135.78988
0.00427	135.906095
0.004271	136.033857
0.004272	136.152186
0.004272	136.24904
0.004273	136.36287
0.004275	136.495484
0.004275	136.629302
0.004276	136.738117
0.004277	136.844394
0.004277	136.954494
0.004278	137.078231
0.004279	137.201089
0.00428	137.327132
0.004281	137.439496
0.004282	137.558239
0.004283	137.673039
0.004284	137.789599
0.004285	137.896503
0.004285	138.024103
0.004286	138.140521
0.004287	138.256999
0.004288	138.370536
0.004289	138.484558
0.00429	138.615736
0.00429	138.738958
0.004291	138.857954
0.004292	138.981611
0.004292	139.091063
0.004293	139.212395
0.004294	139.333827
0.004294	139.439943
0.004295	139.553429
0.004295	139.664933
0.004296	139.783879
0.004297	139.906262
0.004298	140.035479
0.004298	140.154263
0.004299	140.282519
0.0043	140.401991
0.0043	140.520754
0.004301	140.658949
0.004302	140.777308
0.004303	140.893099
0.004304	141.012055
0.004304	141.131627
0.004305	141.250664
0.004306	141.361066
0.004307	141.477858
0.004308	141.616134
0.004309	141.739477
0.00431	141.860485
0.004311	141.987883
0.004311	142.103583
0.004311	142.217564
0.004312	142.325025
0.004313	142.43567
0.004314	142.548418
0.004314	142.668182
0.004315	142.788947
0.004316	142.91221
0.004317	143.026656
0.004318	143.141982
0.004318	143.259937
0.004319	143.381278
0.00432	143.509778
0.004321	143.641078
0.004321	143.750469
0.004322	143.873823
0.004323	143.992202
0.004323	144.11872
0.004324	144.247138
0.004325	144.364871
0.004326	144.49706
0.004327	144.623558
0.004328	144.753928
0.004328	144.870983
0.004329	144.985864
0.004329	145.087481
0.00433	145.215262
0.004331	145.343833
0.004332	145.471362
0.004333	145.598112
0.004334	145.736519
0.004335	145.872197
0.004336	145.99829
0.004337	146.12864
0.004338	146.253722
0.004338	146.379512
0.00434	146.515241
0.00434	146.645196
0.004342	146.77873
0.004343	146.910263
0.004344	147.051946
0.004345	147.177857
0.004346	147.299927
0.004347	147.434533
0.004348	147.566379
0.004348	147.687235
0.004349	147.802571
0.00435	147.92824
0.00435	148.045669
0.004351	148.163674
0.004352	148.291223
0.004353	148.420471
0.004354	148.534917
0.004354	148.654095
0.004355	148.73902
0.004356	148.855498
0.004356	148.975718
0.004357	149.098879
0.004358	149.229077
0.004359	149.348639
0.00436	149.472448
0.004361	149.607488
0.004362	149.73253
0.004362	149.850809
0.004363	149.970583
0.004364	150.089235
0.004364	150.202448
0.004365	150.316015
0.004366	150.437882
0.004367	150.559497
0.004368	150.687268
0.004369	150.801978
0.004371	150.918972
0.004371	151.044135
0.004372	151.151666
0.004373	151.264141
0.004373	151.374291
0.004374	151.507037
0.004375	151.621372
0.004376	151.75525
0.004377	151.894385
0.004378	152.030932
0.004379	152.162738
0.004379	152.290712
0.00438	152.429544
0.004382	152.562097
0.004383	152.69458
0.004383	152.827781
0.004384	152.960385
0.004385	153.075499
0.004385	153.196153
0.004386	153.328646
0.004387	153.461928
0.004388	153.59892
0.004389	153.728096
0.00439	153.855201
0.004391	153.980475
0.004392	154.123816
0.004393	154.26555
0.004394	154.390076
0.004395	154.521022
0.004395	154.631354
0.004395	154.773755
0.004397	154.917793
0.004397	155.053218
0.004398	155.17185
0.004399	155.302675
0.004399	155.436796
0.0044	155.576902
0.004402	155.72915
0.004402	155.863706
0.004403	156.012981
0.004405	156.153441
0.004405	156.299825
0.004406	156.451639
0.004408	156.604221
0.004409	156.761867
0.004409	156.892702
0.00441	157.01554
0.004411	157.162673
0.004412	157.305973
0.004413	157.446595
0.004414	157.566228
0.004415	157.694707
0.004416	157.823217
0.004417	157.977588
0.004418	158.128795
0.004419	158.298068
0.00442	158.455119
0.00442	158.589219
0.004421	158.737646
0.004422	158.886912
0.004423	159.019243
0.004424	159.150512
0.004425	159.281236
0.004426	159.435092
0.004427	159.58461
0.004428	159.72506
0.004429	159.861314
0.00443	160.005433
0.00443	160.142648
0.004431	160.286505
0.004432	160.405389
0.004433	160.533383
0.004434	160.678908
0.004435	160.832511
0.004436	160.963548
0.004436	161.090127
0.004438	161.230374
0.004438	161.373867
0.004439	161.506016
0.004439	161.635335
0.00444	161.765826
0.00444	161.898663
0.004442	162.03242
0.004443	162.173041
0.004443	162.312085
0.004445	162.458176
0.004446	162.594744
0.004446	162.733384
0.004447	162.856808
0.004448	162.990807
0.004449	163.129144
0.004449	163.269796
0.00445	163.419567
0.004452	163.563232
0.004452	163.697868
0.004453	163.834284
0.004454	163.977605
0.004455	164.119389
0.004455	164.245644
0.004456	164.381787
0.004456	164.517474
0.004457	164.650655
0.004458	164.795503
0.004459	164.928481
0.004459	165.058072
0.00446	165.191768
0.004461	165.333532
0.004462	165.481655
0.004462	165.6079
0.004463	165.749705
0.004464	165.895857
0.004465	166.053322
0.004466	166.198472
0.004467	166.343441
0.004468	166.493091
0.004469	166.623421
0.004469	166.757167
0.00447	166.899063
0.004471	167.037632
0.004471	167.175564
0.004472	167.33033
0.004473	167.466533
0.004474	167.602767
0.004475	167.738475
0.004475	167.887568
0.004476	168.026087
0.004477	168.1668
0.004477	168.297311
0.004478	168.452208
0.004479	168.596874
0.00448	168.72325
0.004481	168.852639
0.004482	168.981027
0.004482	169.126087
0.004483	169.265627
0.004484	169.411759
0.004485	169.562379
0.004486	169.69931
0.004486	169.84164
0.004487	169.989673
0.004488	170.132074
0.004488	170.273292
0.004489	170.413782
0.00449	170.563846
0.004491	170.696096
0.004491	170.822341
0.004492	170.943683
0.004493	171.080321
0.004494	171.205434
0.004495	171.342203
0.004496	171.48976
0.004496	171.641705
0.004497	171.791699
0.004498	171.928933
0.004499	172.071132
0.0045	172.219225
0.0045	172.347896
0.004501	172.490338
0.004502	172.63745
0.004504	172.784926
0.004505	172.930855
0.004506	173.079909
0.004506	173.218771
0.004507	173.35185
0.004508	173.499731
0.004509	173.649219
0.00451	173.796331
0.004511	173.932575
0.004512	174.081295
0.004513	174.211675
0.004513	174.358797
0.004514	174.514392
0.004515	174.668298
0.004516	174.827856
0.004517	174.985846
0.004517	175.128611
0.004518	175.271679
0.004518	175.418003
0.004519	175.585639
0.00452	175.747997
0.004521	175.903167
0.004522	176.068477
0.004523	176.231038
0.004524	176.386825
0.004525	176.555006
0.004525	176.722834
0.004527	176.8813
0.004527	177.0319
0.004528	177.187768
0.004529	177.359549
0.00453	177.526649
0.004531	177.690058
0.004533	177.851254
0.004534	178.014815
0.004535	178.185909
0.004536	178.352786
0.004537	178.519077
0.004538	178.691525
0.004539	178.845998
0.00454	179.013401
0.004541	179.181209
0.004543	179.336055
0.004544	179.491124
0.004545	179.653037
0.004546	179.825768
0.004547	179.989906
0.004548	180.146866
0.00455	180.312985
0.004551	180.482602
0.004552	180.645264
0.004553	180.809088
0.004554	180.964875
0.004555	181.110571
0.004556	181.272717
0.004557	181.43824
0.004557	181.615521
0.004558	181.770044
0.004559	181.936001
0.004561	182.101635
0.004562	182.262315
0.004563	182.425573
0.004564	182.581704
0.004565	182.745578
0.004566	182.906804
0.004567	183.05887
0.004568	183.227548
0.004569	183.389825
0.00457	183.534329
0.004571	183.697182
0.004572	183.866668
0.004572	184.034981
0.004574	184.189555
0.004575	184.338184
0.004576	184.491301
0.004576	184.660292
0.004577	184.826249
0.004579	184.983421
0.00458	185.149702
0.00458	185.298432
0.004581	185.452207
0.004582	185.613463
0.004583	185.771069
0.004584	185.91892
0.004585	186.057448
0.004586	186.203276
0.004587	186.345768
0.004587	186.503193
0.004589	186.677744
0.00459	186.840517
0.004591	187.018222
0.004592	187.191085
0.004593	187.360409
0.004594	187.506854
0.004595	187.655978
0.004596	187.814039
0.004597	187.970797
0.004598	188.135682
0.004599	188.312134
0.004599	188.472167
0.0046	188.632918
0.004601	188.807034
0.004602	188.975833
0.004603	189.13259
0.004604	189.288589
0.004605	189.443122
0.004606	189.603893
0.004607	189.777756
0.004608	189.952611
0.004609	190.130053
0.00461	190.291502
0.004611	190.464718
0.004612	190.618473
0.004613	190.764877
0.004614	190.914659
0.004614	191.077866
0.004616	191.282121
0.004617	191.462869
0.004618	191.617645
0.004619	191.780721
0.00462	191.952825
0.00462	192.107399
0.004621	192.252449
0.004623	192.400258
0.004623	192.549736
0.004624	192.712893
0.004625	192.867578
0.004626	193.018684
0.004627	193.178464
0.004628	193.349466
0.004629	193.510156
0.00463	193.664649
0.004631	193.83554
0.004632	193.999759
0.004633	194.165059
0.004634	194.335455
0.004636	194.50121
0.004636	194.667744
0.004638	194.842224
0.004639	195.002591
0.00464	195.177981
0.004641	195.32937
0.004642	195.504679
0.004643	195.660951
0.004644	195.809923
0.004645	195.969704
0.004646	196.126734
0.004647	196.300405
0.004648	196.469689
0.004648	196.645352
0.004649	196.804657
0.004651	196.975114
0.004652	197.160412
0.004653	197.335428
0.004654	197.512961
0.004656	197.676432
0.004657	197.835251
0.004658	197.986964
0.004658	198.145207
0.004659	198.317241
0.00466	198.487677
0.004661	198.657739
0.004662	198.824596
0.004663	199.01128
0.004664	199.181059
0.004664	199.361099
0.004666	199.52829
0.004667	199.696037
0.004668	199.860215
0.004669	200.035434
0.00467	200.199288
0.004671	200.348847
0.004672	200.515856
0.004673	200.676041
0.004674	200.854555
0.004675	201.041946
0.004676	201.217912
0.004677	201.393222
0.004678	201.565811
0.004679	201.750189
0.004681	201.925468
0.004681	202.110069
0.004683	202.273024
0.004684	202.44535
0.004685	202.622631
0.004686	202.790863
0.004687	202.966072
0.004688	203.130523
0.00469	203.300494
0.004691	203.48377
0.004692	203.663174
0.004693	203.853102
0.004695	204.035549
0.004696	204.221525
0.004697	204.403355
0.004699	204.591211
0.0047	204.765186
0.004701	204.943983
0.004703	205.119333
0.004703	205.289254
0.004704	205.457081
0.004705	205.625213
0.004706	205.801695
0.004707	205.962496
0.004708	206.133923
0.00471	206.330999
0.00471	206.528339
0.004712	206.726608
0.004713	206.923482
0.004715	207.11248
0.004716	207.301428
0.004717	207.488091
0.004719	207.672004
0.00472	207.863641
0.004721	208.051002
0.004722	208.241385
0.004723	208.444124
0.004724	208.606745
0.004725	208.785724
0.004726	208.973408
0.004727	209.156361
0.004729	209.345207
0.004729	209.541364
0.00473	209.722769
0.004731	209.902628
0.004733	210.093204
0.004734	210.281454
0.004735	210.472363
0.004736	210.653405
0.004737	210.842515
0.004738	211.036154
0.004739	211.229691
0.00474	211.406113
0.004742	211.574547
0.004743	211.754709
0.004744	211.931828
0.004745	212.107158
0.004746	212.287067
0.004747	212.474165
0.004748	212.664104
0.004749	212.855518
0.00475	213.050977
0.004751	213.225559
0.004752	213.418358
0.004754	213.602676
0.004755	213.786124
0.004757	213.979308
0.004758	214.177547
0.00476	214.38076
0.004761	214.565421
0.004762	214.749587
0.004763	214.940698
0.004764	215.131446
0.004765	215.329543
0.004766	215.522626
0.004768	215.707621
0.004769	215.894041
0.00477	216.075892
0.004771	216.267701
0.004772	216.45674
0.004773	216.646941
0.004774	216.842754
0.004776	217.021571
0.004777	217.220872
0.004778	217.421012
0.004779	217.623851
0.00478	217.826953
0.004782	218.026789
0.004783	218.226272
0.004784	218.411853
0.004785	218.593794
0.004786	218.784785
0.004788	218.972327
0.004789	219.154178
0.00479	219.367855
0.004792	219.571523
0.004793	219.756245
0.004794	219.952462
0.004794	220.140318
0.004796	220.341155
0.004797	220.537635
0.004798	220.73089
0.004799	220.930484
0.004801	221.134233
0.004802	221.323261
0.004803	221.51783
0.004805	221.713097
0.004806	221.914157
0.004807	222.119281
0.004809	222.326872
0.00481	222.532158
0.004811	222.732783
0.004813	222.933539
0.004814	223.138107
0.004816	223.334142
0.004817	223.535899
0.004818	223.731641
0.004819	223.906142
0.00482	224.114541
0.004822	224.309586
0.004823	224.506086
0.004824	224.709521
0.004825	224.923239
0.004826	225.151889
0.004827	225.358671
0.004829	225.560267
0.00483	225.769546
0.004832	225.971445
0.004833	226.150576
0.004834	226.336086
0.004835	226.548672
0.004837	226.75147
0.004838	226.94701
0.004839	227.137343
0.004841	227.332519
0.004842	227.533781
0.004843	227.75037
0.004845	227.9506
0.004846	228.148566
0.004847	228.338616
0.004848	228.53542
0.00485	228.737076
0.00485	228.936933
0.004852	229.144756
0.004853	229.347352
0.004855	229.546228
0.004856	229.744326
0.004857	229.940503
0.004858	230.136861
0.004859	230.335757
0.004861	230.537575
0.004862	230.734692
0.004863	230.937471
0.004865	231.154383
0.004866	231.372792
0.004868	231.581545
0.004869	231.791745
0.004871	231.993077
0.004872	232.191994
0.004873	232.385501
0.004875	232.588977
0.004876	232.789906
0.004877	232.996111
0.004879	233.190691
0.00488	233.396108
0.004882	233.613051
0.004882	233.838364
0.004884	234.060362
0.004885	234.285858
0.004887	234.502326
0.004888	234.721179
0.004889	234.943844
0.004891	235.170523
0.004892	235.395776
0.004894	235.612598
0.004895	235.843533
0.004896	236.076561
0.004898	236.289743
0.004899	236.50163
0.0049	236.712244
0.004901	236.920098
0.004902	237.105477
0.004904	237.319053
0.004906	237.52725
0.004907	237.743263
0.004909	237.946143
0.00491	238.159941
0.004911	238.380069
0.004913	238.58865
0.004914	238.813772
0.004916	239.03667
0.004917	239.260164
0.004918	239.472335
0.00492	239.689712
0.004921	239.906928
0.004922	240.10547
0.004924	240.315558
0.004925	240.533987
0.004926	240.754873
0.004928	240.98963
0.00493	241.22015
0.004931	241.437093
0.004932	241.639588
0.004934	241.826565
0.004935	242.04922
0.004937	242.323305
0.004938	242.576047
0.00494	242.81041
0.004942	243.033793
0.004943	243.281693
0.004945	243.549095
0.004947	243.809814
0.004949	244.068593
0.004951	244.321891
0.004952	244.571116
0.004954	244.8185
0.004955	245.05909
0.004957	245.318384
0.004958	245.550482
0.00496	245.789495
0.004961	246.038548
0.004963	246.299075
0.004964	246.559977
0.004966	246.812477
0.004968	247.064896
0.00497	247.312179
0.004971	247.555236
0.004973	247.798526
0.004975	248.04679
0.004976	248.294184
0.004978	248.551638
0.004979	248.804067
0.004981	249.037904
0.004983	249.289069
0.004984	249.547322
0.004986	249.808577
0.004988	250.067821
0.00499	250.33856
0.004991	250.599411
0.004993	250.85097
0.004994	251.098799
0.004996	251.340896
0.004998	251.596581
0.004999	251.850799
0.005001	252.111236
0.005003	252.360905
0.005005	252.597654
0.005006	252.844957
0.005008	253.100116
0.005009	253.349239
0.005011	253.596199
0.005013	253.850124
0.005015	254.096447
0.005017	254.35106
0.005018	254.596402
0.00502	254.849761
0.005022	255.105335
0.005023	255.366631
0.005025	255.608727
0.005026	255.853149
0.005028	256.096358
0.005029	256.343611
0.005031	256.588407
0.005032	256.835953
0.005034	257.08725
0.005036	257.336788
0.005037	257.589652
0.005039	257.837491
0.005041	258.093085
0.005043	258.342248
0.005044	258.603352
0.005046	258.856206
0.005047	259.10173
0.005049	259.353644
0.005051	259.597004
0.005052	259.824987
0.005054	260.052444
0.005056	260.297574
0.005057	260.525325
0.005059	260.761638
0.00506	260.980057
0.005061	261.190651
0.005063	261.42198
0.005064	261.650024
0.005065	261.892201
0.005067	262.114219
0.005068	262.334468
0.005069	262.55321
0.005071	262.774723
0.005073	263.013322
0.005074	263.252537
0.005075	263.489791
0.005077	263.703094
0.005078	263.935869
0.00508	264.166198
0.005081	264.403037
0.005083	264.639927
0.005085	264.886098
0.005086	265.133038
0.005088	265.377753
0.00509	265.619071
0.005091	265.83293
0.005093	266.07258
0.005094	266.298743
0.005096	266.534329
0.005098	266.780844
0.005099	267.013144
0.0051	267.252733
0.005102	267.47005
0.005103	267.715695
0.005105	267.947156
0.005106	268.178193
0.005107	268.42493
0.005109	268.682252
0.005111	268.922984
0.005112	269.149228
0.005113	269.382297
0.005115	269.618711
0.005116	269.865004
0.005118	270.108304
0.00512	270.348995
0.005121	270.595014
0.005123	270.829276
0.005124	271.065701
0.005126	271.297263
0.005127	271.549045
0.005129	271.796611
0.00513	272.042792
0.005132	272.280724
0.005133	272.508858
0.005135	272.735011
0.005137	272.967342
0.005138	273.211187
0.00514	273.457945
0.005141	273.697039
0.005143	273.93493
0.005144	274.165976
0.005146	274.405333
0.005148	274.644781
0.005149	274.892155
0.005151	275.12861
0.005152	275.374518
0.005154	275.602673
0.005155	275.834761
0.005157	276.065969
0.005159	276.299816
0.00516	276.539304
0.005162	276.777599
0.005164	277.020242
0.005165	277.226448
0.005166	277.460042
0.005169	277.726342
0.00517	277.99334
0.005172	278.258397
0.005174	278.51486
0.005176	278.777784
0.005177	279.027615
0.005178	279.283764
0.00518	279.551399
0.005182	279.827921
0.005184	280.096364
0.005186	280.362311
0.005188	280.618127
0.00519	280.869525
0.005192	281.131458
0.005193	281.395261
0.005195	281.65687
0.005196	281.924687
0.005199	282.179037
0.0052	282.430637
0.005202	282.686949
0.005204	282.959275
0.005205	283.214373
0.005207	283.454508
0.005209	283.700973
0.00521	283.958305
0.005212	284.216831
0.005213	284.45733
0.005215	284.716675
0.005216	284.976343
0.005218	285.238407
0.005219	285.483759
0.005221	285.720346
0.005222	285.962645
0.005224	286.221089
0.005226	286.505982
0.005227	286.750617
0.005229	287.003329
0.00523	287.256021
0.005233	287.514516
0.005235	287.768523
0.005236	288.018556
0.005239	288.280761
0.00524	288.533251
0.005242	288.789088
0.005244	289.042578
0.005245	289.301256
0.005247	289.567354
0.005248	289.828114
0.005251	290.091078
0.005252	290.350786
0.005254	290.611223
0.005255	290.86717
0.005257	291.136635
0.005259	291.389388
0.00526	291.649571
0.005262	291.884065
0.005263	292.129438
0.005265	292.37022
0.005266	292.607282
0.005267	292.851866
0.005269	293.091364
0.005271	293.344835
0.005273	293.588711
0.005275	293.85672
0.005277	294.128358
0.005278	294.386196
0.00528	294.655691
0.005282	294.891955
0.005283	295.143939
0.005285	295.393942
0.005286	295.651274
0.005288	295.918707
0.005289	296.169397
0.005291	296.417206
0.005292	296.667199
0.005294	296.920235
0.005296	297.190296
0.005298	297.445728
0.005299	297.697854
0.005301	297.954529
0.005303	298.214703
0.005304	298.455981
0.005306	298.717681
0.005308	298.978906
0.005309	299.23825
0.005311	299.486696
0.005313	299.748275
0.005315	300.016476
0.005316	300.276872
0.005318	300.545912
0.00532	300.806935
0.005321	301.062155
0.005323	301.314291
0.005325	301.561574
0.005327	301.815985
0.005328	302.073206
0.00533	302.335371
0.005332	302.600691
0.005334	302.885887
0.005336	303.143847
0.005338	303.410157
0.00534	303.662485
0.005341	303.919009
0.005343	304.186897
0.005344	304.430176
0.005346	304.666672
0.005347	304.917392
0.005349	305.175837
0.005351	305.449477
0.005353	305.708023
0.005355	305.97127
0.005356	306.214368
0.005359	306.476018
0.00536	306.727507
0.005362	306.985527
0.005364	307.246994
0.005365	307.49726
0.005367	307.741611
0.005369	307.998256
0.005371	308.248886
0.005372	308.51188
0.005374	308.771366
0.005376	309.031136
0.005378	309.276973
0.005379	309.539644
0.005381	309.811859
0.005383	310.082132
0.005384	310.342407
0.005386	310.599952
0.005388	310.861379
0.005389	311.123079
0.005391	311.396285
0.005393	311.651201
0.005394	311.900284
0.005396	312.14966
0.005398	312.402696
0.005399	312.668379
0.005402	312.910011
0.005403	313.154615
0.005405	313.420329
0.005407	313.681877
0.005409	313.95664
0.005411	314.229188
0.005412	314.495357
0.005414	314.761324
0.005416	315.06579
0.005417	315.350258
0.005419	315.62863
0.005422	315.897457
0.005423	316.178245
0.005425	316.45962
0.005427	316.728104
0.005429	317.007082
0.005431	317.282997
0.005433	317.565949
0.005436	317.843269
0.005437	318.12792
0.00544	318.416593
0.005442	318.708088
0.005444	318.994841
0.005446	319.276863
0.005447	319.555417
0.005449	319.81191
0.005451	320.073014
0.005453	320.3555
0.005455	320.635298
0.005456	320.908968
0.005458	321.17356
0.00546	321.428739
0.005462	321.693027
0.005464	321.96417
0.005466	322.220138
0.005467	322.483133
0.005469	322.743225
0.005471	322.9989
0.005473	323.269891
0.005475	323.53785
0.005476	323.809033
0.005478	324.077214
0.00548	324.35229
0.005482	324.610714
0.005484	324.871515
0.005485	325.118181
0.005487	325.383197
0.005489	325.653289
0.00549	325.917486
0.005492	326.195838
0.005494	326.473866
0.005496	326.744625
0.005498	327.020085
0.005499	327.275163
0.005501	327.537894
0.005503	327.820512
0.005505	328.099359
0.005507	328.366681
0.005508	328.635893
0.005511	328.919188
0.005512	329.187369
0.005514	329.466165
0.005516	329.736287
0.005517	330.010362
0.00552	330.280221
0.005521	330.5647
0.005524	330.84201
0.005525	331.110686
0.005527	331.373205
0.005529	331.640992
0.005531	331.921062
0.005533	332.201223
0.005534	332.489816
0.005537	332.77298
0.005538	333.041555
0.00554	333.325943
0.005542	333.588573
0.005544	333.859028
0.005546	334.134337
0.005547	334.416449
0.005549	334.680384
0.005551	334.953529
0.005553	335.227503
0.005555	335.483834
0.005556	335.757606
0.005559	336.032207
0.005561	336.313389
0.005563	336.58712
0.005564	336.852652
0.005567	337.121217
0.005568	337.396303
0.00557	337.677293
0.005572	337.961721
0.005575	338.252336
0.005577	338.539393
0.005578	338.817987
0.005581	339.110199
0.005582	339.391978
0.005584	339.674435
0.005586	339.950238
0.005589	340.231714
0.005591	340.520499
0.005593	340.806979
0.005595	341.087302
0.005596	341.367645
0.005599	341.654257
0.0056	341.93644
0.005602	342.232282
0.005604	342.522574
0.005606	342.827181
0.005609	343.113388
0.005611	343.399808
0.005613	343.671335
0.005614	343.93531
0.005617	344.225187
0.005619	344.507037
0.00562	344.789705
0.005622	345.074588
0.005624	345.362201
0.005626	345.656991
0.005628	345.939508
0.00563	346.222308
0.005632	346.492541
0.005634	346.77428
0.005636	347.066219
0.005638	347.369684
0.00564	347.647277
0.005642	347.922121
0.005644	348.197611
0.005645	348.483373
0.005647	348.769672
0.005649	349.056364
0.005651	349.342389
0.005653	349.619891
0.005655	349.90168
0.005657	350.180841
0.005659	350.456179
0.00566	350.735815
0.005662	351.02184
0.005664	351.312314
0.005666	351.588178
0.005668	351.857997
0.005669	352.149279
0.005672	352.429329
0.005673	352.713666
0.005676	353.007628
0.005678	353.308322
0.00568	353.601354
0.005682	353.899764
0.005684	354.201156
0.005685	354.480165
0.005687	354.768485
0.005689	355.068422
0.005691	355.361231
0.005693	355.66782
0.005695	355.966321
0.005697	356.266611
0.0057	356.568014
0.005702	356.852058
0.005704	357.148456
0.005706	357.436756
0.005708	357.720728
0.00571	358.013608
0.005713	358.316305
0.005715	358.61981
0.005717	358.923437
0.005719	359.224243
0.005721	359.540558
0.005723	359.845115
0.005725	360.145072
0.005727	360.439226
0.005729	360.746745
0.005731	361.04836
0.005733	361.34315
0.005735	361.643694
0.005737	361.941821
0.00574	362.242566
0.005742	362.533323
0.005744	362.834806
0.005746	363.131801
0.005747	363.41821
0.00575	363.716024
0.005752	364.018215
0.005754	364.324976
0.005756	364.626116
0.005758	364.916094
0.00576	365.205202
0.005762	365.497647
0.005764	365.776838
0.005766	366.071204
0.005768	366.36829
0.00577	366.650776
0.005772	366.952846
0.005774	367.237992
0.005776	367.540971
0.005779	367.850644
0.005781	368.150126
0.005783	368.443036
0.005785	368.73904
0.005787	369.045305
0.005789	369.353643
0.005791	369.676823
0.005794	369.979722
0.005796	370.282297
0.005798	370.6057
0.0058	370.92154
0.005802	371.231849
0.005805	371.547558
0.005807	371.870667
0.005809	372.187244
0.005811	372.512305
0.005813	372.807035
0.005815	373.123168
0.005817	373.425743
0.005819	373.721514
0.005821	374.023079
0.005823	374.328293
0.005825	374.645356
0.005827	374.96895
0.005829	375.283759
0.005831	375.612722
0.005834	375.919695
0.005836	376.231531
0.005838	376.541699
0.00584	376.864353
0.005842	377.177524
0.005845	377.483638
0.005847	377.767783
0.005849	378.054879
0.005852	378.360427
0.005854	378.667026
0.005856	378.984635
0.005859	379.301699
0.005861	379.613858
0.005863	379.923733
0.005865	380.218534
0.005867	380.522484
0.005869	380.834412
0.005872	381.14371
0.005874	381.453747
0.005877	381.789079
0.005879	382.111389
0.005881	382.430606
0.005883	382.744343
0.005885	383.055825
0.005887	383.358815
0.005889	383.660147
0.005892	383.969567
0.005894	384.264438
0.005896	384.570936
0.005898	384.883531
0.0059	385.206367
0.005903	385.531518
0.005905	385.846478
0.005907	386.15334
0.005909	386.458656
0.005911	386.775143
0.005913	387.078891
0.005915	387.392638
0.005918	387.706769
0.00592	388.031233
0.005922	388.353745
0.005924	388.671395
0.005927	388.976599
0.005929	389.264727
0.005931	389.564421
0.005934	389.872344
0.005935	390.183493
0.005938	390.491922
0.00594	390.803455
0.005942	391.123551
0.005945	391.438006
0.005947	391.755737
0.005949	392.069271
0.005951	392.384737
0.005954	392.706825
0.005957	393.041055
0.005959	393.377985
0.005961	393.6989
0.005964	394.024203
0.005966	394.347817
0.005968	394.691025
0.005971	395.016601
0.005973	395.317306
0.005975	395.616687
0.005977	395.924388
0.00598	396.23314
0.005982	396.567563
0.005985	396.886739
0.005987	397.213245
0.00599	397.53781
0.005992	397.86008
0.005995	398.166365
0.005997	398.502355
0.005999	398.831206
0.006002	399.140788
0.006004	399.438328
0.006007	399.778089
0.006009	400.096921
0.006011	400.41083
0.006013	400.708057
0.006015	401.026111
0.006018	401.349938
0.00602	401.668437
0.006022	402.004042
0.006025	402.322399
0.006027	402.648956
0.006029	402.972095
0.006032	403.300765
0.006034	403.638624
0.006037	403.954717
0.006039	404.282719
0.006042	404.608932
0.006044	404.935327
0.006047	405.250752
0.006049	405.562629
0.006051	405.88966
0.006053	406.223537
0.006056	406.565066
0.006058	406.892078
0.00606	407.224438
0.006063	407.562752
0.006065	407.898135
0.006068	408.235914
0.00607	408.572034
0.006072	408.90034
0.006075	409.22173
0.006077	409.560874
0.00608	409.897591
0.006082	410.229385
0.006084	410.565081
0.006087	410.90108
0.006089	411.248261
0.006092	411.58421
0.006094	411.924294
0.006097	412.2618
0.006099	412.587891
0.006101	412.917714
0.006103	413.234291
0.006106	413.572525
0.006108	413.920849
0.006111	414.258607
0.006113	414.573052
0.006115	414.892026
0.006118	415.209271
0.00612	415.521896
0.006122	415.83808
0.006125	416.154405
0.006128	416.483327
0.00613	416.829386
0.006133	417.156145
0.006136	417.492771
0.006137	417.828386
0.00614	418.156338
0.006143	418.476384
0.006145	418.799482
0.006147	419.120923
0.00615	419.452798
0.006152	419.777363
0.006155	420.111431
0.006157	420.436926
0.00616	420.773512
0.006162	421.092799
0.006164	421.410449
0.006166	421.747075
0.006169	422.0891
0.006171	422.418305
0.006173	422.750524
0.006176	423.071135
0.006178	423.391717
0.00618	423.71612
0.006182	424.045477
0.006185	424.370163
0.006187	424.708195
0.00619	425.053789
0.006192	425.394024
0.006194	425.721531
0.006197	426.039535
0.006199	426.375807
0.006201	426.699118
0.006203	427.040365
0.006206	427.373655
0.006208	427.721554
0.006211	428.048959
0.006214	428.398759
0.006216	428.748043
0.006219	429.086196
0.006221	429.41527
0.006223	429.750056
0.006226	430.084458
0.006228	430.41605
0.00623	430.754829
0.006233	431.081052
0.006235	431.409894
0.006238	431.737188
0.00624	432.07429
0.006243	432.407327
0.006245	432.727241
0.006247	433.054354
0.00625	433.396732
0.006252	433.693282
0.006255	434.017746
0.006257	434.340127
0.006259	434.693556
0.006261	435.032427
0.006264	435.371358
0.006266	435.692324
0.006269	436.015585
0.006271	436.359915
0.006273	436.671923
0.006276	437.008782
0.006278	437.339423
0.006281	437.6918
0.006283	438.020601
0.006285	438.368602
0.006288	438.7183
0.006291	439.060719
0.006293	439.404251
0.006295	439.742121
0.006298	440.080263
0.0063	440.442761
0.006303	440.797171
0.006306	441.135577
0.006308	441.460758
0.00631	441.808304
0.006313	442.160368
0.006316	442.50668
0.006318	442.85652
0.006321	443.204055
0.006324	443.53232
0.006327	443.87484
0.006329	444.203743
0.006331	444.53313
0.006334	444.872476
0.006336	445.186091
0.006339	445.515448
0.006341	445.857473
0.006344	446.221478
0.006347	446.577627
0.006349	446.908328
0.006351	447.240638
0.006354	447.589254
0.006356	447.930016
0.006359	448.281059
0.006361	448.63835
0.006364	448.991466
0.006366	449.34075
0.006369	449.652839
0.006371	449.984127
0.006374	450.348142
0.006377	450.721154
0.00638	451.074897
0.006383	451.435747
0.006385	451.79414
0.006388	452.153979
0.00639	452.511968
0.006393	452.858745
0.006395	453.20077
0.006398	453.560255
0.0064	453.905596
0.006403	454.268226
0.006405	454.628338
0.006408	454.978552
0.00641	455.32265
0.006413	455.67253
0.006416	456.028113
0.006418	456.377629
0.006421	456.735649
0.006424	457.085327
0.006427	457.438746
0.006429	457.806289
0.006432	458.135292
0.006435	458.488226
0.006437	458.823599
0.00644	459.17721
0.006442	459.522925
0.006445	459.868772
0.006448	460.236658
0.00645	460.587803
0.006453	460.955093
0.006456	461.298463
0.006458	461.668119
0.006461	462.01994
0.006463	462.371196
0.006466	462.734634
0.006468	463.102723
0.006471	463.461804
0.006473	463.822907
0.006476	464.181644
0.006479	464.527541
0.006481	464.888674
0.006484	465.249625
0.006487	465.603489
0.00649	465.970618
0.006493	466.327383
0.006495	466.698697
0.006498	467.050023
0.006501	467.417071
0.006503	467.777972
0.006506	468.149741
0.006509	468.530113
0.006512	468.907655
0.006515	469.277382
0.006517	469.635553
0.00652	469.998748
0.006522	470.348679
0.006525	470.692352
0.006528	471.041161
0.00653	471.392993
0.006533	471.743955
0.006535	472.105998
0.006538	472.462046
0.006541	472.804172
0.006543	473.168086
0.006546	473.522273
0.006548	473.874014
0.006551	474.238049
0.006553	474.588283
0.006556	474.956372
0.006559	475.318668
0.006561	475.679943
0.006564	476.047597
0.006567	476.394596
0.006569	476.733841
0.006572	477.088342
0.006574	477.441902
0.006576	477.794149
0.006579	478.155353
0.006582	478.513887
0.006584	478.876112
0.006587	479.239652
0.00659	479.598065
0.006593	479.947056
0.006595	480.292175
0.006598	480.643248
0.006601	480.999296
0.006604	481.355233
0.006607	481.723595
0.006609	482.080694
0.006612	482.395058
0.006614	482.728914
0.006617	483.069715
0.006619	483.420101
0.006622	483.780385
0.006625	484.138718
0.006627	484.494776
0.00663	484.850257
0.006633	485.203434
0.006635	485.574414
0.006638	485.943514
0.006641	486.296185
0.006643	486.645752
0.006646	486.990537
0.006649	487.336404
0.006651	487.706343
0.006654	488.078759
0.006657	488.431956
0.00666	488.775164
0.006662	489.130049
0.006666	489.523231
0.006668	489.897871
0.006671	490.249895
0.006674	490.613172
0.006677	490.994343
0.006679	491.373978
0.006682	491.732048
0.006685	492.086366
0.006687	492.435206
0.00669	492.811625
0.006693	493.181676
0.006695	493.551402
0.006698	493.919794
0.006701	494.283546
0.006703	494.658833
0.006706	495.029824
0.006709	495.393656
0.006711	495.752929
0.006714	496.115913
0.006716	496.488743
0.006719	496.857247
0.006722	497.231937
0.006725	497.596225
0.006728	497.956792
0.00673	498.324446
0.006733	498.669029
0.006736	499.020962
0.006738	499.385522
0.006741	499.739932
0.006743	500.089974
0.006746	500.44123
0.006748	500.799704
0.006751	501.163051
0.006754	501.519433
0.006757	501.895236
0.00676	502.263183
0.006762	502.638946
0.006765	502.996459
0.006768	503.356976
0.006771	503.721021
0.006774	504.084863
0.006777	504.448372
0.006779	504.811467
0.006782	505.165614
0.006784	505.527343
0.006787	505.893997
0.00679	506.257829
0.006793	506.632621
0.006795	507.010213
0.006798	507.375411
0.006801	507.755591
0.006804	508.131576
0.006807	508.495439
0.006809	508.871242
0.006812	509.234387
0.006815	509.614123
0.006818	509.998934
0.006821	510.377982
0.006824	510.75423
0.006826	511.106769
0.006829	511.465789
0.006831	511.825861
0.006834	512.197954
0.006837	512.566689
0.006839	512.941734
0.006842	513.306952
0.006845	513.669268
0.006848	514.043312
0.00685	514.419509
0.006853	514.809698
0.006856	515.164199
0.006859	515.523452
0.006862	515.879823
0.006865	516.260176
0.006867	516.623503
0.00687	516.974475
0.006873	517.336073
0.006876	517.701796
0.006879	518.067105
0.006882	518.432029
0.006885	518.801544
0.006887	519.172817
0.006889	519.522152
0.006892	519.89015
0.006895	520.258502
0.006898	520.641028
0.006901	521.021572
0.006903	521.409083
0.006906	521.767719
0.006909	522.126264
0.006912	522.499509
0.006915	522.870176
0.006917	523.244735
0.00692	523.611965
0.006923	523.980225
0.006926	524.343198
0.006929	524.707567
0.006932	525.077819
0.006935	525.45525
0.006937	525.83262
0.006941	526.209292
0.006943	526.586763
0.006947	526.954064
0.00695	527.336741
0.006952	527.714051
0.006955	528.071443
0.006957	528.43571
0.00696	528.795691
0.006963	529.162455
0.006966	529.52373
0.006968	529.898168
0.006971	530.262446
0.006973	530.634194
0.006976	531.016437
0.006979	531.395769
0.006982	531.765374
0.006985	532.126891
0.006988	532.495577
0.006991	532.857832
0.006994	533.236375
0.006996	533.605202
0.006999	533.983401
0.007002	534.357687
0.007005	534.735623
0.007007	535.099142
0.00701	535.452026
0.007013	535.827889
0.007016	536.186667
0.007018	536.565472
0.007022	536.950031
0.007025	537.34022
0.007028	537.725122
0.007031	538.102664
0.007034	538.493673
0.007036	538.866038
0.007039	539.246916
0.007042	539.607503
0.007044	539.978019
0.007047	540.347665
0.00705	540.708838
0.007053	541.089464
0.007056	541.464518
0.007058	541.817432
0.007061	542.181244
0.007064	542.553266
0.007067	542.923741
0.00707	543.288685
0.007072	543.663811
0.007076	544.03375
0.007079	544.407632
0.007081	544.781797
0.007084	545.145741
0.007087	545.516832
0.00709	545.902614
0.007093	546.286475
0.007096	546.667262
0.007099	547.04812
0.007102	547.409769
0.007105	547.791223
0.007108	548.185265
0.007111	548.571137
0.007114	548.944463
0.007117	549.304626
0.00712	549.66952
0.007123	550.053906
0.007126	550.429294
0.007128	550.811689
0.007131	551.180142
0.007134	551.564923
0.007138	551.935671
0.00714	552.310149
0.007143	552.70142
0.007147	553.088456
0.00715	553.463399
0.007152	553.841083
0.007155	554.21634
0.007158	554.601201
0.007161	554.980098
0.007164	555.371955
0.007167	555.741884
0.007169	556.117879
0.007172	556.489982
0.007175	556.867504
0.007178	557.240637
0.007181	557.629553
0.007184	558.024646
0.007187	558.401915
0.00719	558.776495
0.007193	559.141652
0.007196	559.51242
0.007199	559.8843
0.007202	560.271375
0.007205	560.654235
0.007208	561.043343
0.007211	561.434018
0.007214	561.811256
0.007217	562.193004
0.007219	562.581313
0.007222	562.976679
0.007225	563.352401
0.007228	563.735868
0.007231	564.113925
0.007234	564.502335
0.007237	564.885195
0.00724	565.275749
0.007243	565.663744
0.007246	566.046826
0.007249	566.430576
0.007252	566.8028
0.007255	567.17925
0.007258	567.576628
0.007261	567.947224
0.007264	568.317972
0.007267	568.694452
0.00727	569.078464
0.007273	569.456077
0.007275	569.830252
0.007278	570.210726
0.007281	570.595719
0.007284	570.982946
0.007287	571.360589
0.00729	571.740284
0.007293	572.107484
0.007296	572.493417
0.007299	572.866743
0.007302	573.233548
0.007305	573.602728
0.007308	573.983971
0.007311	574.367225
0.007313	574.729611
0.007316	575.115342
0.007319	575.482956
0.007322	575.860983
0.007325	576.257219
0.007329	576.642576
0.007332	577.026497
0.007335	577.401157
0.007338	577.783977
0.007341	578.181769
0.007344	578.561333
0.007347	578.947347
0.00735	579.317883
0.007353	579.690137
0.007356	580.066466
0.007359	580.457565
0.007363	580.833924
0.007365	581.208635
0.007368	581.57179
0.007371	581.9464
0.007374	582.323851
0.007377	582.708187
0.00738	583.086153
0.007383	583.459247
0.007385	583.855634
0.007389	584.235592
0.007391	584.628097
0.007394	585.010906
0.007397	585.38498
0.0074	585.761167
0.007403	586.142844
0.007406	586.524379
0.00741	586.904216
0.007413	587.275783
0.007416	587.660422
0.007419	588.045648
0.007422	588.423462
0.007425	588.804421
0.007428	589.205479
0.007432	589.618841
0.007435	589.996626
0.007437	590.374522
0.00744	590.74255
0.007442	591.120617
0.007446	591.484996
0.007449	591.871829
0.007452	592.259996
0.007455	592.655211
0.007458	593.035179
0.007461	593.414106
0.007464	593.79827
0.007467	594.185619
0.00747	594.583714
0.007473	594.969556
0.007476	595.36286
0.007479	595.747833
0.007481	596.132593
0.007485	596.502724
0.007487	596.884401
0.00749	597.268717
0.007493	597.656177
0.007496	598.039714
0.007499	598.413111
0.007502	598.796567
0.007505	599.180114
0.007508	599.568807
0.007511	599.954447
0.007514	600.345577
0.007517	600.743238
0.00752	601.133306
0.007523	601.531453
0.007526	601.917548
0.007529	602.310568
0.007532	602.702112
0.007534	603.062184
0.007537	603.426704
0.00754	603.808007
0.007543	604.199369
0.007546	604.57861
0.00755	604.978444
0.007553	605.367279
0.007556	605.748541
0.007559	606.118187
0.007562	606.504707
0.007565	606.891884
0.007568	607.281871
0.007571	607.666631
0.007573	608.059065
0.007577	608.468393
0.00758	608.88403
0.007583	609.268012
0.007587	609.658465
0.007589	610.050403
0.007592	610.438803
0.007595	610.81493
0.007598	611.205787
0.007602	611.589152
0.007604	611.986712
0.007607	612.368126
0.00761	612.759984
0.007613	613.155966
0.007616	613.535166
0.007619	613.919654
0.007623	614.307831
0.007626	614.698537
0.007629	615.100868
0.007631	615.496052
0.007634	615.88792
0.007637	616.252622
0.00764	616.650789
0.007644	617.043253
0.007647	617.435667
0.00765	617.8271
0.007652	618.195988
0.007655	618.572559
0.007657	618.945541
0.007661	619.334062
0.007664	619.732896
0.007667	620.127009
0.00767	620.510677
0.007673	620.883497
0.007676	621.253234
0.007679	621.643818
0.007682	622.02778
0.007685	622.416241
0.007687	622.738399
0.00769	623.079838
0.007692	623.45738
0.007695	623.825782
0.007699	624.21856
0.007702	624.622236
0.007705	625.027985
0.007709	625.430853
0.007712	625.816362
0.007715	626.202073
0.007718	626.568776
0.00772	626.934075
0.007723	627.312415
0.007726	627.68198
0.007729	628.065133
0.007732	628.444141
0.007735	628.845866
0.007739	629.230657
0.007741	629.616429
0.007744	630.014443
0.007748	630.402631
0.007751	630.796086
0.007754	631.196386
0.007757	631.587698
0.00776	631.972388
0.007764	632.358422
0.007767	632.752696
0.00777	633.142451
0.007773	633.534794
0.007776	633.924357
0.00778	634.314273
0.007783	634.704271
0.007786	635.102923
0.007789	635.50115
0.007792	635.902329
0.007795	636.288565
0.007798	636.669029
0.007801	637.05659
0.007804	637.433546
0.007807	637.830913
0.00781	638.231152
0.007814	638.623647
0.007816	639.019903
0.00782	639.421456
0.007823	639.816327
0.007826	640.19404
0.007829	640.575818
0.007832	640.937133
0.007834	641.316222
0.007837	641.700902
0.00784	642.092901
0.007843	642.484961
0.007846	642.867689
0.007849	643.264825
0.007852	643.654771
0.007855	644.041766
0.007858	644.434736
0.007861	644.815624
0.007863	645.205804
0.007867	645.597005
0.00787	646.009952
0.007873	646.405722
0.007876	646.802059
0.007879	647.197819
0.007882	647.588787
0.007885	647.991432
0.007888	648.397859
0.007891	648.805883
0.007894	649.196649
0.007898	649.584917
0.007901	649.971407
0.007904	650.358037
0.007907	650.739795
0.00791	651.12955
0.007913	651.526837
0.007916	651.917178
0.007919	652.305871
0.007922	652.705635
0.007926	653.100587
0.007929	653.49481
0.007932	653.875092
0.007935	654.26787
0.007938	654.663691
0.007941	655.080257
0.007944	655.477747
0.007947	655.862709
0.00795	656.266588
0.007953	656.662591
0.007956	657.057108
0.007959	657.460501
0.007963	657.86531
0.007966	658.261373
0.007969	658.66235
0.007972	659.059344
0.007975	659.452708
0.007979	659.829775
0.007982	660.223736
0.007985	660.635268
0.007988	661.037316
0.007991	661.445279
0.007995	661.852029
0.007998	662.255271
0.008001	662.66373
0.008004	663.066385
0.008007	663.465097
0.00801	663.842326
0.008013	664.217168
0.008016	664.604426
0.00802	665.005797
0.008023	665.396836
0.008026	665.801554
0.008029	666.221882
0.008032	666.625943
0.008035	667.028911
0.008039	667.434721
0.008042	667.851359
0.008046	668.259079
0.008049	668.669681
0.008052	669.073347
0.008055	669.472141
0.008058	669.880478
0.008061	670.297004
0.008064	670.698204
0.008067	671.109241
0.00807	671.508024
0.008073	671.914137
0.008076	672.313688
0.008079	672.700724
0.008082	673.092986
0.008085	673.51208
0.008088	673.929193
0.008092	674.34759
0.008095	674.738133
0.008099	675.133904
0.008102	675.535619
0.008105	675.930307
0.008109	676.330182
0.008112	676.743241
0.008115	677.146048
0.008118	677.545013
0.008121	677.91475
0.008124	678.307942
0.008127	678.718706
0.008131	679.131936
0.008134	679.54451
0.008137	679.94391
0.00814	680.359344
0.008143	680.754892
0.008146	681.141078
0.00815	681.530954
0.008153	681.939848
0.008156	682.331938
0.008159	682.726869
0.008163	683.120345
0.008166	683.538883
0.008169	683.950233
0.008173	684.361361
0.008176	684.753501
0.008179	685.142478
0.008182	685.542636
0.008186	685.941551
0.008189	686.364173
0.008192	686.776868
0.008196	687.183042
0.008199	687.588862
0.008202	687.986684
0.008205	688.410136
0.008208	688.82182
0.008211	689.213031
0.008214	689.614382
0.008218	689.994906
0.008221	690.379414
0.008224	690.779491
0.008227	691.176313
0.00823	691.582193
0.008233	691.984293
0.008236	692.381286
0.008239	692.772204
0.008243	693.178337
0.008245	693.569305
0.008249	693.961304
0.008252	694.370804
0.008255	694.758851
0.008258	695.154864
0.008261	695.553718
0.008265	695.961418
0.008268	696.363062
0.008271	696.751948
0.008274	697.143189
0.008278	697.544095
0.008281	697.954616
0.008284	698.356452
0.008288	698.76483
0.00829	699.153806
0.008293	699.547575
0.008296	699.917676
0.008299	700.303346
0.008302	700.690695
0.008305	701.088962
0.008308	701.494186
0.008311	701.902604
0.008315	702.294532
0.008318	702.704699
0.008321	703.096638
0.008324	703.496867
0.008327	703.888654
0.008331	704.288883
0.008334	704.686342
0.008337	705.09938
0.00834	705.490247
0.008343	705.88621
0.008347	706.283284
0.008349	706.670026
0.008353	707.077454
0.008356	707.483233
0.008359	707.890731
0.008363	708.295135
0.008366	708.700419
0.008369	709.094127
0.008372	709.503132
0.008375	709.908305
0.008379	710.31461
0.008382	710.720703
0.008385	711.132164
0.008389	711.535001
0.008392	711.943429
0.008395	712.346509
0.008399	712.764775
0.008402	713.186841
0.008405	713.598606
0.008408	714.001039
0.008412	714.394615
0.008414	714.786059
0.008418	715.183002
0.008421	715.582068
0.008424	715.994429
0.008428	716.409308
0.008431	716.805664
0.008434	717.202001
0.008437	717.604848
0.008441	718.022851
0.008444	718.43316
0.008447	718.8262
0.00845	719.227855
0.008453	719.641682
0.008456	720.039889
0.008459	720.442776
0.008462	720.838638
0.008465	721.234166
0.008468	721.629612
0.008472	722.037444
0.008475	722.445417
0.008478	722.851177
0.008481	723.241336
0.008485	723.635276
0.008488	724.033129
0.008491	724.436381
0.008494	724.830837
0.008497	725.223221
0.0085	725.626938
0.008503	726.020332
0.008506	726.417295
0.008509	726.806181
0.008513	727.223445
0.008515	727.623351
0.008518	728.009658
0.008521	728.396946
0.008524	728.780635
0.008527	729.167154
0.008531	729.542381
0.008534	729.939274
0.008537	730.344831
0.00854	730.744706
0.008543	731.148736
0.008547	731.582652
0.00855	731.982699
0.008553	732.38866
0.008556	732.810848
0.00856	733.228234
0.008563	733.643618
0.008566	734.040339
0.008569	734.436321
0.008572	734.833386
0.008575	735.216822
0.008578	735.59398
0.008581	735.992449
0.008584	736.389251
0.008588	736.784678
0.008591	737.17325
0.008594	737.575955
0.008597	737.963951
0.0086	738.357336
0.008603	738.75988
0.008606	739.202339
0.008609	739.600667
0.008612	739.992939
0.008615	740.376992
0.008619	740.775199
0.008622	741.165641
0.008625	741.560198
0.008628	741.954422
0.008631	742.348302
0.008634	742.736358
0.008638	743.124455
0.008641	743.506768
0.008644	743.894158
0.008647	744.284549
0.00865	744.687842
0.008653	745.09169
0.008657	745.484731
0.00866	745.872676
0.008663	746.258589
0.008667	746.653389
0.00867	747.04837
0.008673	747.447538
0.008676	747.836939
0.008679	748.233609
0.008682	748.620159
0.008685	749.020873
0.008688	749.41998
0.008691	749.829126
0.008694	750.230396
0.008697	750.630878
0.0087	751.019975
0.008703	751.446824
0.008706	751.839258
0.008709	752.218832
0.008712	752.612146
0.008715	753.026994
0.008718	753.409247
0.008721	753.792309
0.008724	754.185592
0.008727	754.600319
0.00873	755.013469
0.008734	755.431219
0.008737	755.834228
0.008739	756.209576
0.008743	756.597996
0.008745	756.990996
0.008748	757.382339
0.008751	757.791707
0.008755	758.19966
0.008758	758.594399
0.008761	758.991959
0.008764	759.380177
0.008767	759.75785
0.008769	760.143672
0.008773	760.545822
0.008776	760.948275
0.008778	761.340204
0.008782	761.754931
0.008785	762.175845
0.008788	762.593514
0.008791	762.992095
0.008794	763.401837
0.008798	763.822206
0.008801	764.234799
0.008804	764.638162
0.008807	765.03646
0.00881	765.433282
0.008813	765.833926
0.008816	766.228897
0.008819	766.620806
0.008822	767.005354
0.008825	767.406786
0.008828	767.799867
0.008831	768.190855
0.008834	768.554708
0.008837	768.953693
0.008841	769.36199
0.008843	769.769185
0.008846	770.180262
0.008849	770.58683
0.008852	770.987463
0.008856	771.403787
0.008859	771.801034
0.008862	772.194711
0.008865	772.597114
0.008869	772.995432
0.008872	773.388058
0.008875	773.791947
0.008878	774.192206
0.008882	774.627588
0.008884	775.021205
0.008887	775.432656
0.008891	775.852903
0.008893	776.273848
0.008897	776.676432
0.0089	777.083354
0.008903	777.49988
0.008906	777.902364
0.008909	778.302593
0.008912	778.705552
0.008915	779.109885
0.008918	779.506879
0.008921	779.899475
0.008924	780.297176
0.008927	780.694271
0.00893	781.088575
0.008933	781.484032
0.008936	781.886516
0.008939	782.287159
0.008943	782.693373
0.008946	783.093066
0.008949	783.487785
0.008952	783.889278
0.008956	784.289871
0.008958	784.676481
0.008962	785.076872
0.008966	785.482581
0.008968	785.886712
0.008971	786.28957
0.008975	786.690608
0.008978	787.07375
0.00898	787.466639
0.008984	787.878404
0.008987	788.27474
0.00899	788.678498
0.008993	789.069274
0.008996	789.454752
0.008999	789.832799
0.009002	790.22492
0.009005	790.635957
0.009008	791.030837
0.009011	791.43871
0.009014	791.831245
0.009017	792.212052
0.00902	792.625636
0.009023	793.037421
0.009027	793.433293
0.00903	793.839011
0.009033	794.257095
0.009037	794.688018
0.00904	795.093949
0.009043	795.493915
0.009046	795.886258
0.009049	796.282029
0.009052	796.675494
0.009055	797.0681
0.009059	797.496091
0.009062	797.918916
0.009065	798.338344
0.009068	798.746722
0.009072	799.142664
0.009075	799.550587
0.009078	799.96865
0.009081	800.384843
0.009084	800.780835
0.009087	801.198009
0.009091	801.626465
0.009094	802.033084
0.009097	802.424487
0.0091	802.814039
0.009104	803.220021
0.009107	803.630592
0.00911	804.039314
0.009114	804.446448
0.009117	804.850792
0.00912	805.254691
0.009124	805.657285
0.009127	806.059233
0.00913	806.454467
0.009133	806.850218
0.009136	807.258373
0.009139	807.666548
0.009143	808.08174
0.009146	808.469716
0.009149	808.867822
0.009152	809.252511
0.009155	809.658483
0.009158	810.045973
0.009161	810.441662
0.009164	810.839333
0.009167	811.237348
0.009171	811.640873
0.009174	812.05194
0.009178	812.456284
0.009181	812.855623
0.009184	813.264001
0.009187	813.671923
0.00919	814.060384
0.009193	814.460077
0.009196	814.882842
0.009199	815.30048
0.009203	815.711284
0.009206	816.12773
0.00921	816.57395
0.009213	816.989708
0.009217	817.41323
0.00922	817.821982
0.009224	818.236355
0.009227	818.64452
0.00923	819.063726
0.009233	819.481931
0.009237	819.882685
0.00924	820.300627
0.009243	820.716537
0.009247	821.135773
0.00925	821.525406
0.009253	821.9362
0.009256	822.334397
0.009259	822.730117
0.009262	823.133814
0.009266	823.545063
0.009269	823.9396
0.009272	824.339131
0.009275	824.728279
0.009278	825.120248
0.009281	825.536724
0.009284	825.956112
0.009287	826.378259
0.00929	826.767984
0.009293	827.164462
0.009296	827.57285
0.009299	827.990387
0.009303	828.390535
0.009306	828.793838
0.009309	829.223032
0.009312	829.629954
0.009315	830.023267
0.009318	830.448418
0.009321	830.87924
0.009325	831.295877
0.009328	831.69187
0.009331	832.092322
0.009335	832.510749
0.009338	832.923929
0.009342	833.328465
0.009345	833.741018
0.009348	834.146413
0.009351	834.546066
0.009354	834.955616
0.009358	835.36732
0.009361	835.782027
0.009364	836.192588
0.009367	836.596548
0.00937	836.98245
0.009373	837.373328
0.009376	837.779714
0.009379	838.184128
0.009382	838.582739
0.009385	838.990864
0.009389	839.396745
0.009392	839.799794
0.009395	840.195383
0.009398	840.604033
0.009401	840.998934
0.009405	841.405806
0.009408	841.811393
0.009411	842.223885
0.009414	842.640776
0.009417	843.053208
0.009421	843.452971
0.009424	843.862229
0.009427	844.271183
0.009429	844.668793
0.009432	845.061399
0.009435	845.466117
0.009438	845.861149
0.009441	846.266534
0.009444	846.671899
0.009448	847.088961
0.009451	847.520188
0.009454	847.913592
0.009457	848.323628
0.00946	848.721967
0.009463	849.135389
0.009466	849.537711
0.009469	849.941408
0.009473	850.341303
0.009476	850.7432
0.009479	851.134532
0.009482	851.536935
0.009485	851.940561
0.009488	852.355237
0.009492	852.775696
0.009495	853.182679
0.009498	853.590116
0.009501	853.993024
0.009503	854.383204
0.009507	854.775082
0.00951	855.163876
0.009513	855.564216
0.009516	855.960492
0.00952	856.371923
0.009522	856.769655
0.009526	857.149724
0.009529	857.54605
0.009532	857.951203
0.009536	858.345143
0.009539	858.744129
0.009542	859.144095
0.009545	859.524366
0.009548	859.934271
0.009551	860.326664
0.009554	860.722061
0.009557	861.113625
0.00956	861.522832
0.009564	861.938246
0.009567	862.352832
0.00957	862.76406
0.009573	863.195671
0.009577	863.614786
0.00958	864.026924
0.009583	864.425616
0.009586	864.814724
0.009589	865.213659
0.009592	865.618225
0.009596	866.038503
0.009599	866.461954
0.009602	866.864509
0.009605	867.272896
0.009609	867.681769
0.009612	868.083747
0.009615	868.484472
0.009618	868.887107
0.009622	869.295828
0.009625	869.701537
0.009628	870.111492
0.009631	870.520698
0.009634	870.93123
0.009637	871.347129
0.00964	871.749067
0.009643	872.138235
0.009646	872.533197
0.009649	872.96136
0.009652	873.392698
0.009656	873.811549
0.009659	874.234031
0.009662	874.628365
0.009664	875.012358
0.009668	875.415579
0.00967	875.833127
0.009674	876.229696
0.009677	876.629874
0.00968	877.034855
0.009683	877.449561
0.009687	877.873691
0.00969	878.285263
0.009693	878.698403
0.009697	879.094234
0.0097	879.489357
0.009702	879.891618
0.009705	880.303413
0.009708	880.700781
0.009711	881.07713
0.009714	881.466298
0.009717	881.879286
0.00972	882.262904
0.009723	882.645167
0.009727	883.02922
0.00973	883.435171
0.009733	883.860554
0.009736	884.271843
0.00974	884.680524
0.009743	885.093785
0.009747	885.502982
0.00975	885.906375
0.009753	886.303945
0.009756	886.697148
0.009759	887.090785
0.009762	887.500315
0.009766	887.908197
0.009769	888.314684
0.009772	888.718573
0.009775	889.129418
0.009779	889.53819
0.009782	889.932808
0.009784	890.332298
0.009788	890.738624
0.009791	891.15235
0.009794	891.574184
0.009797	891.968812
0.0098	892.374359
0.009803	892.781078
0.009807	893.17882
0.00981	893.583679
0.009813	893.981603
0.009816	894.385856
0.009819	894.789057
0.009822	895.199285
0.009826	895.58258
0.009829	895.974549
0.009832	896.376173
0.009835	896.788837
0.009838	897.189016
0.009841	897.58796
0.009844	897.98735
0.009847	898.395687
0.009851	898.811981
0.009854	899.220561
0.009857	899.607192
0.00986	900.004732
0.009863	900.395174
0.009866	900.805523
0.009869	901.198079
0.009873	901.601502
0.009876	902.013681
0.009879	902.406217
0.009882	902.812158
0.009885	903.201458
0.009888	903.596571
0.009891	903.994151
0.009894	904.394218
0.009897	904.801989
0.0099	905.202572
0.009903	905.606966
0.009907	905.999289
0.009909	906.397961
0.009913	906.788656
0.009916	907.190442
0.009919	907.605037
0.009922	908.021099
0.009925	908.445673
0.009928	908.856416
0.009932	909.280353
0.009935	909.697426
0.009938	910.117946
0.00994	910.515303
0.009943	910.917453
0.009946	911.327388
0.009949	911.741973
0.009952	912.159895
0.009955	912.571123
0.009958	912.982291
0.009961	913.395856
0.009965	913.827729
0.009968	914.253911
0.009971	914.665008
0.009974	915.060404
0.009977	915.450311
0.00998	915.849873
0.009983	916.247958
0.009987	916.662382
0.00999	917.084762
0.009993	917.498225
0.009996	917.903691
0.009999	918.31683
0.010002	918.719011
0.010006	919.13126
0.010009	919.543591
0.010012	919.959167
0.010015	920.371953
0.010018	920.769108
0.010021	921.173654
0.010024	921.591849
0.010027	921.995313
0.01003	922.407593
0.010033	922.82417
0.010036	923.238523
0.010039	923.649994
0.010042	924.058291
0.010046	924.490741
0.010049	924.89009
0.010052	925.297639
0.010055	925.69896
0.010058	926.11211
0.010062	926.535248
0.010065	926.952836
0.010068	927.365955
0.010071	927.783028
0.010074	928.214092
0.010077	928.637433
0.01008	929.055911
0.010083	929.455301
0.010087	929.855054
0.01009	930.251007
0.010092	930.656917
0.010096	931.048967
0.010099	931.469346
0.010102	931.888137
0.010105	932.287294
0.010108	932.701788
0.010111	933.088015
0.010114	933.494168
0.010117	933.885915
0.01012	934.291138
0.010123	934.693308
0.010126	935.087623
0.010129	935.478945
0.010132	935.865424
0.010135	936.285256
0.010138	936.698932
0.010141	937.117096
0.010145	937.528688
0.010148	937.940999
0.010151	938.355665
0.010155	938.772242
0.010158	939.183066
0.010161	939.593102
0.010164	940.008941
0.010167	940.410181
0.01017	940.817699
0.010173	941.226279
0.010176	941.622505
0.010179	942.031782
0.010182	942.436712
0.010185	942.842694
0.010188	943.23162
0.010191	943.624953
0.010194	944.029681
0.010197	944.438554
0.0102	944.83111
0.010202	945.228326
0.010205	945.628252
0.010208	946.038075
0.010211	946.458777
0.010214	946.878205
0.010217	947.297411
0.010221	947.69581
0.010224	948.098344
0.010227	948.496176
0.01023	948.902876
0.010233	949.3174
0.010236	949.742702
0.010239	950.158359
0.010242	950.558598
0.010245	950.987671
0.010249	951.413449
0.010252	951.833534
0.010255	952.252426
0.010258	952.658772
0.010262	953.082881
0.010265	953.484939
0.010268	953.898635
0.010271	954.305031
0.010274	954.719869
0.010277	955.125335
0.01028	955.549758
0.010284	955.968993
0.010287	956.365087
0.01029	956.783848
0.010293	957.192731
0.010297	957.633249
0.0103	958.058875
0.010303	958.472712
0.010305	958.883657
0.010309	959.288992
0.010312	959.704588
0.010315	960.116262
0.010318	960.52651
0.010321	960.941166
0.010325	961.355822
0.010327	961.756718
0.01033	962.163579
0.010333	962.561948
0.010337	962.986178
0.01034	963.409357
0.010343	963.824953
0.010346	964.235849
0.01035	964.6427
0.010352	965.052553
0.010356	965.471425
0.010358	965.881764
0.010361	966.282873
0.010365	966.67378
0.010368	967.086232
0.010371	967.493528
0.010374	967.910924
0.010378	968.323305
0.010381	968.742713
0.010384	969.164436
0.010387	969.561026
0.01039	969.943693
0.010393	970.349018
0.010396	970.766302
0.0104	971.177278
0.010403	971.583422
0.010406	971.973722
0.010409	972.379492
0.010412	972.800861
0.010415	973.21675
0.010418	973.625714
0.010421	974.025731
0.010424	974.435736
0.010428	974.855458
0.01043	975.274239
0.010434	975.686074
0.010437	976.092308
0.01044	976.494135
0.010443	976.919194
0.010446	977.333992
0.01045	977.739811
0.010453	978.140738
0.010456	978.565989
0.01046	978.977714
0.010463	979.397303
0.010466	979.828681
0.010469	980.248827
0.010472	980.65398
0.010475	981.06533
0.010479	981.485941
0.010482	981.898737
0.010485	982.324453
0.010489	982.733205
0.010492	983.142604
0.010495	983.57745
0.010498	984.003277
0.010501	984.407267
0.010504	984.815695
0.010508	985.225762
0.010511	985.650275
0.010515	986.083675
0.010518	986.502719
0.010521	986.921187
0.010524	987.346115
0.010527	987.760659
0.010531	988.180775
0.010534	988.582945
0.010537	989.001089
0.01054	989.405342
0.010543	989.820473
0.010546	990.212422
0.010549	990.610912
0.010553	991.033717
0.010556	991.450496
0.01056	991.882956
0.010563	992.305771
0.010566	992.719547
0.01057	993.12378
0.010573	993.52507
0.010576	993.921589
0.010578	994.320685
0.010581	994.717568
0.010585	995.1089
0.010587	995.513769
0.01059	995.917901
0.010593	996.325864
0.010596	996.732654
0.0106	997.14268
0.010603	997.53381
0.010605	997.947788
0.010609	998.362181
0.010612	998.767142
0.010614	999.15721
0.010618	999.577326
0.010621	999.992224
0.010624	1000.41236
0.010627	1000.817877
0.01063	1001.231481
0.010633	1001.642386
0.010636	1002.070054
0.01064	1002.492465
0.010643	1002.901742
0.010646	1003.296471
0.010649	1003.696235
0.010652	1004.110325
0.010655	1004.52216
0.010658	1004.939849
0.010661	1005.350866
0.010664	1005.763136
0.010668	1006.164507
0.010671	1006.602548
0.010674	1007.025323
0.010677	1007.443386
0.01068	1007.852855
0.010683	1008.263771
0.010686	1008.666375
0.010689	1009.072104
0.010692	1009.479895
0.010695	1009.895148
0.010698	1010.295488
0.010701	1010.665407
0.010704	1011.056062
0.010707	1011.469444
0.01071	1011.901601
0.010714	1012.32481
0.010717	1012.744278
0.01072	1013.161512
0.010724	1013.571679
0.010727	1014.004079
0.010731	1014.423931
0.010734	1014.856118
0.010737	1015.272524
0.01074	1015.67713
0.010743	1016.072537
0.010746	1016.481025
0.01075	1016.891536
0.010753	1017.326756
0.010756	1017.744516
0.010759	1018.16174
0.010763	1018.569552
0.010766	1018.987099
0.010769	1019.389967
0.010772	1019.79426
0.010775	1020.203346
0.010779	1020.610722
0.010782	1021.045204
0.010785	1021.471416
0.010789	1021.898993
0.010792	1022.3156
0.010795	1022.715081
0.010798	1023.121821
0.010801	1023.542937
0.010805	1023.97194
0.010808	1024.401983
0.010812	1024.803749
0.010815	1025.215119
0.010819	1025.622253
0.010822	1026.091322
0.010826	1026.540605
0.010829	1026.943958
0.010832	1027.362335
0.010835	1027.77601
0.010838	1028.183266
0.01084	1028.593564
0.010844	1028.999798
0.010847	1029.423159
0.010849	1029.832851
0.010852	1030.251875
0.010856	1030.67745
0.010858	1031.092662
0.010862	1031.511918
0.010865	1031.930123
0.010868	1032.343404
0.010871	1032.757342
0.010875	1033.181593
0.010878	1033.603579
0.010882	1034.015293
0.010885	1034.421163
0.010888	1034.832867
0.010891	1035.235826
0.010894	1035.657842
0.010898	1036.089139
0.0109	1036.509831
0.010903	1036.922667
0.010906	1037.346382
0.010909	1037.772816
0.010913	1038.197855
0.010916	1038.63164
0.010919	1039.053514
0.010922	1039.460699
0.010925	1039.862333
0.010929	1040.276615
0.010932	1040.695144
0.010935	1041.121153
0.010938	1041.540076
0.010941	1041.962891
0.010944	1042.376596
0.010948	1042.791586
0.01095	1043.226705
0.010954	1043.654747
0.010957	1044.062235
0.01096	1044.48321
0.010964	1044.909745
0.010967	1045.32708
0.01097	1045.743394
0.010973	1046.164076
0.010976	1046.573738
0.01098	1046.981266
0.010984	1047.394992
0.010987	1047.819223
0.01099	1048.225012
0.010993	1048.640345
0.010996	1049.051311
0.010999	1049.452298
0.011002	1049.852477
0.011005	1050.279245
0.011008	1050.70667
0.011012	1051.124329
0.011015	1051.554858
0.011018	1051.990785
0.011021	1052.418767
0.011024	1052.833706
0.011027	1053.24081
0.011031	1053.646811
0.011034	1054.046848
0.011037	1054.479076
0.01104	1054.904024
0.011043	1055.31868
0.011047	1055.739827
0.01105	1056.172549
0.011053	1056.589359
0.011056	1057.016824
0.011059	1057.445776
0.011063	1057.869855
0.011066	1058.289445
0.011069	1058.715919
0.011072	1059.130848
0.011075	1059.550226
0.011079	1059.965246
0.011082	1060.383532
0.011085	1060.787178
0.011088	1061.206575
0.011091	1061.640097
0.011094	1062.065894
0.011097	1062.4879
0.0111	1062.899028
0.011104	1063.312602
0.011106	1063.720373
0.01111	1064.11396
0.011113	1064.506343
0.011115	1064.911011
0.011119	1065.329953
0.011122	1065.757106
0.011125	1066.161581
0.011128	1066.547979
0.011131	1066.945296
0.011134	1067.334424
0.011137	1067.748049
0.01114	1068.169246
0.011143	1068.575066
0.011147	1068.976337
0.01115	1069.395866
0.011153	1069.821592
0.011156	1070.244286
0.011159	1070.656809
0.011162	1071.064792
0.011165	1071.485201
0.011168	1071.896632
0.011171	1072.29404
0.011174	1072.708362
0.011177	1073.107641
0.01118	1073.509144
0.011183	1073.90272
0.011186	1074.294062
0.011188	1074.687699
0.011191	1075.072136
0.011195	1075.476561
0.011197	1075.893613
0.0112	1076.285582
0.011203	1076.682768
0.011207	1077.082683
0.011209	1077.497997
0.011213	1077.90141
0.011216	1078.312942
0.01122	1078.749638
0.011223	1079.160716
0.011225	1079.56058
0.011228	1079.962376
0.011231	1080.35937
0.011235	1080.778738
0.011238	1081.191503
0.011241	1081.597687
0.011244	1082.015629
0.011247	1082.431639
0.011249	1082.840907
0.011252	1083.234605
0.011255	1083.640809
0.011258	1084.075382
0.011262	1084.50771
0.011265	1084.927735
0.011268	1085.347051
0.011271	1085.724512
0.011274	1086.123043
0.011277	1086.516629
0.01128	1086.933955
0.011283	1087.3623
0.011286	1087.789179
0.011289	1088.209567
0.011292	1088.632999
0.011295	1089.042256
0.011298	1089.462311
0.011301	1089.861822
0.011304	1090.265206
0.011307	1090.67968
0.011311	1091.106033
0.011313	1091.514957
0.011316	1091.920443
0.011319	1092.338213
0.011323	1092.731729
0.011326	1093.136325
0.011329	1093.551871
0.011332	1093.968549
0.011335	1094.386299
0.011338	1094.780937
0.011341	1095.183996
0.011344	1095.604567
0.011347	1096.011034
0.01135	1096.446092
0.011353	1096.869594
0.011356	1097.279226
0.011359	1097.710978
0.011362	1098.126352
0.011365	1098.540836
0.011368	1098.959
0.011371	1099.382705
0.011374	1099.802305
0.011377	1100.209095
0.01138	1100.623751
0.011383	1101.028287
0.011386	1101.438798
0.011389	1101.863564
0.011392	1102.271325
0.011395	1102.674739
0.011398	1103.082106
0.011401	1103.497439
0.011403	1103.91443
0.011406	1104.329198
0.011409	1104.720368
0.011412	1105.132911
0.011415	1105.555382
0.011418	1105.96748
0.011421	1106.376262
0.011425	1106.800837
0.011428	1107.215432
0.011431	1107.633212
0.011434	1108.052903
0.011438	1108.469682
0.011441	1108.881619
0.011444	1109.310358
0.011447	1109.70442
0.01145	1110.110371
0.011453	1110.507132
0.011456	1110.909302
0.011459	1111.313696
0.011461	1111.728575
0.011464	1112.137994
0.011468	1112.551336
0.011471	1112.955912
0.011473	1113.364087
0.011477	1113.782444
0.011479	1114.183987
0.011482	1114.594933
0.011486	1115.005434
0.011488	1115.410455
0.011491	1115.82138
0.011494	1116.247228
0.011497	1116.665413
0.0115	1117.087641
0.011503	1117.527684
0.011506	1117.952723
0.011509	1118.355621
0.011512	1118.759429
0.011515	1119.177421
0.011518	1119.593017
0.01152	1119.987898
0.011524	1120.385367
0.011526	1120.804158
0.01153	1121.221261
0.011532	1121.644247
0.011536	1122.069347
0.011539	1122.488078
0.011542	1122.904068
0.011545	1123.31377
0.011547	1123.720227
0.01155	1124.135692
0.011553	1124.531624
0.011556	1124.938758
0.011559	1125.353697
0.011562	1125.795732
0.011566	1126.233378
0.011569	1126.645183
0.011572	1127.056048
0.011574	1127.455832
0.011577	1127.808938
0.01158	1128.215546
0.011583	1128.625582
0.011587	1129.042149
0.011589	1129.448868
0.011592	1129.83927
0.011595	1130.241653
0.011598	1130.647108
0.011601	1131.063433
0.011604	1131.471315
0.011607	1131.879096
0.01161	1132.301052
0.011613	1132.726536
0.011617	1133.144892
0.01162	1133.559022
0.011623	1133.986286
0.011626	1134.406391
0.011629	1134.805761
0.011633	1135.220841
0.011636	1135.649328
0.011639	1136.080282
0.011643	1136.514875
0.011646	1136.943159
0.011649	1137.371474
0.011652	1137.776172
0.011655	1138.190545
0.011658	1138.609588
0.011661	1139.018017
0.011663	1139.409217
0.011666	1139.828939
0.01167	1140.243392
0.011673	1140.655501
0.011676	1141.05116
0.011679	1141.448103
0.011682	1141.855672
0.011685	1142.268498
0.011688	1142.706023
0.011691	1143.138089
0.011694	1143.571479
0.011697	1143.983425
0.011701	1144.391722
0.011703	1144.803032
0.011706	1145.231549
0.01171	1145.631656
0.011713	1146.048092
0.011716	1146.465882
0.011719	1146.883986
0.011722	1147.256381
0.011726	1147.649432
0.011729	1148.055151
0.011732	1148.462133
0.011735	1148.884746
0.011738	1149.289191
0.011741	1149.705121
0.011744	1150.117694
0.011746	1150.520572
0.01175	1150.947694
0.011753	1151.378607
0.011756	1151.813362
0.011759	1152.220779
0.011762	1152.616903
0.011765	1153.02154
0.011768	1153.428826
0.011771	1153.85064
0.011774	1154.268451
0.011777	1154.686847
0.01178	1155.103667
0.011783	1155.522913
0.011786	1155.937781
0.011789	1156.365449
0.011792	1156.780661
0.011795	1157.19647
0.011798	1157.588762
0.011801	1157.994613
0.011804	1158.400938
0.011807	1158.811014
0.01181	1159.209625
0.011813	1159.623806
0.011816	1160.020557
0.01182	1160.435436
0.011823	1160.846745
0.011826	1161.258176
0.011829	1161.649953
0.011833	1162.081008
0.011836	1162.514782
0.011839	1162.93601
0.011842	1163.350646
0.011846	1163.756728
0.011849	1164.16916
0.011853	1164.591025
0.011856	1165.050822
0.011859	1165.472121
0.011863	1165.901861
0.011866	1166.331986
0.011869	1166.744994
0.011872	1167.169113
0.011875	1167.590785
0.011878	1168.021183
0.011882	1168.447698
0.011885	1168.889813
0.011889	1169.32383
0.011892	1169.738243
0.011895	1170.145024
0.011899	1170.569143
0.011902	1170.997104
0.011905	1171.395675
0.011908	1171.795469
0.011911	1172.218435
0.011914	1172.635467
0.011918	1173.039295
0.011921	1173.441354
0.011924	1173.830968
0.011927	1174.239426
0.01193	1174.67411
0.011933	1175.098927
0.011937	1175.517728
0.01194	1175.927178
0.011944	1176.356867
0.011947	1176.761686
0.01195	1177.155485
0.011953	1177.565966
0.011955	1177.993431
0.011958	1178.413244
0.011962	1178.825089
0.011965	1179.243142
0.011968	1179.650337
0.011971	1180.065579
0.011974	1180.469054
0.011977	1180.880161
0.01198	1181.2877
0.011983	1181.724072
0.011986	1182.139588
0.011989	1182.560987
0.011992	1182.962803
0.011995	1183.370584
0.011999	1183.788547
0.012002	1184.188391
0.012005	1184.600965
0.012008	1185.01003
0.012011	1185.416315
0.012014	1185.820032
0.012017	1186.241916
0.01202	1186.651507
0.012023	1187.056832
0.012026	1187.463865
0.012029	1187.872222
0.012032	1188.27781
0.012035	1188.690524
0.012039	1189.088286
0.012042	1189.513952
0.012045	1189.932551
0.012048	1190.340757
0.012051	1190.762763
0.012055	1191.175266
0.012058	1191.598303
0.012061	1192.015264
0.012064	1192.430871
0.012067	1192.83482
0.012071	1193.261063
0.012073	1193.67313
0.012077	1194.091042
0.01208	1194.513331
0.012083	1194.922993
0.012086	1195.321088
0.012089	1195.720478
0.012093	1196.134063
0.012096	1196.552965
0.012099	1196.97949
0.012102	1197.39905
0.012105	1197.794527
0.012108	1198.186071
0.012111	1198.58815
0.012114	1198.993647
0.012117	1199.407059
0.01212	1199.828469
0.012123	1200.238717
0.012126	1200.631262
0.012129	1201.028731
0.012132	1201.440566
0.012135	1201.857012
0.012139	1202.250346
0.012142	1202.6336
0.012145	1203.042705
0.012148	1203.464176
0.012151	1203.893572
0.012154	1204.282943
0.012156	1204.674477
0.012159	1205.082835
0.012162	1205.495782
0.012165	1205.903331
0.012168	1206.329623
0.012172	1206.738284
0.012175	1207.149897
0.012177	1207.54134
0.01218	1207.93799
0.012184	1208.349846
0.012187	1208.764724
0.01219	1209.190188
0.012193	1209.611284
0.012196	1210.01304
0.0122	1210.427302
0.012203	1210.847741
0.012206	1211.26547
0.012209	1211.66485
0.012212	1212.076958
0.012215	1212.497195
0.012218	1212.920586
0.012221	1213.330996
0.012224	1213.754094
0.012227	1214.181054
0.012231	1214.589058
0.012234	1215.000489
0.012237	1215.414498
0.01224	1215.819903
0.012243	1216.231526
0.012246	1216.637902
0.012249	1217.053245
0.012252	1217.460582
0.012256	1217.870446
0.012259	1218.273627
0.012261	1218.684643
0.012264	1219.099168
0.012267	1219.511539
0.012271	1219.926882
0.012273	1220.337545
0.012277	1220.749188
0.01228	1221.157354
0.012283	1221.571636
0.012285	1221.973614
0.012288	1222.391454
0.012291	1222.788498
0.012294	1223.1972
0.012297	1223.619115
0.012301	1224.025248
0.012304	1224.45883
0.012307	1224.873041
0.01231	1225.283866
0.012314	1225.701292
0.012316	1226.094171
0.012319	1226.494693
0.012322	1226.912473
0.012325	1227.315937
0.012328	1227.713184
0.012331	1228.102848
0.012334	1228.509385
0.012337	1228.917611
0.01234	1229.330447
0.012343	1229.758944
0.012346	1230.160791
0.012349	1230.582473
0.012352	1230.988182
0.012355	1231.402363
0.012359	1231.836774
0.012362	1232.244565
0.012365	1232.652781
0.012369	1233.06581
0.012372	1233.491658
0.012375	1233.912238
0.012378	1234.32929
0.012381	1234.74065
0.012384	1235.151829
0.012387	1235.562764
0.01239	1235.943996
0.012393	1236.332973
0.012396	1236.74593
0.0124	1237.172445
0.012403	1237.594411
0.012406	1238.007449
0.012409	1238.395283
0.012413	1238.802812
0.012415	1239.210371
0.012418	1239.598862
0.012422	1240.008038
0.012425	1240.415283
0.012428	1240.824288
0.012431	1241.218289
0.012433	1241.619873
0.012436	1242.027229
0.012439	1242.431735
0.012442	1242.842872
0.012445	1243.242798
0.012448	1243.651641
0.012451	1244.067955
0.012454	1244.484835
0.012457	1244.901968
0.01246	1245.30706
0.012463	1245.724648
0.012467	1246.127293
0.01247	1246.549016
0.012473	1246.953077
0.012476	1247.36743
0.012479	1247.78891
0.012483	1248.217245
0.012487	1248.671139
0.01249	1249.102729
0.012493	1249.519438
0.012496	1249.930029
0.012498	1250.32398
0.012501	1250.720974
0.012504	1251.123922
0.012507	1251.528195
0.01251	1251.953325
0.012513	1252.34954
0.012516	1252.750063
0.012519	1253.153011
0.012522	1253.557234
0.012525	1253.967947
0.012527	1254.35296
0.01253	1254.743706
0.012533	1255.154904
0.012536	1255.551433
0.012539	1255.964481
0.012543	1256.372889
0.012546	1256.787889
0.012549	1257.185671
0.012552	1257.575305
0.012555	1257.972116
0.012558	1258.367624
0.012561	1258.766488
0.012564	1259.165797
0.012567	1259.562336
0.01257	1259.973069
0.012573	1260.389525
0.012576	1260.798499
0.012579	1261.195351
0.012581	1261.601585
0.012585	1262.005545
0.012587	1262.4036
0.01259	1262.797166
0.012593	1263.195687
0.012596	1263.587767
0.012599	1263.988896
0.012602	1264.395383
0.012605	1264.795966
0.012608	1265.194294
0.012611	1265.603571
0.012614	1266.01661
0.012617	1266.420529
0.012619	1266.811426
0.012622	1267.196136
0.012625	1267.611025
0.012628	1268.006502
0.012631	1268.406326
0.012634	1268.817505
0.012637	1269.216581
0.01264	1269.620419
0.012643	1270.037684
0.012646	1270.430805
0.012649	1270.843571
0.012652	1271.264404
0.012655	1271.654634
0.012657	1272.041002
0.01266	1272.43745
0.012663	1272.824091
0.012666	1273.213542
0.012669	1273.586504
0.012671	1273.962519
0.012675	1274.362637
0.012678	1274.781125
0.012681	1275.20951
0.012684	1275.617322
0.012687	1276.034293
0.01269	1276.458362
0.012693	1276.876486
0.012696	1277.298118
0.0127	1277.705242
0.012703	1278.101123
0.012706	1278.516861
0.012709	1278.937967
0.012712	1279.353786
0.012715	1279.763529
0.012718	1280.182714
0.012721	1280.597744
0.012724	1281.0133
0.012728	1281.433597
0.012731	1281.850629
0.012733	1282.265821
0.012737	1282.688232
0.01274	1283.106487
0.012743	1283.526047
0.012746	1283.931856
0.012749	1284.34167
0.012753	1284.74018
0.012756	1285.157707
0.01276	1285.596425
0.012764	1286.019968
0.012767	1286.429468
0.01277	1286.858339
0.012773	1287.278616
0.012776	1287.679775
0.01278	1288.080762
0.012783	1288.480931
0.012786	1288.888479
0.012789	1289.294673
0.012792	1289.720238
0.012795	1290.13999
0.012799	1290.559054
0.012802	1290.989401
0.012806	1291.417837
0.012809	1291.842198
0.012812	1292.25464
0.012815	1292.659257
0.012818	1293.084448
0.012821	1293.498548
0.012824	1293.912597
0.012827	1294.328487
0.01283	1294.728281
0.012833	1295.142967
0.012836	1295.535017
0.012839	1295.935398
0.012842	1296.333453
0.012845	1296.742731
0.012848	1297.171096
0.012851	1297.604981
0.012855	1298.030506
0.012858	1298.44127
0.012861	1298.879037
0.012864	1299.293087
0.012867	1299.696359
0.012871	1300.092594
0.012873	1300.484765
0.012877	1300.899159
0.01288	1301.312864
0.012883	1301.734254
0.012886	1302.156705
0.01289	1302.566316
0.012893	1302.988514
0.012897	1303.417243
0.0129	1303.856194
0.012903	1304.283013
0.012906	1304.704442
0.01291	1305.127985
0.012912	1305.555208
0.012916	1305.968499
0.012919	1306.394064
0.012922	1306.823693
0.012926	1307.260349
0.012929	1307.684407
0.012932	1308.092138
0.012935	1308.527874
0.012939	1308.964873
0.012942	1309.392278
0.012945	1309.794559
0.012947	1310.193312
0.012951	1310.600022
0.012954	1311.026395
0.012958	1311.439232
0.012961	1311.869872
0.012964	1312.274488
0.012967	1312.697607
0.01297	1313.104053
0.012973	1313.502452
0.012977	1313.920232
0.012981	1314.345585
0.012983	1314.76845
0.012987	1315.181428
0.01299	1315.587278
0.012993	1316.002319
0.012997	1316.425679
0.013	1316.846331
0.013003	1317.267821
0.013006	1317.69282
0.01301	1318.115766
0.013013	1318.534022
0.013017	1318.945756
0.01302	1319.370987
0.013023	1319.767313
0.013026	1320.158453
0.013029	1320.557186
0.013032	1320.956677
0.013035	1321.355864
0.013038	1321.765192
0.013042	1322.168576
0.013045	1322.578632
0.013048	1322.993611
0.013052	1323.387026
0.013055	1323.771109
0.013057	1324.160551
0.013061	1324.569393
0.013064	1324.979581
0.013067	1325.365595
0.013071	1325.759707
0.013074	1326.155447
0.013077	1326.561014
0.013081	1326.977642
0.013084	1327.40263
0.013087	1327.811645
0.01309	1328.203917
0.013093	1328.597211
0.013096	1329.010744
0.0131	1329.423227
0.013103	1329.829593
0.013106	1330.246968
0.013109	1330.661493
0.013112	1331.072843
0.013115	1331.481403
0.013119	1331.889244
0.013122	1332.302536
0.013126	1332.711095
0.013129	1333.106289
0.013132	1333.531662
0.013135	1333.944094
0.013138	1334.346871
0.013141	1334.754824
0.013145	1335.164263
0.013148	1335.585349
0.013151	1335.978673
0.013155	1336.408211
0.013158	1336.828377
0.013161	1337.237048
0.013164	1337.636195
0.013167	1338.026567
0.01317	1338.428484
0.013173	1338.833353
0.013177	1339.235544
0.01318	1339.652788
0.013184	1340.072337
0.013187	1340.491614
0.01319	1340.899223
0.013193	1341.323979
0.013197	1341.741294
0.0132	1342.155687
0.013203	1342.584639
0.013206	1342.987325
0.01321	1343.400353
0.013213	1343.807548
0.013216	1344.206786
0.013219	1344.607702
0.013221	1344.997376
0.013225	1345.422011
0.013228	1345.831309
0.013231	1346.246865
0.013235	1346.667941
0.013238	1347.085609
0.013242	1347.50531
0.013245	1347.913809
0.013248	1348.324047
0.013251	1348.731758
0.013254	1349.150256
0.013257	1349.566074
0.013261	1350.004792
0.013264	1350.440528
0.013268	1350.865658
0.013271	1351.287391
0.013274	1351.703362
0.013278	1352.117239
0.013281	1352.529358
0.013284	1352.949554
0.013287	1353.374199
0.013291	1353.787824
0.013294	1354.207383
0.013298	1354.627297
0.013301	1355.068967
0.013305	1355.493076
0.013308	1355.907964
0.013311	1356.3125
0.013314	1356.738257
0.013317	1357.135514
0.013321	1357.548289
0.013324	1357.962329
0.013328	1358.355299
0.01333	1358.747075
0.013334	1359.153168
0.013337	1359.577297
0.01334	1359.997696
0.013343	1360.410482
0.013346	1360.811833
0.013349	1361.208533
0.013353	1361.622178
0.013356	1362.053456
0.01336	1362.46979
0.013363	1362.855612
0.013366	1363.25114
0.013369	1363.636385
0.013372	1364.036362
0.013375	1364.439795
0.013378	1364.848567
0.013382	1365.277721
0.013385	1365.701183
0.013389	1366.130216
0.013392	1366.545792
0.013395	1366.96703
0.013398	1367.361971
0.013401	1367.763393
0.013404	1368.17077
0.013407	1368.575831
0.013411	1368.989881
0.013414	1369.389998
0.013417	1369.796283
0.013421	1370.210727
0.013424	1370.617487
0.013427	1371.026674
0.01343	1371.427449
0.013433	1371.826484
0.013436	1372.242981
0.013439	1372.648436
0.013442	1373.058341
0.013446	1373.479892
0.013449	1373.907671
0.013452	1374.313915
0.013455	1374.69999
0.013458	1375.098632
0.01346	1375.487426
0.013464	1375.890516
0.013467	1376.292696
0.01347	1376.723104
0.013473	1377.147779
0.013477	1377.573779
0.01348	1377.980084
0.013483	1378.393648
0.013486	1378.81156
0.013489	1379.244292
0.013493	1379.652771
0.013496	1380.059329
0.013499	1380.458203
0.013502	1380.863508
0.013505	1381.304339
0.013509	1381.739387
0.013512	1382.159432
0.013515	1382.579365
0.013518	1382.986914
0.013521	1383.38503
0.013524	1383.781336
0.013527	1384.193121
0.01353	1384.585979
0.013534	1384.989777
0.013537	1385.399287
0.01354	1385.818371
0.013543	1386.256099
0.013546	1386.690439
0.01355	1387.11836
0.013553	1387.537717
0.013557	1387.953758
0.01356	1388.391384
0.013563	1388.806445
0.013566	1389.217663
0.01357	1389.638952
0.013573	1390.057015
0.013576	1390.487433
0.013579	1390.905364
0.013583	1391.324024
0.013585	1391.738629
0.013589	1392.170291
0.013592	1392.594936
0.013595	1393.007822
0.013598	1393.407889
0.013601	1393.828076
0.013604	1394.231924
0.013607	1394.63277
0.013609	1395.041956
0.013612	1395.442701
0.013616	1395.856346
0.013619	1396.261529
0.013622	1396.685294
0.013626	1397.101851
0.013628	1397.515243
0.013632	1397.928544
0.013635	1398.342331
0.013638	1398.756795
0.013641	1399.172947
0.013644	1399.587189
0.013647	1399.999681
0.01365	1400.419079
0.013653	1400.814839
0.013656	1401.213481
0.013659	1401.623608
0.013662	1402.042894
0.013665	1402.460401
0.013668	1402.895985
0.013672	1403.317122
0.013675	1403.724731
0.013678	1404.134757
0.013681	1404.555226
0.013684	1404.980407
0.013687	1405.404809
0.013691	1405.823509
0.013694	1406.24323
0.013698	1406.661304
0.013701	1407.087354
0.013704	1407.511301
0.013708	1407.91885
0.013711	1408.334213
0.013715	1408.749911
0.013718	1409.170239
0.013721	1409.589404
0.013724	1410.016344
0.013727	1410.439088
0.01373	1410.861791
0.013733	1411.301672
0.013737	1411.707816
0.01374	1412.124079
0.013743	1412.532477
0.013747	1412.946395
0.01375	1413.360424
0.013753	1413.778124
0.013756	1414.177271
0.013759	1414.574578
0.013762	1414.996129
0.013765	1415.423655
0.013769	1415.850524
0.013771	1416.269052
0.013775	1416.682839
0.013778	1417.09702
0.013782	1417.521341
0.013785	1417.938393
0.013788	1418.33843
0.013791	1418.738962
0.013794	1419.161525
0.013798	1419.561946
0.013801	1419.965794
0.013804	1420.376922
0.013807	1420.787534
0.01381	1421.196417
0.013814	1421.60714
0.013818	1422.022302
0.013821	1422.445905
0.013824	1422.887151
0.013827	1423.299623
0.01383	1423.711428
0.013833	1424.098362
0.013836	1424.505668
0.013839	1424.924358
0.013842	1425.342017
0.013845	1425.758321
0.013848	1426.164444
0.013852	1426.572084
0.013854	1426.979258
0.013858	1427.403671
0.013861	1427.84252
0.013864	1428.288477
0.013867	1428.702092
0.01387	1429.114979
0.013873	1429.49982
0.013876	1429.90288
0.013879	1430.316272
0.013882	1430.747468
0.013885	1431.167907
0.013888	1431.58778
0.013892	1432.015498
0.013895	1432.436817
0.013897	1432.85029
0.0139	1433.245151
0.013903	1433.662203
0.013906	1434.075322
0.01391	1434.490079
0.013913	1434.911226
0.013916	1435.331796
0.013919	1435.745078
0.013922	1436.152727
0.013925	1436.557101
0.013927	1436.970554
0.013931	1437.394653
0.013934	1437.808157
0.013937	1438.226584
0.013941	1438.64771
0.013944	1439.077835
0.013947	1439.503915
0.01395	1439.913668
0.013953	1440.323097
0.013957	1440.738279
0.01396	1441.139802
0.013963	1441.540567
0.013967	1441.954475
0.013971	1442.363479
0.013974	1442.789448
0.013977	1443.206895
0.013981	1443.644208
0.013984	1444.069277
0.013988	1444.503122
0.013991	1444.927929
0.013994	1445.339036
0.013997	1445.75438
0.014	1446.171432
0.014004	1446.596491
0.014006	1447.025959
0.01401	1447.468984
0.014014	1447.887006
0.014017	1448.303128
0.01402	1448.716935
0.014023	1449.125242
0.014027	1449.531567
0.014029	1449.936528
0.014033	1450.352033
0.014036	1450.759926
0.014039	1451.17256
0.014042	1451.598003
0.014046	1452.029604
0.014049	1452.441469
0.014052	1452.856318
0.014055	1453.260115
0.014058	1453.672264
0.014062	1454.080268
0.014065	1454.487948
0.014068	1454.896861
0.014071	1455.288962
0.014074	1455.684075
0.014077	1456.091674
0.014081	1456.499829
0.014084	1456.916487
0.014087	1457.331689
0.01409	1457.735052
0.014094	1458.155077
0.014097	1458.582927
0.0141	1459.00556
0.014103	1459.425544
0.014107	1459.883087
0.01411	1460.323706
0.014113	1460.740758
0.014117	1461.166939
0.01412	1461.599207
0.014124	1462.026895
0.014127	1462.426588
0.01413	1462.823572
0.014133	1463.221324
0.014136	1463.61212
0.014139	1464.006596
0.014142	1464.420939
0.014146	1464.843208
0.01415	1465.24093
0.014152	1465.64315
0.014156	1466.052286
0.014159	1466.45296
0.014162	1466.848356
0.014164	1467.262567
0.014167	1467.669378
0.01417	1468.072397
0.014174	1468.479966
0.014177	1468.874978
0.01418	1469.273842
0.014183	1469.670957
0.014186	1470.061491
0.014189	1470.444937
0.014192	1470.839999
0.014194	1471.24223
0.014198	1471.651872
0.014201	1472.065193
0.014204	1472.485096
0.014208	1472.901512
0.014211	1473.29063
0.014214	1473.687087
0.014217	1474.08491
0.014221	1474.486777
0.014224	1474.888684
0.014227	1475.305574
0.01423	1475.730118
0.014234	1476.157351
0.014237	1476.584938
0.01424	1476.997714
0.014243	1477.408245
0.014247	1477.830008
0.01425	1478.266067
0.014254	1478.694605
0.014257	1479.138246
0.01426	1479.557553
0.014263	1479.967852
0.014267	1480.387017
0.01427	1480.813128
0.014273	1481.232829
0.014276	1481.650245
0.01428	1482.077346
0.014283	1482.478839
0.014286	1482.893596
0.014289	1483.319252
0.014293	1483.739904
0.014296	1484.161414
0.014299	1484.591579
0.014302	1485.022917
0.014306	1485.450767
0.014309	1485.869366
0.014312	1486.301441
0.014316	1486.762058
0.014319	1487.21027
0.014322	1487.638928
0.014325	1488.037226
0.014329	1488.480049
0.014332	1488.921274
0.014336	1489.356717
0.014339	1489.770948
0.014342	1490.200557
0.014345	1490.623534
0.014348	1491.026877
0.014352	1491.441897
0.014355	1491.858979
0.014358	1492.286081
0.014362	1492.718864
0.014365	1493.138494
0.014368	1493.55681
0.014371	1493.9856
0.014374	1494.391996
0.014378	1494.800536
0.014381	1495.205769
0.014384	1495.628372
0.014388	1496.050398
0.014391	1496.463952
0.014394	1496.873695
0.014398	1497.285702
0.014401	1497.700388
0.014404	1498.129694
0.014408	1498.554854
0.01441	1498.981592
0.014414	1499.404822
0.014417	1499.832388
0.01442	1500.256346
0.014424	1500.669819
0.014427	1501.076902
0.014431	1501.501052
0.014433	1501.922775
0.014437	1502.351585
0.01444	1502.760832
0.014442	1503.168694
0.014445	1503.573028
0.014449	1504.008551
0.014453	1504.450838
0.014456	1504.8651
0.014459	1505.271375
0.014462	1505.696697
0.014466	1506.112991
0.014469	1506.535209
0.014472	1506.957488
0.014476	1507.390858
0.014479	1507.822651
0.014482	1508.228198
0.014486	1508.651993
0.014489	1509.062555
0.014492	1509.474067
0.014496	1509.89402
0.0145	1510.309566
0.014503	1510.734181
0.014506	1511.162293
0.01451	1511.57887
0.014513	1511.979544
0.014516	1512.38136
0.01452	1512.819441
0.014523	1513.255248
0.014527	1513.674858
0.014531	1514.100463
0.014534	1514.522884
0.014538	1514.952533
0.014541	1515.374842
0.014544	1515.792946
0.014548	1516.206824
0.014551	1516.63073
0.014555	1517.059126
0.014558	1517.501696
0.014562	1517.920184
0.014564	1518.326337
0.014568	1518.74438
0.014571	1519.167994
0.014574	1519.584298
0.014578	1520.004312
0.014581	1520.430272
0.014585	1520.86534
0.014588	1521.312085
0.014591	1521.733333
0.014594	1522.139426
0.014597	1522.563495
0.014601	1522.997643
0.014604	1523.472313
0.014608	1523.923325
0.014611	1524.349345
0.014615	1524.750736
0.014618	1525.16153
0.014622	1525.588308
0.014625	1526.02458
0.014629	1526.453511
0.014632	1526.885476
0.014636	1527.323567
0.014639	1527.753398
0.014642	1528.165325
0.014645	1528.566009
0.014648	1528.95266
0.014652	1529.359288
0.014655	1529.786653
0.014658	1530.198963
0.014661	1530.578628
0.014665	1530.984499
0.014668	1531.403239
0.014672	1531.817562
0.014675	1532.220642
0.014678	1532.629727
0.014682	1533.059012
0.014685	1533.464054
0.014688	1533.867639
0.014692	1534.275643
0.014694	1534.683677
0.014698	1535.091751
0.014701	1535.52044
0.014704	1535.941101
0.014708	1536.333515
0.014711	1536.751649
0.014714	1537.16952
0.014718	1537.608289
0.014722	1538.03444
0.014725	1538.455071
0.014728	1538.833149
0.014731	1539.231184
0.014734	1539.652331
0.014738	1540.06361
0.014741	1540.496232
0.014745	1540.983064
0.014749	1541.430376
0.014752	1541.864696
0.014756	1542.283133
0.014759	1542.700782
0.014763	1543.13404
0.014766	1543.565429
0.014769	1543.992753
0.014772	1544.401919
0.014775	1544.812086
0.014779	1545.229391
0.014782	1545.640074
0.014785	1546.056398
0.014788	1546.478697
0.014792	1546.903029
0.014795	1547.311164
0.014799	1547.725729
0.014802	1548.149201
0.014805	1548.577364
0.014808	1549.017002
0.014812	1549.445084
0.014815	1549.870659
0.014818	1550.298064
0.014821	1550.716502
0.014825	1551.142916
0.014828	1551.581806
0.014832	1552.013083
0.014836	1552.450739
0.01484	1552.880176
0.014843	1553.320118
0.014846	1553.743883
0.014849	1554.16135
0.014852	1554.579201
0.014856	1555.003593
0.014859	1555.431564
0.014862	1555.852903
0.014866	1556.256114
0.014869	1556.678434
0.014872	1557.093686
0.014876	1557.512508
0.014879	1557.922149
0.014882	1558.333782
0.014886	1558.754818
0.014889	1559.199764
0.014893	1559.641353
0.014896	1560.052127
0.014899	1560.454064
0.014903	1560.871298
0.014906	1561.29936
0.014909	1561.735571
0.014912	1562.185057
0.014916	1562.606092
0.014919	1563.041282
0.014923	1563.470668
0.014926	1563.910559
0.01493	1564.3624
0.014933	1564.795467
0.014936	1565.224287
0.01494	1565.655059
0.014944	1566.098751
0.014948	1566.537783
0.014951	1566.968888
0.014954	1567.400498
0.014958	1567.825224
0.014961	1568.236069
0.014964	1568.648844
0.014967	1569.085085
0.01497	1569.511267
0.014974	1569.945648
0.014977	1570.363014
0.014981	1570.800154
0.014984	1571.239358
0.014988	1571.693878
0.014991	1572.137166
0.014994	1572.550791
0.014998	1572.981421
0.015001	1573.447709
0.015005	1573.892049
0.015008	1574.308464
0.015011	1574.757059
0.015015	1575.187356
0.015018	1575.614366
0.015021	1576.055936
0.015024	1576.488992
0.015028	1576.921644
0.015031	1577.356359
0.015034	1577.7908
0.015038	1578.219954
0.015041	1578.654436
0.015044	1579.07534
0.015047	1579.486963
0.015051	1579.919565
0.015054	1580.340348
0.015057	1580.762677
0.015061	1581.205338
0.015064	1581.621551
0.015067	1582.033801
0.015071	1582.444767
0.015074	1582.860151
0.015077	1583.267417
0.01508	1583.672741
0.015083	1584.093483
0.015086	1584.527065
0.015089	1584.94798
0.015093	1585.371856
0.015097	1585.809482
0.0151	1586.248504
0.015103	1586.676515
0.015106	1587.100685
0.01511	1587.535167
0.015113	1587.95689
0.015117	1588.402018
0.01512	1588.821416
0.015123	1589.23957
0.015127	1589.652507
0.01513	1590.083855
0.015134	1590.52226
0.015137	1590.945661
0.01514	1591.372479
0.015144	1591.793717
0.015147	1592.221324
0.015151	1592.654108
0.015155	1593.073071
0.015158	1593.494713
0.015161	1593.925323
0.015165	1594.355336
0.015168	1594.773622
0.015171	1595.205586
0.015174	1595.628482
0.015178	1596.059709
0.015182	1596.470401
0.015184	1596.897705
0.015188	1597.314131
0.015191	1597.746368
0.015195	1598.168374
0.015198	1598.597013
0.015202	1599.026632
0.015205	1599.448365
0.015208	1599.858178
0.015212	1600.264109
0.015215	1600.679675
0.015218	1601.092006
0.015222	1601.528661
0.015226	1601.947018
0.015229	1602.366183
0.015233	1602.804699
0.015236	1603.237169
0.01524	1603.676726
0.015243	1604.112654
0.015246	1604.516765
0.015249	1604.947638
0.015253	1605.383141
0.015257	1605.821758
0.01526	1606.257039
0.015263	1606.681178
0.015267	1607.116064
0.01527	1607.530215
0.015273	1607.964292
0.015277	1608.379545
0.01528	1608.804756
0.015283	1609.227561
0.015287	1609.647666
0.01529	1610.075829
0.015293	1610.508855
0.015296	1610.944136
0.015299	1611.361178
0.015303	1611.776138
0.015306	1612.200742
0.015309	1612.622232
0.015313	1613.059849
0.015317	1613.509425
0.01532	1613.946323
0.015323	1614.363618
0.015327	1614.789486
0.01533	1615.214505
0.015334	1615.651262
0.015337	1616.095581
0.015341	1616.54352
0.015344	1616.988324
0.015349	1617.421583
0.015352	1617.866771
0.015355	1618.304579
0.015359	1618.725908
0.015363	1619.141646
0.015366	1619.558658
0.015369	1620.011682
0.015373	1620.437752
0.015376	1620.877147
0.01538	1621.302055
0.015383	1621.733191
0.015387	1622.144551
0.01539	1622.56867
0.015394	1622.999785
0.015397	1623.432771
0.015401	1623.864564
0.015404	1624.28202
0.015407	1624.708859
0.01541	1625.134818
0.015414	1625.554792
0.015418	1625.969195
0.015421	1626.387835
0.015424	1626.815644
0.015427	1627.234789
0.015431	1627.650749
0.015434	1628.063525
0.015437	1628.493194
0.01544	1628.920397
0.015444	1629.328067
0.015447	1629.744937
0.01545	1630.145591
0.015453	1630.579042
0.015457	1631.011401
0.01546	1631.449795
0.015464	1631.888776
0.015467	1632.316161
0.01547	1632.743252
0.015474	1633.17185
0.015478	1633.613996
0.015481	1634.052198
0.015484	1634.485366
0.015488	1634.920748
0.015491	1635.353298
0.015495	1635.783362
0.015498	1636.221676
0.015502	1636.660536
0.015505	1637.093744
0.015509	1637.548476
0.015512	1637.993362
0.015516	1638.443363
0.015519	1638.858322
0.015523	1639.29702
0.015527	1639.722484
0.01553	1640.14729
0.015533	1640.574169
0.015536	1640.995326
0.01554	1641.431173
0.015543	1641.846941
0.015546	1642.279897
0.01555	1642.722083
0.015553	1643.14425
0.015557	1643.561272
0.015561	1644.003397
0.015564	1644.433502
0.015568	1644.866336
0.015571	1645.298442
0.015574	1645.721024
0.015577	1646.105694
0.01558	1646.522989
0.015584	1646.965811
0.015588	1647.398494
0.015591	1647.843076
0.015595	1648.26123
0.015598	1648.679485
0.015601	1649.115767
0.015605	1649.556193
0.015608	1649.989048
0.015612	1650.410002
0.015615	1650.823031
0.015619	1651.251194
0.015622	1651.691014
0.015626	1652.112818
0.015629	1652.540233
0.015633	1652.974887
0.015636	1653.408782
0.01564	1653.81808
0.015643	1654.246931
0.015646	1654.667956
0.015649	1655.079539
0.015652	1655.506377
0.015655	1655.938463
0.015659	1656.367172
0.015663	1656.802746
0.015667	1657.252525
0.01567	1657.69095
0.015673	1658.11792
0.015677	1658.563301
0.01568	1659.010926
0.015684	1659.441647
0.015687	1659.863896
0.015691	1660.284335
0.015694	1660.720768
0.015698	1661.146272
0.015701	1661.568602
0.015705	1661.996148
0.015708	1662.429619
0.015711	1662.852919
0.015715	1663.268384
0.015718	1663.703544
0.015721	1664.123103
0.015725	1664.547515
0.015728	1664.978398
0.015732	1665.406844
0.015735	1665.805425
0.015737	1666.189246
0.015741	1666.604286
0.015744	1667.026989
0.015748	1667.460056
0.015752	1667.902798
0.015756	1668.337897
0.015759	1668.781478
0.015763	1669.226778
0.015767	1669.643678
0.01577	1670.096803
0.015774	1670.538322
0.015778	1670.971014
0.015781	1671.384932
0.015785	1671.805634
0.015789	1672.254897
0.015793	1672.713502
0.015797	1673.147377
0.0158	1673.593779
0.015804	1674.025824
0.015807	1674.467798
0.015811	1674.916293
0.015814	1675.372815
0.015818	1675.820571
0.015822	1676.248006
0.015825	1676.696461
0.015829	1677.134562
0.015832	1677.577081
0.015835	1678.013555
0.015839	1678.44375
0.015842	1678.873602
0.015845	1679.310723
0.01585	1679.75576
0.015853	1680.193831
0.015857	1680.636593
0.015861	1681.077788
0.015864	1681.510349
0.015868	1681.930626
0.015872	1682.377483
0.015875	1682.804484
0.015879	1683.249814
0.015883	1683.726273
0.015886	1684.189781
0.01589	1684.632311
0.015894	1685.067652
0.015898	1685.515267
0.015902	1685.978371
0.015905	1686.442334
0.015909	1686.884621
0.015913	1687.328687
0.015916	1687.7688
0.01592	1688.216941
0.015924	1688.673827
0.015927	1689.131653
0.015931	1689.565428
0.015934	1690.003489
0.015938	1690.442358
0.015942	1690.892198
0.015946	1691.361731
0.01595	1691.805909
0.015954	1692.241685
0.015958	1692.696933
0.015961	1693.157337
0.015965	1693.610614
0.015969	1694.069775
0.015972	1694.510262
0.015975	1694.934543
0.015979	1695.373858
0.015983	1695.813526
0.015986	1696.251496
0.015989	1696.673927
0.015993	1697.114505
0.015997	1697.546945
0.016	1697.975017
0.016004	1698.406668
0.016007	1698.833578
0.01601	1699.25334
0.016014	1699.673253
0.016017	1700.095006
0.016021	1700.532916
0.016024	1700.970056
0.016028	1701.404447
0.016031	1701.819306
0.016035	1702.243485
0.016038	1702.682426
0.016042	1703.125138
0.016045	1703.57071
0.016049	1704.010985
0.016053	1704.440847
0.016056	1704.867969
0.016059	1705.305211
0.016063	1705.722698
0.016066	1706.141347
0.016069	1706.577376
0.016072	1707.020391
0.016076	1707.44265
0.016079	1707.871925
0.016083	1708.318681
0.016086	1708.75658
0.01609	1709.200202
0.016093	1709.642893
0.016097	1710.087657
0.0161	1710.515537
0.016103	1710.954811
0.016107	1711.386928
0.01611	1711.799268
0.016114	1712.216331
0.016117	1712.64231
0.01612	1713.080583
0.016124	1713.516086
0.016128	1713.956897
0.016131	1714.394493
0.016135	1714.830128
0.016138	1715.262749
0.016142	1715.697019
0.016145	1716.148709
0.016149	1716.590156
0.016153	1717.028925
0.016156	1717.466389
0.01616	1717.901205
0.016164	1718.33046
0.016167	1718.748857
0.01617	1719.170853
0.016174	1719.595215
0.016178	1720.004886
0.016181	1720.422252
0.016185	1720.858776
0.016188	1721.299466
0.016192	1721.746737
0.016195	1722.184333
0.016199	1722.620443
0.016203	1723.05354
0.016206	1723.472654
0.016209	1723.898148
0.016212	1724.324421
0.016216	1724.739441
0.016219	1725.152641
0.016223	1725.575335
0.016226	1726.009342
0.01623	1726.448353
0.016234	1726.872886
0.016237	1727.291415
0.01624	1727.703816
0.016244	1728.129775
0.016247	1728.552762
0.016251	1728.979773
0.016254	1729.406561
0.016257	1729.823684
0.016261	1730.238977
0.016264	1730.659507
0.016268	1731.103543
0.016271	1731.543484
0.016274	1731.964207
0.016277	1732.390287
0.016281	1732.825335
0.016284	1733.248019
0.016288	1733.675676
0.016292	1734.099128
0.016295	1734.536916
0.016298	1734.972166
0.016301	1735.403413
0.016304	1735.811164
0.016308	1736.222565
0.016312	1736.651648
0.016315	1737.098565
0.016319	1737.54979
0.016322	1737.985384
0.016326	1738.418794
0.016329	1738.841882
0.016333	1739.270176
0.016336	1739.703051
0.016339	1740.138746
0.016342	1740.568284
0.016346	1740.985973
0.01635	1741.416472
0.016354	1741.865624
0.016357	1742.31243
0.01636	1742.752109
0.016365	1743.204384
0.016369	1743.63095
0.016372	1744.078424
0.016376	1744.533469
0.016379	1744.974513
0.016383	1745.427001
0.016386	1745.879701
0.01639	1746.319714
0.016393	1746.748069
0.016396	1747.179204
0.0164	1747.619075
0.016403	1748.082553
0.016407	1748.553987
0.01641	1749.006597
0.016414	1749.436923
0.016417	1749.852065
0.016421	1750.286941
0.016425	1750.754928
0.016429	1751.220256
0.016432	1751.642808
0.016435	1752.079029
0.016439	1752.508789
0.016443	1752.952158
0.016446	1753.376843
0.01645	1753.808252
0.016454	1754.256585
0.016457	1754.711115
0.01646	1755.146699
0.016464	1755.580797
0.016467	1756.019576
0.016471	1756.446586
0.016474	1756.885901
0.016478	1757.330382
0.016481	1757.761538
0.016484	1758.199174
0.016488	1758.618187
0.016491	1759.046937
0.016494	1759.465657
0.016498	1759.881648
0.016502	1760.324865
0.016505	1760.772632
0.016509	1761.214898
0.016513	1761.650007
0.016516	1762.105559
0.016519	1762.54001
0.016522	1762.956567
0.016525	1763.367139
0.016529	1763.782937
0.016532	1764.214184
0.016535	1764.628395
0.016539	1765.048773
0.016543	1765.471194
0.016546	1765.894696
0.016549	1766.328693
0.016552	1766.766936
0.016556	1767.208323
0.01656	1767.646192
0.016564	1768.088115
0.016567	1768.540219
0.016571	1768.973771
0.016575	1769.406575
0.016578	1769.844413
0.016581	1770.274396
0.016584	1770.709829
0.016588	1771.137698
0.016591	1771.573313
0.016595	1772.015155
0.016598	1772.452407
0.016602	1772.886262
0.016605	1773.313586
0.016608	1773.724016
0.016612	1774.134709
0.016615	1774.552894
0.016619	1774.975618
0.016622	1775.406591
0.016626	1775.855935
0.016629	1776.279701
0.016633	1776.705508
0.016637	1777.135926
0.01664	1777.575392
0.016644	1777.991292
0.016647	1778.413591
0.016651	1778.827388
0.016654	1779.281534
0.016658	1779.724245
0.016661	1780.163317
0.016665	1780.606757
0.016669	1781.064755
0.016672	1781.512714
0.016676	1781.952129
0.016679	1782.398824
0.016683	1782.852182
0.016686	1783.300201
0.01669	1783.726616
0.016694	1784.155678
0.016697	1784.589321
0.016701	1785.038827
0.016705	1785.487675
0.016708	1785.90589
0.016712	1786.333831
0.016715	1786.767251
0.016719	1787.195
0.016722	1787.620464
0.016725	1788.068584
0.016729	1788.528129
0.016733	1788.97355
0.016736	1789.396284
0.016739	1789.819069
0.016743	1790.247657
0.016746	1790.678337
0.01675	1791.129511
0.016754	1791.566753
0.016757	1792.009798
0.016761	1792.454815
0.016764	1792.881694
0.016767	1793.329613
0.016771	1793.760586
0.016774	1794.192339
0.016778	1794.640136
0.016782	1795.076326
0.016785	1795.506754
0.016789	1795.933906
0.016793	1796.375152
0.016797	1796.820644
0.0168	1797.267399
0.016803	1797.694804
0.016807	1798.113171
0.01681	1798.533923
0.016814	1798.972955
0.016818	1799.426757
0.016822	1799.876243
0.016825	1800.304305
0.016829	1800.738493
0.016832	1801.188292
0.016836	1801.626515
0.016839	1802.050038
0.016843	1802.46159
0.016847	1802.869068
0.016851	1803.308403
0.016854	1803.746615
0.016858	1804.18408
0.016861	1804.607046
0.016864	1805.014726
0.016868	1805.466122
0.016871	1805.908662
0.016875	1806.348897
0.016878	1806.756193
0.016882	1807.176682
0.016885	1807.599629
0.016889	1808.014932
0.016893	1808.445562
0.016897	1808.900476
0.016901	1809.368342
0.016905	1809.82632
0.016908	1810.300656
0.016912	1810.75373
0.016916	1811.194228
0.016919	1811.635413
0.016923	1812.056135
0.016926	1812.459093
0.01693	1812.874902
0.016933	1813.307878
0.016936	1813.744806
0.01694	1814.166044
0.016943	1814.582682
0.016946	1815.009288
0.01695	1815.451241
0.016953	1815.882771
0.016957	1816.293403
0.01696	1816.718978
0.016964	1817.144058
0.016967	1817.574122
0.01697	1817.983541
0.016974	1818.412988
0.016978	1818.846196
0.016982	1819.290556
0.016986	1819.723612
0.016989	1820.15682
0.016993	1820.598551
0.016997	1821.017544
0.017	1821.442149
0.017004	1821.872
0.017008	1822.323882
0.017011	1822.7709
0.017014	1823.210731
0.017018	1823.632079
0.017021	1824.054814
0.017025	1824.490428
0.017028	1824.916063
0.017032	1825.33441
0.017036	1825.760571
0.01704	1826.213534
0.017044	1826.65385
0.017047	1827.102334
0.017051	1827.547381
0.017055	1827.985523
0.017058	1828.419095
0.017062	1828.833256
0.017065	1829.256586
0.017069	1829.687874
0.017073	1830.116704
0.017076	1830.54878
0.01708	1830.982059
0.017084	1831.409484
0.017088	1831.841792
0.017091	1832.276143
0.017094	1832.715033
0.017098	1833.172222
0.017102	1833.622011
0.017105	1834.072103
0.017109	1834.516796
0.017112	1834.961459
0.017116	1835.398569
0.017119	1835.835144
0.017123	1836.283982
0.017126	1836.701378
0.01713	1837.138186
0.017134	1837.569655
0.017138	1838.001013
0.017142	1838.449568
0.017146	1838.897244
0.017149	1839.331443
0.017153	1839.770919
0.017157	1840.204673
0.01716	1840.637335
0.017164	1841.083939
0.017168	1841.527156
0.017171	1841.961517
0.017175	1842.397243
0.017179	1842.846485
0.017183	1843.294899
0.017186	1843.742888
0.01719	1844.185721
0.017193	1844.613965
0.017197	1845.056282
0.017201	1845.511359
0.017204	1845.952109
0.017208	1846.364369
0.017211	1846.793583
0.017215	1847.224456
0.017218	1847.660434
0.017222	1848.10902
0.017226	1848.552399
0.017229	1848.996617
0.017232	1849.425538
0.017236	1849.851679
0.017239	1850.274767
0.017243	1850.718025
0.017247	1851.157077
0.01725	1851.607523
0.017254	1852.035018
0.017258	1852.47133
0.017262	1852.925992
0.017266	1853.372455
0.017269	1853.811436
0.017272	1854.243339
0.017276	1854.691672
0.01728	1855.144363
0.017284	1855.581372
0.017287	1856.009293
0.017292	1856.44975
0.017296	1856.894655
0.017299	1857.332757
0.017303	1857.766784
0.017306	1858.198859
0.01731	1858.625698
0.017314	1859.079035
0.017318	1859.533495
0.017322	1859.982748
0.017325	1860.429625
0.017329	1860.877735
0.017332	1861.312864
0.017336	1861.749136
0.01734	1862.176571
0.017344	1862.623418
0.017348	1863.071093
0.017351	1863.51979
0.017354	1863.965484
0.017358	1864.400057
0.017362	1864.845054
0.017366	1865.295257
0.017369	1865.741416
0.017373	1866.192317
0.017377	1866.631389
0.017381	1867.068843
0.017385	1867.499564
0.017388	1867.930932
0.017392	1868.377668
0.017395	1868.800756
0.017399	1869.227847
0.017403	1869.672914
0.017407	1870.11695
0.01741	1870.562928
0.017413	1871.015446
0.017417	1871.443609
0.01742	1871.866434
0.017424	1872.287551
0.017427	1872.719242
0.017431	1873.158526
0.017435	1873.597962
0.017439	1874.041796
0.017442	1874.476501
0.017445	1874.908859
0.017449	1875.343544
0.017453	1875.783596
0.017456	1876.193298
0.017459	1876.616952
0.017463	1877.034187
0.017466	1877.46332
0.01747	1877.899046
0.017473	1878.329555
0.017477	1878.757334
0.017481	1879.184961
0.017484	1879.616622
0.017488	1880.057797
0.017491	1880.493118
0.017495	1880.913972
0.017499	1881.354338
0.017502	1881.796675
0.017507	1882.255604
0.01751	1882.698133
0.017514	1883.151349
0.017517	1883.601097
0.017521	1884.037278
0.017525	1884.48645
0.017529	1884.933913
0.017532	1885.371924
0.017535	1885.801725
0.017539	1886.23104
0.017543	1886.668141
0.017546	1887.107991
0.01755	1887.544334
0.017553	1887.975722
0.017557	1888.422386
0.01756	1888.856535
0.017564	1889.242195
0.017567	1889.658085
0.017571	1890.111088
0.017575	1890.558986
0.017578	1891.014194
0.017583	1891.466622
0.017586	1891.921556
0.01759	1892.369414
0.017594	1892.814704
0.017598	1893.272975
0.017601	1893.727647
0.017605	1894.164424
0.017608	1894.60117
0.017612	1895.068267
0.017616	1895.526468
0.017619	1895.986852
0.017624	1896.463806
0.017628	1896.948697
0.017631	1897.403571
0.017635	1897.849771
0.017639	1898.312834
0.017643	1898.772116
0.017647	1899.231146
0.01765	1899.680277
0.017654	1900.128721
0.017658	1900.595212
0.017661	1901.068668
0.017666	1901.529548
0.017669	1901.990751
0.017673	1902.459617
0.017677	1902.916099
0.01768	1903.362096
0.017684	1903.799156
0.017687	1904.264201
0.017691	1904.709663
0.017695	1905.161676
0.017699	1905.622494
0.017702	1906.07013
0.017706	1906.500103
0.01771	1906.942541
0.017713	1907.393786
0.017717	1907.838964
0.01772	1908.283041
0.017724	1908.721182
0.017727	1909.146313
0.017731	1909.579773
0.017735	1910.018401
0.017738	1910.437485
0.017742	1910.884685
0.017745	1911.338821
0.017749	1911.778985
0.017753	1912.211981
0.017756	1912.640437
0.01776	1913.074859
0.017764	1913.51936
0.017768	1913.993918
0.017771	1914.452948
0.017775	1914.880373
0.017778	1915.315441
0.017782	1915.754958
0.017786	1916.181322
0.01779	1916.618513
0.017794	1917.064237
0.017797	1917.519546
0.017801	1917.961783
0.017804	1918.372698
0.017808	1918.802752
0.017811	1919.239124
0.017816	1919.700064
0.017819	1920.129956
0.017823	1920.569433
0.017826	1921.004309
0.01783	1921.441753
0.017834	1921.877246
0.017837	1922.31009
0.017842	1922.753682
0.017845	1923.191864
0.017849	1923.628307
0.017852	1924.053731
0.017856	1924.486716
0.017859	1924.935514
0.017863	1925.376254
0.017867	1925.811373
0.01787	1926.260394
0.017874	1926.705613
0.017878	1927.167857
0.017882	1927.630303
0.017885	1928.070417
0.017889	1928.51879
0.017892	1928.940857
0.017895	1929.372811
0.017899	1929.812267
0.017903	1930.264816
0.017906	1930.697054
0.01791	1931.126946
0.017913	1931.551611
0.017917	1931.97576
0.017921	1932.409595
0.017925	1932.844704
0.017929	1933.301772
0.017932	1933.735253
0.017936	1934.171454
0.01794	1934.598848
0.017943	1935.059152
0.017947	1935.528433
0.017951	1935.988018
0.017955	1936.427828
0.017958	1936.859196
0.017962	1937.305396
0.017966	1937.753405
0.01797	1938.200151
0.017973	1938.636442
0.017977	1939.070166
0.017981	1939.495802
0.017984	1939.92995
0.017988	1940.36979
0.017992	1940.824735
0.017996	1941.273907
0.017999	1941.733543
0.018003	1942.190116
0.018007	1942.628369
0.01801	1943.068391
0.018014	1943.502903
0.018018	1943.942926
0.018022	1944.394403
0.018025	1944.853705
0.018029	1945.304131
0.018033	1945.733072
0.018036	1946.160265
0.018039	1946.609639
0.018043	1947.041452
0.018046	1947.475408
0.01805	1947.90803
0.018053	1948.345737
0.018057	1948.800045
0.018061	1949.260732
0.018064	1949.704516
0.018068	1950.143264
0.018072	1950.571559
0.018075	1951.016737
0.018079	1951.48436
0.018083	1951.934634
0.018087	1952.368429
0.01809	1952.799605
0.018094	1953.242993
0.018097	1953.680418
0.018101	1954.108854
0.018105	1954.533549
0.018108	1954.970346
0.018112	1955.409256
0.018115	1955.856619
0.018119	1956.311574
0.018123	1956.71887
0.018127	1957.137489
0.01813	1957.586368
0.018134	1958.043638
0.018137	1958.487552
0.018141	1958.926665
0.018144	1959.358023
0.018148	1959.796326
0.018152	1960.240615
0.018155	1960.678373
0.018159	1961.118587
0.018163	1961.559166
0.018167	1962.015627
0.018171	1962.487355
0.018175	1962.940561
0.018178	1963.375963
0.018182	1963.811749
0.018186	1964.260951
0.01819	1964.699993
0.018194	1965.177048
0.018197	1965.633206
0.018201	1966.064099
0.018205	1966.511492
0.018209	1966.956155
0.018213	1967.413759
0.018216	1967.86198
0.01822	1968.31098
0.018224	1968.75443
0.018227	1969.195302
0.018231	1969.629248
0.018235	1970.083202
0.018239	1970.542858
0.018242	1970.998268
0.018246	1971.437249
0.01825	1971.870649
0.018253	1972.305374
0.018257	1972.750532
0.01826	1973.2085
0.018264	1973.656337
0.018268	1974.110746
0.018272	1974.558715
0.018276	1975.008645
0.018279	1975.455593
0.018283	1975.893492
0.018287	1976.335921
0.018291	1976.795071
0.018294	1977.256507
0.018298	1977.697085
0.018302	1978.138978
0.018306	1978.574066
0.01831	1979.045622
0.018314	1979.495987
0.018317	1979.936414
0.018321	1980.381906
0.018325	1980.846597
0.018329	1981.306789
0.018332	1981.755506
0.018336	1982.21501
0.01834	1982.663576
0.018343	1983.102081
0.018347	1983.546572
0.018351	1983.975292
0.018354	1984.404284
0.018358	1984.831719
0.018362	1985.26702
0.018365	1985.717537
0.018369	1986.169519
0.018373	1986.600867
0.018377	1987.033843
0.01838	1987.467597
0.018383	1987.925069
0.018387	1988.367922
0.018391	1988.818439
0.018395	1989.27303
0.018398	1989.732777
0.018402	1990.189188
0.018406	1990.626875
0.01841	1991.061973
0.018413	1991.498973
0.018417	1991.966656
0.018421	1992.402766
0.018424	1992.816017
0.018428	1993.259204
0.018431	1993.710347
0.018435	1994.156911
0.018438	1994.584831
0.018441	1995.00066
0.018445	1995.436325
0.018449	1995.88943
0.018452	1996.330685
0.018456	1996.768564
0.01846	1997.199164
0.018463	1997.610433
0.018467	1998.037474
0.018471	1998.505774
0.018475	1998.958748
0.018478	1999.395919
0.018482	1999.840744
0.018486	2000.278148
0.018489	2000.718958
0.018493	2001.157879
0.018496	2001.601227
0.0185	2002.053523
0.018504	2002.496144
0.018508	2002.93471
0.018511	2003.382224
0.018515	2003.856014
0.018519	2004.339025
0.018523	2004.781079
0.018527	2005.228118
0.018531	2005.663136
0.018535	2006.12535
0.018538	2006.571681
0.018541	2006.998985
0.018545	2007.419626
0.018549	2007.860417
0.018553	2008.321953
0.018557	2008.785472
0.018561	2009.220671
0.018565	2009.659541
0.018569	2010.119652
0.018573	2010.553629
0.018576	2010.997766
0.01858	2011.439193
0.018584	2011.872472
0.018588	2012.306449
0.018591	2012.736614
0.018595	2013.180599
0.018599	2013.612321
0.018602	2014.053668
0.018606	2014.470932
0.01861	2014.903049
0.018613	2015.336873
0.018617	2015.777907
0.018621	2016.220618
0.018625	2016.659074
0.018629	2017.12704
0.018633	2017.584806
0.018637	2018.047081
0.018641	2018.493068
0.018644	2018.949448
0.018648	2019.403544
0.018652	2019.86136
0.018657	2020.309652
0.018661	2020.760533
0.018664	2021.227408
0.018668	2021.683222
0.018672	2022.130969
0.018675	2022.560638
0.018679	2022.996667
0.018683	2023.441542
0.018686	2023.876004
0.018689	2024.327936
0.018693	2024.780535
0.018697	2025.24653
0.018701	2025.690192
0.018705	2026.13894
0.018708	2026.574594
0.018712	2027.027052
0.018716	2027.467176
0.01872	2027.932281
0.018724	2028.389359
0.018728	2028.837025
0.018731	2029.274024
0.018735	2029.719476
0.018739	2030.170983
0.018743	2030.611845
0.018746	2031.05951
0.01875	2031.51127
0.018754	2031.957541
0.018758	2032.415893
0.018761	2032.863396
0.018765	2033.305269
0.018769	2033.745837
0.018773	2034.198659
0.018777	2034.664907
0.01878	2035.123997
0.018785	2035.567821
0.018788	2036.006185
0.018792	2036.455458
0.018796	2036.913132
0.0188	2037.361405
0.018803	2037.807372
0.018807	2038.268949
0.018811	2038.70339
0.018814	2039.158022
0.018818	2039.611501
0.018822	2040.061441
0.018825	2040.501463
0.018829	2040.924086
0.018832	2041.359791
0.018836	2041.798328
0.01884	2042.255577
0.018844	2042.703051
0.018847	2043.142457
0.018851	2043.570094
0.018855	2044.012634
0.018858	2044.441222
0.018862	2044.915699
0.018866	2045.396121
0.01887	2045.837448
0.018873	2046.268998
0.018877	2046.70627
0.018881	2047.170193
0.018885	2047.617019
0.018888	2048.051926
0.018892	2048.48289
0.018896	2048.937016
0.0189	2049.387846
0.018904	2049.83445
0.018908	2050.302265
0.018912	2050.7453
0.018915	2051.194785
0.01892	2051.639731
0.018923	2052.12262
0.018927	2052.576888
0.01893	2053.00952
0.018934	2053.435054
0.018937	2053.864107
0.018941	2054.333277
0.018945	2054.780275
0.018948	2055.224756
0.018952	2055.678012
0.018956	2056.142097
0.01896	2056.604614
0.018964	2057.072965
0.018967	2057.502412
0.018971	2057.923043
0.018974	2058.372084
0.018978	2058.812612
0.018982	2059.255202
0.018986	2059.691837
0.018989	2060.15302
0.018993	2060.600928
0.018996	2061.039303
0.019	2061.473269
0.019003	2061.925312
0.019007	2062.388608
0.019011	2062.844513
0.019015	2063.290228
0.019019	2063.74126
0.019022	2064.221692
0.019026	2064.669934
0.01903	2065.096187
0.019034	2065.560857
0.019038	2066.027166
0.019041	2066.472193
0.019045	2066.916866
0.019049	2067.370163
0.019053	2067.831982
0.019057	2068.271974
0.01906	2068.730842
0.019064	2069.193481
0.019067	2069.647647
0.019071	2070.093119
0.019075	2070.538823
0.019078	2070.990391
0.019082	2071.426642
0.019086	2071.869263
0.019089	2072.31981
0.019092	2072.756526
0.019096	2073.202574
0.019099	2073.644932
0.019104	2074.088311
0.019107	2074.547057
0.019111	2075.000586
0.019115	2075.459191
0.019118	2075.899102
0.019122	2076.322938
0.019126	2076.767126
0.019129	2077.19627
0.019132	2077.642641
0.019136	2078.09704
0.019139	2078.552784
0.019144	2079.002097
0.019147	2079.459185
0.019151	2079.911309
0.019155	2080.343001
0.019158	2080.772529
0.019162	2081.19684
0.019165	2081.640624
0.019169	2082.10854
0.019173	2082.557843
0.019176	2082.990242
0.019179	2083.413249
0.019182	2083.854091
0.019186	2084.305214
0.01919	2084.761008
0.019194	2085.230582
0.019198	2085.66374
0.019201	2086.109434
0.019205	2086.548213
0.019208	2086.980844
0.019212	2087.441522
0.019216	2087.890097
0.01922	2088.32654
0.019223	2088.777269
0.019226	2089.229859
0.01923	2089.661793
0.019233	2090.112178
0.019237	2090.561188
0.019241	2091.016133
0.019244	2091.47403
0.019248	2091.921483
0.019251	2092.368684
0.019255	2092.82563
0.019259	2093.276976
0.019262	2093.717271
0.019267	2094.171751
0.01927	2094.627818
0.019274	2095.083026
0.019278	2095.524818
0.019282	2095.97861
0.019285	2096.435496
0.019289	2096.862527
0.019293	2097.311254
0.019296	2097.756008
0.019299	2098.178206
0.019303	2098.597644
0.019307	2099.054388
0.019311	2099.513064
0.019315	2099.964319
0.019318	2100.414835
0.019322	2100.867616
0.019326	2101.312785
0.01933	2101.768316
0.019334	2102.215375
0.019337	2102.662727
0.019341	2103.105833
0.019345	2103.552457
0.019349	2103.997969
0.019352	2104.446292
0.019356	2104.881371
0.019359	2105.321979
0.019363	2105.770717
0.019367	2106.220384
0.01937	2106.675025
0.019375	2107.122196
0.019378	2107.573157
0.019382	2108.021955
0.019385	2108.471976
0.019389	2108.917529
0.019393	2109.371463
0.019396	2109.817814
0.0194	2110.265752
0.019404	2110.69704
0.019407	2111.135323
0.019411	2111.607394
0.019414	2112.070822
0.019418	2112.531135
0.019421	2112.968417
0.019425	2113.413616
0.019429	2113.872291
0.019432	2114.328581
0.019436	2114.773224
0.01944	2115.195917
0.019443	2115.629873
0.019447	2116.084454
0.01945	2116.54039
0.019454	2117.014099
0.019458	2117.466557
0.019462	2117.913232
0.019466	2118.376285
0.01947	2118.833464
0.019474	2119.287115
0.019478	2119.734356
0.019482	2120.174358
0.019485	2120.620568
0.019488	2121.05598
0.019493	2121.495294
0.019496	2121.96501
0.0195	2122.437364
0.019503	2122.903693
0.019507	2123.361691
0.019511	2123.816505
0.019515	2124.2458
0.019519	2124.694133
0.019522	2125.154588
0.019526	2125.612869
0.019529	2126.071251
0.019533	2126.511264
0.019537	2126.956088
0.019541	2127.404735
0.019544	2127.872165
0.019548	2128.33351
0.019551	2128.773583
0.019555	2129.20213
0.019558	2129.63367
0.019562	2130.087735
0.019566	2130.540951
0.019569	2131.000527
0.019572	2131.426405
0.019576	2131.854871
0.019579	2132.295349
0.019583	2132.756147
0.019586	2133.203439
0.01959	2133.647616
0.019594	2134.10153
0.019598	2134.535961
0.019602	2134.983859
0.019606	2135.443789
0.019609	2135.882911
0.019613	2136.322883
0.019617	2136.752047
0.01962	2137.183213
0.019624	2137.611214
0.019627	2138.062782
0.019631	2138.519355
0.019635	2138.977808
0.019639	2139.432389
0.019643	2139.879842
0.019647	2140.334888
0.01965	2140.797486
0.019654	2141.242614
0.019658	2141.679745
0.019661	2142.123953
0.019665	2142.579919
0.019669	2143.03636
0.019672	2143.475614
0.019676	2143.907033
0.019679	2144.343435
0.019683	2144.769192
0.019687	2145.226796
0.01969	2145.671287
0.019694	2146.105729
0.019697	2146.574898
0.019701	2147.036263
0.019705	2147.48222
0.019709	2147.913669
0.019712	2148.36827
0.019716	2148.825187
0.019719	2149.273034
0.019723	2149.726008
0.019728	2150.175382
0.019731	2150.618862
0.019735	2151.072523
0.019739	2151.51482
0.019743	2151.959543
0.019747	2152.411627
0.019751	2152.864297
0.019754	2153.313327
0.019758	2153.755442
0.019762	2154.21157
0.019765	2154.658447
0.019769	2155.107215
0.019773	2155.557661
0.019777	2156.013384
0.019781	2156.482726
0.019784	2156.942159
0.019788	2157.379037
0.019792	2157.825277
0.019795	2158.267443
0.019798	2158.715756
0.019802	2159.170306
0.019805	2159.614979
0.019809	2160.060036
0.019813	2160.508986
0.019817	2160.971281
0.01982	2161.424689
0.019824	2161.887388
0.019828	2162.333244
0.019832	2162.776714
0.019835	2163.224723
0.019839	2163.681478
0.019843	2164.136665
0.019846	2164.579468
0.01985	2165.040277
0.019854	2165.499013
0.019858	2165.948387
0.019862	2166.398428
0.019865	2166.869762
0.019869	2167.331005
0.019873	2167.77865
0.019876	2168.217389
0.01988	2168.668927
0.019883	2169.133931
0.019887	2169.588006
0.019891	2170.036875
0.019895	2170.489282
0.019899	2170.941972
0.019903	2171.394784
0.019907	2171.844704
0.01991	2172.297475
0.019914	2172.754361
0.019918	2173.198903
0.019922	2173.6531
0.019926	2174.127951
0.019929	2174.580227
0.019933	2175.035384
0.019937	2175.486609
0.01994	2175.952189
0.019944	2176.401735
0.019948	2176.834741
0.019951	2177.284944
0.019955	2177.721266
0.019959	2178.194511
0.019963	2178.655461
0.019966	2179.123235
0.01997	2179.578211
0.019974	2180.013855
0.019978	2180.46607
0.019981	2180.916021
0.019985	2181.375454
0.019989	2181.822038
0.019992	2182.26659
0.019996	2182.708341
0.02	2183.168907
0.020004	2183.626258
0.020007	2184.07905
0.020011	2184.51521
0.020014	2184.96237
0.020018	2185.418265
0.020022	2185.864839
0.020026	2186.330884
0.020029	2186.777377
0.020032	2187.204944
0.020036	2187.628072
0.02004	2188.077608
0.020044	2188.526861
0.020047	2188.986204
0.020051	2189.431524
0.020055	2189.857018
0.020058	2190.311619
0.020062	2190.740793
0.020065	2191.175093
0.020069	2191.632303
0.020073	2192.097257
0.020077	2192.556943
0.02008	2193.000079
0.020083	2193.432752
0.020087	2193.875493
0.020092	2194.329923
0.020095	2194.788871
0.020099	2195.249245
0.020102	2195.674214
0.020106	2196.145779
0.02011	2196.595558
0.020114	2197.036783
0.020118	2197.470558
0.020122	2197.926797
0.020125	2198.380781
0.020129	2198.827567
0.020133	2199.268762
0.020136	2199.7176
0.02014	2200.163173
0.020144	2200.615358
0.020148	2201.076895
0.020151	2201.518646
0.020155	2201.970649
0.020159	2202.43721
0.020163	2202.90825
0.020167	2203.350588
0.02017	2203.791752
0.020174	2204.22493
0.020177	2204.670766
0.020181	2205.103681
0.020185	2205.56824
0.020189	2206.029929
0.020193	2206.477867
0.020197	2206.939636
0.0202	2207.403438
0.020205	2207.868735
0.020209	2208.335387
0.020212	2208.788138
0.020216	2209.234469
0.02022	2209.685977
0.020223	2210.126383
0.020227	2210.575131
0.02023	2211.033574
0.020234	2211.488468
0.020238	2211.943615
0.020241	2212.3949
0.020245	2212.855668
0.020249	2213.313788
0.020253	2213.770542
0.020258	2214.223293
0.020261	2214.688419
0.020265	2215.139603
0.020268	2215.586824
0.020272	2216.038462
0.020276	2216.488372
0.02028	2216.946128
0.020283	2217.387839
0.020287	2217.840994
0.02029	2218.296505
0.020294	2218.753452
0.020298	2219.21237
0.020301	2219.666475
0.020305	2220.150224
0.020309	2220.622295
0.020313	2221.077463
0.020316	2221.509336
0.02032	2221.973512
0.020324	2222.449859
0.020328	2222.913105
0.020331	2223.355938
0.020335	2223.814168
0.020339	2224.264473
0.020343	2224.705273
0.020346	2225.15491
0.02035	2225.596823
0.020354	2226.052739
0.020357	2226.504367
0.020361	2226.957583
0.020365	2227.421425
0.020368	2227.892769
0.020372	2228.361514
0.020376	2228.83314
0.020379	2229.279795
0.020383	2229.714995
0.020387	2230.194406
0.020391	2230.638705
0.020394	2231.097401
0.020398	2231.567693
0.020402	2232.043201
0.020406	2232.499693
0.020409	2232.926208
0.020414	2233.386542
0.020417	2233.848887
0.020421	2234.302376
0.020425	2234.757857
0.020429	2235.211568
0.020432	2235.655695
0.020436	2236.099175
0.02044	2236.55319
0.020443	2237.0022
0.020447	2237.465506
0.020451	2237.907187
0.020455	2238.372757
0.020459	2238.823163
0.020462	2239.275681
0.020466	2239.733548
0.02047	2240.21673
0.020474	2240.692866
0.020477	2241.13765
0.020481	2241.583961
0.020484	2242.030282
0.020488	2242.492304
0.020492	2242.957631
0.020496	2243.421473
0.0205	2243.864205
0.020503	2244.318978
0.020507	2244.779686
0.020511	2245.260158
0.020515	2245.741764
0.020519	2246.197568
0.020523	2246.67064
0.020527	2247.137323
0.020531	2247.623983
0.020534	2248.096024
0.020538	2248.561554
0.020542	2249.022353
0.020546	2249.482747
0.02055	2249.945396
0.020554	2250.441711
0.020558	2250.878033
0.020562	2251.330501
0.020565	2251.805737
0.020569	2252.272581
0.020573	2252.741802
0.020577	2253.21177
0.020581	2253.684772
0.020585	2254.151576
0.020588	2254.603609
0.020592	2255.052043
0.020595	2255.492702
0.020599	2255.924171
0.020602	2256.374081
0.020606	2256.835001
0.02061	2257.297973
0.020614	2257.752332
0.020617	2258.209309
0.020621	2258.669511
0.020625	2259.129036
0.020628	2259.580482
0.020633	2260.043718
0.020636	2260.507084
0.02064	2260.972463
0.020643	2261.42952
0.020647	2261.88861
0.020651	2262.341806
0.020654	2262.809055
0.020658	2263.267023
0.020662	2263.710786
0.020667	2264.171564
0.02067	2264.634082
0.020674	2265.103989
0.020677	2265.554425
0.020681	2266.005043
0.020685	2266.458906
0.020688	2266.909807
0.020692	2267.369999
0.020695	2267.826693
0.0207	2268.276704
0.020703	2268.749463
0.020707	2269.195976
0.02071	2269.636291
0.020714	2270.088375
0.020718	2270.537213
0.020721	2270.992118
0.020725	2271.448559
0.020729	2271.921874
0.020732	2272.388445
0.020736	2272.838729
0.02074	2273.291753
0.020743	2273.742067
0.020747	2274.20505
0.020751	2274.656032
0.020755	2275.120207
0.020758	2275.584625
0.020762	2276.04236
0.020765	2276.503573
0.020769	2276.97154
0.020773	2277.432328
0.020776	2277.892692
0.020779	2278.3571
0.020783	2278.816534
0.020788	2279.286502
0.020791	2279.74534
0.020795	2280.182925
0.020798	2280.627912
0.020802	2281.068753
0.020805	2281.519785
0.020809	2281.96277
0.020813	2282.418463
0.020816	2282.867433
0.02082	2283.314926
0.020824	2283.782125
0.020828	2284.249616
0.020832	2284.727602
0.020836	2285.185651
0.020839	2285.636177
0.020843	2286.088291
0.020847	2286.546481
0.020851	2287.014772
0.020854	2287.470869
0.020858	2287.931819
0.020862	2288.386784
0.020866	2288.826989
0.02087	2289.275049
0.020873	2289.72323
0.020877	2290.181339
0.02088	2290.611069
0.020884	2291.057987
0.020888	2291.512355
0.020892	2291.982182
0.020895	2292.435995
0.020899	2292.904255
0.020903	2293.351576
0.020907	2293.815287
0.020911	2294.291362
0.020915	2294.768114
0.020919	2295.227517
0.020922	2295.684515
0.020926	2296.145718
0.02093	2296.593656
0.020934	2297.06779
0.020938	2297.538638
0.020942	2297.999689
0.020946	2298.450782
0.02095	2298.910358
0.020953	2299.381266
0.020957	2299.853358
0.020961	2300.307504
0.020964	2300.732806
0.020968	2301.169239
0.020972	2301.634375
0.020976	2302.099936
0.02098	2302.545033
0.020983	2302.978413
0.020987	2303.422368
0.02099	2303.878092
0.020994	2304.360495
0.020998	2304.833477
0.021002	2305.29101
0.021007	2305.749675
0.021011	2306.227974
0.021015	2306.697731
0.021018	2307.144567
0.021023	2307.601918
0.021026	2308.056863
0.02103	2308.506116
0.021034	2308.956592
0.021038	2309.434831
0.021042	2309.88289
0.021045	2310.346924
0.021049	2310.792699
0.021053	2311.238505
0.021057	2311.686837
0.02106	2312.131531
0.021064	2312.595413
0.021068	2313.057536
0.021072	2313.512228
0.021076	2313.958559
0.021079	2314.413453
0.021083	2314.872927
0.021086	2315.327276
0.02109	2315.784273
0.021094	2316.24675
0.021098	2316.707043
0.021103	2317.188547
0.021106	2317.665036
0.02111	2318.13361
0.021114	2318.598655
0.021117	2319.042751
0.021122	2319.505046
0.021125	2319.973336
0.021129	2320.445256
0.021133	2320.904386
0.021137	2321.364589
0.021141	2321.822435
0.021145	2322.280888
0.021149	2322.743294
0.021153	2323.198603
0.021157	2323.653012
0.021161	2324.110313
0.021165	2324.568331
0.021169	2325.033881
0.021172	2325.49741
0.021176	2325.957308
0.02118	2326.415044
0.021183	2326.884527
0.021188	2327.355355
0.021192	2327.825475
0.021196	2328.285909
0.0212	2328.737376
0.021204	2329.185891
0.021208	2329.632798
0.021212	2330.093021
0.021215	2330.537785
0.021219	2330.977473
0.021222	2331.419123
0.021227	2331.880438
0.02123	2332.330722
0.021234	2332.772625
0.021237	2333.229187
0.021241	2333.684081
0.021245	2334.131302
0.021248	2334.582415
0.021252	2335.03181
0.021255	2335.48633
0.021259	2335.944965
0.021263	2336.403944
0.021267	2336.864813
0.021271	2337.327836
0.021275	2337.781062
0.021279	2338.247977
0.021282	2338.714043
0.021286	2339.164823
0.02129	2339.601539
0.021294	2340.051691
0.021298	2340.492138
0.021301	2340.94402
0.021305	2341.39025
0.021309	2341.843901
0.021313	2342.292779
0.021316	2342.740111
0.02132	2343.18441
0.021324	2343.64533
0.021328	2344.089225
0.021332	2344.546626
0.021336	2345.014381
0.021339	2345.457679
0.021343	2345.886034
0.021346	2346.308303
0.02135	2346.764683
0.021354	2347.231639
0.021358	2347.683581
0.021362	2348.130559
0.021366	2348.557469
0.021369	2349.022099
0.021374	2349.484647
0.021377	2349.94128
0.021381	2350.39122
0.021385	2350.842111
0.021389	2351.285783
0.021392	2351.728616
0.021396	2352.183379
0.0214	2352.630236
0.021403	2353.082966
0.021407	2353.530935
0.021411	2353.988498
0.021415	2354.440623
0.021419	2354.908579
0.021423	2355.374807
0.021427	2355.844765
0.021431	2356.305453
0.021434	2356.76337
0.021439	2357.219922
0.021442	2357.667224
0.021446	2358.112898
0.02145	2358.592329
0.021454	2359.048942
0.021458	2359.523106
0.021462	2360.010353
0.021466	2360.470414
0.021469	2360.91906
0.021473	2361.372235
0.021477	2361.835036
0.021481	2362.29547
0.021484	2362.743197
0.021488	2363.203672
0.021491	2363.660143
0.021496	2364.115816
0.0215	2364.58174
0.021503	2365.041023
0.021507	2365.502175
0.02151	2365.967806
0.021514	2366.425895
0.021518	2366.883853
0.021522	2367.335017
0.021526	2367.794107
0.02153	2368.254713
0.021534	2368.70897
0.021538	2369.168374
0.021542	2369.620316
0.021546	2370.072652
0.021549	2370.524625
0.021553	2370.972058
0.021557	2371.423606
0.02156	2371.886113
0.021564	2372.344192
0.021568	2372.803171
0.021572	2373.264455
0.021575	2373.72683
0.02158	2374.193321
0.021584	2374.659822
0.021588	2375.106213
0.021592	2375.55581
0.021595	2376.01584
0.021599	2376.473343
0.021603	2376.931493
0.021607	2377.376287
0.021611	2377.825156
0.021615	2378.301049
0.021619	2378.759097
0.021623	2379.21841
0.021627	2379.669998
0.021631	2380.125479
0.021634	2380.589452
0.021638	2381.067458
0.021642	2381.546788
0.021646	2382.020902
0.02165	2382.494166
0.021653	2382.953984
0.021657	2383.41542
0.021661	2383.87547
0.021665	2384.346298
0.021669	2384.821605
0.021672	2385.285062
0.021676	2385.737247
0.02168	2386.167543
0.021684	2386.611943
0.021687	2387.057971
0.021691	2387.51142
0.021694	2387.964322
0.021698	2388.425829
0.021701	2388.880157
0.021705	2389.338893
0.021709	2389.798377
0.021713	2390.269761
0.021717	2390.727992
0.021721	2391.180925
0.021724	2391.640055
0.021728	2392.089783
0.021732	2392.526954
0.021735	2392.982162
0.021739	2393.449522
0.021743	2393.903072
0.021746	2394.358158
0.02175	2394.817197
0.021753	2395.276459
0.021757	2395.73466
0.021761	2396.193831
0.021765	2396.655165
0.021768	2397.113921
0.021773	2397.569624
0.021777	2398.029129
0.02178	2398.480101
0.021784	2398.936117
0.021788	2399.392518
0.021792	2399.835502
0.021796	2400.280155
0.0218	2400.72499
0.021803	2401.184545
0.021807	2401.646981
0.021811	2402.10041
0.021814	2402.533355
0.021818	2402.999451
0.021822	2403.483968
0.021826	2403.962378
0.02183	2404.431306
0.021833	2404.891791
0.021837	2405.347534
0.021841	2405.795463
0.021845	2406.253269
0.021849	2406.71432
0.021852	2407.167809
0.021856	2407.611562
0.02186	2408.07042
0.021864	2408.539256
0.021868	2408.992846
0.021872	2409.451895
0.021876	2409.916344
0.02188	2410.374827
0.021884	2410.839862
0.021888	2411.303269
0.021892	2411.758466
0.021895	2412.227636
0.021899	2412.676525
0.021903	2413.148404
0.021907	2413.622356
0.021911	2414.080374
0.021915	2414.542791
0.021919	2415.002912
0.021923	2415.466046
0.021927	2415.926855
0.021931	2416.38922
0.021934	2416.815523
0.021939	2417.261379
0.021942	2417.7371
0.021947	2418.209172
0.021951	2418.688532
0.021954	2419.134267
0.021959	2419.604549
0.021962	2420.071312
0.021966	2420.547782
0.021971	2421.02505
0.021974	2421.480641
0.021978	2421.906783
0.021982	2422.369977
0.021986	2422.83393
0.02199	2423.31683
0.021994	2423.80077
0.021999	2424.277624
0.022003	2424.744913
0.022007	2425.214699
0.022011	2425.680199
0.022014	2426.126975
0.022018	2426.585438
0.022022	2427.027958
0.022026	2427.47164
0.022029	2427.925008
0.022033	2428.383835
0.022037	2428.834897
0.022041	2429.275557
0.022045	2429.702244
0.022048	2430.133046
0.022051	2430.5944
0.022055	2431.030217
0.022059	2431.490328
0.022064	2431.950166
0.022067	2432.401016
0.022071	2432.833264
0.022074	2433.267776
0.022078	2433.712186
0.022082	2434.152684
0.022086	2434.610106
0.02209	2435.079619
0.022094	2435.539114
0.022098	2435.994897
0.022102	2436.455514
0.022106	2436.931882
0.02211	2437.40088
0.022114	2437.859839
0.022117	2438.320678
0.022122	2438.785409
0.022125	2439.248776
0.022129	2439.694541
0.022133	2440.136787
0.022136	2440.581875
0.02214	2441.026305
0.022144	2441.480006
0.022148	2441.942241
0.022152	2442.397893
0.022156	2442.862736
0.02216	2443.331218
0.022164	2443.791865
0.022168	2444.217339
0.022172	2444.695021
0.022176	2445.197827
0.02218	2445.677582
0.022184	2446.131577
0.022188	2446.587604
0.022192	2447.064396
0.022196	2447.537974
0.022201	2448.019822
0.022204	2448.479387
0.022208	2448.942713
0.022212	2449.40703
0.022216	2449.885431
0.02222	2450.352609
0.022224	2450.812042
0.022228	2451.235727
0.022232	2451.689752
0.022236	2452.153836
0.022239	2452.600571
0.022243	2453.047084
0.022247	2453.500947
0.022251	2453.946733
0.022255	2454.396653
0.022259	2454.852588
0.022263	2455.321627
0.022266	2455.786924
0.02227	2456.232477
0.022274	2456.667697
0.022277	2457.077965
0.022281	2457.523598
0.022285	2457.97454
0.022289	2458.431507
0.022293	2458.880254
0.022297	2459.348716
0.022301	2459.811506
0.022305	2460.287025
0.022309	2460.748825
0.022312	2461.212414
0.022316	2461.651749
0.02232	2462.111496
0.022324	2462.581161
0.022328	2463.041595
0.022331	2463.4901
0.022335	2463.940566
0.022339	2464.39998
0.022343	2464.868331
0.022347	2465.346974
0.022351	2465.808055
0.022355	2466.254225
0.022359	2466.706288
0.022363	2467.170443
0.022366	2467.6421
0.022371	2468.103434
0.022374	2468.554103
0.022379	2469.022454
0.022383	2469.48398
0.022387	2469.955778
0.02239	2470.382223
0.022394	2470.823984
0.022398	2471.266777
0.022401	2471.725897
0.022405	2472.17792
0.022409	2472.632511
0.022413	2473.101468
0.022416	2473.563177
0.02242	2474.010721
0.022424	2474.451947
0.022428	2474.904526
0.022432	2475.355477
0.022435	2475.81848
0.022439	2476.273435
0.022443	2476.723001
0.022447	2477.172597
0.022451	2477.632062
0.022455	2478.093507
0.022459	2478.556591
0.022463	2479.018977
0.022467	2479.468068
0.022471	2479.951048
0.022474	2480.396125
0.022478	2480.845833
0.022482	2481.280588
0.022486	2481.750759
0.022489	2482.205946
0.022493	2482.666239
0.022497	2483.125258
0.022501	2483.58083
0.022504	2484.027485
0.022508	2484.479528
0.022512	2484.934301
0.022516	2485.383159
0.02252	2485.827115
0.022524	2486.286437
0.022527	2486.754748
0.022531	2487.219691
0.022535	2487.680358
0.022539	2488.117823
0.022543	2488.560565
0.022546	2489.00817
0.02255	2489.468281
0.022554	2489.926592
0.022558	2490.394306
0.022562	2490.86841
0.022566	2491.332252
0.02257	2491.797175
0.022574	2492.26954
0.022578	2492.733442
0.022582	2493.188953
0.022586	2493.636083
0.02259	2494.105111
0.022593	2494.569842
0.022597	2495.034362
0.022601	2495.51168
0.022605	2495.974855
0.022609	2496.442447
0.022613	2496.896705
0.022617	2497.366622
0.022621	2497.825723
0.022625	2498.289635
0.022629	2498.72627
0.022632	2499.159286
0.022636	2499.623229
0.022641	2500.09523
0.022645	2500.561255
0.022648	2501.004058
0.022653	2501.455798
0.022657	2501.916556
0.022661	2502.381308
0.022665	2502.841571
0.022668	2503.319546
0.022672	2503.776533
0.022676	2504.210955
0.02268	2504.670075
0.022683	2505.122715
0.022687	2505.577255
0.022691	2506.016054
0.022695	2506.4748
0.022699	2506.955506
0.022703	2507.429508
0.022707	2507.88787
0.022711	2508.31663
0.022715	2508.757704
0.022718	2509.21739
0.022722	2509.672305
0.022726	2510.110538
0.022729	2510.552501
0.022733	2510.994808
0.022737	2511.463574
0.022741	2511.930984
0.022745	2512.387011
0.022749	2512.84968
0.022753	2513.326644
0.022757	2513.797492
0.022762	2514.249596
0.022766	2514.728391
0.02277	2515.20482
0.022774	2515.672797
0.022778	2516.132392
0.022782	2516.59217
0.022786	2517.044415
0.022789	2517.50394
0.022793	2517.960957
0.022797	2518.397421
0.022801	2518.86286
0.022805	2519.338672
0.022808	2519.774165
0.022812	2520.217048
0.022816	2520.683357
0.022821	2521.15283
0.022825	2521.598797
0.022828	2522.05267
0.022832	2522.508707
0.022836	2522.973297
0.022841	2523.428565
0.022845	2523.890921
0.022849	2524.355015
0.022853	2524.808363
0.022857	2525.267443
0.022861	2525.72905
0.022865	2526.197259
0.022869	2526.65177
0.022874	2527.114792
0.022878	2527.57553
0.022882	2528.035692
0.022886	2528.486269
0.022889	2528.936826
0.022893	2529.38803
0.022897	2529.829771
0.022901	2530.280844
0.022905	2530.733646
0.022909	2531.179987
0.022913	2531.641261
0.022917	2532.108206
0.022921	2532.551181
0.022926	2533.001343
0.022929	2533.448544
0.022933	2533.89539
0.022937	2534.334614
0.022941	2534.803713
0.022945	2535.298229
0.022949	2535.779854
0.022953	2536.260236
0.022958	2536.718801
0.022962	2537.18154
0.022966	2537.660133
0.02297	2538.154972
0.022975	2538.637669
0.022979	2539.083768
0.022982	2539.540745
0.022987	2540.023543
0.02299	2540.495088
0.022995	2540.972164
0.022999	2541.431851
0.023003	2541.890273
0.023007	2542.347827
0.023011	2542.811133
0.023015	2543.281596
0.023018	2543.73646
0.023023	2544.200191
0.023027	2544.683626
0.023031	2545.152058
0.023035	2545.619873
0.023039	2546.072826
0.023043	2546.533867
0.023048	2547.000065
0.023051	2547.47154
0.023056	2547.93247
0.023059	2548.377769
0.023063	2548.82681
0.023067	2549.286891
0.023071	2549.760832
0.023075	2550.218274
0.02308	2550.690649
0.023084	2551.144745
0.023088	2551.602126
0.023092	2552.074521
0.023096	2552.540577
0.023101	2553.014013
0.023105	2553.474276
0.023108	2553.939179
0.023112	2554.377918
0.023116	2554.839788
0.02312	2555.310444
0.023124	2555.775296
0.023128	2556.234922
0.023132	2556.682558
0.023136	2557.122357
0.02314	2557.579264
0.023144	2558.05183
0.023148	2558.516693
0.023153	2558.981607
0.023156	2559.444751
0.02316	2559.906904
0.023165	2560.371029
0.023169	2560.830978
0.023173	2561.299309
0.023177	2561.767033
0.023181	2562.221038
0.023185	2562.701622
0.023189	2563.167506
0.023193	2563.644329
0.023197	2564.157164
0.023202	2564.637516
0.023206	2565.101206
0.02321	2565.575572
0.023214	2566.041658
0.023218	2566.522627
0.023222	2567.005809
0.023226	2567.471845
0.02323	2567.937274
0.023234	2568.391309
0.023238	2568.879425
0.023243	2569.356905
0.023247	2569.832272
0.023251	2570.286509
0.023255	2570.742334
0.023259	2571.201313
0.023263	2571.663426
0.023267	2572.12388
0.023271	2572.577491
0.023275	2573.010931
0.023279	2573.474955
0.023283	2573.958057
0.023287	2574.419755
0.023291	2574.88846
0.023295	2575.357003
0.023299	2575.824009
0.023303	2576.284059
0.023307	2576.744453
0.023311	2577.218324
0.023315	2577.694035
0.023319	2578.153843
0.023323	2578.616583
0.023327	2579.058516
0.023331	2579.516565
0.023335	2579.963159
0.023339	2580.40672
0.023343	2580.85571
0.023347	2581.308723
0.023351	2581.772545
0.023354	2582.225356
0.023358	2582.669039
0.023362	2583.111973
0.023366	2583.553158
0.02337	2583.990663
0.023374	2584.45045
0.023379	2584.917557
0.023383	2585.388769
0.023387	2585.853673
0.023391	2586.327028
0.023396	2586.800292
0.0234	2587.256572
0.023404	2587.729553
0.023408	2588.177947
0.023412	2588.632982
0.023416	2589.067394
0.02342	2589.506304
0.023424	2589.956639
0.023428	2590.399714
0.023432	2590.85933
0.023435	2591.315336
0.023439	2591.772435
0.023443	2592.232586
0.023447	2592.688087
0.023451	2593.158541
0.023456	2593.632108
0.023459	2594.107051
0.023464	2594.559984
0.023467	2595.017699
0.023472	2595.481076
0.023475	2595.943199
0.02348	2596.415027
0.023484	2596.883864
0.023488	2597.343469
0.023492	2597.78794
0.023496	2598.24792
0.0235	2598.701156
0.023504	2599.166261
0.023508	2599.61974
0.023512	2600.096614
0.023517	2600.574994
0.023521	2601.042839
0.023525	2601.526992
0.023529	2601.975568
0.023533	2602.446153
0.023537	2602.921864
0.023541	2603.38606
0.023545	2603.839791
0.02355	2604.302642
0.023554	2604.775431
0.023558	2605.237999
0.023563	2605.705036
0.023566	2606.174398
0.023571	2606.641717
0.023574	2607.108086
0.023578	2607.555934
0.023582	2608.00911
0.023586	2608.477208
0.02359	2608.933699
0.023594	2609.397015
0.023597	2609.868187
0.023601	2610.333626
0.023606	2610.798378
0.02361	2611.251796
0.023614	2611.709218
0.023618	2612.172938
0.023622	2612.639742
0.023626	2613.09408
0.02363	2613.539289
0.023634	2614.004809
0.023638	2614.469703
0.023642	2614.93498
0.023647	2615.394565
0.023651	2615.850359
0.023655	2616.295821
0.023659	2616.750634
0.023663	2617.216255
0.023667	2617.675902
0.023672	2618.129997
0.023675	2618.588096
0.023679	2619.045852
0.023683	2619.510917
0.023688	2619.968126
0.023692	2620.425892
0.023696	2620.885275
0.023699	2621.339816
0.023704	2621.791576
0.023708	2622.243508
0.023712	2622.69544
0.023716	2623.151446
0.02372	2623.61367
0.023724	2624.049467
0.023728	2624.507303
0.023732	2624.959316
0.023736	2625.415504
0.02374	2625.861613
0.023744	2626.314424
0.023748	2626.791419
0.023752	2627.261034
0.023756	2627.729243
0.02376	2628.18985
0.023764	2628.655693
0.023768	2629.104916
0.023772	2629.560518
0.023776	2630.014512
0.023781	2630.483652
0.023784	2630.938314
0.023788	2631.396888
0.023793	2631.892627
0.023797	2632.369056
0.023801	2632.838529
0.023805	2633.304241
0.023809	2633.774139
0.023814	2634.247171
0.023818	2634.720101
0.023822	2635.202101
0.023826	2635.663951
0.02383	2636.140451
0.023835	2636.602644
0.023839	2637.079649
0.023843	2637.553136
0.023847	2638.007414
0.023851	2638.470649
0.023855	2638.9271
0.023859	2639.391437
0.023863	2639.848333
0.023867	2640.323883
0.023871	2640.797885
0.023875	2641.274688
0.02388	2641.748519
0.023884	2642.219832
0.023888	2642.676546
0.023892	2643.135727
0.023896	2643.596717
0.0239	2644.056232
0.023904	2644.52433
0.023908	2644.995259
0.023912	2645.473589
0.023917	2645.924186
0.023921	2646.386582
0.023925	2646.844964
0.023929	2647.32019
0.023933	2647.818972
0.023938	2648.292439
0.023942	2648.764642
0.023947	2649.239261
0.023951	2649.693154
0.023955	2650.151193
0.023959	2650.637742
0.023963	2651.123816
0.023967	2651.592965
0.023972	2652.05433
0.023976	2652.529374
0.02398	2652.985178
0.023984	2653.442266
0.023988	2653.925236
0.023992	2654.37549
0.023995	2654.849563
0.024	2655.325112
0.024004	2655.796688
0.024008	2656.249743
0.024011	2656.701199
0.024016	2657.164425
0.02402	2657.639013
0.024024	2658.097214
0.024028	2658.559215
0.024032	2659.029902
0.024036	2659.487495
0.02404	2659.979979
0.024044	2660.453001
0.024048	2660.902142
0.024052	2661.359402
0.024056	2661.826146
0.02406	2662.295942
0.024064	2662.77047
0.024069	2663.242178
0.024073	2663.708638
0.024077	2664.16701
0.024081	2664.60951
0.024084	2665.095998
0.024089	2665.560012
0.024092	2666.023368
0.024096	2666.485036
0.0241	2666.941781
0.024104	2667.411517
0.024108	2667.890271
0.024113	2668.357378
0.024117	2668.824253
0.024121	2669.27663
0.024125	2669.732363
0.024129	2670.185903
0.024133	2670.655952
0.024137	2671.113859
0.024141	2671.570573
0.024145	2672.031139
0.024149	2672.487449
0.024153	2672.953656
0.024157	2673.41769
0.024161	2673.887901
0.024165	2674.352926
0.024169	2674.822015
0.024173	2675.293803
0.024177	2675.751488
0.024181	2676.214238
0.024186	2676.67353
0.02419	2677.124704
0.024194	2677.57332
0.024198	2678.028386
0.024202	2678.474414
0.024206	2678.930592
0.024211	2679.387599
0.024214	2679.856668
0.024219	2680.327637
0.024222	2680.789366
0.024226	2681.238396
0.02423	2681.699144
0.024234	2682.145162
0.024239	2682.58478
0.024242	2683.031687
0.024246	2683.489584
0.02425	2683.945257
0.024255	2684.408543
0.024258	2684.848818
0.024262	2685.297444
0.024266	2685.74605
0.02427	2686.193007
0.024274	2686.635527
0.024278	2687.08755
0.024282	2687.533618
0.024286	2687.981799
0.02429	2688.460412
0.024294	2688.901678
0.024298	2689.361162
0.024302	2689.809869
0.024306	2690.247263
0.02431	2690.688154
0.024314	2691.136275
0.024318	2691.601441
0.024322	2692.052726
0.024326	2692.507681
0.02433	2692.962474
0.024334	2693.417227
0.024338	2693.879967
0.024342	2694.341857
0.024346	2694.80859
0.02435	2695.263616
0.024354	2695.71023
0.024358	2696.1491
0.024362	2696.592944
0.024367	2697.03785
0.024371	2697.501883
0.024375	2697.954978
0.024378	2698.398691
0.024382	2698.827501
0.024386	2699.269939
0.02439	2699.730202
0.024395	2700.190152
0.024399	2700.652082
0.024403	2701.116177
0.024407	2701.577107
0.024411	2702.027037
0.024415	2702.483954
0.024419	2702.936755
0.024423	2703.398737
0.024427	2703.838739
0.024431	2704.283978
0.024435	2704.720219
0.024439	2705.160332
0.024443	2705.597726
0.024446	2706.032228
0.024451	2706.498476
0.024455	2706.949306
0.024458	2707.401248
0.024462	2707.855223
0.024466	2708.308246
0.02447	2708.748653
0.024474	2709.205802
0.024478	2709.656167
0.024482	2710.08709
0.024486	2710.538789
0.02449	2710.984099
0.024494	2711.425234
0.024497	2711.873648
0.024501	2712.334082
0.024505	2712.798379
0.02451	2713.270814
0.024514	2713.742006
0.024519	2714.208123
0.024523	2714.664281
0.024527	2715.123815
0.024531	2715.578629
0.024535	2716.033341
0.024539	2716.489823
0.024543	2716.953139
0.024547	2717.40775
0.024551	2717.869105
0.024555	2718.312746
0.024559	2718.770219
0.024564	2719.219178
0.024568	2719.681261
0.024572	2720.138814
0.024576	2720.605952
0.02458	2721.065062
0.024584	2721.525406
0.024588	2721.98583
0.024591	2722.439178
0.024595	2722.895851
0.024599	2723.344589
0.024604	2723.809917
0.024608	2724.279865
0.024612	2724.740673
0.024616	2725.204728
0.024621	2725.674848
0.024625	2726.144685
0.024629	2726.61165
0.024634	2727.056101
0.024638	2727.506719
0.024642	2727.986009
0.024646	2728.465056
0.024651	2728.937774
0.024655	2729.405408
0.024659	2729.881119
0.024663	2730.335841
0.024667	2730.794274
0.024671	2731.252292
0.024675	2731.720966
0.024679	2732.189075
0.024683	2732.643261
0.024687	2733.102361
0.024691	2733.561664
0.024696	2734.036475
0.0247	2734.49141
0.024704	2734.952926
0.024708	2735.407386
0.024712	2735.864848
0.024716	2736.319176
0.02472	2736.766801
0.024724	2737.215265
0.024728	2737.679046
0.024733	2738.133304
0.024737	2738.608671
0.024741	2739.069136
0.024745	2739.533008
0.024749	2739.986254
0.024753	2740.438793
0.024757	2740.892909
0.024761	2741.361674
0.024765	2741.813202
0.024769	2742.272757
0.024773	2742.717298
0.024777	2743.163175
0.024781	2743.626693
0.024785	2744.094154
0.024789	2744.560179
0.024793	2745.010716
0.024797	2745.453165
0.024801	2745.900497
0.024805	2746.36174
0.024809	2746.814218
0.024813	2747.291618
0.024817	2747.754064
0.024821	2748.210111
0.024825	2748.649456
0.024829	2749.121902
0.024833	2749.581204
0.024837	2750.042083
0.024841	2750.49535
0.024845	2750.952438
0.024849	2751.415067
0.024853	2751.872832
0.024857	2752.333408
0.024861	2752.776524
0.024865	2753.230772
0.024869	2753.70169
0.024873	2754.174267
0.024877	2754.641547
0.024881	2755.116135
0.024885	2755.576226
0.024889	2756.034416
0.024893	2756.500189
0.024897	2756.972918
0.024902	2757.436638
0.024905	2757.88026
0.024909	2758.338207
0.024913	2758.799926
0.024918	2759.291924
0.024922	2759.774288
0.024926	2760.238342
0.02493	2760.696593
0.024934	2761.149485
0.024938	2761.604602
0.024942	2762.079605
0.024947	2762.548168
0.02495	2763.002759
0.024954	2763.453984
0.024958	2763.927693
0.024962	2764.397934
0.024966	2764.84933
0.02497	2765.298027
0.024974	2765.758998
0.024978	2766.190265
0.024982	2766.640316
0.024986	2767.10806
0.024989	2767.57719
0.024993	2768.020255
0.024997	2768.482398
0.025002	2768.943692
0.025005	2769.41447
0.025009	2769.885389
0.025013	2770.332751
0.025017	2770.789141
0.025021	2771.243025
0.025025	2771.707665
0.025029	2772.169434
0.025033	2772.627402
0.025037	2773.087008
0.025041	2773.550708
0.025045	2774.006856
0.025049	2774.466906
0.025053	2774.917554
0.025057	2775.381174
0.025061	2775.851314
0.025065	2776.310192
0.025069	2776.765167
0.025073	2777.213297
0.025077	2777.686612
0.025081	2778.138019
0.025085	2778.590315
0.025089	2779.051043
0.025093	2779.512094
0.025097	2779.965937
0.0251	2780.410903
0.025104	2780.85317
0.025108	2781.308317
0.025112	2781.774443
0.025116	2782.238002
0.02512	2782.700024
0.025124	2783.156465
0.025128	2783.624725
0.025132	2784.083441
0.025136	2784.55527
0.025141	2785.027472
0.025145	2785.474956
0.025148	2785.930113
0.025152	2786.39626
0.025156	2786.85349
0.02516	2787.322801
0.025164	2787.784135
0.025168	2788.25739
0.025172	2788.731402
0.025176	2789.208468
0.02518	2789.677284
0.025184	2790.135302
0.025188	2790.592673
0.025192	2791.054301
0.025196	2791.521105
0.0252	2791.974786
0.025205	2792.432875
0.025209	2792.900963
0.025213	2793.360923
0.025217	2793.822975
0.025221	2794.291649
0.025225	2794.747534
0.02523	2795.211679
0.025233	2795.656393
0.025237	2796.103876
0.025241	2796.551188
0.025245	2796.998702
0.02525	2797.43743
0.025253	2797.90296
0.025258	2798.3675
0.025262	2798.828319
0.025266	2799.297418
0.02527	2799.766092
0.025275	2800.293375
0.025279	2800.768944
0.025283	2801.241299
0.025287	2801.697083
0.025291	2802.170034
0.025295	2802.626212
0.025299	2803.101812
0.025303	2803.552611
0.025307	2803.997001
0.025311	2804.452199
0.025315	2804.916526
0.025319	2805.379175
0.025322	2805.834231
0.025326	2806.291784
0.02533	2806.743817
0.025334	2807.205111
0.025338	2807.694622
0.025342	2808.14064
0.025346	2808.583008
0.02535	2809.033342
0.025354	2809.485962
0.025358	2809.955293
0.025362	2810.415951
0.025367	2810.869237
0.025371	2811.318612
0.025375	2811.780178
0.025379	2812.254949
0.025384	2812.716344
0.025388	2813.169631
0.025391	2813.621654
0.025396	2814.057228
0.0254	2814.512628
0.025403	2814.959161
0.025407	2815.415673
0.025411	2815.865684
0.025415	2816.319476
0.02542	2816.794571
0.025424	2817.274912
0.025428	2817.729776
0.025432	2818.192425
0.025435	2818.639777
0.025439	2819.071822
0.025443	2819.513169
0.025448	2819.965344
0.025452	2820.427194
0.025456	2820.892926
0.02546	2821.349883
0.025464	2821.825918
0.025468	2822.269276
0.025472	2822.719823
0.025476	2823.167468
0.02548	2823.618268
0.025484	2824.073112
0.025488	2824.524731
0.025493	2824.981344
0.025497	2825.437269
0.0255	2825.88265
0.025504	2826.332499
0.025508	2826.767335
0.025512	2827.219853
0.025516	2827.671785
0.02552	2828.118541
0.025524	2828.567036
0.025528	2829.019038
0.025532	2829.473387
0.025536	2829.938179
0.02554	2830.406793
0.025545	2830.859159
0.025548	2831.320918
0.025552	2831.778077
0.025556	2832.226562
0.025561	2832.682073
0.025564	2833.122247
0.025568	2833.558619
0.025572	2834.020247
0.025576	2834.491469
0.02558	2834.956979
0.025584	2835.410519
0.025587	2835.860732
0.025591	2836.321258
0.025596	2836.790387
0.0256	2837.251469
0.025604	2837.718151
0.025608	2838.186896
0.025612	2838.650981
0.025616	2839.085756
0.02562	2839.554976
0.025624	2840.023236
0.025628	2840.477696
0.025632	2840.933459
0.025637	2841.396957
0.025641	2841.856098
0.025645	2842.322801
0.025649	2842.771275
0.025653	2843.221317
0.025657	2843.670681
0.025661	2844.139851
0.025665	2844.600255
0.02567	2845.059537
0.025674	2845.524268
0.025678	2845.997088
0.025682	2846.463942
0.025686	2846.928219
0.02569	2847.37912
0.025694	2847.824945
0.025699	2848.298078
0.025702	2848.765701
0.025707	2849.24672
0.025712	2849.719974
0.025716	2850.185565
0.02572	2850.650276
0.025724	2851.122681
0.025728	2851.587514
0.025732	2852.043146
0.025737	2852.517634
0.025742	2853.009157
0.025746	2853.497
0.02575	2853.955554
0.025755	2854.414108
0.025759	2854.87243
0.025763	2855.325464
0.025767	2855.77778
0.025771	2856.244817
0.025775	2856.700378
0.025779	2857.158498
0.025783	2857.626384
0.025787	2858.102812
0.025791	2858.571962
0.025795	2859.042284
0.025799	2859.507562
0.025804	2859.98669
0.025808	2860.445638
0.025812	2860.928659
0.025816	2861.411477
0.025821	2861.876856
0.025825	2862.331457
0.025829	2862.776251
0.025833	2863.246675
0.025837	2863.702944
0.025841	2864.164208
0.025845	2864.633104
0.02585	2865.1083
0.025854	2865.588581
0.025858	2866.065191
0.025862	2866.519611
0.025866	2866.990084
0.02587	2867.457576
0.025874	2867.922985
0.025878	2868.383935
0.025882	2868.838647
0.025886	2869.291024
0.02589	2869.75068
0.025894	2870.199165
0.025898	2870.647953
0.025903	2871.104353
0.025907	2871.56497
0.025911	2872.040135
0.025915	2872.519061
0.025919	2872.97898
0.025923	2873.447169
0.025927	2873.895704
0.025931	2874.337122
0.025935	2874.794715
0.025939	2875.268627
0.025944	2875.758644
0.025948	2876.245375
0.025952	2876.729861
0.025956	2877.179458
0.02596	2877.633705
0.025964	2878.088751
0.025969	2878.573056
0.025973	2879.021661
0.025976	2879.47148
0.025981	2879.934675
0.025985	2880.401499
0.025989	2880.876321
0.025993	2881.372343
0.025998	2881.841897
0.026002	2882.304172
0.026005	2882.760309
0.026009	2883.221452
0.026013	2883.675952
0.026017	2884.12941
0.026021	2884.589329
0.026025	2885.04017
0.026029	2885.503101
0.026033	2885.971331
0.026037	2886.44323
0.026042	2886.920306
0.026046	2887.388374
0.02605	2887.850881
0.026054	2888.306989
0.026057	2888.77355
0.026062	2889.276387
0.026066	2889.776625
0.026071	2890.25827
0.026075	2890.72744
0.026079	2891.196337
0.026083	2891.662787
0.026087	2892.140389
0.026092	2892.614007
0.026096	2893.071277
0.026099	2893.538233
0.026104	2894.003884
0.026108	2894.472862
0.026112	2894.912348
0.026116	2895.358669
0.02612	2895.820398
0.026124	2896.28979
0.026128	2896.735302
0.026132	2897.186769
0.026136	2897.64226
0.02614	2898.088571
0.026144	2898.532536
0.026148	2898.991828
0.026152	2899.469571
0.026156	2899.937841
0.02616	2900.414018
0.026165	2900.879538
0.026168	2901.342378
0.026172	2901.792652
0.026177	2902.243654
0.02618	2902.700045
0.026184	2903.157072
0.026188	2903.614626
0.026192	2904.065648
0.026196	2904.50936
0.0262	2904.95925
0.026205	2905.401881
0.026209	2905.871859
0.026213	2906.339472
0.026217	2906.789251
0.026221	2907.24464
0.026225	2907.699737
0.02623	2908.176075
0.026234	2908.64481
0.026238	2909.121299
0.026242	2909.58317
0.026246	2910.05603
0.026251	2910.53353
0.026255	2911.010606
0.026259	2911.463812
0.026263	2911.918736
0.026267	2912.378726
0.026271	2912.849878
0.026275	2913.31378
0.026279	2913.786114
0.026283	2914.258843
0.026287	2914.728245
0.026292	2915.196818
0.026296	2915.663622
0.0263	2916.138514
0.026304	2916.618623
0.026309	2917.112037
0.026313	2917.585281
0.026317	2918.058273
0.026321	2918.529748
0.026325	2918.990081
0.026329	2919.433025
0.026333	2919.904278
0.026337	2920.361983
0.026341	2920.817231
0.026345	2921.272994
0.026349	2921.738767
0.026354	2922.198868
0.026357	2922.647848
0.026361	2923.089154
0.026365	2923.561398
0.026369	2924.033065
0.026373	2924.505712
0.026378	2924.953762
0.026381	2925.406837
0.026386	2925.87176
0.026389	2926.338928
0.026393	2926.807117
0.026397	2927.268249
0.026401	2927.736267
0.026405	2928.202626
0.026409	2928.673929
0.026413	2929.12578
0.026417	2929.587387
0.026421	2930.037661
0.026425	2930.494325
0.026429	2930.963798
0.026433	2931.448436
0.026437	2931.932923
0.026441	2932.412769
0.026446	2932.891725
0.02645	2933.359116
0.026454	2933.824565
0.026458	2934.299052
0.026462	2934.769223
0.026466	2935.220943
0.02647	2935.665535
0.026474	2936.131935
0.026479	2936.630464
0.026483	2937.101231
0.026486	2937.564143
0.02649	2938.021656
0.026494	2938.476924
0.026498	2938.937308
0.026502	2939.398885
0.026506	2939.878145
0.02651	2940.327094
0.026515	2940.7922
0.026519	2941.27426
0.026523	2941.751386
0.026527	2942.216987
0.026531	2942.699412
0.026536	2943.163314
0.026539	2943.632413
0.026544	2944.098135
0.026548	2944.584826
0.026552	2945.051994
0.026556	2945.518444
0.02656	2945.983499
0.026565	2946.452305
0.026569	2946.912588
0.026573	2947.369696
0.026576	2947.821062
0.02658	2948.281224
0.026584	2948.741678
0.026588	2949.202224
0.026593	2949.675944
0.026597	2950.148419
0.026601	2950.617084
0.026605	2951.084221
0.026609	2951.545
0.026613	2952.006759
0.026617	2952.442181
0.026621	2952.890109
0.026625	2953.344134
0.026629	2953.820795
0.026633	2954.302118
0.026637	2954.772784
0.026642	2955.266481
0.026647	2955.751119
0.026651	2956.233381
0.026655	2956.692491
0.026659	2957.153553
0.026663	2957.626848
0.026668	2958.089789
0.026671	2958.567502
0.026675	2959.045094
0.02668	2959.505175
0.026684	2959.955155
0.026688	2960.43486
0.026692	2960.888713
0.026696	2961.364515
0.0267	2961.829246
0.026704	2962.297931
0.026708	2962.764785
0.026712	2963.23897
0.026716	2963.704075
0.02672	2964.161618
0.026724	2964.633053
0.026728	2965.12584
0.026733	2965.592876
0.026737	2966.069426
0.026742	2966.542701
0.026745	2967.000578
0.026749	2967.459597
0.026753	2967.922923
0.026758	2968.403285
0.026762	2968.870008
0.026766	2969.337156
0.02677	2969.79662
0.026774	2970.256569
0.026778	2970.726891
0.026782	2971.205787
0.026787	2971.680598
0.026791	2972.165004
0.026795	2972.655577
0.0268	2973.14713
0.026804	2973.629949
0.026808	2974.097986
0.026812	2974.564426
0.026817	2975.038146
0.026821	2975.491028
0.026825	2975.951645
0.026829	2976.412423
0.026833	2976.871018
0.026837	2977.325133
0.026841	2977.778885
0.026845	2978.246913
0.02685	2978.706639
0.026853	2979.175951
0.026857	2979.644463
0.026862	2980.122014
0.026866	2980.605399
0.02687	2981.080685
0.026874	2981.560269
0.026878	2982.041965
0.026882	2982.505877
0.026886	2982.984652
0.026891	2983.468107
0.026895	2983.95137
0.026899	2984.423098
0.026903	2984.886282
0.026907	2985.346373
0.026912	2985.801894
0.026916	2986.304337
0.02692	2986.786316
0.026925	2987.267527
0.026928	2987.731642
0.026933	2988.202611
0.026936	2988.674854
0.026941	2989.142892
0.026945	2989.622768
0.026949	2990.122561
0.026954	2990.606411
0.026958	2991.077673
0.026962	2991.56766
0.026967	2992.052511
0.02697	2992.54098
0.026974	2993.015751
0.026979	2993.486812
0.026983	2993.952797
0.026987	2994.434341
0.026991	2994.910821
0.026995	2995.404275
0.027	2995.880168
0.027004	2996.370448
0.027009	2996.841609
0.027013	2997.296554
0.027017	2997.762721
0.027021	2998.220042
0.027025	2998.697562
0.027029	2999.163831
0.027033	2999.615611
0.027037	3000.058373
0.027041	3000.507373
0.027045	3000.968394
0.02705	3001.437645
0.027053	3001.882773
0.027058	3002.343703
0.027061	3002.789983
0.027065	3003.254634
0.027069	3003.727312
0.027073	3004.162188
0.027077	3004.625393
0.027081	3005.089669
0.027085	3005.54971
0.027089	3006.006313
0.027093	3006.469932
0.027097	3006.928749
0.027102	3007.391458
0.027106	3007.845089
0.02711	3008.300064
0.027114	3008.758537
0.027118	3009.221368
0.027122	3009.689244
0.027126	3010.180767
0.027131	3010.667235
0.027135	3011.137315
0.027139	3011.587184
0.027143	3012.054342
0.027147	3012.514221
0.027151	3012.977729
0.027155	3013.429803
0.027159	3013.886274
0.027162	3014.343322
0.027166	3014.812582
0.027171	3015.29988
0.027175	3015.78104
0.027179	3016.263939
0.027183	3016.729571
0.027188	3017.178288
0.027192	3017.646194
0.027196	3018.119357
0.0272	3018.604976
0.027204	3019.091009
0.027208	3019.553607
0.027212	3020.011343
0.027216	3020.477793
0.02722	3020.939714
0.027225	3021.402302
0.027229	3021.860664
0.027232	3022.334646
0.027237	3022.828464
0.027241	3023.307006
0.027246	3023.779239
0.02725	3024.235215
0.027254	3024.679241
0.027258	3025.139817
0.027262	3025.601344
0.027266	3026.02792
0.02727	3026.483259
0.027274	3026.933321
0.027278	3027.387841
0.027282	3027.844423
0.027286	3028.304989
0.02729	3028.761875
0.027295	3029.220662
0.027298	3029.692471
0.027303	3030.164775
0.027307	3030.607436
0.02731	3031.043566
0.027314	3031.492647
0.027318	3031.964091
0.027322	3032.432351
0.027326	3032.902926
0.027331	3033.366485
0.027335	3033.821591
0.027339	3034.281996
0.027344	3034.759011
0.027348	3035.234206
0.027352	3035.678313
0.027356	3036.129558
0.02736	3036.569034
0.027364	3037.02502
0.027368	3037.477154
0.027372	3037.953442
0.027377	3038.421904
0.027381	3038.889931
0.027385	3039.35165
0.027389	3039.820122
0.027393	3040.278059
0.027397	3040.745086
0.027402	3041.215489
0.027406	3041.692656
0.027411	3042.183178
0.027415	3042.644159
0.027419	3043.094594
0.027423	3043.541613
0.027427	3043.998337
0.027432	3044.472056
0.027436	3044.952186
0.02744	3045.425773
0.027444	3045.897592
0.027448	3046.343862
0.027452	3046.803104
0.027456	3047.271354
0.02746	3047.741484
0.027464	3048.207125
0.027467	3048.663273
0.027472	3049.127196
0.027475	3049.587792
0.02748	3050.070095
0.027484	3050.552449
0.027488	3051.039392
0.027493	3051.52588
0.027498	3052.014654
0.027502	3052.504701
0.027506	3052.968714
0.02751	3053.431414
0.027514	3053.887733
0.027518	3054.356286
0.027522	3054.833231
0.027527	3055.31152
0.02753	3055.779153
0.027534	3056.226374
0.027538	3056.686495
0.027543	3057.143169
0.027547	3057.612824
0.027551	3058.094095
0.027555	3058.567976
0.02756	3059.044901
0.027564	3059.520298
0.027568	3059.997415
0.027572	3060.473843
0.027576	3060.957107
0.02758	3061.434354
0.027584	3061.900198
0.027589	3062.350371
0.027593	3062.803597
0.027597	3063.264931
0.027601	3063.72483
0.027606	3064.21328
0.02761	3064.687232
0.027614	3065.14616
0.027618	3065.599548
0.027622	3066.061883
0.027626	3066.523804
0.02763	3066.978243
0.027634	3067.438506
0.027638	3067.890954
0.027642	3068.347162
0.027646	3068.80049
0.02765	3069.273147
0.027654	3069.763437
0.027658	3070.229877
0.027662	3070.700917
0.027666	3071.175061
0.027671	3071.650388
0.027675	3072.118335
0.027679	3072.586089
0.027683	3073.058201
0.027687	3073.521729
0.027692	3073.993012
0.027696	3074.445409
0.0277	3074.905227
0.027704	3075.371808
0.027708	3075.842151
0.027712	3076.309784
0.027717	3076.781977
0.027721	3077.252926
0.027725	3077.73626
0.027729	3078.235153
0.027733	3078.731681
0.027737	3079.211517
0.027742	3079.673033
0.027746	3080.146358
0.02775	3080.614608
0.027754	3081.092715
0.027758	3081.572895
0.027762	3082.042014
0.027766	3082.524337
0.027771	3082.994215
0.027774	3083.474495
0.027779	3083.944322
0.027782	3084.40507
0.027786	3084.863139
0.02779	3085.326819
0.027794	3085.812863
0.027799	3086.303577
0.027803	3086.788165
0.027807	3087.252967
0.027811	3087.725625
0.027815	3088.185382
0.027819	3088.654734
0.027824	3089.143113
0.027828	3089.59737
0.027832	3090.055004
0.027836	3090.524023
0.027841	3090.982385
0.027845	3091.455214
0.027849	3091.937173
0.027853	3092.415513
0.027858	3092.881953
0.027861	3093.342509
0.027866	3093.811931
0.027871	3094.282577
0.027875	3094.718384
0.027879	3095.163198
0.027883	3095.627151
0.027887	3096.090599
0.027891	3096.556978
0.027895	3097.031284
0.027899	3097.501919
0.027903	3097.968825
0.027907	3098.441068
0.027911	3098.902534
0.027916	3099.367457
0.02792	3099.828994
0.027923	3100.300438
0.027928	3100.780325
0.027932	3101.264215
0.027937	3101.75228
0.027941	3102.242934
0.027946	3102.734811
0.02795	3103.21216
0.027954	3103.68413
0.027958	3104.141532
0.027962	3104.603938
0.027966	3105.069084
0.027971	3105.538274
0.027974	3105.991379
0.027979	3106.461297
0.027983	3106.921226
0.027987	3107.381337
0.027991	3107.852084
0.027995	3108.326187
0.027999	3108.790403
0.028003	3109.258825
0.028008	3109.730563
0.028012	3110.206223
0.028016	3110.701305
0.02802	3111.180079
0.028024	3111.644821
0.028028	3112.107075
0.028032	3112.587498
0.028036	3113.062521
0.02804	3113.51964
0.028044	3113.981288
0.028049	3114.454815
0.028053	3114.924551
0.028057	3115.387705
0.028061	3115.860191
0.028065	3116.340694
0.028069	3116.805314
0.028074	3117.271694
0.028078	3117.75619
0.028082	3118.222014
0.028086	3118.680335
0.028091	3119.153013
0.028096	3119.65407
0.0281	3120.146817
0.028104	3120.61356
0.028108	3121.078929
0.028113	3121.564133
0.028117	3122.034294
0.028122	3122.500572
0.028126	3122.962837
0.02813	3123.439528
0.028134	3123.932426
0.028138	3124.420997
0.028143	3124.902582
0.028147	3125.380841
0.028151	3125.847938
0.028155	3126.307918
0.028159	3126.774297
0.028164	3127.245621
0.028168	3127.739014
0.028172	3128.213593
0.028177	3128.693702
0.028181	3129.160344
0.028186	3129.637723
0.02819	3130.115092
0.028194	3130.5877
0.028198	3131.037033
0.028202	3131.505971
0.028206	3131.975888
0.028211	3132.469656
0.028215	3132.949886
0.02822	3133.438599
0.028224	3133.896233
0.028229	3134.373208
0.028233	3134.850537
0.028237	3135.327916
0.028242	3135.817033
0.028246	3136.298668
0.028251	3136.772762
0.028254	3137.234642
0.028259	3137.710484
0.028264	3138.17836
0.028268	3138.643658
0.028272	3139.130621
0.028277	3139.622711
0.028281	3140.087038
0.028285	3140.568026
0.02829	3141.056213
0.028294	3141.533238
0.028299	3142.01723
0.028303	3142.485439
0.028306	3142.946278
0.028311	3143.406055
0.028315	3143.883182
0.028319	3144.363392
0.028324	3144.842298
0.028327	3145.316583
0.028332	3145.788139
0.028335	3146.269097
0.02834	3146.76975
0.028344	3147.258169
0.028349	3147.736842
0.028353	3148.219752
0.028358	3148.716997
0.028362	3149.212039
0.028367	3149.698285
0.028371	3150.160165
0.028375	3150.660676
0.02838	3151.135821
0.028384	3151.627688
0.028388	3152.10078
0.028392	3152.561852
0.028397	3153.022479
0.028401	3153.503083
0.028406	3154.007204
0.02841	3154.506158
0.028414	3154.9967
0.028418	3155.493733
0.028423	3155.983204
0.028427	3156.46211
0.028431	3156.936446
0.028435	3157.412319
0.02844	3157.890325
0.028444	3158.362164
0.028448	3158.839381
0.028453	3159.315668
0.028457	3159.806696
0.028462	3160.289515
0.028466	3160.788732
0.02847	3161.287039
0.028474	3161.787338
0.028479	3162.279255
0.028483	3162.766714
0.028488	3163.261644
0.028492	3163.7653
0.028496	3164.252981
0.0285	3164.71932
0.028504	3165.201117
0.028509	3165.684866
0.028513	3166.173043
0.028517	3166.658267
0.028522	3167.151681
0.028527	3167.630688
0.028531	3168.117116
0.028536	3168.600177
0.02854	3169.092034
0.028544	3169.574741
0.028548	3170.066254
0.028552	3170.55982
0.028557	3171.05656
0.028562	3171.547062
0.028565	3172.032165
0.02857	3172.524477
0.028574	3173.02613
0.028579	3173.514459
0.028583	3174.012624
0.028587	3174.501913
0.028591	3174.981405
0.028595	3175.466408
0.0286	3175.955737
0.028605	3176.454196
0.028609	3176.952543
0.028614	3177.431014
0.028618	3177.90444
0.028622	3178.38092
0.028627	3178.849827
0.02863	3179.310322
0.028635	3179.781928
0.028639	3180.2623
0.028643	3180.736707
0.028648	3181.214632
0.028652	3181.698836
0.028657	3182.193149
0.028661	3182.679284
0.028665	3183.145663
0.028669	3183.627248
0.028674	3184.107953
0.028678	3184.595695
0.028683	3185.084024
0.028687	3185.578115
0.028691	3186.065513
0.028696	3186.561263
0.0287	3187.046406
0.028704	3187.53059
0.028709	3188.00903
0.028713	3188.502869
0.028718	3188.991652
0.028722	3189.472398
0.028726	3189.950445
0.02873	3190.432515
0.028735	3190.905223
0.028739	3191.391924
0.028743	3191.872983
0.028747	3192.344215
0.028751	3192.804852
0.028755	3193.281898
0.028759	3193.764817
0.028764	3194.264671
0.028769	3194.761249
0.028773	3195.255068
0.028777	3195.72263
0.028782	3196.197633
0.028786	3196.677247
0.02879	3197.146133
0.028795	3197.64621
0.028799	3198.131778
0.028804	3198.606347
0.028808	3199.066498
0.028813	3199.542553
0.028817	3200.029092
0.028821	3200.506097
0.028826	3200.975823
0.02883	3201.457357
0.028834	3201.931077
0.028839	3202.40884
0.028843	3202.900646
0.028848	3203.387519
0.028852	3203.882075
0.028857	3204.371849
0.028861	3204.842263
0.028865	3205.321714
0.028869	3205.798174
0.028873	3206.288281
0.028878	3206.776003
0.028882	3207.268133
0.028886	3207.763882
0.028891	3208.246488
0.028896	3208.718408
0.0289	3209.211327
0.028904	3209.688989
0.028908	3210.165691
0.028913	3210.645618
0.028917	3211.121136
0.028921	3211.598051
0.028925	3212.061629
0.02893	3212.552647
0.028934	3213.049994
0.028938	3213.54641
0.028942	3214.022546
0.028947	3214.501371
0.028951	3214.975889
0.028956	3215.457585
0.02896	3215.960411
0.028965	3216.458203
0.028969	3216.951162
0.028974	3217.432888
0.028978	3217.910935
0.028982	3218.400517
0.028987	3218.888138
0.028991	3219.364789
0.028995	3219.834939
0.029	3220.310185
0.029004	3220.799515
0.029009	3221.275559
0.029013	3221.752049
0.029017	3222.219854
0.029022	3222.692815
0.029026	3223.169233
0.029031	3223.651182
0.029035	3224.140552
0.029039	3224.63069
0.029044	3225.111638
0.029048	3225.589189
0.029052	3226.08044
0.029057	3226.556969
0.029061	3227.046248
0.029065	3227.520362
0.029069	3228.005182
0.029073	3228.472431
0.029078	3228.944755
0.029082	3229.426653
0.029086	3229.904467
0.02909	3230.362132
0.029095	3230.829573
0.029099	3231.312401
0.029103	3231.79708
0.029107	3232.274439
0.029111	3232.750848
0.029116	3233.231149
0.02912	3233.701835
0.029124	3234.173401
0.029128	3234.656907
0.029132	3235.130626
0.029137	3235.600817
0.029141	3236.100064
0.029146	3236.604306
0.029151	3237.098488
0.029155	3237.587019
0.029159	3238.065176
0.029164	3238.56037
0.029168	3239.063914
0.029173	3239.550331
0.029177	3240.02951
0.029182	3240.513916
0.029186	3241.008998
0.029191	3241.505829
0.029195	3241.997959
0.0292	3242.497883
0.029204	3242.987971
0.029209	3243.481668
0.029213	3243.980693
0.029217	3244.462672
0.029221	3244.927201
0.029226	3245.402154
0.02923	3245.882536
0.029235	3246.376556
0.029239	3246.858617
0.029243	3247.342749
0.029248	3247.804741
0.029252	3248.270433
0.029256	3248.75496
0.02926	3249.247504
0.029265	3249.741009
0.029269	3250.233644
0.029274	3250.724965
0.029278	3251.211545
0.029282	3251.701359
0.029287	3252.18804
0.029291	3252.669635
0.029295	3253.148905
0.0293	3253.640863
0.029304	3254.121942
0.029308	3254.597653
0.029313	3255.088802
0.029317	3255.573774
0.029321	3256.048292
0.029326	3256.532526
0.02933	3257.013565
0.029334	3257.49329
0.029339	3257.979424
0.029343	3258.459159
0.029347	3258.939066
0.029352	3259.419771
0.029356	3259.900921
0.02936	3260.380929
0.029364	3260.860078
0.029368	3261.338286
0.029373	3261.827979
0.029377	3262.322465
0.029382	3262.832318
0.029386	3263.338723
0.029391	3263.842722
0.029395	3264.327916
0.0294	3264.823817
0.029404	3265.30702
0.029409	3265.811474
0.029413	3266.307031
0.029417	3266.806298
0.029422	3267.292757
0.029426	3267.78798
0.029431	3268.265511
0.029434	3268.753971
0.029439	3269.239782
0.029443	3269.718475
0.029447	3270.190678
0.029451	3270.608832
0.029454	3271.077739
0.029458	3271.551893
0.029463	3272.022397
0.029467	3272.481639
0.029471	3272.96191
0.029476	3273.440482
0.02948	3273.926849
0.029485	3274.41724
0.029489	3274.937021
0.029494	3275.433154
0.029499	3275.934939
0.029504	3276.43176
0.029508	3276.926832
0.029512	3277.412684
0.029516	3277.893955
0.029521	3278.361972
0.029525	3278.849977
0.02953	3279.345322
0.029534	3279.824602
0.029538	3280.317076
0.029543	3280.815362
0.029548	3281.315661
0.029551	3281.803252
0.029556	3282.304855
0.02956	3282.79837
0.029564	3283.291824
0.029568	3283.786542
0.029573	3284.283201
0.029578	3284.770933
0.029582	3285.270039
0.029587	3285.762462
0.029591	3286.256755
0.029596	3286.743658
0.0296	3287.229894
0.029604	3287.712065
0.029608	3288.182023
0.029613	3288.662618
0.029617	3289.157902
0.029621	3289.646453
0.029626	3290.1292
0.02963	3290.629924
0.029635	3291.11896
0.029639	3291.606156
0.029643	3292.090016
0.029647	3292.570094
0.029652	3293.054854
0.029656	3293.542343
0.029661	3294.0425
0.029665	3294.522599
0.02967	3294.998452
0.029674	3295.477074
0.029678	3295.957679
0.029683	3296.45082
0.029687	3296.930504
0.029691	3297.423837
0.029696	3297.919788
0.029701	3298.417903
0.029705	3298.927018
0.02971	3299.415862
0.029714	3299.910803
0.029719	3300.394278
0.029723	3300.891716
0.029728	3301.386606
0.029732	3301.878918
0.029737	3302.369511
0.029741	3302.865644
0.029745	3303.359604
0.02975	3303.850308
0.029755	3304.339789
0.029759	3304.843859
0.029764	3305.34802
0.029769	3305.873746
0.029773	3306.38556
0.029778	3306.885232
0.029782	3307.377422
0.029786	3307.859311
0.029791	3308.337509
0.029795	3308.822976
0.0298	3309.308251
0.029804	3309.781202
0.029808	3310.270835
0.029813	3310.758445
0.029817	3311.23354
0.029822	3311.702507
0.029826	3312.197812
0.02983	3312.656163
0.029834	3313.122078
0.029839	3313.606342
0.029843	3314.094741
0.029848	3314.566883
0.029852	3315.049045
0.029856	3315.534209
0.02986	3316.029503
0.029865	3316.513969
0.029869	3316.999649
0.029874	3317.484732
0.029878	3317.972282
0.029883	3318.471054
0.029887	3318.953013
0.029891	3319.427197
0.029896	3319.901099
0.0299	3320.371876
0.029904	3320.858981
0.029909	3321.363081
0.029913	3321.834455
0.029917	3322.322511
0.029922	3322.797605
0.029926	3323.279928
0.02993	3323.760441
0.029934	3324.246485
0.029939	3324.716787
0.029943	3325.199828
0.029947	3325.699429
0.029951	3326.173997
0.029956	3326.631995
0.02996	3327.095857
0.029964	3327.585167
0.029968	3328.070169
0.029972	3328.560125
0.029977	3329.056289
0.029981	3329.565858
0.029986	3330.03884
0.02999	3330.530363
0.029994	3331.025132
0.029999	3331.526209
0.030003	3332.00103
0.030008	3332.48216
0.030012	3332.974199
0.030017	3333.460404
0.030021	3333.946215
0.030025	3334.434352
0.030029	3334.901712
0.030033	3335.369921
0.030038	3335.860747
0.030043	3336.345375
0.030047	3336.839345
0.030051	3337.321476
0.030056	3337.812069
0.03006	3338.307838
0.030064	3338.791607
0.030068	3339.262192
0.030073	3339.735831
0.030078	3340.222278
0.030082	3340.722648
0.030086	3341.200907
0.03009	3341.673656
0.030095	3342.140611
0.030099	3342.613239
0.030103	3343.106147
0.030107	3343.607346
0.030112	3344.12012
0.030117	3344.618832
0.030121	3345.119404
0.030125	3345.6195
0.030129	3346.11347
0.030134	3346.593569
0.030138	3347.060423
0.030142	3347.531767
0.030146	3348.003161
0.030151	3348.502671
0.030155	3349.010866
0.03016	3349.5043
0.030164	3349.988635
0.030167	3350.448473
0.030172	3350.9192
0.030176	3351.397843
0.03018	3351.890114
0.030184	3352.383851
0.030189	3352.868186
0.030193	3353.355119
0.030197	3353.854296
0.030202	3354.362572
0.030207	3354.848241
0.03021	3355.334335
0.030215	3355.813858
0.03022	3356.309698
0.030224	3356.801262
0.030228	3357.29047
0.030233	3357.769335
0.030237	3358.246714
0.030242	3358.730746
0.030246	3359.220409
0.03025	3359.69801
0.030255	3360.183761
0.030259	3360.662515
0.030264	3361.141825
0.030268	3361.630831
0.030273	3362.127167
0.030278	3362.619994
0.030282	3363.109151
0.030286	3363.585095
0.030291	3364.057187
0.030295	3364.540925
0.0303	3365.014119
0.030304	3365.484562
0.030308	3365.97192
0.030312	3366.465071
0.030317	3366.968261
0.030321	3367.454649
0.030325	3367.940733
0.03033	3368.436522
0.030335	3368.932039
0.030339	3369.429376
0.030343	3369.925125
0.030348	3370.419661
0.030352	3370.917725
0.030356	3371.391596
0.03036	3371.874263
0.030365	3372.367889
0.030369	3372.858775
0.030373	3373.352563
0.030378	3373.872658
0.030382	3374.377567
0.030387	3374.871425
0.030392	3375.361665
0.030396	3375.850377
0.030401	3376.327595
0.030405	3376.814993
0.03041	3377.294101
0.030414	3377.778689
0.030418	3378.280868
0.030423	3378.788931
0.030428	3379.306023
0.030432	3379.813247
0.030437	3380.327902
0.030441	3380.831305
0.030445	3381.321564
0.03045	3381.822349
0.030454	3382.31369
0.030459	3382.803909
0.030463	3383.289214
0.030467	3383.790929
0.030471	3384.289296
0.030476	3384.773227
0.03048	3385.252648
0.030484	3385.723264
0.030489	3386.207649
0.030493	3386.700547
0.030497	3387.183336
0.030501	3387.662909
0.030506	3388.145727
0.03051	3388.635986
0.030515	3389.119917
0.030519	3389.603099
0.030523	3390.099829
0.030528	3390.638405
0.030532	3391.13373
0.030537	3391.622018
0.030541	3392.105928
0.030545	3392.600383
0.03055	3393.094292
0.030554	3393.582156
0.030558	3394.069675
0.030563	3394.564039
0.030568	3395.053753
0.030572	3395.528119
0.030577	3396.017813
0.030582	3396.516312
0.030586	3396.996401
0.03059	3397.468765
0.030595	3397.95492
0.030599	3398.439487
0.030604	3398.920759
0.030608	3399.389989
0.030612	3399.875527
0.030617	3400.368051
0.030622	3400.845491
0.030626	3401.337672
0.030631	3401.81409
0.030635	3402.304704
0.030639	3402.78548
0.030644	3403.270826
0.030648	3403.749418
0.030653	3404.229729
0.030657	3404.71091
0.030662	3405.207185
0.030667	3405.703258
0.030671	3406.191434
0.030676	3406.684565
0.03068	3407.161034
0.030684	3407.638778
0.030689	3408.119321
0.030693	3408.59297
0.030698	3409.051382
0.030702	3409.518237
0.030707	3409.984242
0.030711	3410.461338
0.030716	3410.928031
0.03072	3411.400881
0.030725	3411.865734
0.030729	3412.332619
0.030733	3412.818238
0.030738	3413.315129
0.030742	3413.802426
0.030746	3414.255723
0.030751	3414.734407
0.030756	3415.223008
0.03076	3415.697465
0.030764	3416.163936
0.030769	3416.630699
0.030774	3417.095208
0.030778	3417.557564
0.030782	3418.032203
0.030786	3418.512909
0.03079	3418.981775
0.030794	3419.45872
0.030799	3419.950384
0.030803	3420.429108
0.030808	3420.905203
0.030812	3421.369096
0.030816	3421.848446
0.03082	3422.317171
0.030825	3422.793651
0.030829	3423.281069
0.030834	3423.780519
0.030838	3424.269029
0.030843	3424.775798
0.030847	3425.265916
0.030852	3425.761291
0.030856	3426.23586
0.03086	3426.724138
0.030865	3427.210465
0.030869	3427.694607
0.030874	3428.181065
0.030878	3428.681951
0.030883	3429.174626
0.030887	3429.660488
0.030892	3430.150838
0.030896	3430.652714
0.030902	3431.154277
0.030906	3431.64947
0.030911	3432.141115
0.030915	3432.618898
0.030919	3433.098087
0.030923	3433.566853
0.030927	3434.036983
0.030932	3434.513836
0.030936	3434.997747
0.030941	3435.478765
0.030945	3435.955973
0.030949	3436.445646
0.030953	3436.914816
0.030958	3437.386796
0.030962	3437.875337
0.030966	3438.386757
0.030971	3438.871668
0.030975	3439.378983
0.03098	3439.862388
0.030985	3440.362262
0.030989	3440.852875
0.030994	3441.348089
0.030998	3441.829532
0.031003	3442.308943
0.031007	3442.793157
0.031011	3443.282901
0.031016	3443.755104
0.03102	3444.226852
0.031024	3444.697871
0.031028	3445.16788
0.031033	3445.650102
0.031037	3446.143395
0.031042	3446.647556
0.031046	3447.128524
0.03105	3447.627812
0.031055	3448.126564
0.031059	3448.637508
0.031064	3449.136473
0.031069	3449.624862
0.031073	3450.105274
0.031077	3450.590155
0.031081	3451.066038
0.031086	3451.535389
0.03109	3452.003285
0.031094	3452.476226
0.031099	3452.965778
0.031103	3453.448778
0.031107	3453.93741
0.031111	3454.423717
0.031116	3454.907516
0.03112	3455.383227
0.031124	3455.891603
0.031129	3456.384117
0.031133	3456.873315
0.031137	3457.365465
0.031142	3457.854087
0.031146	3458.334792
0.031151	3458.814487
0.031155	3459.290703
0.031159	3459.761379
0.031164	3460.248788
0.031168	3460.725985
0.031173	3461.245685
0.031178	3461.747066
0.031182	3462.239883
0.031186	3462.720629
0.031191	3463.208108
0.031195	3463.68754
0.031199	3464.157822
0.031204	3464.636727
0.031208	3465.132861
0.031213	3465.602243
0.031217	3466.084849
0.031221	3466.57615
0.031226	3467.060889
0.031231	3467.548035
0.031235	3468.038769
0.031239	3468.533144
0.031244	3469.006742
0.031248	3469.470583
0.031253	3469.949398
0.031257	3470.430023
0.031261	3470.891863
0.031266	3471.381637
0.031271	3471.861837
0.031275	3472.349033
0.03128	3472.842679
0.031284	3473.329936
0.031289	3473.820984
0.031293	3474.324002
0.031298	3474.803909
0.031302	3475.302388
0.031307	3475.789705
0.031311	3476.27312
0.031316	3476.759791
0.03132	3477.241285
0.031324	3477.730715
0.031328	3478.203727
0.031333	3478.69528
0.031338	3479.174944
0.031342	3479.665982
0.031346	3480.155686
0.031351	3480.66658
0.031355	3481.165221
0.03136	3481.680503
0.031365	3482.17697
0.03137	3482.680291
0.031374	3483.166547
0.031379	3483.657575
0.031384	3484.184089
0.031389	3484.674046
0.031393	3485.164194
0.031398	3485.66153
0.031402	3486.157805
0.031407	3486.63846
0.031411	3487.128174
0.031415	3487.614308
0.031419	3488.111149
0.031424	3488.602673
0.031428	3489.082963
0.031432	3489.562648
0.031436	3490.035599
0.031441	3490.502949
0.031445	3490.978811
0.031449	3491.453006
0.031454	3491.944711
0.031459	3492.441876
0.031463	3492.936189
0.031468	3493.441139
0.031472	3493.946725
0.031477	3494.440361
0.031481	3494.939578
0.031486	3495.438381
0.031491	3495.914072
0.031495	3496.394545
0.0315	3496.874482
0.031504	3497.358847
0.031509	3497.862169
0.031513	3498.345735
0.031517	3498.82735
0.031521	3499.31486
0.031526	3499.803987
0.03153	3500.301354
0.031535	3500.803422
0.03154	3501.296998
0.031545	3501.789107
0.031549	3502.279761
0.031553	3502.783528
0.031558	3503.27314
0.031562	3503.744999
0.031566	3504.221276
0.03157	3504.702487
0.031575	3505.203706
0.031579	3505.705713
0.031584	3506.194426
0.031588	3506.680742
0.031592	3507.163177
0.031597	3507.649786
0.031601	3508.142958
0.031606	3508.629011
0.03161	3509.123305
0.031615	3509.621693
0.031619	3510.120889
0.031624	3510.609764
0.031628	3511.089772
0.031632	3511.576391
0.031637	3512.060656
0.031641	3512.567819
0.031646	3513.057634
0.03165	3513.544284
0.031655	3514.040963
0.03166	3514.540888
0.031664	3515.036668
0.031668	3515.537452
0.031672	3516.034697
0.031677	3516.523804
0.031681	3517.002882
0.031686	3517.510905
0.03169	3518.017098
0.031695	3518.532521
0.0317	3519.035075
0.031704	3519.543704
0.031709	3520.031214
0.031713	3520.527236
0.031718	3521.030628
0.031722	3521.553604
0.031727	3522.045218
0.031732	3522.549804
0.031736	3523.050224
0.03174	3523.550159
0.031745	3524.040054
0.031749	3524.525006
0.031754	3525.030693
0.031758	3525.535936
0.031763	3526.051966
0.031767	3526.550263
0.031772	3527.057457
0.031777	3527.578755
0.031781	3528.090741
0.031786	3528.584559
0.03179	3529.094321
0.031795	3529.60383
0.031799	3530.114178
0.031804	3530.62025
0.031808	3531.102593
0.031813	3531.596057
0.031817	3532.094688
0.031822	3532.601083
0.031826	3533.092788
0.03183	3533.559946
0.031835	3534.036911
0.031839	3534.525057
0.031843	3535.003559
0.031848	3535.486579
0.031852	3535.993864
0.031857	3536.495589
0.031862	3536.995382
0.031866	3537.477664
0.031871	3537.965902
0.031875	3538.444696
0.03188	3538.92612
0.031884	3539.426661
0.031889	3539.922906
0.031893	3540.420263
0.031897	3540.911523
0.031901	3541.391844
0.031905	3541.875006
0.03191	3542.373303
0.031914	3542.868739
0.031918	3543.359676
0.031923	3543.852695
0.031927	3544.338537
0.031932	3544.835631
0.031936	3545.34332
0.031941	3545.851252
0.031944	3546.349387
0.031949	3546.845399
0.031953	3547.356314
0.031958	3547.85177
0.031962	3548.351988
0.031967	3548.860466
0.031972	3549.375869
0.031976	3549.877229
0.031981	3550.384292
0.031985	3550.893508
0.031989	3551.397628
0.031994	3551.884652
0.031998	3552.370049
0.032002	3552.858792
0.032007	3553.344421
0.032011	3553.834943
0.032016	3554.332401
0.03202	3554.82175
0.032024	3555.301617
0.032029	3555.773456
0.032033	3556.254363
0.032038	3556.749021
0.032042	3557.24569
0.032047	3557.751034
0.032051	3558.259572
0.032056	3558.769566
0.03206	3559.272716
0.032065	3559.772206
0.032069	3560.269007
0.032073	3560.763634
0.032078	3561.271465
0.032082	3561.776495
0.032086	3562.267351
0.032091	3562.749998
0.032095	3563.236132
0.032099	3563.731528
0.032103	3564.233464
0.032108	3564.729062
0.032112	3565.232566
0.032116	3565.730549
0.032121	3566.234659
0.032126	3566.736232
0.03213	3567.230071
0.032135	3567.727731
0.032139	3568.211499
0.032144	3568.710039
0.032149	3569.217213
0.032153	3569.745719
0.032158	3570.266248
0.032162	3570.754465
0.032166	3571.23969
0.032171	3571.73923
0.032176	3572.235131
0.03218	3572.741911
0.032185	3573.261611
0.032189	3573.775295
0.032194	3574.264776
0.032198	3574.765024
0.032203	3575.270257
0.032207	3575.758919
0.032211	3576.245074
0.032215	3576.728913
0.032219	3577.22719
0.032224	3577.721281
0.032228	3578.228546
0.032233	3578.730007
0.032238	3579.233996
0.032242	3579.728816
0.032246	3580.236555
0.032251	3580.737157
0.032255	3581.225526
0.032259	3581.715877
0.032263	3582.211666
0.032268	3582.703604
0.032273	3583.198342
0.032277	3583.700754
0.032282	3584.206128
0.032286	3584.713919
0.03229	3585.20617
0.032295	3585.694276
0.032299	3586.177964
0.032303	3586.660671
0.032308	3587.144773
0.032312	3587.624731
0.032317	3588.103738
0.032321	3588.594482
0.032326	3589.077442
0.03233	3589.55652
0.032334	3590.048417
0.032338	3590.54542
0.032343	3591.034739
0.032347	3591.524958
0.032352	3592.034983
0.032357	3592.535241
0.032361	3593.03736
0.032366	3593.542946
0.03237	3594.032084
0.032375	3594.510059
0.032379	3595.012956
0.032384	3595.511173
0.032389	3596.010127
0.032393	3596.506301
0.032397	3596.977674
0.032402	3597.458592
0.032406	3597.95699
0.032411	3598.433753
0.032415	3598.915611
0.03242	3599.401533
0.032424	3599.884837
0.032428	3600.374004
0.032433	3600.856165
0.032437	3601.357708
0.032442	3601.857926
0.032446	3602.355191
0.03245	3602.838455
0.032455	3603.347327
0.032459	3603.850386
0.032463	3604.339867
0.032468	3604.826931
0.032472	3605.329485
0.032476	3605.791294
0.03248	3606.25368
0.032484	3606.721859
0.032489	3607.20584
0.032493	3607.695018
0.032498	3608.160497
0.032502	3608.646925
0.032506	3609.128247
0.032511	3609.623643
0.032515	3610.109312
0.03252	3610.596245
0.032524	3611.077719
0.032529	3611.559941
0.032533	3612.046409
0.032538	3612.550206
0.032542	3613.054185
0.032547	3613.541543
0.032552	3614.035907
0.032556	3614.52651
0.03256	3615.0177
0.032565	3615.502328
0.032569	3615.99652
0.032573	3616.492805
0.032578	3617.000282
0.032582	3617.497821
0.032587	3618.002063
0.032591	3618.501836
0.032595	3619.004976
0.0326	3619.487006
0.032604	3619.980197
0.032608	3620.471488
0.032613	3620.990804
0.032617	3621.502183
0.032621	3622.005495
0.032626	3622.491154
0.03263	3622.982435
0.032634	3623.480903
0.032639	3623.979271
0.032644	3624.495402
0.032648	3624.995641
0.032653	3625.50521
0.032657	3626.000424
0.032661	3626.485608
0.032665	3626.970499
0.032669	3627.471809
0.032674	3627.969843
0.032678	3628.482355
0.032683	3628.995807
0.032687	3629.500514
0.032692	3629.999397
0.032696	3630.511909
0.032701	3631.017829
0.032705	3631.512648
0.03271	3632.009742
0.032714	3632.507412
0.032719	3633.001796
0.032723	3633.511144
0.032727	3633.993153
0.032731	3634.461949
0.032736	3634.946527
0.03274	3635.450131
0.032744	3635.945719
0.032748	3636.433289
0.032753	3636.923073
0.032757	3637.422897
0.032762	3637.94198
0.032766	3638.403133
0.03277	3638.887579
0.032774	3639.373734
0.032778	3639.893595
0.032783	3640.403984
0.032787	3640.903919
0.032792	3641.392338
0.032796	3641.857353
0.0328	3642.342679
0.032805	3642.838094
0.03281	3643.339566
0.032814	3643.824315
0.032819	3644.332601
0.032823	3644.842727
0.032828	3645.342166
0.032832	3645.836328
0.032836	3646.339458
0.032841	3646.838453
0.032845	3647.335112
0.032849	3647.820195
0.032854	3648.316217
0.032859	3648.806224
0.032863	3649.30263
0.032867	3649.789917
0.032871	3650.269733
0.032876	3650.747992
0.032879	3651.231538
0.032884	3651.71289
0.032888	3652.212886
0.032893	3652.727218
0.032897	3653.219418
0.032902	3653.707757
0.032906	3654.195883
0.032911	3654.706727
0.032915	3655.199049
0.032919	3655.696314
0.032923	3656.18714
0.032927	3656.686175
0.032932	3657.195371
0.032937	3657.709723
0.032941	3658.216118
0.032945	3658.698016
0.03295	3659.180915
0.032954	3659.670073
0.032958	3660.152082
0.032962	3660.628875
0.032967	3661.115202
0.032971	3661.607443
0.032976	3662.096004
0.03298	3662.58048
0.032985	3663.08085
0.032989	3663.579693
0.032993	3664.076686
0.032997	3664.563599
0.033001	3665.05307
0.033006	3665.562326
0.03301	3666.076324
0.033015	3666.586834
0.03302	3667.111013
0.033024	3667.639822
0.033029	3668.144226
0.033033	3668.652865
0.033038	3669.174102
0.033042	3669.679274
0.033046	3670.181686
0.03305	3670.6696
0.033055	3671.163408
0.033059	3671.669924
0.033063	3672.166715
0.033068	3672.654791
0.033072	3673.150237
0.033076	3673.647078
0.033081	3674.142898
0.033085	3674.626404
0.033089	3675.109394
0.033094	3675.611179
0.033099	3676.113995
0.033103	3676.618864
0.033107	3677.101723
0.033112	3677.591214
0.033116	3678.084365
0.033121	3678.592863
0.033125	3679.087045
0.033129	3679.594653
0.033134	3680.087541
0.033138	3680.598264
0.033143	3681.11299
0.033148	3681.628524
0.033153	3682.126376
0.033157	3682.628546
0.033162	3683.108543
0.033166	3683.586105
0.03317	3684.067022
0.033174	3684.576794
0.033179	3685.074505
0.033183	3685.563086
0.033188	3686.069744
0.033192	3686.544848
0.033196	3687.039091
0.0332	3687.526136
0.033205	3688.01956
0.033209	3688.514955
0.033214	3689.025293
0.033218	3689.550968
0.033222	3690.060589
0.033226	3690.538959
0.033231	3691.039328
0.033235	3691.545602
0.033239	3692.031656
0.033243	3692.514717
0.033248	3693.005472
0.033252	3693.512231
0.033257	3694.026441
0.033261	3694.544099
0.033266	3695.04738
0.033271	3695.5432
0.033275	3696.029224
0.033279	3696.518614
0.033284	3697.003211
0.033288	3697.497687
0.033293	3698.008146
0.033297	3698.511741
0.033302	3699.016104
0.033307	3699.521923
0.033311	3700.025194
0.033316	3700.520741
0.03332	3701.013134
0.033325	3701.517982
0.033329	3702.018766
0.033333	3702.508449
0.033338	3703.005948
0.033342	3703.506985
0.033347	3704.019638
0.033351	3704.522343
0.033355	3705.033085
0.03336	3705.520919
0.033364	3706.014686
0.033369	3706.510486
0.033373	3707.012018
0.033377	3707.519495
0.033381	3708.025132
0.033386	3708.523834
0.03339	3709.017166
0.033394	3709.531205
0.033399	3710.030311
0.033403	3710.534664
0.033408	3711.03748
0.033412	3711.538709
0.033417	3712.036662
0.033421	3712.538912
0.033425	3713.046177
0.03343	3713.542482
0.033434	3714.029527
0.033439	3714.518128
0.033443	3714.98476
0.033447	3715.473564
0.033451	3715.961882
0.033456	3716.446369
0.03346	3716.934798
0.033464	3717.421913
0.033469	3717.901062
0.033473	3718.390553
0.033477	3718.905784
0.033482	3719.41498
0.033486	3719.915491
0.033491	3720.423362
0.033495	3720.927796
0.0335	3721.418753
0.033504	3721.912208
0.033509	3722.41104
0.033513	3722.90683
0.033518	3723.409272
0.033522	3723.918286
0.033527	3724.426895
0.033531	3724.939902
0.033535	3725.443265
0.03354	3725.93591
0.033544	3726.406819
0.033548	3726.886523
0.033552	3727.377591
0.033557	3727.872582
0.033561	3728.373104
0.033566	3728.852606
0.03357	3729.344898
0.033575	3729.853456
0.033579	3730.353331
0.033584	3730.837645
0.033588	3731.324953
0.033593	3731.812169
0.033597	3732.302074
0.033601	3732.79653
0.033606	3733.297233
0.03361	3733.797046
0.033614	3734.280936
0.033618	3734.777009
0.033623	3735.275023
0.033627	3735.776818
0.033632	3736.277329
0.033636	3736.771178
0.033641	3737.271214
0.033645	3737.771391
0.03365	3738.305458
0.033655	3738.848078
0.03366	3739.344444
0.033664	3739.835674
0.033668	3740.333
0.033672	3740.82974
0.033677	3741.316451
0.033682	3741.802252
0.033686	3742.297799
0.03369	3742.796541
0.033695	3743.284525
0.033699	3743.785653
0.033703	3744.280078
0.033708	3744.78435
0.033712	3745.285781
0.033716	3745.778871
0.033721	3746.280181
0.033726	3746.781299
0.033731	3747.285076
0.033735	3747.785324
0.033739	3748.301981
0.033744	3748.80419
0.033748	3749.29723
0.033753	3749.802109
0.033757	3750.306098
0.033761	3750.812119
0.033766	3751.303764
0.033771	3751.815285
0.033775	3752.325865
0.033779	3752.834727
0.033784	3753.327848
0.033788	3753.800172
0.033792	3754.275823
0.033797	3754.766598
0.033801	3755.262013
0.033806	3755.75849
0.03381	3756.267575
0.033814	3756.763354
0.033819	3757.257749
0.033823	3757.752194
0.033828	3758.260682
0.033832	3758.778522
0.033837	3759.284391
0.033841	3759.781758
0.033846	3760.278711
0.03385	3760.773803
0.033855	3761.276123
0.03386	3761.778323
0.033864	3762.27659
0.033869	3762.78533
0.033873	3763.302038
0.033878	3763.814125
0.033882	3764.312493
0.033887	3764.809819
0.033891	3765.305457
0.033895	3765.800064
0.0339	3766.270578
0.033904	3766.765175
0.033908	3767.261986
0.033913	3767.754793
0.033917	3768.246488
0.033921	3768.760041
0.033925	3769.262544
0.03393	3769.764016
0.033934	3770.26847
0.033939	3770.773338
0.033943	3771.275902
0.033947	3771.767273
0.033952	3772.250547
0.033956	3772.743202
0.033961	3773.257969
0.033965	3773.756104
0.03397	3774.251135
0.033974	3774.739514
0.033978	3775.232817
0.033983	3775.734369
0.033988	3776.260075
0.033992	3776.759413
0.033996	3777.25398
0.034001	3777.741307
0.034005	3778.249027
0.03401	3778.753693
0.034014	3779.261029
0.034019	3779.759548
0.034023	3780.258472
0.034028	3780.750763
0.034032	3781.262911
0.034036	3781.769509
0.034041	3782.268281
0.034046	3782.784918
0.03405	3783.288158
0.034055	3783.793866
0.034059	3784.295297
0.034063	3784.795596
0.034068	3785.293438
0.034072	3785.789076
0.034077	3786.29721
0.034081	3786.839304
0.034086	3787.359247
0.03409	3787.839407
0.034094	3788.321093
0.034099	3788.824495
0.034103	3789.324177
0.034108	3789.821382
0.034112	3790.312157
0.034116	3790.80086
0.03412	3791.293455
0.034124	3791.792995
0.034129	3792.294821
0.034133	3792.785121
0.034138	3793.2873
0.034142	3793.783838
0.034147	3794.276969
0.034151	3794.75451
0.034155	3795.246831
0.03416	3795.729953
0.034164	3796.230677
0.034169	3796.745888
0.034173	3797.242496
0.034177	3797.725072
0.034182	3798.220174
0.034187	3798.712142
0.034191	3799.200602
0.034195	3799.696978
0.0342	3800.20309
0.034205	3800.711447
0.034209	3801.205306
0.034213	3801.705908
0.034217	3802.200717
0.034222	3802.70326
0.034227	3803.218764
0.034231	3803.743186
0.034236	3804.257952
0.034241	3804.768735
0.034245	3805.276546
0.03425	3805.780302
0.034254	3806.280864
0.034259	3806.778666
0.034263	3807.276285
0.034267	3807.765493
0.034272	3808.254398
0.034277	3808.773795
0.034282	3809.287136
0.034286	3809.790194
0.03429	3810.297661
0.034295	3810.794412
0.034299	3811.304992
0.034304	3811.802319
0.034308	3812.300636
0.034313	3812.814482
0.034318	3813.331796
0.034322	3813.835391
0.034327	3814.344556
0.034332	3814.836312
0.034336	3815.333912
0.034341	3815.8424
0.034346	3816.368762
0.03435	3816.898158
0.034355	3817.418667
0.03436	3817.932564
0.034364	3818.43172
0.034368	3818.953028
0.034373	3819.457148
0.034377	3819.962553
0.034382	3820.461598
0.034386	3820.962382
0.034391	3821.473155
0.034395	3821.96853
0.034399	3822.448143
0.034404	3822.96384
0.034409	3823.475381
0.034413	3823.989551
0.034418	3824.490578
0.034422	3825.00589
0.034427	3825.529948
0.034431	3826.029417
0.034436	3826.539816
0.034441	3827.041166
0.034446	3827.550574
0.03445	3828.062742
0.034455	3828.566105
0.03446	3829.050278
0.034464	3829.530791
0.034468	3830.010233
0.034472	3830.496893
0.034477	3830.99336
0.034481	3831.48369
0.034486	3831.977124
0.034491	3832.483995
0.034495	3832.981584
0.0345	3833.468992
0.034504	3833.975408
0.034509	3834.486474
0.034513	3834.989866
0.034518	3835.503965
0.034522	3836.008086
0.034527	3836.496303
0.034531	3836.983762
0.034536	3837.475437
0.03454	3837.98902
0.034545	3838.491452
0.034549	3838.981732
0.034554	3839.467462
0.034558	3839.969217
0.034563	3840.474146
0.034567	3840.984383
0.034572	3841.48913
0.034577	3841.983616
0.034581	3842.474785
0.034585	3842.974467
0.03459	3843.468953
0.034595	3843.97919
0.034599	3844.475182
0.034604	3844.972266
0.034608	3845.475506
0.034612	3845.971781
0.034617	3846.477317
0.034622	3846.973168
0.034626	3847.460161
0.03463	3847.950714
0.034634	3848.442945
0.034639	3848.931405
0.034643	3849.420653
0.034647	3849.887306
0.034651	3850.383914
0.034656	3850.875013
0.03466	3851.378668
0.034665	3851.877906
0.034669	3852.382521
0.034674	3852.878463
0.034678	3853.388578
0.034683	3853.894589
0.034688	3854.403259
0.034692	3854.902972
0.034696	3855.402947
0.0347	3855.886938
0.034705	3856.385933
0.034709	3856.892601
0.034714	3857.415921
0.034719	3857.948076
0.034724	3858.467352
0.034728	3858.983544
0.034733	3859.496773
0.034737	3860.003866
0.034742	3860.508421
0.034746	3861.00688
0.03475	3861.451432
0.034754	3861.942945
0.034759	3862.431415
0.034763	3862.923534
0.034768	3863.442031
0.034772	3863.955949
0.034777	3864.475072
0.034782	3864.982044
0.034786	3865.4876
0.034791	3865.99445
0.034796	3866.491958
0.0348	3866.985099
0.034805	3867.481647
0.034809	3867.958703
0.034814	3868.461893
0.034818	3868.973445
0.034823	3869.482236
0.034827	3869.984617
0.034831	3870.495097
0.034836	3870.998874
0.034841	3871.518109
0.034845	3872.032855
0.034849	3872.531496
0.034854	3873.010715
0.034858	3873.488064
0.034863	3873.987756
0.034867	3874.485547
0.034872	3874.976272
0.034876	3875.466349
0.034881	3875.961927
0.034885	3876.454107
0.03489	3876.953587
0.034895	3877.461994
0.0349	3877.962485
0.034904	3878.453179
0.034909	3878.952103
0.034913	3879.468345
0.034918	3879.97282
0.034922	3880.473695
0.034927	3880.966886
0.034931	3881.467003
0.034936	3881.966857
0.034941	3882.479642
0.034945	3882.978151
0.03495	3883.483313
0.034954	3883.979962
0.034959	3884.462548
0.034963	3884.901994
0.034967	3885.394568
0.034972	3885.885232
0.034976	3886.376887
0.034981	3886.861545
0.034985	3887.349874
0.034989	3887.845289
0.034994	3888.353353
0.034998	3888.851529
0.035003	3889.350159
0.035007	3889.859658
0.035012	3890.363465
0.035016	3890.863855
0.035021	3891.366479
0.035025	3891.892134
0.03503	3892.387438
0.035034	3892.897544
0.035039	3893.40954
0.035043	3893.917644
0.035048	3894.415547
0.035052	3894.925278
0.035057	3895.445484
0.035061	3895.949473
0.035066	3896.453088
0.03507	3896.967298
0.035075	3897.479436
0.035079	3897.969837
0.035084	3898.475696
0.035088	3898.975308
0.035093	3899.477436
0.035098	3899.982972
0.035102	3900.493472
0.035107	3901.004346
0.035112	3901.511681
0.035116	3902.029299
0.035121	3902.548483
0.035126	3903.065646
0.03513	3903.583647
0.035135	3904.098747
0.035139	3904.589431
0.035143	3905.084716
0.035147	3905.589928
0.035152	3906.105614
0.035157	3906.614881
0.035161	3907.130426
0.035166	3907.65231
0.035171	3908.171231
0.035175	3908.679042
0.03518	3909.187479
0.035184	3909.697797
0.035189	3910.214767
0.035194	3910.73927
0.035199	3911.265895
0.035204	3911.790772
0.035208	3912.307692
0.035213	3912.830142
0.035217	3913.348447
0.035222	3913.858583
0.035226	3914.361217
0.035231	3914.866834
0.035235	3915.383521
0.03524	3915.899935
0.035244	3916.412872
0.035249	3916.944279
0.035254	3917.475737
0.035259	3917.994689
0.035264	3918.510093
0.035268	3919.026042
0.035273	3919.540353
0.035277	3920.03494
0.035281	3920.537564
0.035285	3921.029775
0.03529	3921.537434
0.035295	3922.04392
0.0353	3922.5627
0.035304	3923.070733
0.035309	3923.584862
0.035313	3924.083867
0.035317	3924.579748
0.035322	3925.069653
0.035327	3925.571469
0.035331	3926.085082
0.035336	3926.592711
0.03534	3927.096225
0.035344	3927.598151
0.035348	3928.098137
0.035352	3928.587082
0.035357	3929.090343
0.035362	3929.590328
0.035366	3930.08626
0.035371	3930.606192
0.035375	3931.11559
0.03538	3931.630013
0.035384	3932.143121
0.035389	3932.660284
0.035394	3933.180156
0.035399	3933.69018
0.035403	3934.200195
0.035408	3934.701687
0.035413	3935.198002
0.035417	3935.698058
0.035422	3936.193787
0.035426	3936.688778
0.03543	3937.186529
0.035435	3937.683846
0.035439	3938.182234
0.035444	3938.698769
0.035449	3939.20659
0.035453	3939.707394
0.035458	3940.18718
0.035462	3940.688489
0.035467	3941.210626
0.035472	3941.727071
0.035477	3942.250188
0.035482	3942.773184
0.035487	3943.283542
0.035491	3943.778726
0.035496	3944.290752
0.035501	3944.800696
0.035505	3945.303239
0.03551	3945.806116
0.035514	3946.304919
0.035519	3946.804378
0.035524	3947.308691
0.035528	3947.812932
0.035533	3948.320025
0.035537	3948.816492
0.035542	3949.317256
0.035546	3949.821852
0.03555	3950.316903
0.035555	3950.817273
0.035559	3951.311667
0.035564	3951.820995
0.035568	3952.327056
0.035573	3952.851589
0.035578	3953.353414
0.035583	3953.858111
0.035587	3954.359987
0.035592	3954.877463
0.035596	3955.383565
0.035601	3955.89451
0.035606	3956.406718
0.03561	3956.921879
0.035615	3957.428769
0.035619	3957.931272
0.035623	3958.439507
0.035627	3958.89697
0.035631	3959.384024
0.035637	3959.870765
0.035641	3960.368122
0.035645	3960.864316
0.03565	3961.381792
0.035655	3961.908023
0.035659	3962.431353
0.035664	3962.938709
0.035668	3963.44382
0.035673	3963.924151
0.035677	3964.41799
0.035682	3964.932635
0.035686	3965.435805
0.035691	3965.935871
0.035696	3966.435027
0.0357	3966.944648
0.035705	3967.451043
0.035709	3967.957954
0.035713	3968.462317
0.035718	3968.974606
0.035722	3969.471225
0.035726	3969.971038
0.03573	3970.471307
0.035735	3970.974679
0.035739	3971.474685
0.035744	3971.975792
0.035748	3972.469105
0.035753	3972.957322
0.035757	3973.457186
0.035762	3973.957354
0.035766	3974.464942
0.035771	3974.970377
0.035776	3975.481453
0.03578	3975.981448
0.035785	3976.488733
0.035789	3976.990245
0.035794	3977.508752
0.035799	3978.01905
0.035803	3978.528862
0.035808	3979.026684
0.035812	3979.519178
0.035817	3980.022904
0.035821	3980.531574
0.035826	3981.044915
0.03583	3981.560874
0.035835	3982.069261
0.035839	3982.571602
0.035844	3983.061902
0.035848	3983.56487
0.035852	3984.071053
0.035857	3984.586547
0.035861	3985.104832
0.035866	3985.618638
0.035871	3986.133313
0.035875	3986.635644
0.03588	3987.133456
0.035884	3987.636788
0.035888	3988.145073
0.035894	3988.671426
0.035898	3989.190782
0.035903	3989.705488
0.035907	3990.211732
0.035912	3990.714386
0.035916	3991.214129
0.035921	3991.722718
0.035925	3992.219933
0.03593	3992.716673
0.035934	3993.224019
0.035938	3993.730414
0.035943	3994.220198
0.035947	3994.731001
0.035952	3995.24875
0.035956	3995.764578
0.035961	3996.274957
0.035965	3996.772415
0.035969	3997.289547
0.035975	3997.81042
0.035979	3998.322497
0.035984	3998.822987
0.035988	3999.322932
0.035992	3999.810907
0.035997	4000.310407
0.036001	4000.806692
0.036006	4001.311399
0.03601	4001.808675
0.036015	4002.317395
0.036019	4002.825681
0.036024	4003.335676
0.036029	4003.851948
0.036033	4004.360982
0.036038	4004.860098
0.036041	4005.368627
0.036046	4005.880845
0.036051	4006.385168
0.036055	4006.896264
0.03606	4007.41554
0.036065	4007.930994
0.036069	4008.429109
0.036074	4008.935888
0.036079	4009.472795
0.036083	4009.988067
0.036088	4010.520648
0.036093	4011.045807
0.036098	4011.57489
0.036103	4012.098765
0.036107	4012.623237
0.036112	4013.157931
0.036117	4013.682645
0.036122	4014.208331
0.036127	4014.738869
0.036132	4015.256931
0.036137	4015.784042
0.036142	4016.299971
0.036146	4016.821339
0.036151	4017.330029
0.036155	4017.837122
0.03616	4018.336835
0.036164	4018.841845
0.036169	4019.34824
0.036174	4019.8872
0.036178	4020.403998
0.036183	4020.920605
0.036187	4021.409924
0.036192	4021.911992
0.036196	4022.418599
0.036201	4022.919485
0.036205	4023.436445
0.03621	4023.954962
0.036214	4024.47264
0.036219	4024.988852
0.036223	4025.493802
0.036228	4025.987509
0.036233	4026.512385
0.036237	4027.023158
0.036242	4027.518412
0.036247	4028.02786
0.036251	4028.544224
0.036255	4029.053086
0.03626	4029.556317
0.036264	4030.05152
0.036269	4030.55102
0.036273	4031.073844
0.036278	4031.586407
0.036282	4032.090618
0.036287	4032.582414
0.036291	4033.086798
0.036296	4033.628973
0.036301	4034.163373
0.036306	4034.685823
0.03631	4035.200569
0.036315	4035.715204
0.03632	4036.225967
0.036324	4036.73955
0.036329	4037.248291
0.036333	4037.76148
0.036338	4038.276186
0.036342	4038.781853
0.036347	4039.288177
0.036351	4039.7934
0.036356	4040.300776
0.03636	4040.820597
0.036365	4041.3185
0.03637	4041.819992
0.036374	4042.338064
0.036379	4042.840456
0.036383	4043.336286
0.036388	4043.856289
0.036393	4044.369397
0.036398	4044.88933
0.036403	4045.390124
0.036407	4045.894053
0.036411	4046.381026
0.036416	4046.879798
0.036421	4047.381725
0.036426	4047.876756
0.03643	4048.369321
0.036435	4048.866223
0.036439	4049.375348
0.036444	4049.886828
0.036449	4050.39656
0.036453	4050.883968
0.036457	4051.366403
0.036462	4051.851293
0.036467	4052.363785
0.036472	4052.876651
0.036477	4053.393844
0.036481	4053.893607
0.036486	4054.397899
0.03649	4054.916365
0.036495	4055.428726
0.0365	4055.942865
0.036504	4056.462353
0.036509	4056.980486
0.036514	4057.492432
0.036518	4057.999181
0.036523	4058.504615
0.036527	4059.000648
0.036531	4059.496245
0.036536	4059.992015
0.036541	4060.4975
0.036546	4061.003339
0.036551	4061.520734
0.036555	4062.012207
0.03656	4062.504327
0.036564	4063.00412
0.036569	4063.514185
0.036573	4064.023947
0.036578	4064.52006
0.036583	4065.026203
0.036588	4065.522629
0.036592	4066.022089
0.036597	4066.529869
0.036602	4067.043503
0.036606	4067.565326
0.036611	4068.074269
0.036615	4068.589683
0.03662	4069.097038
0.036624	4069.598722
0.036629	4070.106583
0.036634	4070.590292
0.036638	4071.087284
0.036643	4071.591941
0.036648	4072.095636
0.036652	4072.579749
0.036657	4073.089076
0.036661	4073.59442
0.036666	4074.098975
0.03667	4074.603156
0.036675	4075.111563
0.036679	4075.632901
0.036684	4076.14699
0.036689	4076.65745
0.036693	4077.190404
0.036699	4077.716827
0.036703	4078.234788
0.036708	4078.748048
0.036713	4079.26422
0.036718	4079.783031
0.036722	4080.293854
0.036727	4080.802888
0.036732	4081.311002
0.036736	4081.798309
0.036741	4082.308849
0.036746	4082.827862
0.036751	4083.33544
0.036756	4083.851571
0.03676	4084.37669
0.036765	4084.897664
0.036769	4085.420509
0.036774	4085.935215
0.036779	4086.458433
0.036784	4086.972845
0.036789	4087.490999
0.036793	4088.001023
0.036798	4088.512959
0.036803	4089.020406
0.036807	4089.517853
0.036812	4090.012561
0.036816	4090.530998
0.036821	4091.057775
0.036826	4091.584966
0.036831	4092.098843
0.036835	4092.617067
0.03684	4093.127011
0.036844	4093.614692
0.036849	4094.105852
0.036853	4094.611873
0.036858	4095.111646
0.036863	4095.6299
0.036868	4096.165898
0.036873	4096.685456
0.036877	4097.18164
0.036882	4097.685255
0.036886	4098.180034
0.036891	4098.682547
0.036895	4099.174454
0.0369	4099.67811
0.036905	4100.189621
0.036909	4100.698088
0.036913	4101.21241
0.036918	4101.734516
0.036923	4102.246502
0.036927	4102.767284
0.036932	4103.255178
0.036936	4103.743466
0.036941	4104.236971
0.036945	4104.745469
0.03695	4105.235637
0.036954	4105.74277
0.036959	4106.253978
0.036964	4106.803948
0.036969	4107.342463
0.036974	4107.89408
0.036979	4108.436033
0.036983	4108.961334
0.036988	4109.494541
0.036993	4110.031853
0.036998	4110.569044
0.037002	4111.091484
0.037007	4111.612508
0.037012	4112.123018
0.037017	4112.646024
0.037021	4113.17452
0.037026	4113.706191
0.037031	4114.237821
0.037036	4114.758451
0.03704	4115.275654
0.037045	4115.776569
0.03705	4116.292094
0.037054	4116.797872
0.037059	4117.309798
0.037063	4117.816709
0.037068	4118.338128
0.037073	4118.856594
0.037077	4119.36853
0.037082	4119.867757
0.037086	4120.369724
0.037091	4120.881528
0.037096	4121.400025
0.037101	4121.912304
0.037105	4122.432166
0.03711	4122.945426
0.037115	4123.452519
0.037119	4123.949309
0.037124	4124.452257
0.037129	4124.953516
0.037134	4125.471579
0.037139	4125.987032
0.037143	4126.488565
0.037148	4126.98764
0.037152	4127.488475
0.037157	4127.995173
0.037161	4128.488193
0.037167	4128.993314
0.037171	4129.497889
0.037176	4130.002788
0.037181	4130.521427
0.037186	4131.032806
0.037191	4131.521822
0.037195	4132.011303
0.0372	4132.521621
0.037204	4133.029038
0.037209	4133.535716
0.037214	4134.04752
0.037219	4134.559001
0.037223	4135.065972
0.037228	4135.567524
0.037233	4136.070088
0.037238	4136.573763
0.037243	4137.090491
0.037247	4137.616672
0.037252	4138.138293
0.037257	4138.647509
0.037262	4139.147646
0.037266	4139.643668
0.037271	4140.149224
0.037276	4140.654123
0.037281	4141.170002
0.037286	4141.699357
0.037291	4142.226943
0.037296	4142.74913
0.037301	4143.257375
0.037305	4143.767531
0.03731	4144.293237
0.037315	4144.815859
0.03732	4145.333345
0.037324	4145.846787
0.037329	4146.344417
0.037333	4146.842562
0.037338	4147.354285
0.037342	4147.857496
0.037346	4148.359584
0.037352	4148.874158
0.037356	4149.384537
0.037361	4149.889395
0.037366	4150.395578
0.03737	4150.900912
0.037375	4151.403829
0.03738	4151.916978
0.037385	4152.43318
0.037389	4152.941091
0.037394	4153.453381
0.037399	4153.965478
0.037404	4154.473845
0.037409	4154.999055
0.037414	4155.509656
0.037419	4156.008044
0.037424	4156.500811
0.037428	4157.01308
0.037433	4157.531921
0.037437	4158.037527
0.037442	4158.515159
0.037447	4158.989465
0.037451	4159.499136
0.037456	4160.033971
0.037461	4160.531348
0.037465	4161.013286
0.037469	4161.50023
0.037474	4161.994321
0.037479	4162.510543
0.037483	4163.031669
0.037488	4163.547648
0.037493	4164.070634
0.037498	4164.58897
0.037503	4165.099308
0.037508	4165.613993
0.037512	4166.137535
0.037517	4166.668073
0.037522	4167.187147
0.037527	4167.705037
0.037532	4168.210785
0.037536	4168.712267
0.037541	4169.209492
0.037545	4169.713238
0.03755	4170.211808
0.037555	4170.709398
0.037559	4171.197069
0.037563	4171.678442
0.037568	4172.175283
0.037572	4172.658435
0.037577	4173.151505
0.037581	4173.656454
0.037586	4174.160039
0.03759	4174.672975
0.037595	4175.186124
0.0376	4175.69071
0.037605	4176.196973
0.03761	4176.713469
0.037615	4177.244725
0.037619	4177.75665
0.037624	4178.2754
0.037629	4178.792795
0.037634	4179.309735
0.037639	4179.805363
0.037643	4180.303144
0.037648	4180.810267
0.037653	4181.324781
0.037658	4181.845492
0.037662	4182.365738
0.037667	4182.875864
0.037671	4183.377083
0.037676	4183.883447
0.037681	4184.387254
0.037686	4184.892194
0.03769	4185.396506
0.037694	4185.906521
0.037699	4186.41788
0.037703	4186.914024
0.037708	4187.424655
0.037713	4187.91998
0.037718	4188.412837
0.037722	4188.914016
0.037727	4189.43591
0.037732	4189.948068
0.037736	4190.459983
0.037741	4190.95827
0.037746	4191.470013
0.037751	4191.982232
0.037756	4192.507199
0.03776	4193.022148
0.037764	4193.528098
0.037769	4194.009542
0.037774	4194.494412
0.037779	4195.018571
0.037784	4195.527009
0.037788	4196.024244
0.037792	4196.532914
0.037798	4197.052038
0.037802	4197.561355
0.037807	4198.067517
0.037811	4198.552924
0.037816	4199.040322
0.03782	4199.52861
0.037825	4200.02165
0.037829	4200.520857
0.037834	4201.02523
0.037839	4201.538864
0.037844	4202.051699
0.037848	4202.541989
0.037853	4203.040226
0.037857	4203.539948
0.037862	4204.040095
0.037866	4204.550626
0.037871	4205.05971
0.037876	4205.573607
0.037881	4206.083197
0.037886	4206.600268
0.037891	4207.122152
0.037895	4207.641751
0.0379	4208.147216
0.037905	4208.648445
0.03791	4209.154436
0.037914	4209.651419
0.037919	4210.157369
0.037923	4210.653978
0.037928	4211.142438
0.037933	4211.652503
0.037937	4212.161658
0.037942	4212.658954
0.037947	4213.171527
0.037952	4213.692248
0.037957	4214.199442
0.037962	4214.705918
0.037966	4215.21387
0.037971	4215.735329
0.037975	4216.252825
0.03798	4216.774719
0.037985	4217.279284
0.037989	4217.792989
0.037994	4218.305804
0.037998	4218.817619
0.038003	4219.321972
0.038008	4219.846039
0.038013	4220.361645
0.038017	4220.877048
0.038022	4221.401591
0.038027	4221.91384
0.038032	4222.42249
0.038036	4222.93304
0.038042	4223.456107
0.038046	4223.966354
0.038051	4224.480433
0.038056	4225.003328
0.038061	4225.528831
0.038066	4226.038421
0.038071	4226.55706
0.038075	4227.049594
0.03808	4227.547759
0.038085	4228.055034
0.03809	4228.559711
0.038094	4229.064407
0.038099	4229.571723
0.038104	4230.083304
0.038109	4230.59439
0.038114	4231.106144
0.038118	4231.614096
0.038123	4232.129419
0.038128	4232.639898
0.038133	4233.143776
0.038137	4233.648321
0.038142	4234.18076
0.038147	4234.693201
0.038152	4235.208877
0.038156	4235.734684
0.038161	4236.25122
0.038166	4236.763145
0.03817	4237.279832
0.038175	4237.795438
0.038179	4238.289054
0.038185	4238.797835
0.038189	4239.302087
0.038194	4239.817369
0.038199	4240.320428
0.038204	4240.830594
0.038208	4241.338132
0.038213	4241.851907
0.038218	4242.373366
0.038222	4242.881177
0.038226	4243.375915
0.038231	4243.8731
0.038235	4244.359123
0.03824	4244.871989
0.038245	4245.411566
0.03825	4245.943772
0.038255	4246.450026
0.03826	4246.963781
0.038265	4247.499495
0.038269	4248.019752
0.038274	4248.537642
0.038279	4249.065885
0.038284	4249.571825
0.038289	4250.086491
0.038294	4250.607485
0.038299	4251.121149
0.038304	4251.641941
0.038309	4252.158224
0.038313	4252.670584
0.038318	4253.184127
0.038323	4253.694445
0.038328	4254.183401
0.038332	4254.671668
0.038337	4255.181198
0.038341	4255.678372
0.038346	4256.180157
0.038351	4256.674178
0.038356	4257.179845
0.03836	4257.674796
0.038365	4258.176388
0.038369	4258.687242
0.038374	4259.201008
0.038379	4259.724085
0.038383	4260.239983
0.038388	4260.749735
0.038393	4261.251419
0.038398	4261.754185
0.038402	4262.260833
0.038408	4262.77292
0.038412	4263.288101
0.038417	4263.798813
0.038422	4264.307948
0.038427	4264.809167
0.038432	4265.323235
0.038436	4265.83236
0.038441	4266.341698
0.038446	4266.843796
0.03845	4267.34553
0.038455	4267.856617
0.03846	4268.377328
0.038464	4268.896078
0.038469	4269.404586
0.038474	4269.908615
0.038479	4270.40854
0.038483	4270.917513
0.038488	4271.419238
0.038493	4271.932174
0.038498	4272.451298
0.038503	4272.961353
0.038508	4273.469406
0.038513	4273.972091
0.038517	4274.477809
0.038522	4274.971192
0.038527	4275.469327
0.038532	4275.980717
0.038536	4276.486324
0.038541	4276.990353
0.038545	4277.510852
0.03855	4278.034616
0.038555	4278.548301
0.03856	4279.059599
0.038565	4279.559089
0.038569	4280.060571
0.038574	4280.571516
0.038579	4281.077689
0.038584	4281.585327
0.038589	4282.093421
0.038593	4282.584226
0.038598	4283.085354
0.038603	4283.588393
0.038608	4284.112531
0.038613	4284.623466
0.038617	4285.129012
0.038622	4285.633739
0.038626	4286.156634
0.038631	4286.666942
0.038636	4287.164319
0.038641	4287.677488
0.038645	4288.181719
0.03865	4288.682847
0.038654	4289.182691
0.038659	4289.689127
0.038664	4290.196634
0.038669	4290.714423
0.038674	4291.231292
0.038678	4291.744492
0.038684	4292.258176
0.038688	4292.767261
0.038693	4293.264051
0.038698	4293.773945
0.038703	4294.311853
0.038707	4294.836254
0.038712	4295.349191
0.038716	4295.851016
0.038721	4296.364822
0.038726	4296.880761
0.038731	4297.39112
0.038735	4297.91449
0.03874	4298.425485
0.038745	4298.943982
0.03875	4299.468171
0.038755	4299.977943
0.038759	4300.486866
0.038764	4301.009144
0.038769	4301.533565
0.038774	4302.05732
0.038778	4302.576797
0.038783	4303.078875
0.038788	4303.559146
0.038792	4304.052166
0.038797	4304.561432
0.038801	4305.080738
0.038806	4305.607222
0.038811	4306.130663
0.038815	4306.646946
0.03882	4307.16708
0.038825	4307.690825
0.03883	4308.21836
0.038835	4308.740739
0.038839	4309.248489
0.038844	4309.756957
0.038849	4310.261816
0.038853	4310.767796
0.038858	4311.272816
0.038863	4311.787714
0.038867	4312.298467
0.038872	4312.80836
0.038876	4313.311338
0.038881	4313.826822
0.038886	4314.332955
0.038891	4314.857629
0.038896	4315.385154
0.0389	4315.888739
0.038905	4316.383467
0.038909	4316.8814
0.038914	4317.374723
0.038918	4317.88864
0.038923	4318.390405
0.038928	4318.908568
0.038933	4319.422303
0.038938	4319.936746
0.038942	4320.444425
0.038947	4320.951144
0.038951	4321.461917
0.038956	4321.972215
0.03896	4322.483584
0.038965	4322.995054
0.038969	4323.486578
0.038974	4323.967839
0.038978	4324.4647
0.038983	4324.973593
0.038988	4325.477865
0.038993	4325.966355
0.038997	4326.475793
0.039002	4326.989256
0.039007	4327.500392
0.039012	4328.008496
0.039016	4328.511484
0.039021	4329.017768
0.039025	4329.527469
0.03903	4330.024826
0.039034	4330.522082
0.039039	4331.018458
0.039044	4331.522083
0.039049	4332.01675
0.039053	4332.508658
0.039058	4333.015265
0.039062	4333.516626
0.039067	4334.026388
0.039072	4334.536079
0.039076	4335.045568
0.039081	4335.54988
0.039085	4336.068509
0.03909	4336.583952
0.039095	4337.100731
0.039099	4337.611999
0.039104	4338.119061
0.039108	4338.619714
0.039113	4339.142073
0.039118	4339.65601
0.039123	4340.192736
0.039127	4340.707694
0.039132	4341.214312
0.039137	4341.722244
0.039141	4342.220733
0.039146	4342.731091
0.039151	4343.266786
0.039156	4343.81079
0.039161	4344.333726
0.039165	4344.853588
0.03917	4345.386037
0.039175	4345.895121
0.039179	4346.416055
0.039184	4346.939081
0.039189	4347.465868
0.039194	4347.982101
0.039199	4348.501366
0.039204	4349.028578
0.039209	4349.547085
0.039213	4350.071961
0.039219	4350.593845
0.039224	4351.128316
0.039228	4351.637441
0.039233	4352.159072
0.039238	4352.674273
0.039243	4353.192518
0.039248	4353.703695
0.039253	4354.204762
0.039258	4354.716182
0.039262	4355.239532
0.039267	4355.743844
0.039272	4356.250604
0.039276	4356.76448
0.039281	4357.28967
0.039286	4357.823342
0.039291	4358.340394
0.039296	4358.870821
0.039301	4359.388539
0.039305	4359.902385
0.03931	4360.413917
0.039315	4360.930573
0.03932	4361.444673
0.039324	4361.96043
0.039329	4362.488996
0.039334	4363.025257
0.039338	4363.55076
0.039344	4364.061169
0.039349	4364.568464
0.039353	4365.085343
0.039358	4365.596743
0.039363	4366.10417
0.039367	4366.613011
0.039372	4367.126544
0.039377	4367.63665
0.039381	4368.139577
0.039386	4368.636894
0.039391	4369.140802
0.039396	4369.706766
0.039401	4370.226638
0.039406	4370.753385
0.03941	4371.281618
0.039415	4371.776649
0.039419	4372.270993
0.039424	4372.776327
0.039429	4373.27976
0.039434	4373.798459
0.039438	4374.300183
0.039443	4374.811755
0.039448	4375.315966
0.039452	4375.83047
0.039457	4376.343457
0.039461	4376.835849
0.039466	4377.325431
0.039471	4377.814811
0.039475	4378.319063
0.03948	4378.819473
0.039485	4379.342479
0.03949	4379.854738
0.039495	4380.367644
0.0395	4380.86857
0.039504	4381.385712
0.039509	4381.893816
0.039513	4382.396936
0.039518	4382.898528
0.039523	4383.403124
0.039528	4383.907073
0.039532	4384.418826
0.039537	4384.935726
0.039542	4385.446438
0.039547	4385.961032
0.039551	4386.470046
0.039556	4386.979707
0.03956	4387.493462
0.039565	4388.000788
0.039569	4388.514907
0.039574	4389.020574
0.039579	4389.522764
0.039584	4390.033627
0.039588	4390.544431
0.039593	4391.054203
0.039598	4391.565562
0.039603	4392.074899
0.039608	4392.587765
0.039613	4393.111135
0.039618	4393.629248
0.039622	4394.130355
0.039627	4394.63851
0.039631	4395.15092
0.039636	4395.668548
0.03964	4396.182495
0.039645	4396.691175
0.03965	4397.191747
0.039655	4397.700003
0.03966	4398.20107
0.039664	4398.703037
0.039669	4399.203346
0.039673	4399.706657
0.039678	4400.213346
0.039682	4400.719903
0.039687	4401.239926
0.039692	4401.751326
0.039697	4402.260077
0.039701	4402.774691
0.039706	4403.293654
0.039711	4403.802506
0.039716	4404.31347
0.03972	4404.814861
0.039725	4405.325755
0.03973	4405.817349
0.039735	4406.327283
0.03974	4406.842636
0.039744	4407.362538
0.039749	4407.885959
0.039754	4408.400937
0.039759	4408.910447
0.039763	4409.427407
0.039768	4409.942325
0.039773	4410.460569
0.039778	4410.978429
0.039782	4411.481357
0.039787	4411.99588
0.039791	4412.497827
0.039797	4413.018073
0.039802	4413.542677
0.039806	4414.05078
0.039811	4414.556397
0.039815	4415.064915
0.03982	4415.586395
0.039825	4416.104386
0.039829	4416.616929
0.039834	4417.106612
0.039839	4417.612805
0.039843	4418.108746
0.039848	4418.610541
0.039852	4419.105765
0.039857	4419.602151
0.039861	4420.090267
0.039866	4420.587967
0.039871	4421.099296
0.039875	4421.618713
0.039881	4422.137322
0.039885	4422.649844
0.03989	4423.1573
0.039895	4423.683329
0.0399	4424.19208
0.039905	4424.706887
0.03991	4425.220925
0.039914	4425.734549
0.039919	4426.2286
0.039923	4426.716838
0.039928	4427.220129
0.039933	4427.730639
0.039938	4428.245031
0.039943	4428.764084
0.039948	4429.273118
0.039953	4429.782091
0.039957	4430.287344
0.039962	4430.787956
0.039967	4431.292208
0.039972	4431.796956
0.039976	4432.309386
0.039981	4432.829289
0.039986	4433.350111
0.03999	4433.857275
0.039995	4434.360657
0.04	4434.872673
0.040005	4435.387854
0.04001	4435.892056
0.040014	4436.381607
0.040019	4436.890065
0.040023	4437.392972
0.040028	4437.899367
0.040032	4438.401425
0.040037	4438.921773
0.040042	4439.430847
0.040047	4439.940083
0.040052	4440.443071
0.040057	4440.947899
0.040061	4441.44838
0.040066	4441.943998
0.040071	4442.452799
0.040075	4442.955969
0.04008	4443.471939
0.040084	4443.9807
0.040089	4444.488905
0.040094	4444.995957
0.040099	4445.510825
0.040104	4446.011224
0.040108	4446.517943
0.040113	4447.026593
0.040117	4447.519289
0.040122	4448.029101
0.040127	4448.538509
0.040132	4449.060585
0.040136	4449.567739
0.040141	4450.072486
0.040145	4450.572633
0.04015	4451.071324
0.040154	4451.563333
0.040158	4452.057717
0.040163	4452.546218
0.040167	4453.041573
0.040172	4453.527586
0.040176	4454.02106
0.040181	4454.518286
0.040186	4455.024549
0.040191	4455.539528
0.040195	4456.055912
0.0402	4456.568606
0.040204	4457.079652
0.04021	4457.584722
0.040214	4458.096719
0.040219	4458.611
0.040224	4459.133884
0.040229	4459.646255
0.040234	4460.15819
0.040239	4460.671127
0.040244	4461.163631
0.040248	4461.65668
0.040253	4462.149245
0.040257	4462.658855
0.040262	4463.157921
0.040267	4463.642175
0.040271	4464.147731
0.040276	4464.663973
0.040281	4465.177557
0.040285	4465.670566
0.04029	4466.156104
0.040295	4466.649922
0.0403	4467.146713
0.040305	4467.649893
0.04031	4468.154327
0.040314	4468.663068
0.040319	4469.167886
0.040323	4469.670237
0.040327	4470.158323
0.040332	4470.638502
0.040336	4471.115366
0.040341	4471.589763
0.040345	4472.069032
0.04035	4472.579714
0.040354	4473.082035
0.040359	4473.588461
0.040364	4474.101842
0.040369	4474.6085
0.040374	4475.104997
0.040378	4475.608248
0.040384	4476.121063
0.040389	4476.618632
0.040393	4477.122723
0.040397	4477.624639
0.040402	4478.122916
0.040407	4478.622456
0.040412	4479.126678
0.040416	4479.653152
0.040421	4480.171982
0.040426	4480.68596
0.040431	4481.196227
0.040436	4481.722277
0.04044	4482.243746
0.040445	4482.756308
0.04045	4483.284006
0.040455	4483.808447
0.04046	4484.313174
0.040464	4484.824331
0.040469	4485.328098
0.040474	4485.838001
0.040479	4486.35026
0.040483	4486.86897
0.040488	4487.376103
0.040492	4487.869921
0.040497	4488.371039
0.040502	4488.869073
0.040507	4489.379027
0.040511	4489.872724
0.040516	4490.371698
0.040521	4490.879266
0.040525	4491.388432
0.04053	4491.911842
0.040535	4492.427812
0.04054	4492.931699
0.040545	4493.441158
0.040549	4493.943267
0.040554	4494.398515
0.040558	4494.881636
0.040562	4495.380176
0.040567	4495.880768
0.040572	4496.388852
0.040577	4496.885561
0.040581	4497.364336
0.040586	4497.849469
0.04059	4498.330276
0.040595	4498.828735
0.040599	4499.321552
0.040604	4499.815694
0.040608	4500.298603
0.040613	4500.784748
0.040617	4501.283287
0.040622	4501.770423
0.040627	4502.253494
0.040631	4502.733876
0.040636	4503.218777
0.04064	4503.718125
0.040645	4504.214936
0.04065	4504.729591
0.040655	4505.252759
0.04066	4505.76057
0.040664	4506.262678
0.040668	4506.769751
0.040673	4507.281353
0.040678	4507.792075
0.040683	4508.315324
0.040688	4508.83371
0.040692	4509.352581
0.040697	4509.85659
0.040702	4510.373813
0.040707	4510.876013
0.040711	4511.378303
0.040716	4511.876893
0.040721	4512.383339
0.040725	4512.887065
0.04073	4513.389123
0.040735	4513.898066
0.04074	4514.39979
0.040745	4514.906378
0.04075	4515.405918
0.040754	4515.908007
0.040759	4516.409711
0.040764	4516.926014
0.040768	4517.419478
0.040773	4517.876556
0.040777	4518.37273
0.040781	4518.860189
0.040786	4519.362045
0.04079	4519.858977
0.040795	4520.346668
0.0408	4520.828152
0.040804	4521.309191
0.040809	4521.804455
0.040813	4522.294381
0.040817	4522.772377
0.040822	4523.259017
0.040826	4523.747922
0.040831	4524.239354
0.040836	4524.726328
0.04084	4525.219812
0.040845	4525.718018
0.040849	4526.21129
0.040854	4526.704401
0.040858	4527.200828
0.040863	4527.677054
0.040868	4528.172773
0.040872	4528.651507
0.040877	4529.139057
0.040881	4529.638638
0.040886	4530.136106
0.04089	4530.636749
0.040895	4531.119597
0.0409	4531.602719
0.040904	4532.092827
0.040909	4532.575878
0.040913	4533.07283
0.040918	4533.5705
0.040923	4534.047516
0.040927	4534.528029
0.040932	4535.007865
0.040936	4535.488489
0.04094	4535.971247
0.040945	4536.464115
0.04095	4536.958611
0.040955	4537.47002
0.040959	4537.975647
0.040964	4538.476462
0.040969	4538.970715
0.040974	4539.473622
0.040979	4539.97575
0.040984	4540.486908
0.040989	4540.994384
0.040993	4541.493804
0.040998	4541.985377
0.041002	4542.479903
0.041007	4542.967544
0.041012	4543.468207
0.041016	4543.98543
0.041021	4544.495222
0.041026	4545.004782
0.04103	4545.503049
0.041035	4546.01827
0.04104	4546.537091
0.041045	4547.061118
0.041049	4547.575348
0.041054	4548.07863
0.041059	4548.589089
0.041064	4549.096364
0.041069	4549.603143
0.041074	4550.108072
0.041079	4550.62665
0.041083	4551.121844
0.041088	4551.615187
0.041092	4552.108267
0.041097	4552.615026
0.041101	4553.117286
0.041106	4553.627058
0.04111	4554.136709
0.041116	4554.647249
0.04112	4555.151521
0.041125	4555.650273
0.041129	4556.150087
0.041134	4556.644673
0.041138	4557.135832
0.041143	4557.638457
0.041148	4558.152859
0.041152	4558.680607
0.041157	4559.196617
0.041162	4559.707571
0.041167	4560.223066
0.041171	4560.727338
0.041176	4561.24449
0.041181	4561.741281
0.041185	4562.229134
0.04119	4562.73197
0.041195	4563.236101
0.0412	4563.748845
0.041205	4564.264208
0.04121	4564.776831
0.041214	4565.284763
0.041219	4565.795304
0.041224	4566.309827
0.041229	4566.827809
0.041234	4567.342555
0.041239	4567.849385
0.041243	4568.359045
0.041248	4568.850801
0.041253	4569.364344
0.041258	4569.867211
0.041263	4570.373717
0.041267	4570.868253
0.041272	4571.366773
0.041277	4571.879022
0.041282	4572.399147
0.041287	4572.920191
0.041292	4573.438284
0.041297	4573.954597
0.041301	4574.446717
0.041306	4574.942688
0.041311	4575.441673
0.041316	4575.944469
0.04132	4576.453806
0.041325	4576.969513
0.04133	4577.471631
0.041334	4577.982243
0.041339	4578.487697
0.041344	4578.981415
0.041348	4579.478478
0.041353	4579.985723
0.041358	4580.488266
0.041363	4580.985633
0.041367	4581.476913
0.041372	4581.98529
0.041377	4582.489097
0.041381	4582.97879
0.041386	4583.478766
0.041391	4583.993229
0.041396	4584.490282
0.041401	4584.986031
0.041405	4585.476271
0.041409	4585.970321
0.041414	4586.459165
0.041419	4586.962396
0.041423	4587.458964
0.041427	4587.961609
0.041432	4588.476486
0.041437	4589.012929
0.041442	4589.53089
0.041447	4590.021159
0.041451	4590.526847
0.041456	4591.019017
0.041461	4591.506729
0.041465	4591.987242
0.04147	4592.459445
0.041474	4592.939281
0.041479	4593.438215
0.041483	4593.947481
0.041488	4594.446446
0.041493	4594.952811
0.041497	4595.445507
0.041502	4595.949283
0.041507	4596.462402
0.041511	4596.963105
0.041516	4597.458652
0.041521	4597.958981
0.041526	4598.456459
0.04153	4598.962581
0.041535	4599.464761
0.041539	4599.976757
0.041544	4600.499581
0.041549	4601.007058
0.041553	4601.51045
0.041558	4602.0246
0.041562	4602.526506
0.041567	4603.020456
0.041571	4603.526811
0.041576	4604.046258
0.04158	4604.548164
0.041586	4605.060676
0.04159	4605.567991
0.041596	4606.085589
0.0416	4606.58524
0.041605	4607.09477
0.04161	4607.605573
0.041616	4608.114283
0.04162	4608.647531
0.041625	4609.148345
0.04163	4609.64916
0.041635	4610.174238
0.041639	4610.694848
0.041644	4611.212648
0.041649	4611.71966
0.041654	4612.254788
0.041659	4612.774367
0.041664	4613.284573
0.041668	4613.756716
0.041672	4614.242233
0.041677	4614.758284
0.041682	4615.252425
0.041687	4615.763026
0.041692	4616.264023
0.041696	4616.759772
0.041701	4617.247757
0.041706	4617.741979
0.04171	4618.240145
0.041715	4618.742011
0.04172	4619.225143
0.041724	4619.725098
0.041729	4620.222798
0.041734	4620.719882
0.041738	4621.21641
0.041743	4621.712493
0.041748	4622.215309
0.041753	4622.712099
0.041757	4623.221093
0.041762	4623.715407
0.041767	4624.21708
0.041771	4624.708098
0.041776	4625.195557
0.041781	4625.68986
0.041786	4626.197277
0.041791	4626.716138
0.041795	4627.227295
0.0418	4627.733043
0.041805	4628.22129
0.041809	4628.713228
0.041813	4629.214649
0.041818	4629.708478
0.041823	4630.203681
0.041827	4630.692292
0.041832	4631.198051
0.041837	4631.6929
0.041841	4632.185232
0.041846	4632.677109
0.04185	4633.17205
0.041854	4633.657497
0.041859	4634.149677
0.041864	4634.668295
0.041869	4635.199501
0.041873	4635.715571
0.041878	4636.222452
0.041882	4636.720405
0.041887	4637.228863
0.041891	4637.716332
0.041896	4638.207663
0.0419	4638.686245
0.041905	4639.187565
0.04191	4639.687217
0.041914	4640.203581
0.04192	4640.733239
0.041924	4641.28051
0.041929	4641.795367
0.041934	4642.30893
0.041939	4642.821826
0.041943	4643.327251
0.041947	4643.832908
0.041952	4644.337675
0.041957	4644.844091
0.041962	4645.356067
0.041967	4645.877708
0.041971	4646.403848
0.041976	4646.926066
0.04198	4647.426324
0.041985	4647.926674
0.041989	4648.431643
0.041994	4648.931346
0.041999	4649.447032
0.042004	4649.959139
0.042009	4650.468123
0.042013	4650.966177
0.042018	4651.4797
0.042023	4651.980808
0.042028	4652.501488
0.042033	4652.999553
0.042037	4653.512459
0.042042	4654.025759
0.042047	4654.522934
0.042051	4655.013598
0.042055	4655.492302
0.04206	4655.987151
0.042064	4656.481404
0.042069	4656.983543
0.042073	4657.487441
0.042078	4657.992572
0.042083	4658.512818
0.042087	4659.010246
0.042092	4659.491588
0.042096	4659.986913
0.042101	4660.493429
0.042106	4660.991544
0.04211	4661.498546
0.042115	4662.004385
0.042119	4662.525389
0.042124	4663.032947
0.042129	4663.527898
0.042134	4664.034596
0.042139	4664.552264
0.042143	4665.093883
0.042148	4665.600703
0.042152	4666.083805
0.042157	4666.579736
0.042162	4667.085221
0.042167	4667.595771
0.042171	4668.099164
0.042177	4668.613587
0.042181	4669.109872
0.042186	4669.607714
0.04219	4670.100642
0.042194	4670.606906
0.0422	4671.103858
0.042204	4671.597404
0.042209	4672.088057
0.042213	4672.581259
0.042218	4673.092062
0.042223	4673.600874
0.042227	4674.107774
0.042232	4674.621085
0.042237	4675.135063
0.042242	4675.645178
0.042247	4676.157458
0.042251	4676.66823
0.042256	4677.177851
0.042261	4677.699522
0.042266	4678.212883
0.042271	4678.738983
0.042276	4679.246036
0.04228	4679.750075
0.042285	4680.26289
0.042291	4680.78807
0.042295	4681.306749
0.0423	4681.824993
0.042305	4682.344248
0.042309	4682.850411
0.042313	4683.331673
0.042318	4683.840838
0.042323	4684.355685
0.042328	4684.859573
0.042333	4685.372216
0.042338	4685.885112
0.042342	4686.381964
0.042347	4686.884385
0.042351	4687.383582
0.042356	4687.893617
0.042361	4688.395544
0.042365	4688.895559
0.04237	4689.406545
0.042375	4689.917186
0.04238	4690.431619
0.042384	4690.934769
0.042389	4691.441629
0.042394	4691.927339
0.042398	4692.428092
0.042403	4692.936095
0.042408	4693.438962
0.042412	4693.944751
0.042417	4694.454047
0.042421	4694.960685
0.042426	4695.450995
0.04243	4695.954651
0.042435	4696.457982
0.04244	4696.990047
0.042444	4697.500921
0.042449	4698.028487
0.042454	4698.541221
0.042459	4699.059475
0.042464	4699.561523
0.042469	4700.070254
0.042474	4700.595575
0.042478	4701.115275
0.042483	4701.636543
0.042488	4702.148791
0.042493	4702.658018
0.042498	4703.184542
0.042503	4703.700238
0.042508	4704.2155
0.042513	4704.731298
0.042518	4705.242657
0.042523	4705.757504
0.042528	4706.276456
0.042533	4706.801201
0.042538	4707.326381
0.042543	4707.842775
0.042548	4708.349565
0.042552	4708.867455
0.042557	4709.378612
0.042562	4709.89262
0.042567	4710.406022
0.042571	4710.912973
0.042576	4711.426728
0.042581	4711.937289
0.042586	4712.451641
0.04259	4712.945267
0.042595	4713.441461
0.0426	4713.939697
0.042605	4714.448064
0.042609	4714.942246
0.042614	4715.440907
0.042619	4715.946241
0.042624	4716.45029
0.042629	4716.967008
0.042634	4717.497051
0.042639	4717.994327
0.042644	4718.492057
0.042648	4718.996926
0.042653	4719.495415
0.042657	4719.981226
0.042662	4720.474084
0.042666	4720.984634
0.042671	4721.494123
0.042676	4721.991247
0.042681	4722.490687
0.042685	4722.989419
0.04269	4723.506369
0.042695	4724.000227
0.0427	4724.500749
0.042705	4725.011714
0.042709	4725.522406
0.042714	4726.035413
0.042719	4726.541636
0.042724	4727.043826
0.042728	4727.548158
0.042733	4728.050489
0.042738	4728.554084
0.042743	4729.053351
0.042747	4729.547483
0.042752	4730.039471
0.042756	4730.544997
0.042761	4731.049047
0.042766	4731.545079
0.04277	4732.036127
0.042775	4732.528004
0.042779	4733.055499
0.042783	4733.576847
0.042788	4734.073062
0.042793	4734.571723
0.042798	4735.080847
0.042803	4735.584745
0.042807	4736.088431
0.042812	4736.593664
0.042817	4737.112828
0.042822	4737.620901
0.042827	4738.122737
0.042831	4738.623521
0.042836	4739.134981
0.042841	4739.63802
0.042845	4740.122517
0.04285	4740.625919
0.042855	4741.123438
0.042859	4741.621229
0.042864	4742.110882
0.042868	4742.61201
0.042873	4743.116262
0.042878	4743.615914
0.042883	4744.129275
0.042887	4744.626025
0.042892	4745.135241
0.042896	4745.642556
0.042901	4746.153036
0.042906	4746.659987
0.042911	4747.169799
0.042915	4747.677236
0.04292	4748.166949
0.042925	4748.664316
0.04293	4749.174503
0.042934	4749.682334
0.042939	4750.186262
0.042944	4750.695973
0.042949	4751.174424
0.042953	4751.664683
0.042958	4752.187932
0.042963	4752.70646
0.042967	4753.207072
0.042972	4753.705035
0.042977	4754.199278
0.042982	4754.691549
0.042986	4755.195902
0.042991	4755.690499
0.042995	4756.171235
0.043	4756.661525
0.043004	4757.159751
0.043009	4757.662041
0.043013	4758.162603
0.043018	4758.659323
0.043023	4759.1512
0.043027	4759.655158
0.043032	4760.161149
0.043037	4760.666736
0.043042	4761.181937
0.043047	4761.683863
0.043052	4762.198933
0.043056	4762.728632
0.043061	4763.244237
0.043066	4763.75592
0.04307	4764.258838
0.043075	4764.764333
0.04308	4765.254795
0.043085	4765.759643
0.04309	4766.264016
0.043094	4766.777721
0.043099	4767.287887
0.043104	4767.792675
0.043108	4768.282368
0.043113	4768.769635
0.043117	4769.272633
0.043122	4769.771011
0.043126	4770.276436
0.043131	4770.780111
0.043136	4771.288498
0.043141	4771.800393
0.043145	4772.327706
0.04315	4772.839177
0.043155	4773.347655
0.04316	4773.847943
0.043165	4774.346908
0.043169	4774.85212
0.043174	4775.3663
0.043179	4775.887254
0.043184	4776.398401
0.043189	4776.916008
0.043193	4777.424102
0.043198	4777.931397
0.043203	4778.45048
0.043208	4778.958968
0.043212	4779.48344
0.043217	4779.99207
0.043222	4780.506836
0.043227	4781.024231
0.043232	4781.528523
0.043237	4782.028862
0.043241	4782.541698
0.043246	4783.051571
0.043251	4783.541729
0.043255	4784.039177
0.04326	4784.534562
0.043264	4785.044183
0.043269	4785.568503
0.043274	4786.09621
0.043279	4786.602878
0.043283	4787.094402
0.043288	4787.597481
0.043293	4788.106363
0.043298	4788.616246
0.043302	4789.134612
0.043307	4789.647447
0.043312	4790.154874
0.043316	4790.671814
0.043321	4791.183507
0.043326	4791.682026
0.043331	4792.178857
0.043336	4792.69146
0.04334	4793.178332
0.043345	4793.675093
0.043349	4794.188555
0.043354	4794.690643
0.043359	4795.186776
0.043364	4795.685175
0.043368	4796.17502
0.043373	4796.678796
0.043378	4797.184888
0.043383	4797.684348
0.043388	4798.18125
0.043392	4798.671661
0.043397	4799.160151
0.043402	4799.672481
0.043407	4800.197478
0.043411	4800.711891
0.043416	4801.230803
0.043421	4801.74388
0.043425	4802.259304
0.04343	4802.77958
0.043435	4803.282386
0.04344	4803.791158
0.043444	4804.307167
0.043449	4804.817789
0.043454	4805.327682
0.043459	4805.841124
0.043463	4806.345436
0.043468	4806.861537
0.043472	4807.369105
0.043477	4807.886632
0.043482	4808.396697
0.043487	4808.931036
0.043492	4809.470775
0.043497	4809.99277
0.043502	4810.494828
0.043507	4810.982499
0.043512	4811.484446
0.043517	4811.992944
0.043521	4812.500067
0.043526	4812.998101
0.043531	4813.502798
0.043536	4814.019141
0.04354	4814.527013
0.043545	4815.030375
0.04355	4815.547355
0.043555	4816.077176
0.04356	4816.595197
0.043565	4817.09583
0.043569	4817.595795
0.043574	4818.094335
0.043579	4818.624155
0.043584	4819.141105
0.043589	4819.661594
0.043594	4820.173085
0.043598	4820.681006
0.043603	4821.18354
0.043608	4821.702522
0.043613	4822.217096
0.043618	4822.73533
0.043623	4823.241998
0.043627	4823.745472
0.043632	4824.240796
0.043636	4824.747151
0.043641	4825.258157
0.043645	4825.746131
0.04365	4826.249554
0.043655	4826.762308
0.04366	4827.271838
0.043665	4827.774917
0.043669	4828.26555
0.043674	4828.755982
0.043679	4829.268271
0.043683	4829.773443
0.043688	4830.27357
0.043692	4830.771109
0.043697	4831.279425
0.043702	4831.774254
0.043706	4832.276534
0.043711	4832.77928
0.043716	4833.28526
0.04372	4833.784437
0.043725	4834.292106
0.04373	4834.805164
0.043734	4835.313278
0.043739	4835.811191
0.043743	4836.306283
0.043748	4836.80185
0.043753	4837.307457
0.043758	4837.813639
0.043762	4838.314595
0.043767	4838.818008
0.043771	4839.312868
0.043776	4839.806332
0.04378	4840.301232
0.043785	4840.820912
0.04379	4841.339379
0.043795	4841.848564
0.0438	4842.351754
0.043805	4842.85539
0.043809	4843.360066
0.043815	4843.886105
0.043819	4844.389316
0.043824	4844.894053
0.043828	4845.376224
0.043833	4845.88816
0.043838	4846.391815
0.043842	4846.898069
0.043848	4847.414301
0.043852	4847.926833
0.043857	4848.428113
0.043861	4848.920263
0.043866	4849.423979
0.043871	4849.903683
0.043875	4850.38543
0.04388	4850.891643
0.043885	4851.402022
0.043889	4851.898236
0.043894	4852.386322
0.043898	4852.881202
0.043903	4853.370541
0.043908	4853.874783
0.043913	4854.384747
0.043918	4854.892365
0.043922	4855.389075
0.043927	4855.876089
0.043931	4856.372769
0.043936	4856.86779
0.04394	4857.375368
0.043945	4857.875333
0.04395	4858.387774
0.043954	4858.903622
0.043959	4859.413981
0.043964	4859.908153
0.043968	4860.411131
0.043973	4860.924441
0.043978	4861.452644
0.043983	4861.939931
0.043987	4862.433769
0.043991	4862.919257
0.043996	4863.407009
0.044001	4863.911807
0.044006	4864.426149
0.044011	4864.942068
0.044016	4865.457056
0.044021	4865.972925
0.044026	4866.483576
0.04403	4866.980852
0.044035	4867.474226
0.04404	4867.98148
0.044044	4868.492981
0.044049	4868.975253
0.044054	4869.461934
0.044058	4869.946683
0.044063	4870.439561
0.044068	4870.942448
0.044072	4871.449157
0.044077	4871.956563
0.044082	4872.466123
0.044087	4872.985954
0.044092	4873.491025
0.044097	4874.003335
0.044102	4874.503027
0.044107	4874.998382
0.044111	4875.4986
0.044116	4876.005874
0.044121	4876.508812
0.044125	4877.003126
0.04413	4877.506741
0.044134	4878.002409
0.044139	4878.516437
0.044144	4879.025188
0.044148	4879.548477
0.044153	4880.05462
0.044158	4880.558649
0.044163	4881.063497
0.044168	4881.572127
0.044172	4882.105274
0.044177	4882.628219
0.044181	4883.149062
0.044186	4883.642344
0.044191	4884.139579
0.044196	4884.633873
0.0442	4885.148457
0.044205	4885.662496
0.04421	4886.180295
0.044214	4886.697306
0.044219	4887.210475
0.044223	4887.726505
0.044228	4888.244254
0.044232	4888.756432
0.044237	4889.262868
0.044242	4889.769111
0.044246	4890.273242
0.044251	4890.777473
0.044256	4891.297477
0.044261	4891.812061
0.044265	4892.320913
0.04427	4892.817835
0.044275	4893.327759
0.04428	4893.863948
0.044285	4894.385711
0.04429	4894.907393
0.044294	4895.426931
0.044299	4895.930637
0.044303	4896.439711
0.044308	4896.956489
0.044313	4897.46521
0.044317	4897.977449
0.044322	4898.485987
0.044327	4898.998813
0.044332	4899.51272
0.044336	4900.004678
0.044342	4900.594795
0.044348	4901.148819
0.044353	4901.677314
0.044357	4902.165794
0.044362	4902.673251
0.044366	4903.191859
0.044371	4903.706414
0.044376	4904.221908
0.044381	4904.733682
0.044386	4905.237489
0.04439	4905.727799
0.044395	4906.232323
0.044399	4906.735655
0.044404	4907.23099
0.044408	4907.730318
0.044413	4908.225592
0.044418	4908.706045
0.044422	4909.194252
0.044427	4909.702447
0.044431	4910.199884
0.044435	4910.680833
0.04444	4911.181485
0.044445	4911.679256
0.044449	4912.196419
0.044454	4912.696809
0.044458	4913.185926
0.044463	4913.665377
0.044467	4914.153514
0.044471	4914.646594
0.044475	4915.132223
0.04448	4915.628447
0.044485	4916.118717
0.044489	4916.62487
0.044493	4917.11704
0.044498	4917.625285
0.044502	4918.144197
0.044508	4918.651461
0.044512	4919.150193
0.044517	4919.642859
0.044521	4920.135191
0.044526	4920.630991
0.04453	4921.126093
0.044535	4921.631143
0.04454	4922.126832
0.044545	4922.618729
0.044549	4923.128744
0.044553	4923.622724
0.044558	4924.12644
0.044563	4924.624514
0.044567	4925.117726
0.044572	4925.609826
0.044577	4926.110792
0.044581	4926.61101
0.044585	4927.114817
0.04459	4927.596755
0.044595	4928.089472
0.044598	4928.566942
0.044603	4929.050407
0.044608	4929.526219
0.044612	4930.024617
0.044617	4930.528435
0.044621	4931.025134
0.044625	4931.51412
0.04463	4931.99807
0.044634	4932.487744
0.044638	4932.974343
0.044643	4933.460437
0.044647	4933.945571
0.044652	4934.446598
0.044656	4934.957482
0.044661	4935.48164
0.044665	4935.985842
0.04467	4936.490983
0.044675	4936.984053
0.04468	4937.506726
0.044685	4938.022897
0.044689	4938.518444
0.044694	4939.02396
0.044698	4939.537372
0.044704	4940.068314
0.044708	4940.585183
0.044713	4941.11094
0.044718	4941.62609
0.044723	4942.150926
0.044727	4942.657382
0.044732	4943.16493
0.044736	4943.666027
0.044741	4944.182249
0.044746	4944.703638
0.04475	4945.223267
0.044755	4945.748386
0.04476	4946.267652
0.044765	4946.791426
0.044769	4947.312431
0.044774	4947.848357
0.04478	4948.375994
0.044784	4948.905754
0.044789	4949.419155
0.044794	4949.922608
0.044798	4950.438456
0.044803	4950.975
0.044808	4951.514809
0.044813	4952.047986
0.044818	4952.571588
0.044822	4953.081542
0.044827	4953.601212
0.044831	4954.114968
0.044836	4954.637337
0.044841	4955.170028
0.044846	4955.705682
0.044851	4956.234936
0.044856	4956.768811
0.044861	4957.285427
0.044865	4957.814095
0.04487	4958.3379
0.044875	4958.864899
0.04488	4959.384458
0.044885	4959.904593
0.04489	4960.420663
0.044894	4960.938695
0.044899	4961.442684
0.044904	4961.952517
0.044908	4962.458619
0.044913	4962.959686
0.044918	4963.461138
0.044922	4963.984386
0.044927	4964.504905
0.044932	4965.021522
0.044937	4965.545286
0.044942	4966.070678
0.044947	4966.601277
0.044951	4967.119248
0.044956	4967.646147
0.04496	4968.151986
0.044965	4968.654014
0.04497	4969.163331
0.044974	4969.675135
0.044979	4970.186322
0.044984	4970.710218
0.044989	4971.229524
0.044993	4971.751701
0.044998	4972.272119
0.045003	4972.785581
0.045008	4973.305503
0.045013	4973.843472
0.045018	4974.370169
0.045023	4974.901819
0.045028	4975.475901
0.045033	4976.018268
0.045038	4976.564679
0.045043	4977.107451
0.045048	4977.646835
0.045054	4978.180973
0.045058	4978.698651
0.045063	4979.210596
0.045068	4979.730681
0.045072	4980.267821
0.045077	4980.802221
0.045082	4981.346954
0.045086	4981.878594
0.045091	4982.404926
0.045096	4982.930905
0.045101	4983.463899
0.045105	4983.995742
0.04511	4984.521498
0.045115	4985.025497
0.04512	4985.538696
0.045124	4986.053341
0.045129	4986.563022
0.045134	4987.073593
0.045138	4987.576146
0.045143	4988.091236
0.045148	4988.61132
0.045152	4989.130333
0.045157	4989.646788
0.045162	4990.159451
0.045166	4990.683307
0.045171	4991.198396
0.045176	4991.731715
0.045182	4992.253366
0.045186	4992.777636
0.045191	4993.290431
0.045196	4993.80723
0.0452	4994.331055
0.045205	4994.844345
0.045209	4995.368038
0.045214	4995.89612
0.045219	4996.412089
0.045224	4996.929889
0.045229	4997.441541
0.045234	4997.960938
0.045239	4998.482822
0.045243	4998.989915
0.045248	4999.514235
0.045253	5000.08944
0.045259	5000.616581
0.045263	5001.13158
0.045268	5001.660783
0.045273	5002.195143
0.045278	5002.731818
0.045283	5003.267563
0.045288	5003.816491
0.045294	5004.353571
0.045299	5004.874565
0.045304	5005.407358
0.045309	5005.93736
0.045313	5006.473469
0.045318	5007.012014
0.045323	5007.550408
0.045328	5008.093796
0.045333	5008.630713
0.045338	5009.176983
0.045343	5009.724809
0.045348	5010.245814
0.045353	5010.770559
0.045358	5011.279026
0.045362	5011.779447
0.045367	5012.290331
0.045372	5012.814469
0.045377	5013.340619
0.045382	5013.861573
0.045387	5014.386672
0.045391	5014.902945
0.045396	5015.427376
0.045401	5015.948725
0.045406	5016.475188
0.045411	5016.988388
0.045416	5017.50186
0.045421	5018.019073
0.045425	5018.531514
0.04543	5019.045765
0.045435	5019.57051
0.04544	5020.094941
0.045444	5020.607574
0.045449	5021.118175
0.045454	5021.648683
0.045459	5022.162722
0.045464	5022.673606
0.045468	5023.179506
0.045473	5023.684637
0.045477	5024.198413
0.045482	5024.731984
0.045487	5025.263482
0.045492	5025.777622
0.045497	5026.277769
0.045501	5026.779544
0.045506	5027.296959
0.045511	5027.82503
0.045515	5028.357126
0.04552	5028.881345
0.045525	5029.400236
0.045529	5029.920664
0.045535	5030.442882
0.045539	5030.959003
0.045544	5031.47754
0.045549	5032.006107
0.045553	5032.520671
0.045558	5033.046063
0.045563	5033.578462
0.045568	5034.10813
0.045573	5034.63151
0.045577	5035.146064
0.045582	5035.663237
0.045586	5036.192522
0.045591	5036.726649
0.045597	5037.262677
0.045602	5037.787644
0.045607	5038.312935
0.045611	5038.845435
0.045617	5039.376397
0.045622	5039.906379
0.045627	5040.434147
0.045631	5040.960369
0.045636	5041.479351
0.045641	5042.009636
0.045646	5042.549031
0.045651	5043.087667
0.045656	5043.629711
0.045661	5044.160158
0.045666	5044.690342
0.045671	5045.213631
0.045675	5045.733119
0.04568	5046.260958
0.045685	5046.776553
0.045689	5047.303613
0.045695	5047.829824
0.0457	5048.36473
0.045705	5048.884713
0.045709	5049.392716
0.045714	5049.909474
0.045719	5050.442843
0.045724	5050.980671
0.045728	5051.50395
0.045733	5052.003834
0.045737	5052.493952
0.045742	5053.050928
0.045748	5053.591981
0.045752	5054.131082
0.045757	5054.642411
0.045762	5055.15558
0.045767	5055.66059
0.045772	5056.178319
0.045776	5056.694238
0.045781	5057.220307
0.045786	5057.750198
0.045791	5058.26643
0.045795	5058.794957
0.0458	5059.319186
0.045805	5059.854537
0.04581	5060.392051
0.045815	5060.917685
0.04582	5061.432179
0.045824	5061.950676
0.04583	5062.47806
0.045835	5062.996951
0.045839	5063.511414
0.045844	5064.030123
0.045848	5064.554676
0.045854	5065.094394
0.045859	5065.629866
0.045864	5066.160687
0.045868	5066.664929
0.045873	5067.169222
0.045878	5067.671876
0.045883	5068.19197
0.045887	5068.709638
0.045892	5069.218591
0.045897	5069.74095
0.045902	5070.248589
0.045906	5070.77388
0.045911	5071.283157
0.045916	5071.78751
0.045921	5072.299182
0.045925	5072.81772
0.04593	5073.331172
0.045934	5073.845928
0.04594	5074.371078
0.045944	5074.885864
0.045949	5075.408163
0.045954	5075.911686
0.045959	5076.42164
0.045963	5076.935254
0.045967	5077.447018
0.045972	5077.968629
0.045977	5078.47372
0.045981	5078.996514
0.045986	5079.514546
0.045991	5080.042455
0.045996	5080.562236
0.046	5081.089327
0.046005	5081.601454
0.046009	5082.11892
0.046014	5082.63675
0.046019	5083.139435
0.046024	5083.659509
0.046029	5084.17933
0.046034	5084.710788
0.046039	5085.239648
0.046043	5085.758772
0.046048	5086.275196
0.046053	5086.798769
0.046058	5087.324899
0.046063	5087.845681
0.046068	5088.382346
0.046073	5088.905463
0.046078	5089.442653
0.046082	5089.969784
0.046087	5090.492386
0.046092	5091.033065
0.046097	5091.563128
0.046102	5092.110671
0.046107	5092.629097
0.046112	5093.156451
0.046117	5093.672713
0.046121	5094.199127
0.046126	5094.738147
0.046131	5095.270717
0.046136	5095.805987
0.046141	5096.335737
0.046146	5096.85571
0.046151	5097.380162
0.046156	5097.914804
0.046161	5098.422251
0.046166	5098.928393
0.04617	5099.434212
0.046175	5099.965792
0.046181	5100.503205
0.046185	5101.042579
0.04619	5101.579669
0.046195	5102.120347
0.0462	5102.656648
0.046205	5103.183516
0.04621	5103.695715
0.046214	5104.205274
0.046219	5104.717473
0.046224	5105.237011
0.046228	5105.758885
0.046233	5106.288331
0.046238	5106.809942
0.046243	5107.345899
0.046248	5107.865498
0.046252	5108.376443
0.046257	5108.891877
0.046262	5109.410353
0.046267	5109.926788
0.046272	5110.4476
0.046277	5110.967361
0.046282	5111.500568
0.046286	5112.029843
0.046291	5112.553304
0.046297	5113.086137
0.046301	5113.619091
0.046307	5114.140227
0.046312	5114.658006
0.046317	5115.174522
0.046321	5115.698983
0.046325	5116.227803
0.04633	5116.750496
0.046335	5117.29442
0.04634	5117.825069
0.046345	5118.348762
0.04635	5118.853217
0.046354	5119.329767
0.046359	5119.844887
0.046363	5120.360684
0.046368	5120.88546
0.046373	5121.406161
0.046378	5121.92665
0.046383	5122.447209
0.046387	5122.948428
0.046392	5123.456279
0.046397	5123.967385
0.046402	5124.491878
0.046407	5125.008474
0.046411	5125.51773
0.046416	5126.024156
0.046421	5126.522119
0.046425	5127.027877
0.04643	5127.522019
0.046434	5128.012501
0.046438	5128.471945
0.046443	5128.986782
0.046447	5129.499638
0.046452	5130.021067
0.046456	5130.509779
0.046461	5131.010695
0.046466	5131.518515
0.04647	5132.03492
0.046475	5132.555944
0.04648	5133.075199
0.046485	5133.596982
0.046489	5134.109494
0.046493	5134.648454
0.046498	5135.171177
0.046503	5135.704364
0.046507	5136.228442
0.046512	5136.750861
0.046517	5137.258561
0.046521	5137.764511
0.046526	5138.280268
0.046531	5138.787503
0.046535	5139.320942
0.04654	5139.830886
0.046545	5140.347058
0.04655	5140.873936
0.046554	5141.417405
0.04656	5141.959469
0.046564	5142.485852
0.046569	5143.011062
0.046574	5143.535109
0.046578	5144.068306
0.046584	5144.602707
0.046589	5145.150007
0.046594	5145.692485
0.046598	5146.212731
0.046603	5146.721017
0.046608	5147.251464
0.046613	5147.793882
0.046618	5148.323197
0.046623	5148.850692
0.046628	5149.403138
0.046633	5149.955707
0.046638	5150.493746
0.046643	5151.013042
0.046648	5151.53718
0.046653	5152.043535
0.046657	5152.539365
0.046662	5153.020172
0.046667	5153.548921
0.046672	5154.075586
0.046676	5154.587916
0.046681	5155.099923
0.046686	5155.618258
0.046691	5156.149949
0.046696	5156.678455
0.046701	5157.201339
0.046706	5157.720746
0.046711	5158.230316
0.046716	5158.740563
0.04672	5159.253611
0.046726	5159.785655
0.04673	5160.297298
0.046735	5160.824783
0.04674	5161.341996
0.046745	5161.861979
0.04675	5162.380486
0.046754	5162.904058
0.046758	5163.411474
0.046763	5163.93347
0.046768	5164.445274
0.046773	5164.967562
0.046778	5165.487697
0.046783	5165.991605
0.046788	5166.512205
0.046793	5167.035464
0.046798	5167.578154
0.046803	5168.102222
0.046808	5168.644407
0.046813	5169.165735
0.046818	5169.691107
0.046823	5170.214679
0.046827	5170.720791
0.046832	5171.259619
0.046837	5171.796547
0.046842	5172.320463
0.046847	5172.829841
0.046851	5173.336367
0.046857	5173.871829
0.046861	5174.397909
0.046866	5174.934847
0.046872	5175.452868
0.046876	5175.977037
0.046881	5176.491763
0.046886	5177.004406
0.046891	5177.51434
0.046896	5178.032534
0.046901	5178.559756
0.046906	5179.09265
0.046911	5179.629375
0.046915	5180.150117
0.046921	5180.688247
0.046925	5181.196199
0.04693	5181.716021
0.046936	5182.244224
0.046941	5182.779968
0.046946	5183.305987
0.046951	5183.827942
0.046955	5184.351464
0.04696	5184.866624
0.046965	5185.391238
0.04697	5185.931967
0.046975	5186.460594
0.04698	5186.988241
0.046985	5187.518436
0.046991	5188.043767
0.046995	5188.57656
0.047001	5189.106299
0.047005	5189.625514
0.04701	5190.159813
0.047015	5190.678027
0.04702	5191.195442
0.047025	5191.713828
0.04703	5192.243365
0.047034	5192.772731
0.04704	5193.299437
0.047044	5193.804386
0.047049	5194.314259
0.047054	5194.816368
0.047058	5195.310196
0.047063	5195.823264
0.047069	5196.354732
0.047073	5196.877091
0.047078	5197.386469
0.047082	5197.901428
0.047087	5198.41211
0.047091	5198.929939
0.047096	5199.463066
0.047102	5199.984454
0.047106	5200.504973
0.047112	5201.024835
0.047116	5201.546254
0.047121	5202.083222
0.047127	5202.613416
0.047131	5203.132065
0.047136	5203.647782
0.047141	5204.169686
0.047147	5204.713438
0.047152	5205.272699
0.047157	5205.801377
0.047161	5206.310653
0.047166	5206.824631
0.047171	5207.350023
0.047175	5207.876022
0.04718	5208.406489
0.047185	5208.93266
0.04719	5209.44046
0.047195	5209.967106
0.0472	5210.486857
0.047205	5210.999611
0.04721	5211.509636
0.047214	5212.027739
0.047219	5212.541049
0.047224	5213.056119
0.047229	5213.582481
0.047233	5214.097682
0.047238	5214.604806
0.047243	5215.117894
0.047247	5215.643336
0.047252	5216.166393
0.047256	5216.675326
0.047261	5217.194864
0.047266	5217.706901
0.047271	5218.221657
0.047275	5218.733562
0.047279	5219.241464
0.047284	5219.73692
0.047288	5220.251818
0.047293	5220.798401
0.047298	5221.339989
0.047303	5221.877614
0.047308	5222.410175
0.047313	5222.94139
0.047318	5223.472646
0.047323	5224.002426
0.047328	5224.536129
0.047333	5225.060449
0.047337	5225.573355
0.047342	5226.07884
0.047347	5226.620722
0.047352	5227.151766
0.047357	5227.671486
0.047362	5228.186434
0.047366	5228.714334
0.047371	5229.248137
0.047376	5229.767696
0.047381	5230.300175
0.047386	5230.820138
0.047391	5231.330952
0.047395	5231.856596
0.0474	5232.384759
0.047405	5232.920979
0.04741	5233.451982
0.047415	5233.990386
0.04742	5234.523401
0.047425	5235.050299
0.04743	5235.569929
0.047435	5236.093936
0.04744	5236.609915
0.047444	5237.115198
0.047449	5237.618429
0.047454	5238.123439
0.047459	5238.640298
0.047464	5239.142296
0.047469	5239.6578
0.047474	5240.17202
0.047479	5240.691023
0.047483	5241.20039
0.047488	5241.715309
0.047492	5242.235817
0.047497	5242.769439
0.047502	5243.302525
0.047507	5243.830344
0.047512	5244.362166
0.047517	5244.877266
0.047522	5245.399109
0.047527	5245.919335
0.047532	5246.457658
0.047537	5246.989268
0.047542	5247.520301
0.047547	5248.034987
0.047552	5248.557457
0.047557	5249.074923
0.047561	5249.592469
0.047566	5250.110501
0.047571	5250.629746
0.047575	5251.160598
0.04758	5251.680622
0.047585	5252.198502
0.047589	5252.716605
0.047594	5253.242624
0.047599	5253.760271
0.047604	5254.290132
0.047608	5254.815089
0.047613	5255.337539
0.047618	5255.860525
0.047623	5256.391488
0.047628	5256.92237
0.047633	5257.443769
0.047638	5257.962953
0.047642	5258.484038
0.047647	5259.001737
0.047652	5259.525936
0.047657	5260.033989
0.047662	5260.548887
0.047667	5261.060832
0.047672	5261.589055
0.047677	5262.112334
0.047681	5262.640294
0.047687	5263.183905
0.047692	5263.719235
0.047697	5264.244496
0.047701	5264.757422
0.047706	5265.269843
0.04771	5265.775207
0.047715	5266.288356
0.04772	5266.799149
0.047725	5267.314785
0.04773	5267.824536
0.047735	5268.337402
0.04774	5268.86607
0.047744	5269.385184
0.047749	5269.91101
0.047754	5270.434765
0.047758	5270.957852
0.047763	5271.477279
0.047768	5272.006887
0.047773	5272.530307
0.047778	5273.037067
0.047783	5273.552824
0.047788	5274.085627
0.047793	5274.633443
0.047798	5275.1712
0.047803	5275.688777
0.047808	5276.215625
0.047812	5276.7441
0.047818	5277.286386
0.047823	5277.813052
0.047828	5278.336685
0.047833	5278.861976
0.047837	5279.391594
0.047842	5279.922284
0.047847	5280.451104
0.047852	5280.989831
0.047857	5281.517457
0.047862	5282.044376
0.047867	5282.57542
0.047872	5283.100913
0.047877	5283.618672
0.047881	5284.142386
0.047886	5284.663693
0.047891	5285.177196
0.047896	5285.695895
0.047901	5286.225513
0.047906	5286.754444
0.047911	5287.289309
0.047916	5287.809525
0.04792	5288.327536
0.047925	5288.854981
0.04793	5289.377471
0.047935	5289.894816
0.047939	5290.41763
0.047944	5290.939554
0.047949	5291.455716
0.047954	5291.97491
0.047959	5292.497047
0.047964	5293.020993
0.047969	5293.541543
0.047973	5294.069766
0.047978	5294.592822
0.047983	5295.118406
0.047988	5295.626723
0.047992	5296.144593
0.047997	5296.658277
0.048002	5297.181819
0.048007	5297.719252
0.048012	5298.264561
0.048018	5298.799154
0.048023	5299.319956
0.048028	5299.85842
0.048033	5300.394893
0.048037	5300.920568
0.048042	5301.431715
0.048047	5301.937817
0.048051	5302.443262
0.048056	5302.964327
0.048061	5303.504075
0.048066	5304.025717
0.048071	5304.544588
0.048076	5305.069778
0.048081	5305.59062
0.048086	5306.109319
0.04809	5306.629788
0.048095	5307.148042
0.0481	5307.669694
0.048105	5308.193195
0.04811	5308.731366
0.048115	5309.263937
0.04812	5309.797164
0.048125	5310.336832
0.04813	5310.867532
0.048135	5311.394865
0.04814	5311.921116
0.048144	5312.448328
0.04815	5312.977269
0.048154	5313.497292
0.048159	5314.027446
0.048164	5314.561028
0.048169	5315.082325
0.048174	5315.604866
0.048178	5316.146151
0.048183	5316.667813
0.048188	5317.183267
0.048193	5317.693989
0.048198	5318.197614
0.048203	5318.711369
0.048208	5319.231666
0.048213	5319.749718
0.048217	5320.267012
0.048222	5320.788299
0.048227	5321.301246
0.048232	5321.812696
0.048237	5322.327392
0.048241	5322.852187
0.048246	5323.372464
0.048251	5323.87989
0.048256	5324.391897
0.048262	5324.89817
0.048266	5325.419549
0.048271	5325.920373
0.048275	5326.406599
0.04828	5326.912519
0.048284	5327.419551
0.048289	5327.933711
0.048294	5328.448588
0.048298	5328.96383
0.048303	5329.47616
0.048308	5330.001602
0.048313	5330.52842
0.048317	5331.038253
0.048322	5331.556355
0.048327	5332.076076
0.048331	5332.589002
0.048336	5333.095812
0.048341	5333.610386
0.048346	5334.134858
0.048351	5334.659947
0.048356	5335.182276
0.04836	5335.683747
0.048365	5336.196138
0.048369	5336.708407
0.048374	5337.220009
0.048379	5337.723988
0.048384	5338.249693
0.048389	5338.771911
0.048393	5339.305209
0.048399	5339.835039
0.048404	5340.36119
0.048409	5340.916235
0.048414	5341.481218
0.048419	5342.025233
0.048424	5342.556822
0.04843	5343.107156
0.048435	5343.639575
0.04844	5344.161307
0.048445	5344.69413
0.04845	5345.218188
0.048455	5345.758361
0.04846	5346.313214
0.048465	5346.840405
0.04847	5347.374573
0.048475	5347.914311
0.04848	5348.460025
0.048485	5348.992352
0.048489	5349.530999
0.048495	5350.047716
0.048499	5350.574645
0.048504	5351.10858
0.048509	5351.632274
0.048514	5352.158616
0.048518	5352.677326
0.048524	5353.221361
0.048528	5353.761898
0.048534	5354.2974
0.048539	5354.825603
0.048544	5355.356576
0.048549	5355.891168
0.048554	5356.436214
0.048559	5356.975022
0.048564	5357.509534
0.048569	5358.035179
0.048574	5358.560368
0.048579	5359.072294
0.048584	5359.589143
0.048589	5360.117012
0.048593	5360.653829
0.048598	5361.195791
0.048603	5361.734306
0.048608	5362.25984
0.048613	5362.781997
0.048618	5363.295782
0.048623	5363.804917
0.048628	5364.323475
0.048632	5364.849271
0.048637	5365.368951
0.048642	5365.88574
0.048646	5366.393338
0.048651	5366.901674
0.048656	5367.403429
0.04866	5367.915233
0.048665	5368.439958
0.04867	5368.95527
0.048675	5369.478367
0.04868	5369.994408
0.048684	5370.50699
0.048689	5371.027165
0.048694	5371.54816
0.048699	5372.079304
0.048704	5372.592726
0.048708	5373.106128
0.048713	5373.615404
0.048718	5374.136499
0.048722	5374.666401
0.048728	5375.210112
0.048733	5375.754896
0.048738	5376.281572
0.048743	5376.814607
0.048748	5377.32633
0.048752	5377.840207
0.048757	5378.363051
0.048762	5378.898109
0.048767	5379.423642
0.048772	5379.941644
0.048777	5380.434825
0.048782	5380.974776
0.048787	5381.512977
0.048792	5382.043465
0.048797	5382.560183
0.048801	5383.081996
0.048806	5383.608692
0.04881	5384.11994
0.048814	5384.64058
0.048819	5385.161029
0.048824	5385.682761
0.048829	5386.202461
0.048834	5386.721918
0.048839	5387.237898
0.048844	5387.772177
0.048849	5388.319174
0.048854	5388.851704
0.048858	5389.390765
0.048863	5389.916046
0.048868	5390.442136
0.048873	5390.963939
0.048878	5391.494022
0.048883	5392.014238
0.048888	5392.51947
0.048892	5393.039079
0.048897	5393.555564
0.048901	5394.089944
0.048906	5394.635081
0.048911	5395.166378
0.048916	5395.694914
0.048921	5396.19315
0.048926	5396.714135
0.048931	5397.235806
0.048936	5397.772319
0.048941	5398.297722
0.048946	5398.815551
0.048952	5399.338871
0.048956	5399.858702
0.048961	5400.383356
0.048966	5400.909962
0.048971	5401.438377
0.048976	5401.946935
0.048981	5402.462511
0.048986	5402.973688
0.04899	5403.492397
0.048995	5404.009479
0.049	5404.531171
0.049006	5405.058848
0.04901	5405.578174
0.049015	5406.100371
0.04902	5406.602429
0.049025	5407.122675
0.049031	5407.65204
0.049035	5408.186491
0.049041	5408.708739
0.049045	5409.231442
0.04905	5409.761009
0.049055	5410.283631
0.04906	5410.810439
0.049064	5411.330573
0.04907	5411.843045
0.049074	5412.360824
0.049079	5412.900845
0.049084	5413.417765
0.049089	5413.924858
0.049094	5414.463858
0.049099	5414.99655
0.049104	5415.525016
0.049109	5416.071133
0.049114	5416.608789
0.049118	5417.140217
0.049124	5417.671169
0.049128	5418.202981
0.049133	5418.742093
0.049138	5419.277009
0.049144	5419.80871
0.049149	5420.355202
0.049153	5420.805698
0.049158	5421.289507
0.049163	5421.805193
0.049168	5422.355467
0.049172	5422.896074
0.049178	5423.432203
0.049182	5423.96351
0.049187	5424.487294
0.049192	5425.014335
0.049197	5425.545004
0.049202	5426.094549
0.049207	5426.628434
0.049212	5427.16063
0.049218	5427.703583
0.049222	5428.248175
0.049227	5428.793969
0.049233	5429.342088
0.049238	5429.894555
0.049243	5430.423203
0.049248	5430.971141
0.049253	5431.525508
0.049258	5432.0665
0.049263	5432.605501
0.049268	5433.12056
0.049273	5433.656629
0.049278	5434.189077
0.049284	5434.731586
0.049289	5435.279493
0.049294	5435.807463
0.049299	5436.348516
0.049304	5436.886495
0.049309	5437.430702
0.049314	5437.967185
0.04932	5438.506479
0.049325	5439.032467
0.04933	5439.560973
0.049335	5440.098043
0.04934	5440.655544
0.049345	5441.200853
0.049351	5441.763481
0.049356	5442.308386
0.049361	5442.864735
0.049366	5443.416686
0.049371	5443.973794
0.049377	5444.535249
0.049382	5445.072035
0.049387	5445.621944
0.049392	5446.176686
0.049397	5446.732519
0.049403	5447.277212
0.049407	5447.816424
0.049412	5448.338712
0.049417	5448.867552
0.049422	5449.403085
0.049427	5449.950608
0.049432	5450.489264
0.049437	5451.021976
0.049442	5451.55489
0.049448	5452.10214
0.049453	5452.65024
0.049458	5453.208308
0.049463	5453.761988
0.049469	5454.310158
0.049474	5454.867953
0.049479	5455.408439
0.049485	5455.95576
0.04949	5456.505285
0.049495	5457.055012
0.0495	5457.602222
0.049505	5458.127857
0.04951	5458.640389
0.049515	5459.175254
0.04952	5459.714669
0.049525	5460.254791
0.04953	5460.769416
0.049535	5461.279259
0.04954	5461.810485
0.049545	5462.333541
0.04955	5462.864615
0.049555	5463.392464
0.04956	5463.923023
0.049565	5464.455856
0.04957	5464.988214
0.049576	5465.515355
0.049581	5466.040777
0.049586	5466.560932
0.049591	5467.099184
0.049596	5467.635576
0.049601	5468.161555
0.049606	5468.685562
0.04961	5469.208467
0.049616	5469.738166
0.049621	5470.264023
0.049625	5470.776565
0.04963	5471.272001
0.049635	5471.77416
0.049639	5472.293415
0.049644	5472.797839
0.049649	5473.340277
0.049655	5473.870926
0.049659	5474.373368
0.049664	5474.881694
0.049669	5475.390556
0.049674	5475.917809
0.049679	5476.457931
0.049684	5476.982009
0.049689	5477.49902
0.049694	5478.011683
0.049699	5478.518655
0.049704	5479.031996
0.049709	5479.557145
0.049714	5480.081091
0.049719	5480.608303
0.049724	5481.132371
0.049729	5481.649807
0.049734	5482.166069
0.049738	5482.677459
0.049743	5483.185573
0.049748	5483.703625
0.049753	5484.229078
0.049758	5484.765287
0.049763	5485.304177
0.049768	5485.826718
0.049773	5486.348197
0.049778	5486.87275
0.049783	5487.377669
0.049788	5487.894306
0.049793	5488.416928
0.049798	5488.938882
0.049802	5489.469886
0.049807	5489.993549
0.049812	5490.513037
0.049817	5491.034951
0.049823	5491.594232
0.049827	5492.148751
0.049833	5492.674791
0.049838	5493.190487
0.049843	5493.719013
0.049848	5494.248551
0.049853	5494.796599
0.049858	5495.334922
0.049863	5495.876905
0.049868	5496.405573
0.049873	5496.931531
0.049877	5497.444821
0.049882	5497.969334
0.049887	5498.489095
0.049891	5498.964078
0.049896	5499.48578
0.049901	5500.006774
0.049906	5500.535512
0.049911	5501.057538
0.049915	5501.583071
0.04992	5502.106148
0.049925	5502.630368
0.04993	5503.150108
0.049935	5503.661973
0.04994	5504.180965
0.049945	5504.676988
0.04995	5505.19419
0.049955	5505.715427
0.04996	5506.238403
0.049965	5506.763259
0.04997	5507.310479
0.049975	5507.850966
0.04998	5508.383
0.049985	5508.910728
0.04999	5509.439031
0.049995	5509.968862
0.05	5510.494021
0.050005	5511.020536
0.05001	5511.548708
0.050015	5512.055457
0.05002	5512.568909
0.050025	5513.101409
0.05003	5513.626194
0.050035	5514.168955
0.05004	5514.709927
0.050045	5515.231164
0.05005	5515.763087
0.050055	5516.298185
0.05006	5516.841523
0.050065	5517.379421
0.050071	5517.898939
0.050076	5518.431671
0.050081	5518.963139
0.050086	5519.490998
0.050091	5520.028634
0.050096	5520.565197
0.050101	5521.112094
0.050106	5521.637344
0.050111	5522.169632
0.050116	5522.693972
0.050121	5523.222124
0.050126	5523.747345
0.050131	5524.288417
0.050136	5524.826963
0.050141	5525.36565
0.050146	5525.902294
0.050151	5526.432529
0.050156	5526.969689
0.050161	5527.495122
0.050166	5528.029219
0.050171	5528.577925
0.050176	5529.124578
0.050181	5529.66735
0.050186	5530.206562
0.050192	5530.747484
0.050198	5531.273462
0.050203	5531.792849
0.050207	5532.323043
0.050212	5532.833725
0.050217	5533.370906
0.050222	5533.913121
0.050227	5534.444316
0.050232	5534.980142
0.050238	5535.514856
0.050242	5536.055312
0.050248	5536.585122
0.050252	5537.110393
0.050258	5537.645703
0.050263	5538.187403
0.050268	5538.723542
0.050273	5539.257123
0.050278	5539.77653
0.050283	5540.309808
0.050288	5540.850658
0.050293	5541.391448
0.050298	5541.928558
0.050303	5542.475596
0.050308	5543.013373
0.050313	5543.543132
0.050319	5544.090261
0.050324	5544.648309
0.050329	5545.20026
0.050334	5545.729575
0.050339	5546.274176
0.050344	5546.815411
0.050349	5547.367999
0.050355	5547.919415
0.05036	5548.461802
0.050365	5548.992896
0.050369	5549.516903
0.050375	5550.066893
0.05038	5550.597886
0.050385	5551.12431
0.05039	5551.701536
0.050395	5552.276175
0.050401	5552.81657
0.050406	5553.358179
0.050411	5553.898827
0.050416	5554.452305
0.050421	5555.005662
0.050426	5555.546037
0.050431	5556.086584
0.050436	5556.623128
0.050441	5557.165515
0.050446	5557.697832
0.050451	5558.229836
0.050456	5558.764823
0.050461	5559.306978
0.050466	5559.854379
0.050471	5560.395402
0.050477	5560.916527
0.050482	5561.44835
0.050487	5561.969182
0.050492	5562.488346
0.050497	5563.017267
0.050501	5563.54646
0.050507	5564.090718
0.050512	5564.643872
0.050517	5565.181851
0.050522	5565.711874
0.050527	5566.243666
0.050532	5566.766247
0.050537	5567.302781
0.050542	5567.834269
0.050547	5568.363998
0.050552	5568.900845
0.050557	5569.424549
0.050562	5569.94801
0.050567	5570.472543
0.050572	5570.996267
0.050577	5571.535682
0.050582	5572.070992
0.050587	5572.596808
0.050592	5573.140095
0.050597	5573.673737
0.050602	5574.21751
0.050607	5574.736826
0.050612	5575.261429
0.050617	5575.781817
0.050622	5576.322536
0.050628	5576.883485
0.050633	5577.422455
0.050637	5577.911218
0.050642	5578.416542
0.050647	5578.932471
0.050652	5579.457236
0.050657	5579.98282
0.050662	5580.519212
0.050667	5581.055301
0.050672	5581.579712
0.050677	5582.109269
0.050682	5582.629404
0.050686	5583.145101
0.050691	5583.652901
0.050696	5584.165999
0.050701	5584.684911
0.050706	5585.194177
0.050711	5585.715384
0.050716	5586.240978
0.050721	5586.774458
0.050726	5587.306068
0.050731	5587.847131
0.050737	5588.379772
0.050742	5588.909036
0.050747	5589.443841
0.050751	5589.961964
0.050756	5590.470583
0.050761	5590.987169
0.050766	5591.523713
0.050771	5592.06056
0.050776	5592.600814
0.050781	5593.131342
0.050786	5593.664114
0.050791	5594.194754
0.050796	5594.721652
0.050801	5595.248106
0.050806	5595.782081
0.050811	5596.326511
0.050816	5596.870162
0.050821	5597.41445
0.050826	5597.939225
0.050831	5598.462716
0.050836	5598.990464
0.050841	5599.507667
0.050846	5600.031401
0.050851	5600.54639
0.050856	5601.078707
0.05086	5601.608659
0.050865	5602.142675
0.05087	5602.672202
0.050875	5603.192549
0.05088	5603.725686
0.050886	5604.25587
0.050891	5604.7884
0.050895	5605.308413
0.0509	5605.833876
0.050905	5606.349027
0.05091	5606.882942
0.050915	5607.41904
0.05092	5607.947172
0.050925	5608.479136
0.05093	5608.99922
0.050935	5609.520821
0.05094	5610.039055
0.050945	5610.557724
0.05095	5611.081812
0.050955	5611.616344
0.05096	5612.151452
0.050965	5612.679351
0.05097	5613.206239
0.050974	5613.736949
0.050979	5614.274342
0.050985	5614.782203
0.050989	5615.300892
0.050994	5615.829004
0.050999	5616.353456
0.051004	5616.866079
0.051009	5617.361707
0.051014	5617.882428
0.051019	5618.400339
0.051023	5618.916581
0.051028	5619.428315
0.051033	5619.931788
0.051038	5620.466805
0.051043	5620.996888
0.051048	5621.529903
0.051053	5622.062777
0.051057	5622.592172
0.051062	5623.113278
0.051067	5623.641844
0.051072	5624.178712
0.051077	5624.719036
0.051083	5625.257005
0.051087	5625.792983
0.051092	5626.321499
0.051097	5626.842655
0.051101	5627.368684
0.051106	5627.900526
0.051111	5628.438283
0.051117	5628.963776
0.051121	5629.493243
0.051126	5630.037561
0.051132	5630.575985
0.051137	5631.117978
0.051141	5631.636909
0.051146	5632.159329
0.051151	5632.677311
0.051156	5633.205948
0.051161	5633.740045
0.051166	5634.268248
0.051171	5634.798149
0.051176	5635.332205
0.051181	5635.87163
0.051186	5636.417303
0.051191	5636.954049
0.051196	5637.48671
0.051202	5638.010879
0.051206	5638.532449
0.051211	5639.050188
0.051216	5639.587955
0.05122	5640.137793
0.051225	5640.677582
0.05123	5641.199739
0.051235	5641.718954
0.05124	5642.239604
0.051245	5642.74973
0.05125	5643.28045
0.051255	5643.815811
0.051259	5644.357531
0.051265	5644.90473
0.05127	5645.456945
0.051275	5645.990253
0.05128	5646.512329
0.051285	5647.044596
0.05129	5647.579906
0.051295	5648.124831
0.0513	5648.65912
0.051305	5649.185038
0.051309	5649.714737
0.051314	5650.234568
0.05132	5650.766744
0.051325	5651.294532
0.05133	5651.833421
0.051335	5652.380277
0.05134	5652.925738
0.051346	5653.482815
0.051351	5654.055715
0.051357	5654.651524
0.051362	5655.197763
0.051368	5655.743972
0.051373	5656.293759
0.051379	5656.844973
0.051383	5657.390838
0.051388	5657.922427
0.051393	5658.450954
0.051398	5658.976386
0.051403	5659.507511
0.051408	5660.046855
0.051413	5660.580011
0.051419	5661.110913
0.051423	5661.647861
0.051429	5662.178046
0.051434	5662.714872
0.051439	5663.242671
0.051444	5663.773957
0.05145	5664.31319
0.051454	5664.851371
0.051459	5665.389512
0.051465	5665.92559
0.05147	5666.473356
0.051475	5667.004218
0.05148	5667.540984
0.051485	5668.054011
0.05149	5668.57819
0.051495	5669.096101
0.0515	5669.622049
0.051505	5670.155297
0.05151	5670.686138
0.051515	5671.215685
0.05152	5671.730421
0.051525	5672.244298
0.05153	5672.770459
0.051534	5673.295618
0.051539	5673.804207
0.051544	5674.308085
0.051549	5674.841717
0.051553	5675.367018
0.051558	5675.886
0.051564	5676.397319
0.051568	5676.92627
0.051574	5677.461994
0.051578	5677.992654
0.051583	5678.535071
0.051588	5679.06841
0.051593	5679.599595
0.051598	5680.11609
0.051603	5680.637014
0.051608	5681.177723
0.051613	5681.736013
0.051619	5682.275165
0.051623	5682.782218
0.051628	5683.293041
0.051633	5683.823084
0.051638	5684.358899
0.051643	5684.89155
0.051648	5685.422372
0.051653	5685.951484
0.051657	5686.470244
0.051662	5687.00519
0.051667	5687.521635
0.051672	5688.048554
0.051677	5688.566788
0.051681	5689.091179
0.051687	5689.6183
0.051692	5690.154692
0.051697	5690.696169
0.051702	5691.224068
0.051706	5691.74024
0.051711	5692.256139
0.051717	5692.791681
0.051722	5693.327527
0.051726	5693.861382
0.051731	5694.390383
0.051735	5694.922003
0.051741	5695.462803
0.051746	5696.01433
0.051751	5696.562894
0.051756	5697.106474
0.051762	5697.651773
0.051766	5698.171564
0.051771	5698.699484
0.051777	5699.23539
0.051781	5699.783894
0.051787	5700.329456
0.051792	5700.849035
0.051797	5701.389855
0.051802	5701.906785
0.051807	5702.432207
0.051812	5702.964596
0.051816	5703.513211
0.051821	5704.062584
0.051826	5704.608853
0.051832	5705.141181
0.051836	5705.667807
0.051842	5706.185747
0.051846	5706.692466
0.051851	5707.180046
0.051855	5707.685623
0.05186	5708.207466
0.051865	5708.726721
0.05187	5709.260323
0.051874	5709.795795
0.051879	5710.325039
0.051884	5710.847539
0.051889	5711.360051
0.051894	5711.898243
0.051899	5712.428933
0.051904	5712.927573
0.051909	5713.437386
0.051913	5713.955822
0.051918	5714.464947
0.051923	5714.984091
0.051928	5715.510888
0.051933	5716.03437
0.051938	5716.561359
0.051943	5717.075549
0.051948	5717.602134
0.051953	5718.142176
0.051958	5718.676566
0.051963	5719.196468
0.051968	5719.71077
0.051972	5720.217094
0.051977	5720.735156
0.051982	5721.24968
0.051987	5721.790935
0.051992	5722.326296
0.051997	5722.852234
0.052001	5723.377424
0.052006	5723.897174
0.052011	5724.417734
0.052016	5724.949728
0.052021	5725.48157
0.052026	5725.996104
0.052031	5726.511457
0.052036	5727.031794
0.052041	5727.561695
0.052045	5728.078979
0.05205	5728.597708
0.052055	5729.105074
0.05206	5729.642608
0.052065	5730.166585
0.05207	5730.700783
0.052074	5731.229926
0.052079	5731.738737
0.052084	5732.234739
0.052088	5732.751568
0.052093	5733.288698
0.052098	5733.820065
0.052103	5734.345366
0.052108	5734.872346
0.052113	5735.387365
0.052118	5735.909138
0.052123	5736.458865
0.052128	5736.982578
0.052133	5737.49784
0.052137	5738.021958
0.052142	5738.53257
0.052147	5739.06052
0.052152	5739.586387
0.052156	5740.114984
0.052161	5740.632793
0.052166	5741.15215
0.052171	5741.675439
0.052176	5742.192652
0.052181	5742.708439
0.052187	5743.238988
0.052192	5743.754553
0.052197	5744.272898
0.052201	5744.795955
0.052206	5745.326493
0.052211	5745.865352
0.052217	5746.41976
0.052222	5746.977352
0.052227	5747.507001
0.052232	5748.001406
0.052236	5748.512836
0.052241	5749.031727
0.052246	5749.53979
0.052251	5750.056771
0.052255	5750.566563
0.05226	5751.076042
0.052265	5751.578423
0.05227	5752.101015
0.052275	5752.637215
0.05228	5753.177206
0.052285	5753.694328
0.052289	5754.20693
0.052294	5754.734789
0.052299	5755.275134
0.052304	5755.813437
0.052309	5756.344572
0.052314	5756.89438
0.052319	5757.434785
0.052324	5757.973887
0.052329	5758.50305
0.052334	5759.041353
0.052339	5759.572507
0.052344	5760.089336
0.052349	5760.612059
0.052354	5761.14378
0.052359	5761.696328
0.052364	5762.232619
0.052369	5762.764421
0.052374	5763.266004
0.052379	5763.798028
0.052384	5764.335461
0.052389	5764.882398
0.052394	5765.435957
0.052399	5765.970185
0.052404	5766.514251
0.052409	5767.048469
0.052414	5767.580443
0.052418	5768.116915
0.052424	5768.659879
0.052429	5769.200871
0.052434	5769.726142
0.052439	5770.246327
0.052444	5770.778907
0.052449	5771.325531
0.052454	5771.868959
0.052459	5772.410244
0.052463	5772.932482
0.052468	5773.465538
0.052473	5773.996197
0.052478	5774.501915
0.052482	5775.008654
0.052487	5775.537382
0.052492	5776.078485
0.052497	5776.621934
0.052503	5777.163846
0.052508	5777.707346
0.052513	5778.244233
0.052518	5778.774549
0.052523	5779.314327
0.052528	5779.864752
0.052534	5780.405431
0.052539	5780.942308
0.052544	5781.491216
0.052549	5782.025636
0.052554	5782.554284
0.052559	5783.081739
0.052564	5783.609517
0.052569	5784.101677
0.052573	5784.567763
0.052578	5785.080699
0.052584	5785.632813
0.052589	5786.168638
0.052594	5786.687843
0.052599	5787.221101
0.052604	5787.771343
0.052609	5788.310394
0.052614	5788.850395
0.052619	5789.384452
0.052624	5789.912776
0.052629	5790.437066
0.052634	5790.950518
0.052639	5791.484211
0.052644	5792.028488
0.05265	5792.569774
0.052655	5793.109087
0.05266	5793.645105
0.052665	5794.189535
0.05267	5794.722347
0.052675	5795.257233
0.05268	5795.789894
0.052685	5796.323162
0.05269	5796.841689
0.052695	5797.372662
0.0527	5797.90409
0.052705	5798.432768
0.05271	5798.966956
0.052715	5799.512922
0.05272	5800.051053
0.052725	5800.586484
0.05273	5801.125111
0.052735	5801.651261
0.05274	5802.170718
0.052744	5802.68688
0.05275	5803.221361
0.052754	5803.768409
0.05276	5804.307268
0.052765	5804.842497
0.05277	5805.369992
0.052775	5805.905909
0.05278	5806.439146
0.052785	5806.966429
0.05279	5807.484623
0.052795	5808.000279
0.052799	5808.512699
0.052804	5809.025302
0.052809	5809.554506
0.052814	5810.093688
0.052819	5810.620081
0.052824	5811.153925
0.052829	5811.689266
0.052834	5812.23413
0.052839	5812.784757
0.052845	5813.332391
0.05285	5813.88965
0.052855	5814.417024
0.05286	5814.939019
0.052865	5815.441411
0.05287	5815.958866
0.052875	5816.479658
0.05288	5817.00406
0.052885	5817.52283
0.05289	5818.049273
0.052895	5818.560096
0.0529	5819.082031
0.052905	5819.602651
0.052909	5820.125728
0.052914	5820.64837
0.052919	5821.173863
0.052924	5821.702117
0.052929	5822.215872
0.052934	5822.725644
0.052939	5823.240764
0.052944	5823.767592
0.052949	5824.306279
0.052954	5824.847786
0.052959	5825.378365
0.052964	5825.896457
0.052969	5826.386282
0.052973	5826.89204
0.052978	5827.413055
0.052982	5827.934079
0.052987	5828.459391
0.052993	5829.001838
0.052998	5829.54737
0.053003	5830.073763
0.053008	5830.603745
0.053013	5831.136811
0.053018	5831.662526
0.053023	5832.178192
0.053027	5832.702786
0.053032	5833.222961
0.053037	5833.737505
0.053042	5834.270227
0.053047	5834.783831
0.053052	5835.31084
0.053057	5835.834241
0.053062	5836.356923
0.053067	5836.875734
0.053072	5837.394686
0.053077	5837.926629
0.053082	5838.457723
0.053087	5838.976311
0.053092	5839.504716
0.053097	5840.046932
0.053102	5840.582161
0.053108	5841.114519
0.053112	5841.640052
0.053117	5842.159176
0.053122	5842.690068
0.053128	5843.221395
0.053133	5843.738294
0.053138	5844.253435
0.053143	5844.766331
0.053147	5845.288104
0.053152	5845.826619
0.053157	5846.375759
0.053162	5846.902476
0.053167	5847.424289
0.053172	5847.945283
0.053177	5848.475821
0.053182	5849.01104
0.053187	5849.54446
0.053192	5850.077778
0.053197	5850.618962
0.053202	5851.141362
0.053207	5851.667078
0.053212	5852.206907
0.053217	5852.746099
0.053222	5853.315026
0.053227	5853.857281
0.053233	5854.406826
0.053238	5854.954592
0.053243	5855.492541
0.053248	5856.041662
0.053253	5856.589609
0.053258	5857.127973
0.053263	5857.672604
0.053269	5858.211696
0.053274	5858.745338
0.053278	5859.272843
0.053283	5859.800146
0.053288	5860.335981
0.053293	5860.867601
0.053298	5861.398685
0.053303	5861.919113
0.053308	5862.439188
0.053312	5862.96001
0.053317	5863.485422
0.053322	5864.016294
0.053327	5864.552848
0.053332	5865.089614
0.053338	5865.627795
0.053343	5866.165552
0.053347	5866.707029
0.053352	5867.227184
0.053357	5867.738574
0.053362	5868.25975
0.053367	5868.782038
0.053372	5869.303902
0.053376	5869.803402
0.053381	5870.297453
0.053386	5870.805223
0.053391	5871.315005
0.053395	5871.82962
0.0534	5872.365486
0.053406	5872.90394
0.053411	5873.434529
0.053416	5873.96717
0.053421	5874.496191
0.053426	5875.022554
0.05343	5875.554164
0.053436	5876.086825
0.053441	5876.600014
0.053446	5877.128804
0.053451	5877.656228
0.053456	5878.166576
0.053461	5878.706668
0.053467	5879.252695
0.053472	5879.781009
0.053477	5880.311648
0.053482	5880.844916
0.053487	5881.373968
0.053492	5881.890221
0.053497	5882.409809
0.053502	5882.944745
0.053507	5883.492673
0.053512	5884.022706
0.053518	5884.547329
0.053522	5885.066847
0.053527	5885.599054
0.053532	5886.130219
0.053537	5886.666499
0.053542	5887.20274
0.053547	5887.745794
0.053552	5888.289799
0.053557	5888.832024
0.053563	5889.366101
0.053568	5889.89117
0.053572	5890.410566
0.053577	5890.934452
0.053582	5891.464687
0.053587	5892.005547
0.053592	5892.558409
0.053597	5893.095862
0.053603	5893.622124
0.053607	5894.151631
0.053613	5894.692825
0.053618	5895.227731
0.053623	5895.765861
0.053628	5896.311666
0.053633	5896.854427
0.053638	5897.388858
0.053643	5897.91424
0.053648	5898.435305
0.053653	5898.959241
0.053658	5899.495562
0.053663	5900.026515
0.053669	5900.586736
0.053674	5901.132813
0.053679	5901.671814
0.053683	5902.209267
0.053688	5902.759004
0.053693	5903.300916
0.053698	5903.82369
0.053703	5904.34064
0.053708	5904.860563
0.053713	5905.382507
0.053717	5905.906302
0.053722	5906.434474
0.053727	5906.964072
0.053732	5907.487958
0.053737	5908.01429
0.053742	5908.543352
0.053747	5909.074032
0.053752	5909.612739
0.053757	5910.148079
0.053762	5910.665313
0.053767	5911.191251
0.053772	5911.728573
0.053778	5912.250608
0.053783	5912.767194
0.053788	5913.302777
0.053793	5913.822811
0.053798	5914.334676
0.053802	5914.85661
0.053807	5915.388635
0.053812	5915.921357
0.053817	5916.447194
0.053822	5916.961252
0.053827	5917.498332
0.053832	5918.026302
0.053837	5918.553504
0.053842	5919.082293
0.053847	5919.607068
0.053852	5920.124241
0.053856	5920.649178
0.053862	5921.187258
0.053867	5921.737663
0.053872	5922.277098
0.053877	5922.803238
0.053882	5923.323433
0.053887	5923.839504
0.053891	5924.365482
0.053897	5924.886072
0.053902	5925.44411
0.053907	5925.997092
0.053912	5926.555828
0.053917	5927.089783
0.053922	5927.642907
0.053927	5928.202451
0.053933	5928.744252
0.053937	5929.289804
0.053943	5929.833576
0.053948	5930.388338
0.053953	5930.926954
0.053957	5931.456724
0.053962	5931.97794
0.053967	5932.509085
0.053972	5933.042474
0.053977	5933.582556
0.053982	5934.120131
0.053987	5934.645008
0.053992	5935.169581
0.053997	5935.711928
0.054002	5936.259269
0.054007	5936.793457
0.054012	5937.325744
0.054017	5937.853886
0.054023	5938.388458
0.054027	5938.903891
0.054033	5939.418132
0.054038	5939.939713
0.054043	5940.476994
0.054048	5941.010232
0.054053	5941.549687
0.054058	5942.084825
0.054063	5942.605031
0.054068	5943.131383
0.054073	5943.645644
0.054077	5944.137127
0.054082	5944.645645
0.054087	5945.157864
0.054091	5945.673975
0.054096	5946.196516
0.0541	5946.717429
0.054105	5947.237332
0.054111	5947.756981
0.054115	5948.277318
0.05412	5948.798687
0.054125	5949.333835
0.05413	5949.861926
0.054134	5950.377714
0.054139	5950.904481
0.054144	5951.41952
0.054149	5951.948956
0.054154	5952.487684
0.054159	5953.021083
0.054165	5953.550014
0.05417	5954.077418
0.054175	5954.616145
0.05418	5955.143003
0.054184	5955.673086
0.05419	5956.211187
0.054195	5956.739379
0.0542	5957.267127
0.054204	5957.783319
0.054209	5958.309854
0.054214	5958.83932
0.054219	5959.366097
0.054224	5959.897181
0.054228	5960.428003
0.054233	5960.945054
0.054238	5961.471952
0.054243	5961.998224
0.054248	5962.543098
0.054253	5963.083403
0.054258	5963.62214
0.054263	5964.150029
0.054268	5964.67716
0.054273	5965.211298
0.054278	5965.736215
0.054282	5966.265661
0.054287	5966.781812
0.054292	5967.302422
0.054297	5967.836459
0.054302	5968.373508
0.054307	5968.925075
0.054312	5969.461234
0.054317	5969.980894
0.054322	5970.505962
0.054327	5971.007758
0.054332	5971.52947
0.054337	5972.048452
0.054342	5972.564886
0.054346	5973.087559
0.054351	5973.60736
0.054356	5974.128
0.054361	5974.647306
0.054366	5975.166632
0.054371	5975.699941
0.054376	5976.23614
0.054381	5976.769125
0.054386	5977.301776
0.054391	5977.825136
0.054395	5978.330136
0.0544	5978.834509
0.054405	5979.358607
0.05441	5979.882028
0.054415	5980.408209
0.054419	5980.915544
0.054424	5981.438449
0.054429	5981.955207
0.054434	5982.464464
0.054439	5982.983658
0.054444	5983.494653
0.054449	5984.024181
0.054453	5984.557519
0.054459	5985.085863
0.054463	5985.608394
0.054468	5986.126093
0.054474	5986.64553
0.054478	5987.175886
0.054483	5987.691532
0.054488	5988.203801
0.054493	5988.71784
0.054498	5989.252159
0.054502	5989.789339
0.054507	5990.31089
0.054512	5990.835281
0.054517	5991.357155
0.054522	5991.874085
0.054527	5992.387415
0.054532	5992.901292
0.054536	5993.413794
0.054541	5993.931148
0.054546	5994.455084
0.054551	5994.976301
0.054556	5995.484779
0.05456	5995.987696
0.054565	5996.4976
0.05457	5997.019544
0.054575	5997.550446
0.054579	5998.074029
0.054584	5998.588381
0.054589	5999.11814
0.054594	5999.65804
0.054599	6000.195585
0.054605	6000.725537
0.054609	6001.274576
0.054614	6001.807783
0.054619	6002.329152
0.054624	6002.858517
0.054629	6003.386447
0.054634	6003.911788
0.054639	6004.429598
0.054644	6004.940836
0.054649	6005.461688
0.054654	6005.995138
0.054659	6006.530924
0.054664	6007.065587
0.054669	6007.587359
0.054674	6008.096949
0.054679	6008.627528
0.054683	6009.148967
0.054688	6009.659861
0.054693	6010.182321
0.054698	6010.710342
0.054703	6011.245298
0.054708	6011.78166
0.054713	6012.31151
0.054718	6012.848135
0.054723	6013.378491
0.054728	6013.91007
0.054733	6014.453246
0.054738	6014.996958
0.054743	6015.530954
0.054749	6016.066698
0.054754	6016.592
0.054759	6017.109759
0.054764	6017.64151
0.054768	6018.144286
0.054773	6018.652966
0.054778	6019.182018
0.054783	6019.718895
0.054787	6020.226867
0.054792	6020.745405
0.054797	6021.269958
0.054802	6021.797038
0.054807	6022.315899
0.054812	6022.835215
0.054817	6023.347878
0.054822	6023.868195
0.054827	6024.38461
0.054832	6024.905927
0.054837	6025.435131
0.054841	6025.949078
0.054846	6026.475896
0.054851	6027.005635
0.054856	6027.543776
0.054861	6028.066226
0.054866	6028.595501
0.054871	6029.109357
0.054876	6029.628805
0.054881	6030.143025
0.054886	6030.667558
0.05489	6031.200441
0.054896	6031.72639
0.0549	6032.260234
0.054905	6032.767478
0.05491	6033.279161
0.054915	6033.802197
0.05492	6034.346111
0.054925	6034.883403
0.05493	6035.393256
0.054935	6035.893767
0.05494	6036.425599
0.054945	6036.946826
0.054949	6037.466162
0.054955	6037.983931
0.054959	6038.500062
0.054965	6039.036495
0.054969	6039.554516
0.054974	6040.086217
0.054979	6040.619354
0.054984	6041.150043
0.05499	6041.691126
0.054995	6042.227468
0.054999	6042.721822
0.055004	6043.228955
0.055009	6043.736381
0.055013	6044.248691
0.055018	6044.761496
0.055023	6045.281661
0.055029	6045.80397
0.055033	6046.334093
0.055038	6046.863155
0.055043	6047.375738
0.055048	6047.893709
0.055053	6048.399154
0.055057	6048.909341
0.055061	6049.391674
0.055066	6049.898676
0.055071	6050.404323
0.055076	6050.935477
0.055081	6051.454318
0.055086	6051.965384
0.055091	6052.484387
0.055096	6053.01819
0.055101	6053.544846
0.055106	6054.050099
0.055111	6054.505388
0.055115	6054.982737
0.05512	6055.525397
0.055125	6056.080219
0.05513	6056.620514
0.055135	6057.13617
0.05514	6057.662452
0.055145	6058.188177
0.05515	6058.696352
0.055155	6059.215789
0.055159	6059.735358
0.055164	6060.255088
0.055169	6060.803177
0.055174	6061.316225
0.055179	6061.836613
0.055184	6062.36061
0.055189	6062.885274
0.055194	6063.416863
0.055199	6063.937109
0.055204	6064.454616
0.055209	6064.972921
0.055214	6065.496887
0.055218	6066.011198
0.055223	6066.5365
0.055228	6067.055896
0.055233	6067.581733
0.055238	6068.0846
0.055242	6068.57399
0.055247	6069.081295
0.055252	6069.606232
0.055257	6070.120119
0.055262	6070.631761
0.055267	6071.142534
0.055272	6071.650497
0.055276	6072.154779
0.055281	6072.670819
0.055286	6073.199679
0.055291	6073.721866
0.055296	6074.231436
0.055301	6074.745616
0.055306	6075.258856
0.055311	6075.779132
0.055316	6076.29593
0.055321	6076.809999
0.055326	6077.306042
0.05533	6077.815015
0.055336	6078.345068
0.05534	6078.823559
0.055345	6079.299583
0.055349	6079.795949
0.055354	6080.293943
0.055359	6080.802957
0.055364	6081.299313
0.055368	6081.799955
0.055374	6082.312154
0.055378	6082.817538
0.055383	6083.320546
0.055388	6083.828417
0.055392	6084.333448
0.055397	6084.843644
0.055402	6085.351677
0.055407	6085.853169
0.055411	6086.34723
0.055416	6086.845284
0.055421	6087.365723
0.055425	6087.873968
0.05543	6088.377633
0.055435	6088.893603
0.05544	6089.405882
0.055444	6089.911074
0.055448	6090.406925
0.055453	6090.907314
0.055458	6091.422526
0.055463	6091.940456
0.055468	6092.463371
0.055473	6092.990866
0.055479	6093.491084
0.055483	6093.998298
0.055488	6094.511872
0.055493	6095.023737
0.055497	6095.538341
0.055502	6096.065988
0.055507	6096.577822
0.055512	6097.082428
0.055517	6097.589096
0.055522	6098.106511
0.055527	6098.634997
0.055531	6099.139229
0.055536	6099.667512
0.055541	6100.206765
0.055546	6100.752155
0.055551	6101.286414
0.055556	6101.821805
0.055562	6102.35205
0.055566	6102.859112
0.055571	6103.375618
0.055576	6103.888483
0.055581	6104.406536
0.055586	6104.941623
0.055591	6105.475407
0.055596	6106.005207
0.055601	6106.516334
0.055606	6107.04028
0.055611	6107.579503
0.055616	6108.094067
0.055621	6108.62324
0.055626	6109.157741
0.055631	6109.685337
0.055636	6110.203622
0.055641	6110.71762
0.055646	6111.251525
0.055651	6111.789878
0.055656	6112.324976
0.055661	6112.848993
0.055666	6113.372575
0.055671	6113.892306
0.055675	6114.407194
0.055681	6114.922941
0.055686	6115.443207
0.05569	6115.960561
0.055695	6116.46543
0.055701	6116.9851
0.055705	6117.524879
0.055711	6118.062878
0.055715	6118.59006
0.05572	6119.114683
0.055725	6119.637609
0.05573	6120.168046
0.055735	6120.687493
0.055739	6121.204403
0.055744	6121.734395
0.055749	6122.257836
0.055755	6122.773674
0.055759	6123.288339
0.055764	6123.813428
0.055769	6124.338193
0.055773	6124.864293
0.055778	6125.395448
0.055784	6125.929605
0.055789	6126.470162
0.055794	6126.986405
0.055799	6127.512505
0.055804	6128.035683
0.055809	6128.563956
0.055814	6129.084455
0.055819	6129.601435
0.055824	6130.125463
0.055829	6130.658276
0.055834	6131.185892
0.055839	6131.709262
0.055844	6132.229589
0.055849	6132.737147
0.055853	6133.255391
0.055859	6133.776699
0.055863	6134.29837
0.055868	6134.821619
0.055873	6135.34876
0.055878	6135.896789
0.055883	6136.435577
0.055888	6136.957006
0.055893	6137.473946
0.055898	6138.011894
0.055903	6138.537984
0.055908	6139.064771
0.055913	6139.590588
0.055918	6140.121308
0.055923	6140.668589
0.055928	6141.213251
0.055933	6141.746599
0.055938	6142.262053
0.055943	6142.782219
0.055948	6143.306984
0.055953	6143.848683
0.055957	6144.377179
0.055962	6144.921022
0.055967	6145.455049
0.055972	6145.984798
0.055978	6146.49457
0.055983	6147.025209
0.055988	6147.559862
0.055993	6148.077277
0.055997	6148.597352
0.056002	6149.108974
0.056007	6149.63106
0.056012	6150.160476
0.056017	6150.686626
0.056022	6151.197985
0.056027	6151.700144
0.056031	6152.20659
0.056036	6152.71705
0.056041	6153.22026
0.056046	6153.745309
0.056051	6154.264331
0.056056	6154.788601
0.056061	6155.298434
0.056066	6155.805304
0.05607	6156.311032
0.056075	6156.817559
0.05608	6157.335035
0.056085	6157.866068
0.05609	6158.399771
0.056096	6158.928802
0.056101	6159.456217
0.056106	6159.979708
0.056111	6160.503695
0.056116	6161.019492
0.056121	6161.525473
0.056126	6162.028734
0.056131	6162.548505
0.056135	6163.058166
0.05614	6163.569303
0.056146	6164.076982
0.056151	6164.590838
0.056156	6165.097324
0.056161	6165.593559
0.056166	6166.103007
0.056171	6166.622475
0.056176	6167.139112
0.056181	6167.663624
0.056186	6168.193252
0.056191	6168.70812
0.056196	6169.221339
0.056201	6169.738239
0.056206	6170.23694
0.05621	6170.739939
0.056215	6171.243887
0.05622	6171.752092
0.056225	6172.279415
0.05623	6172.798215
0.056235	6173.294046
0.05624	6173.810237
0.056245	6174.327279
0.05625	6174.846069
0.056255	6175.368357
0.056259	6175.885034
0.056264	6176.405826
0.056269	6176.931158
0.056275	6177.447552
0.056279	6177.953866
0.056284	6178.465084
0.056289	6178.971984
0.056294	6179.487954
0.056299	6180.011577
0.056303	6180.522552
0.056308	6181.030979
0.056312	6181.545695
0.056317	6182.060027
0.056322	6182.589978
0.056327	6183.120415
0.056332	6183.648739
0.056337	6184.189802
0.056342	6184.713283
0.056348	6185.259856
0.056353	6185.790728
0.056358	6186.311247
0.056363	6186.828238
0.056368	6187.358796
0.056373	6187.894652
0.056378	6188.427445
0.056383	6188.955011
0.056388	6189.473801
0.056393	6189.992773
0.056398	6190.508308
0.056403	6191.028159
0.056408	6191.55891
0.056413	6192.080248
0.056418	6192.601747
0.056423	6193.117616
0.056428	6193.650398
0.056433	6194.194605
0.056438	6194.725831
0.056443	6195.251385
0.056448	6195.769488
0.056453	6196.293555
0.056458	6196.822911
0.056463	6197.349526
0.056469	6197.874554
0.056474	6198.412837
0.056479	6198.938401
0.056484	6199.456726
0.056489	6199.977467
0.056494	6200.506964
0.056499	6201.032063
0.056503	6201.547749
0.056508	6202.065468
0.056513	6202.579253
0.056518	6203.083343
0.056523	6203.601183
0.056528	6204.129366
0.056533	6204.648085
0.056537	6205.174195
0.056542	6205.691256
0.056548	6206.207378
0.056553	6206.777022
0.056558	6207.341146
0.056563	6207.880995
0.056568	6208.403081
0.056573	6208.914713
0.056578	6209.437123
0.056582	6209.948624
0.056587	6210.471984
0.056593	6211.008366
0.056598	6211.542655
0.056603	6212.090653
0.056608	6212.612456
0.056614	6213.147928
0.056619	6213.677576
0.056625	6214.217689
0.05663	6214.748166
0.056635	6215.269989
0.05664	6215.799132
0.056645	6216.338365
0.05665	6216.872876
0.056654	6217.399644
0.05666	6217.927695
0.056665	6218.462469
0.05667	6219.006231
0.056675	6219.534636
0.05668	6220.035764
0.056685	6220.542412
0.05669	6221.052032
0.056695	6221.555536
0.056699	6222.070787
0.056704	6222.597817
0.056709	6223.125343
0.056714	6223.657711
0.056719	6224.192333
0.056725	6224.729504
0.05673	6225.250407
0.056735	6225.764627
0.05674	6226.287148
0.056745	6226.81529
0.05675	6227.335546
0.056754	6227.849979
0.056759	6228.370791
0.056764	6228.891502
0.056769	6229.417127
0.056774	6229.926373
0.056779	6230.450026
0.056784	6230.978189
0.056789	6231.535559
0.056795	6232.066734
0.0568	6232.585251
0.056805	6233.116174
0.05681	6233.636885
0.056814	6234.124344
0.056819	6234.646309
0.056824	6235.166282
0.056829	6235.704453
0.056834	6236.216115
0.056839	6236.726504
0.056844	6237.246942
0.056849	6237.776014
0.056854	6238.299283
0.056859	6238.831702
0.056864	6239.362372
0.056869	6239.866694
0.056874	6240.381097
0.056878	6240.900594
0.056883	6241.422266
0.056888	6241.933747
0.056893	6242.445955
0.056898	6242.945142
0.056903	6243.465256
0.056908	6243.989142
0.056913	6244.512411
0.056918	6245.031353
0.056922	6245.559414
0.056928	6246.075545
0.056933	6246.60114
0.056938	6247.133801
0.056943	6247.65156
0.056948	6248.182381
0.056953	6248.716448
0.056958	6249.248573
0.056963	6249.777574
0.056968	6250.325563
0.056974	6250.873723
0.056979	6251.426544
0.056984	6251.971013
0.056989	6252.513967
0.056994	6253.054049
0.056999	6253.593828
0.057004	6254.117188
0.057009	6254.643004
0.057014	6255.178274
0.057019	6255.708145
0.057024	6256.232445
0.057029	6256.761841
0.057034	6257.292126
0.057039	6257.825485
0.057044	6258.3631
0.057049	6258.905791
0.057055	6259.45662
0.05706	6260.006852
0.057065	6260.534914
0.05707	6261.045949
0.057075	6261.564901
0.05708	6262.097886
0.057085	6262.630588
0.05709	6263.174168
0.057095	6263.696709
0.0571	6264.220494
0.057105	6264.750273
0.05711	6265.282611
0.057115	6265.81689
0.057121	6266.362027
0.057126	6266.892656
0.057131	6267.425287
0.057136	6267.954086
0.057141	6268.49336
0.057146	6269.036657
0.057151	6269.571906
0.057157	6270.107692
0.057161	6270.639736
0.057166	6271.15706
0.057171	6271.690379
0.057177	6272.229399
0.057182	6272.772444
0.057187	6273.316853
0.057192	6273.849352
0.057197	6274.390193
0.057202	6274.906011
0.057207	6275.440087
0.057213	6275.980594
0.057217	6276.519716
0.057223	6277.05907
0.057228	6277.593258
0.057233	6278.126121
0.057238	6278.652241
0.057243	6279.183649
0.057248	6279.713843
0.057253	6280.235039
0.057258	6280.761817
0.057263	6281.292031
0.057268	6281.805746
0.057273	6282.317176
0.057278	6282.83719
0.057283	6283.352047
0.057288	6283.868674
0.057293	6284.398069
0.057298	6284.940932
0.057303	6285.480711
0.057308	6286.01227
0.057313	6286.51365
0.057318	6287.03702
0.057323	6287.55029
0.057328	6288.09012
0.057333	6288.609163
0.057339	6289.138488
0.057344	6289.655488
0.057348	6290.1744
0.057354	6290.6932
0.057359	6291.209625
0.057364	6291.73072
0.057369	6292.253807
0.057374	6292.789532
0.057379	6293.325226
0.057384	6293.855056
0.05739	6294.389558
0.057395	6294.93057
0.0574	6295.468185
0.057404	6295.971042
0.05741	6296.4704
0.057415	6296.975228
0.05742	6297.50058
0.057425	6298.009664
0.057429	6298.530264
0.057435	6299.07806
0.05744	6299.623895
0.057445	6300.154565
0.05745	6300.689561
0.057456	6301.203843
0.05746	6301.720995
0.057465	6302.234477
0.057471	6302.75627
0.057475	6303.26952
0.05748	6303.759466
0.057485	6304.260806
0.05749	6304.789919
0.057495	6305.318071
0.0575	6305.835426
0.057504	6306.35924
0.057509	6306.89171
0.057514	6307.418467
0.057519	6307.945476
0.057524	6308.497145
0.05753	6309.094713
0.057535	6309.638404
0.05754	6310.137833
0.057545	6310.656583
0.05755	6311.19619
0.057555	6311.716517
0.05756	6312.23372
0.057565	6312.747202
0.05757	6313.266488
0.057575	6313.790899
0.05758	6314.316342
0.057584	6314.838468
0.057589	6315.368875
0.057594	6315.897149
0.057599	6316.427555
0.057604	6316.956961
0.057609	6317.489592
0.057614	6318.020535
0.057619	6318.543116
0.057624	6319.078578
0.057629	6319.600209
0.057634	6320.114884
0.057639	6320.632916
0.057644	6321.153759
0.057649	6321.679464
0.057654	6322.214431
0.057659	6322.751126
0.057664	6323.28409
0.057669	6323.806935
0.057674	6324.313259
0.057679	6324.830826
0.057684	6325.359949
0.057689	6325.899293
0.057694	6326.422178
0.0577	6326.970732
0.057705	6327.503919
0.05771	6328.04296
0.057715	6328.564126
0.05772	6329.087122
0.057725	6329.615507
0.05773	6330.140009
0.057735	6330.653299
0.05774	6331.168632
0.057745	6331.696076
0.05775	6332.221569
0.057755	6332.757254
0.05776	6333.293453
0.057765	6333.816439
0.057771	6334.338637
0.057776	6334.866132
0.05778	6335.38021
0.057785	6335.896271
0.05779	6336.408833
0.057795	6336.925157
0.0578	6337.443755
0.057805	6337.960503
0.05781	6338.489585
0.057815	6339.024268
0.05782	6339.567687
0.057825	6340.094312
0.05783	6340.619199
0.057835	6341.137342
0.057839	6341.659074
0.057845	6342.180796
0.05785	6342.71462
0.057855	6343.239577
0.05786	6343.774463
0.057865	6344.31224
0.05787	6344.849623
0.057875	6345.379584
0.05788	6345.901458
0.057885	6346.427103
0.057891	6346.951302
0.057895	6347.475906
0.057901	6348.000823
0.057905	6348.510807
0.05791	6349.022945
0.057915	6349.537347
0.05792	6350.067744
0.057925	6350.609878
0.057931	6351.138566
0.057936	6351.650289
0.057942	6352.170626
0.057947	6352.683219
0.057952	6353.19108
0.057957	6353.708051
0.057962	6354.249801
0.057967	6354.78133
0.057972	6355.303942
0.057977	6355.833054
0.057982	6356.372105
0.057988	6356.914715
0.057993	6357.444838
0.057999	6357.981887
0.058004	6358.501183
0.058009	6359.036483
0.058014	6359.558872
0.058019	6360.095699
0.058024	6360.631221
0.058029	6361.173902
0.058034	6361.702519
0.058039	6362.222836
0.058045	6362.738846
0.05805	6363.257838
0.058055	6363.786011
0.05806	6364.310412
0.058065	6364.838058
0.05807	6365.362399
0.058075	6365.890571
0.058079	6366.404964
0.058084	6366.917961
0.058089	6367.45504
0.058094	6368.018204
0.0581	6368.565312
0.058105	6369.110904
0.05811	6369.637864
0.058115	6370.164135
0.058121	6370.689002
0.058126	6371.225444
0.058131	6371.755618
0.058136	6372.28741
0.058142	6372.832234
0.058147	6373.373751
0.058152	6373.914197
0.058157	6374.454957
0.058162	6374.981259
0.058167	6375.502951
0.058173	6376.036451
0.058178	6376.566009
0.058183	6377.090663
0.058188	6377.60366
0.058193	6378.131913
0.058198	6378.647832
0.058203	6379.180311
0.058208	6379.699081
0.058213	6380.215334
0.058219	6380.746074
0.058223	6381.272639
0.058228	6381.793866
0.058233	6382.321169
0.058239	6382.842234
0.058244	6383.37352
0.05825	6383.905018
0.058255	6384.432524
0.05826	6384.956237
0.058265	6385.479142
0.058271	6385.999985
0.058276	6386.534779
0.058282	6387.074437
0.058287	6387.606936
0.058292	6388.143096
0.058297	6388.674706
0.058302	6389.194517
0.058307	6389.713408
0.058312	6390.215001
0.058317	6390.718363
0.058322	6391.25243
0.058328	6391.79239
0.058333	6392.312566
0.058338	6392.825593
0.058343	6393.345981
0.058348	6393.8702
0.058353	6394.407846
0.058359	6394.934815
0.058364	6395.456729
0.058369	6395.972547
0.058374	6396.486737
0.058378	6397.005598
0.058383	6397.517422
0.058388	6398.036041
0.058393	6398.544761
0.058398	6399.05427
0.058403	6399.564578
0.058408	6400.07524
0.058413	6400.602098
0.058418	6401.115934
0.058423	6401.634097
0.058428	6402.170247
0.058433	6402.685185
0.058438	6403.181268
0.058443	6403.699846
0.058448	6404.230748
0.058454	6404.754856
0.058459	6405.284636
0.058464	6405.810169
0.058468	6406.339393
0.058473	6406.857435
0.058478	6407.348908
0.058483	6407.863492
0.058488	6408.371434
0.058493	6408.885281
0.058497	6409.394264
0.058502	6409.916097
0.058507	6410.453066
0.058512	6410.981046
0.058518	6411.496469
0.058522	6411.999387
0.058528	6412.517196
0.058533	6413.034682
0.058538	6413.562592
0.058543	6414.085537
0.058548	6414.605045
0.058553	6415.127809
0.058559	6415.652473
0.058564	6416.156067
0.058569	6416.673533
0.058574	6417.209015
0.05858	6417.735833
0.058585	6418.264137
0.05859	6418.788872
0.058595	6419.31299
0.0586	6419.838372
0.058605	6420.379364
0.05861	6420.914977
0.058615	6421.454625
0.058621	6421.991461
0.058626	6422.528045
0.058631	6423.058401
0.058637	6423.598847
0.058641	6424.106587
0.058646	6424.61732
0.058652	6425.133825
0.058657	6425.657397
0.058662	6426.172558
0.058667	6426.692531
0.058672	6427.209057
0.058677	6427.72813
0.058683	6428.251237
0.058687	6428.779147
0.058693	6429.301152
0.058698	6429.830901
0.058703	6430.36512
0.058708	6430.912471
0.058713	6431.45319
0.058719	6431.979795
0.058723	6432.499212
0.058728	6433.018498
0.058733	6433.542464
0.058739	6434.071496
0.058744	6434.596474
0.058749	6435.119176
0.058754	6435.642486
0.058759	6436.178716
0.058765	6436.712247
0.05877	6437.246859
0.058775	6437.783787
0.05878	6438.309189
0.058785	6438.830648
0.05879	6439.355171
0.058795	6439.886295
0.0588	6440.423496
0.058805	6440.943833
0.05881	6441.480741
0.058815	6442.013493
0.05882	6442.543293
0.058826	6443.068544
0.058831	6443.607069
0.058836	6444.125424
0.058841	6444.644983
0.058845	6445.161892
0.05885	6445.682351
0.058856	6446.21202
0.058861	6446.761029
0.058867	6447.308805
0.058872	6447.830153
0.058877	6448.355949
0.058882	6448.881978
0.058887	6449.391659
0.058892	6449.891453
0.058896	6450.411072
0.058901	6450.905901
0.058906	6451.413065
0.058911	6451.934635
0.058916	6452.456135
0.058921	6452.975117
0.058927	6453.487588
0.058932	6454.01479
0.058937	6454.551556
0.058942	6455.091193
0.058948	6455.627504
0.058953	6456.155101
0.058958	6456.675599
0.058963	6457.190669
0.058968	6457.718265
0.058973	6458.25031
0.058978	6458.74796
0.058983	6459.258682
0.058988	6459.771275
0.058993	6460.281259
0.058998	6460.793973
0.059002	6461.304897
0.059007	6461.837326
0.059013	6462.376963
0.059018	6462.905338
0.059023	6463.426312
0.059028	6463.962047
0.059033	6464.484487
0.059039	6465.009757
0.059044	6465.544137
0.059049	6466.081621
0.059054	6466.619014
0.05906	6467.161169
0.059065	6467.691151
0.05907	6468.212964
0.059075	6468.735414
0.059081	6469.25841
0.059086	6469.791526
0.059092	6470.329495
0.059097	6470.865927
0.059102	6471.404554
0.059107	6471.926367
0.059112	6472.431306
0.059117	6472.956375
0.059122	6473.497437
0.059128	6474.033728
0.059133	6474.566329
0.059138	6475.084411
0.059143	6475.588835
0.059148	6476.11264
0.059153	6476.694871
0.059158	6477.245296
0.059163	6477.775662
0.059169	6478.29334
0.059174	6478.808662
0.059178	6479.321599
0.059183	6479.845191
0.059188	6480.364891
0.059194	6480.89452
0.059199	6481.413421
0.059204	6481.940279
0.059209	6482.470039
0.059214	6482.992499
0.05922	6483.50955
0.059225	6484.045083
0.05923	6484.575237
0.059235	6485.100851
0.05924	6485.611189
0.059245	6486.120274
0.05925	6486.623525
0.059255	6487.135228
0.05926	6487.644767
0.059265	6488.162041
0.05927	6488.684572
0.059275	6489.203221
0.05928	6489.729341
0.059285	6490.249718
0.05929	6490.755689
0.059295	6491.260345
0.0593	6491.762302
0.059305	6492.276927
0.05931	6492.788983
0.059315	6493.300515
0.05932	6493.813946
0.059324	6494.324295
0.059329	6494.839951
0.059334	6495.354859
0.05934	6495.875529
0.059344	6496.402539
0.05935	6496.928568
0.059355	6497.467639
0.05936	6497.99293
0.059365	6498.505169
0.05937	6499.011251
0.059375	6499.519911
0.05938	6500.02575
0.059385	6500.548624
0.05939	6501.089374
0.059396	6501.622449
0.059401	6502.136953
0.059406	6502.648747
0.059411	6503.164615
0.059416	6503.686924
0.059421	6504.209111
0.059426	6504.728225
0.059432	6505.252747
0.059437	6505.768282
0.059441	6506.277629
0.059446	6506.788554
0.059451	6507.289449
0.059456	6507.801142
0.059462	6508.333551
0.059467	6508.865949
0.059471	6509.404616
0.059476	6509.928269
0.059482	6510.463255
0.059487	6510.98706
0.059492	6511.502059
0.059497	6512.012741
0.059502	6512.523605
0.059508	6513.053567
0.059513	6513.57635
0.059518	6514.100054
0.059524	6514.62583
0.059529	6515.167955
0.059534	6515.711585
0.05954	6516.247381
0.059545	6516.770205
0.05955	6517.293292
0.059555	6517.829916
0.05956	6518.363083
0.059565	6518.89445
0.05957	6519.419013
0.059576	6519.944143
0.059581	6520.456199
0.059586	6520.977457
0.059591	6521.513414
0.059596	6522.049098
0.059602	6522.573034
0.059607	6523.098972
0.059612	6523.622726
0.059617	6524.150828
0.059622	6524.673187
0.059627	6525.199732
0.059632	6525.731695
0.059637	6526.255429
0.059642	6526.785381
0.059647	6527.314605
0.059652	6527.853656
0.059658	6528.405041
0.059663	6528.944254
0.059667	6529.47283
0.059673	6529.997606
0.059678	6530.537678
0.059684	6531.079428
0.059689	6531.60573
0.059694	6532.141485
0.0597	6532.686117
0.059704	6533.226815
0.05971	6533.763854
0.059715	6534.294564
0.05972	6534.820836
0.059725	6535.341901
0.05973	6535.849803
0.059736	6536.362951
0.059741	6536.887161
0.059745	6537.40311
0.059751	6537.915713
0.059756	6538.440063
0.059761	6538.975141
0.059766	6539.505588
0.059771	6540.03553
0.059776	6540.558344
0.059781	6541.085768
0.059786	6541.614153
0.059791	6542.136128
0.059797	6542.652653
0.059802	6543.176225
0.059807	6543.700515
0.059812	6544.236897
0.059817	6544.768861
0.059822	6545.304292
0.059827	6545.842302
0.059832	6546.357756
0.059837	6546.860258
0.059842	6547.3746
0.059847	6547.898536
0.059853	6548.428155
0.059858	6548.960068
0.059863	6549.484206
0.059868	6549.99695
0.059873	6550.516266
0.059878	6551.044712
0.059883	6551.570427
0.059889	6552.098903
0.059894	6552.609332
0.059898	6553.155773
0.059903	6553.686534
0.059909	6554.213635
0.059914	6554.744021
0.059919	6555.264924
0.059924	6555.811255
0.05993	6556.365167
0.059935	6556.898112
0.05994	6557.406711
0.059945	6557.926745
0.05995	6558.47261
0.059955	6559.007859
0.059961	6559.531593
0.059966	6560.058259
0.059971	6560.588029
0.059976	6561.1133
0.059981	6561.644363
0.059986	6562.159878
0.059991	6562.691468
0.059996	6563.223927
0.060001	6563.742808
0.060007	6564.258525
0.060011	6564.741565
0.060016	6565.244928
0.060022	6565.772726
0.060027	6566.308147
0.060032	6566.842911
0.060037	6567.364755
0.060042	6567.880512
0.060047	6568.401941
0.060052	6568.935563
0.060057	6569.464584
0.060062	6569.987044
0.060067	6570.514661
0.060073	6571.04807
0.060078	6571.584229
0.060083	6572.135797
0.060089	6572.700072
0.060094	6573.24435
0.060099	6573.780145
0.060104	6574.302707
0.060109	6574.830687
0.060114	6575.358516
0.060119	6575.884868
0.060124	6576.405953
0.060129	6576.930688
0.060134	6577.471539
0.060139	6578.070917
0.060145	6578.645171
0.06015	6579.142649
0.060154	6579.637539
0.060159	6580.134592
0.060164	6580.671217
0.060169	6581.195163
0.060174	6581.717108
0.060179	6582.2499
0.060184	6582.780216
0.060189	6583.316072
0.060194	6583.852636
0.060199	6584.377694
0.060204	6584.900801
0.060209	6585.409047
0.060215	6585.932255
0.06022	6586.445889
0.060224	6586.964902
0.060229	6587.482226
0.060235	6588.009903
0.06024	6588.532636
0.060245	6589.048575
0.06025	6589.558752
0.060255	6590.076885
0.06026	6590.584655
0.060265	6591.109369
0.06027	6591.647328
0.060276	6592.193224
0.060281	6592.727867
0.060286	6593.236597
0.060291	6593.754761
0.060296	6594.268364
0.060301	6594.79133
0.060306	6595.309584
0.060311	6595.817779
0.060315	6596.326752
0.06032	6596.837101
0.060326	6597.353222
0.060331	6597.882496
0.060336	6598.408636
0.060341	6598.931602
0.060346	6599.443912
0.060351	6599.953684
0.060356	6600.470705
0.060361	6601.002648
0.060366	6601.538969
0.060372	6602.068961
0.060377	6602.58765
0.060382	6603.123102
0.060387	6603.656046
0.060392	6604.188283
0.060397	6604.713746
0.060403	6605.257185
0.060408	6605.794365
0.060413	6606.331222
0.060418	6606.864975
0.060423	6607.387809
0.060428	6607.918408
0.060433	6608.460583
0.060439	6609.001494
0.060444	6609.534388
0.060449	6610.0671
0.060455	6610.600469
0.06046	6611.134798
0.060465	6611.65645
0.06047	6612.186149
0.060475	6612.716616
0.060481	6613.24679
0.060486	6613.78027
0.060491	6614.312305
0.060497	6614.841205
0.060501	6615.358226
0.060506	6615.884285
0.060512	6616.422548
0.060517	6616.973447
0.060522	6617.514207
0.060527	6618.065481
0.060532	6618.609344
0.060538	6619.155684
0.060544	6619.693886
0.060549	6620.231238
0.060555	6620.753729
0.06056	6621.285945
0.060565	6621.82172
0.06057	6622.349175
0.060575	6622.875588
0.06058	6623.396259
0.060586	6623.932287
0.060591	6624.458366
0.060596	6624.965692
0.060601	6625.473351
0.060605	6625.982941
0.06061	6626.491186
0.060615	6627.001868
0.06062	6627.537259
0.060625	6628.068656
0.06063	6628.593563
0.060635	6629.115316
0.06064	6629.616939
0.060645	6630.13395
0.06065	6630.631549
0.060655	6631.14672
0.06066	6631.662588
0.060665	6632.177435
0.06067	6632.707175
0.060675	6633.229069
0.06068	6633.745675
0.060685	6634.264162
0.06069	6634.798158
0.060695	6635.332113
0.0607	6635.847719
0.060705	6636.356399
0.06071	6636.868769
0.060715	6637.389632
0.06072	6637.908543
0.060725	6638.420904
0.06073	6638.953757
0.060735	6639.475135
0.06074	6639.990357
0.060745	6640.516012
0.060751	6641.067275
0.060755	6641.591788
0.060761	6642.100205
0.060766	6642.620118
0.060771	6643.149928
0.060776	6643.672904
0.060781	6644.195242
0.060786	6644.721969
0.060792	6645.28028
0.060797	6645.826539
0.060802	6646.346158
0.060807	6646.861936
0.060812	6647.391422
0.060817	6647.927895
0.060822	6648.459748
0.060828	6649.005987
0.060833	6649.534078
0.060838	6650.059794
0.060844	6650.579059
0.060849	6651.097152
0.060854	6651.641925
0.060859	6652.190863
0.060864	6652.742461
0.060869	6653.279743
0.060875	6653.81844
0.06088	6654.360564
0.060885	6654.891658
0.06089	6655.399671
0.060895	6655.932191
0.060901	6656.464316
0.060906	6657.011344
0.060911	6657.554135
0.060916	6658.081782
0.060921	6658.614241
0.060926	6659.142727
0.060931	6659.67004
0.060936	6660.193471
0.060941	6660.69384
0.060946	6661.19426
0.060951	6661.720805
0.060956	6662.240454
0.060961	6662.735789
0.060966	6663.24821
0.060971	6663.765089
0.060976	6664.291917
0.060981	6664.813852
0.060987	6665.341812
0.060992	6665.871369
0.060997	6666.404374
0.061002	6666.940159
0.061008	6667.468413
0.061012	6668.000083
0.061017	6668.51401
0.061023	6669.044356
0.061028	6669.567969
0.061034	6670.100671
0.061039	6670.629965
0.061044	6671.16203
0.061049	6671.678626
0.061053	6672.191027
0.061059	6672.707927
0.061064	6673.224048
0.061069	6673.754889
0.061074	6674.289896
0.061079	6674.81181
0.061084	6675.33978
0.061089	6675.871916
0.061094	6676.414869
0.0611	6676.963161
0.061105	6677.500776
0.06111	6678.051726
0.061115	6678.577816
0.06112	6679.11166
0.061125	6679.646849
0.061131	6680.178782
0.061136	6680.719582
0.061142	6681.256449
0.061147	6681.792872
0.061152	6682.332115
0.061157	6682.858224
0.061162	6683.386862
0.061167	6683.918765
0.061172	6684.446897
0.061176	6684.97053
0.061181	6685.492029
0.061186	6686.023245
0.061192	6686.558848
0.061197	6687.089002
0.061202	6687.6131
0.061208	6688.156357
0.061213	6688.696904
0.061218	6689.246773
0.061223	6689.777695
0.061228	6690.307242
0.061233	6690.843897
0.061237	6691.388883
0.061243	6691.927448
0.061248	6692.462607
0.061253	6692.993387
0.061258	6693.516141
0.061263	6694.038914
0.061268	6694.562982
0.061273	6695.113599
0.061278	6695.670474
0.061284	6696.216652
0.06129	6696.778097
0.061295	6697.327814
0.0613	6697.85908
0.061305	6698.39159
0.06131	6698.941964
0.061315	6699.489052
0.06132	6700.037192
0.061325	6700.565921
0.061331	6701.102201
0.061336	6701.643658
0.061341	6702.184084
0.061346	6702.718656
0.061352	6703.252723
0.061357	6703.795838
0.061362	6704.335576
0.061368	6704.875173
0.061372	6705.419279
0.061378	6705.951677
0.061383	6706.497138
0.061389	6707.04549
0.061394	6707.585926
0.061399	6708.07748
0.061404	6708.582732
0.061409	6709.10408
0.061414	6709.643637
0.06142	6710.189279
0.061425	6710.730918
0.061429	6711.245038
0.061434	6711.761543
0.061439	6712.287602
0.061445	6712.816038
0.06145	6713.34423
0.061455	6713.868692
0.06146	6714.396015
0.061465	6714.924946
0.06147	6715.462268
0.061476	6716.001147
0.06148	6716.532282
0.061485	6717.06289
0.061491	6717.585148
0.061496	6718.110692
0.061501	6718.635639
0.061506	6719.157786
0.061511	6719.67694
0.061516	6720.19564
0.061521	6720.720749
0.061527	6721.259071
0.061532	6721.80062
0.061537	6722.327831
0.061542	6722.849574
0.061547	6723.368394
0.061552	6723.885628
0.061557	6724.401587
0.061562	6724.942083
0.061567	6725.473137
0.061572	6725.999429
0.061577	6726.517431
0.061582	6727.032409
0.061588	6727.556568
0.061593	6728.084599
0.061598	6728.617705
0.061603	6729.154704
0.061608	6729.684948
0.061613	6730.221239
0.061619	6730.775334
0.061624	6731.315345
0.061629	6731.846419
0.061634	6732.367878
0.061639	6732.850535
0.061644	6733.343342
0.061649	6733.858604
0.061655	6734.367739
0.061659	6734.892545
0.061665	6735.424792
0.06167	6735.971688
0.061675	6736.507059
0.06168	6737.022583
0.061685	6737.540625
0.061691	6738.047223
0.061696	6738.575385
0.061701	6739.094135
0.061706	6739.620518
0.061711	6740.136123
0.061716	6740.65462
0.061721	6741.167375
0.061726	6741.690209
0.061731	6742.207462
0.061736	6742.724109
0.061741	6743.240473
0.061746	6743.765228
0.061751	6744.280419
0.061756	6744.796348
0.061761	6745.326623
0.061766	6745.853219
0.061771	6746.382493
0.061776	6746.897057
0.061782	6747.420498
0.061787	6747.926509
0.061792	6748.432146
0.061797	6748.943657
0.061802	6749.462366
0.061807	6749.977951
0.061812	6750.504799
0.061817	6751.044224
0.061822	6751.570971
0.061827	6752.094402
0.061832	6752.616549
0.061838	6753.158794
0.061843	6753.686876
0.061848	6754.208274
0.061853	6754.729238
0.061858	6755.260534
0.061863	6755.799949
0.061868	6756.341123
0.061874	6756.879891
0.061879	6757.427
0.061884	6757.97056
0.061889	6758.517092
0.061894	6759.05861
0.061899	6759.583466
0.061905	6760.13568
0.06191	6760.660617
0.061915	6761.201842
0.061921	6761.739639
0.061926	6762.281783
0.061931	6762.82594
0.061936	6763.361523
0.061942	6763.88557
0.061946	6764.41622
0.061951	6764.939873
0.061957	6765.459927
0.061962	6765.995601
0.061967	6766.536573
0.061973	6767.079455
0.061978	6767.63083
0.061983	6768.18446
0.061988	6768.730335
0.061994	6769.276827
0.061999	6769.817516
0.062004	6770.351956
0.06201	6770.879866
0.062015	6771.419978
0.062021	6771.974063
0.062026	6772.516339
0.062031	6773.053307
0.062037	6773.588648
0.062042	6774.11587
0.062047	6774.62734
0.062052	6775.152318
0.062057	6775.678205
0.062062	6776.203405
0.062067	6776.723469
0.062072	6777.237326
0.062077	6777.734248
0.062082	6778.240987
0.062087	6778.757178
0.062092	6779.270186
0.062097	6779.785387
0.062102	6780.299001
0.062107	6780.823008
0.062112	6781.33467
0.062117	6781.85801
0.062122	6782.384666
0.062127	6782.90844
0.062133	6783.432538
0.062138	6783.961388
0.062143	6784.49966
0.062148	6785.023233
0.062154	6785.530831
0.062158	6786.033111
0.062164	6786.560657
0.062169	6787.098333
0.062174	6787.639486
0.062179	6788.169964
0.062185	6788.702827
0.06219	6789.2283
0.062195	6789.7608
0.0622	6790.282421
0.062205	6790.800827
0.06221	6791.318293
0.062215	6791.830026
0.062221	6792.339454
0.062226	6792.854959
0.062231	6793.388772
0.062236	6793.918057
0.062241	6794.442054
0.062246	6794.962694
0.062251	6795.500633
0.062256	6796.021
0.062262	6796.540084
0.062267	6797.060097
0.062271	6797.572508
0.062277	6798.098567
0.062281	6798.610887
0.062286	6799.115028
0.062291	6799.62848
0.062296	6800.147502
0.062302	6800.682014
0.062307	6801.206739
0.062312	6801.729755
0.062317	6802.276368
0.062322	6802.798434
0.062327	6803.309581
0.062332	6803.825854
0.062338	6804.349153
0.062343	6804.885909
0.062348	6805.408874
0.062353	6805.928635
0.062358	6806.447628
0.062363	6806.966782
0.062368	6807.498806
0.062373	6808.031841
0.062379	6808.564948
0.062384	6809.112875
0.062389	6809.647265
0.062394	6810.164337
0.062399	6810.67147
0.062404	6811.186206
0.062409	6811.699779
0.062414	6812.231814
0.06242	6812.748218
0.062425	6813.280626
0.06243	6813.816867
0.062435	6814.34054
0.06244	6814.863263
0.062445	6815.38356
0.06245	6815.906222
0.062455	6816.430118
0.06246	6816.958745
0.062466	6817.478526
0.06247	6818.010389
0.062475	6818.518947
0.06248	6819.024685
0.062485	6819.550725
0.06249	6820.072194
0.062496	6820.587961
0.062501	6821.092254
0.062506	6821.6217
0.062511	6822.158486
0.062516	6822.692815
0.062521	6823.224729
0.062526	6823.759938
0.062532	6824.282317
0.062536	6824.798094
0.062542	6825.311465
0.062547	6825.832217
0.062552	6826.352635
0.062557	6826.885478
0.062562	6827.412235
0.062568	6827.94157
0.062573	6828.470713
0.062578	6828.996914
0.062583	6829.534195
0.062588	6830.054886
0.062593	6830.55934
0.062599	6831.067646
0.062604	6831.582787
0.062609	6832.101971
0.062614	6832.61786
0.062619	6833.143737
0.062624	6833.665823
0.062629	6834.188789
0.062634	6834.703121
0.062639	6835.238896
0.062645	6835.774934
0.06265	6836.310497
0.062655	6836.840802
0.06266	6837.37127
0.062665	6837.901454
0.06267	6838.438109
0.062676	6838.980587
0.062681	6839.51429
0.062686	6840.057071
0.062692	6840.589267
0.062697	6841.13125
0.062702	6841.656167
0.062708	6842.17708
0.062713	6842.701552
0.062718	6843.224366
0.062723	6843.7499
0.062728	6844.286251
0.062733	6844.82876
0.062738	6845.375242
0.062744	6845.908459
0.062749	6846.433932
0.062754	6846.9764
0.062759	6847.529322
0.062764	6848.065886
0.062769	6848.592501
0.062774	6849.122847
0.062779	6849.650686
0.062784	6850.18821
0.06279	6850.708264
0.062795	6851.233333
0.0628	6851.763537
0.062806	6852.309999
0.062811	6852.829567
0.062816	6853.347781
0.062821	6853.865844
0.062826	6854.381854
0.062831	6854.901715
0.062836	6855.428068
0.062842	6855.957666
0.062847	6856.486516
0.062852	6857.025041
0.062857	6857.54927
0.062862	6858.077695
0.062867	6858.598275
0.062872	6859.129349
0.062878	6859.680441
0.062883	6860.22025
0.062888	6860.75551
0.062893	6861.28715
0.062898	6861.825523
0.062904	6862.411697
0.062909	6862.987225
0.062914	6863.534425
0.062919	6864.053852
0.062925	6864.567375
0.06293	6865.096124
0.062935	6865.643192
0.062941	6866.188673
0.062946	6866.730019
0.062951	6867.27095
0.062957	6867.824822
0.062962	6868.368797
0.062967	6868.917088
0.062973	6869.462751
0.062978	6870.007868
0.062984	6870.553076
0.062988	6871.103066
0.062994	6871.652995
0.062999	6872.187982
0.063004	6872.718692
0.063009	6873.247289
0.063014	6873.79096
0.06302	6874.336532
0.063025	6874.887472
0.063031	6875.435875
0.063036	6875.981032
0.063041	6876.515918
0.063046	6877.05968
0.063052	6877.604736
0.063056	6878.146365
0.063061	6878.687175
0.063067	6879.225397
0.063072	6879.757997
0.063077	6880.282732
0.063082	6880.796114
0.063087	6881.322122
0.063093	6881.854278
0.063097	6882.383502
0.063103	6882.916062
0.063107	6883.437501
0.063112	6883.962277
0.063117	6884.479732
0.063122	6885.008885
0.063128	6885.536835
0.063132	6886.050398
0.063138	6886.565397
0.063143	6887.097492
0.063148	6887.620226
0.063153	6888.157325
0.063158	6888.688187
0.063163	6889.224387
0.063168	6889.756755
0.063173	6890.294431
0.063178	6890.824554
0.063183	6891.357569
0.063188	6891.899461
0.063194	6892.458742
0.063199	6893.013413
0.063205	6893.55572
0.06321	6894.0901
0.063215	6894.593836
0.063219	6895.109542
0.063224	6895.645237
0.06323	6896.183398
0.063235	6896.714987
0.06324	6897.239288
0.063245	6897.747937
0.06325	6898.262502
0.063255	6898.765945
0.06326	6899.282561
0.063264	6899.796397
0.063269	6900.318595
0.063275	6900.842046
0.06328	6901.374343
0.063285	6901.917761
0.06329	6902.445135
0.063295	6902.960366
0.0633	6903.490065
0.063305	6904.011292
0.06331	6904.539141
0.063315	6905.083854
0.063321	6905.623349
0.063326	6906.171196
0.063331	6906.70599
0.063337	6907.239096
0.063342	6907.773224
0.063347	6908.311719
0.063353	6908.855562
0.063358	6909.389921
0.063362	6909.908621
0.063367	6910.434579
0.063372	6910.960082
0.063378	6911.481582
0.063383	6912.012342
0.063388	6912.548936
0.063393	6913.085945
0.063398	6913.616018
0.063404	6914.149306
0.063408	6914.681553
0.063414	6915.204802
0.063419	6915.749383
0.063424	6916.284187
0.06343	6916.831589
0.063435	6917.386836
0.06344	6917.923461
0.063445	6918.44861
0.063451	6918.990259
0.063455	6919.532808
0.063461	6920.070141
0.063466	6920.622719
0.063471	6921.163175
0.063476	6921.704197
0.063481	6922.235211
0.063486	6922.772229
0.063491	6923.298026
0.063496	6923.818009
0.063501	6924.351166
0.063506	6924.888063
0.063511	6925.435556
0.063517	6925.980046
0.063522	6926.519713
0.063527	6927.058663
0.063532	6927.588494
0.063537	6928.1033
0.063542	6928.625255
0.063547	6929.146684
0.063553	6929.682065
0.063558	6930.232045
0.063563	6930.76692
0.063568	6931.287662
0.063573	6931.803065
0.063578	6932.324312
0.063583	6932.849734
0.063589	6933.392445
0.063594	6933.917675
0.063599	6934.458172
0.063605	6934.997051
0.06361	6935.546121
0.063615	6936.089731
0.06362	6936.629136
0.063626	6937.164123
0.063631	6937.677332
0.063636	6938.206991
0.063641	6938.748741
0.063646	6939.301804
0.063651	6939.841937
0.063656	6940.382494
0.063661	6940.90911
0.063667	6941.440568
0.063672	6941.981459
0.063677	6942.515829
0.063682	6943.051159
0.063688	6943.594951
0.063692	6944.132071
0.063697	6944.656796
0.063702	6945.199901
0.063708	6945.732188
0.063713	6946.273908
0.063718	6946.814354
0.063724	6947.357388
0.063729	6947.871164
0.063734	6948.386911
0.063739	6948.91018
0.063744	6949.43634
0.063749	6949.956223
0.063754	6950.489157
0.063759	6951.01558
0.063764	6951.533096
0.063769	6952.056537
0.063774	6952.583466
0.063779	6953.108565
0.063784	6953.639487
0.06379	6954.169449
0.063795	6954.706094
0.0638	6955.240676
0.063805	6955.767211
0.06381	6956.290045
0.063816	6956.818318
0.063821	6957.340141
0.063826	6957.864988
0.063831	6958.365003
0.063836	6958.875503
0.063841	6959.403827
0.063847	6959.946366
0.063852	6960.479058
0.063857	6961.007119
0.063862	6961.534179
0.063867	6962.068054
0.063873	6962.59937
0.063878	6963.130919
0.063882	6963.637901
0.063887	6964.149392
0.063892	6964.668435
0.063897	6965.18497
0.063902	6965.706864
0.063907	6966.225402
0.063913	6966.747417
0.063918	6967.266096
0.063922	6967.78522
0.063927	6968.325615
0.063933	6968.858539
0.063938	6969.374013
0.063943	6969.904309
0.063949	6970.430186
0.063954	6970.958915
0.063959	6971.488563
0.063964	6972.027018
0.06397	6972.566483
0.063975	6973.108314
0.06398	6973.645242
0.063985	6974.148169
0.06399	6974.657709
0.063995	6975.19035
0.064	6975.728683
0.064006	6976.261111
0.064011	6976.796978
0.064016	6977.337595
0.064022	6977.877152
0.064027	6978.420874
0.064032	6978.953181
0.064037	6979.475469
0.064042	6980.003945
0.064047	6980.530934
0.064053	6981.060856
0.064058	6981.595337
0.064063	6982.103107
0.064068	6982.607015
0.064073	6983.127787
0.064078	6983.664998
0.064083	6984.203523
0.064088	6984.746062
0.064093	6985.292978
0.064099	6985.831069
0.064104	6986.377288
0.06411	6986.927429
0.064115	6987.478531
0.06412	6988.016642
0.064126	6988.573608
0.064132	6989.137317
0.064137	6989.689319
0.064142	6990.22749
0.064148	6990.771799
0.064152	6991.301336
0.064158	6991.822461
0.064163	6992.341969
0.064168	6992.861963
0.064173	6993.392066
0.064178	6993.920734
0.064183	6994.447289
0.064188	6994.975421
0.064194	6995.510235
0.064199	6996.064391
0.064204	6996.615766
0.064209	6997.149044
0.064215	6997.679076
0.06422	6998.215761
0.064225	6998.749838
0.06423	6999.275028
0.064235	6999.814423
0.064241	7000.358903
0.064246	7000.890897
0.064251	7001.419797
0.064257	7001.950992
0.064262	7002.479892
0.064267	7003.017568
0.064272	7003.558095
0.064278	7004.082446
0.064282	7004.563869
0.064287	7005.072155
0.064292	7005.583686
0.064297	7006.1239
0.064303	7006.660211
0.064308	7007.215316
0.064314	7007.762647
0.064319	7008.312698
0.064324	7008.859514
0.06433	7009.406329
0.064335	7009.944773
0.06434	7010.483217
0.064346	7011.019771
0.064351	7011.558771
0.064356	7012.080878
0.064361	7012.608029
0.064366	7013.139457
0.064372	7013.686121
0.064377	7014.22594
0.064383	7014.773513
0.064388	7015.327406
0.064393	7015.873726
0.064398	7016.412473
0.064404	7016.952596
0.064409	7017.500999
0.064414	7018.044397
0.06442	7018.596399
0.064425	7019.152657
0.064431	7019.720795
0.064436	7020.290894
0.064441	7020.846202
0.064447	7021.400054
0.064452	7021.960063
0.064458	7022.52449
0.064464	7023.079262
0.064469	7023.630546
0.064475	7024.183347
0.064479	7024.730759
0.064485	7025.267434
0.06449	7025.799721
0.064495	7026.324375
0.064501	7026.86475
0.064506	7027.407845
0.064511	7027.958159
0.064517	7028.515964
0.064522	7029.081422
0.064528	7029.640693
0.064534	7030.197791
0.064539	7030.754362
0.064544	7031.305485
0.06455	7031.861632
0.064555	7032.414129
0.064561	7032.958932
0.064565	7033.493494
0.064571	7034.0302
0.064576	7034.582181
0.064581	7035.132434
0.064587	7035.694172
0.064593	7036.24668
0.064598	7036.806436
0.064604	7037.352938
0.064608	7037.889118
0.064613	7038.422294
0.064619	7038.961376
0.064624	7039.512821
0.06463	7040.046453
0.064635	7040.586363
0.064641	7041.148334
0.064646	7041.707676
0.064651	7042.267553
0.064657	7042.809364
0.064661	7043.357383
0.064666	7043.899902
0.064672	7044.439033
0.064677	7044.972948
0.064682	7045.507642
0.064687	7046.050797
0.064692	7046.599554
0.064698	7047.138847
0.064703	7047.669739
0.064708	7048.204726
0.064714	7048.738732
0.064719	7049.269775
0.064723	7049.792771
0.064729	7050.326666
0.064734	7050.864119
0.06474	7051.423471
0.064745	7051.961663
0.06475	7052.503514
0.064755	7053.043313
0.064761	7053.589401
0.064766	7054.132516
0.064771	7054.673467
0.064777	7055.209556
0.064782	7055.739619
0.064787	7056.272826
0.064793	7056.808571
0.064798	7057.349341
0.064803	7057.889958
0.064809	7058.418414
0.064814	7058.942623
0.06482	7059.488741
0.064825	7060.033929
0.06483	7060.580784
0.064836	7061.127772
0.064841	7061.66385
0.064846	7062.201122
0.064851	7062.739475
0.064857	7063.274967
0.064863	7063.806102
0.064868	7064.349611
0.064873	7064.881261
0.064879	7065.42107
0.064884	7065.95812
0.064888	7066.489082
0.064894	7067.015324
0.064899	7067.548126
0.064904	7068.09388
0.06491	7068.642091
0.064915	7069.184862
0.064921	7069.735145
0.064926	7070.288158
0.064931	7070.833841
0.064937	7071.381789
0.064942	7071.913369
0.064947	7072.449791
0.064952	7072.976578
0.064957	7073.509846
0.064963	7074.050595
0.064968	7074.576139
0.064974	7075.1189
0.064979	7075.659812
0.064984	7076.193585
0.06499	7076.742109
0.064995	7077.299843
0.065	7077.847073
0.065006	7078.385891
0.065011	7078.9165
0.065017	7079.473537
0.065022	7080.024033
0.065028	7080.563538
0.065033	7081.101204
0.065038	7081.630863
0.065044	7082.167427
0.065049	7082.70671
0.065054	7083.256488
0.065059	7083.77275
0.065065	7084.298961
0.06507	7084.826891
0.065076	7085.370855
0.065081	7085.920047
0.065086	7086.468419
0.065091	7086.998351
0.065097	7087.547956
0.065102	7088.094832
0.065108	7088.630335
0.065113	7089.167303
0.065118	7089.698437
0.065124	7090.219189
0.065129	7090.754944
0.065134	7091.299737
0.065139	7091.84629
0.065145	7092.386402
0.06515	7092.925726
0.065155	7093.468063
0.065161	7093.988845
0.065166	7094.525307
0.065171	7095.062063
0.065177	7095.614651
0.065182	7096.168615
0.065187	7096.704309
0.065193	7097.247111
0.065198	7097.802146
0.065204	7098.360891
0.065209	7098.909152
0.065214	7099.460072
0.06522	7099.983978
0.065225	7100.513121
0.06523	7101.039049
0.065235	7101.574359
0.065241	7102.0996
0.065245	7102.628207
0.065251	7103.143661
0.065256	7103.670832
0.065262	7104.219396
0.065267	7104.761228
0.065272	7105.299085
0.065278	7105.831555
0.065283	7106.371526
0.065289	7106.910677
0.065295	7107.450365
0.0653	7107.988385
0.065305	7108.515587
0.065311	7109.042435
0.065316	7109.57367
0.065321	7110.115451
0.065327	7110.651863
0.065332	7111.191541
0.065338	7111.717448
0.065343	7112.238463
0.065349	7112.770821
0.065354	7113.307587
0.065359	7113.834354
0.065365	7114.354519
0.06537	7114.863785
0.065375	7115.393717
0.06538	7115.931727
0.065386	7116.477945
0.065391	7117.012336
0.065396	7117.552296
0.065401	7118.085696
0.065406	7118.618084
0.065411	7119.157984
0.065416	7119.691666
0.065422	7120.228149
0.065427	7120.764208
0.065432	7121.285272
0.065437	7121.82313
0.065442	7122.360139
0.065447	7122.903942
0.065453	7123.440627
0.065458	7123.98633
0.065464	7124.549938
0.065469	7125.108542
0.065474	7125.680966
0.06548	7126.240844
0.065486	7126.773637
0.065491	7127.31562
0.065497	7127.866722
0.065502	7128.415569
0.065508	7128.963123
0.065513	7129.512273
0.065518	7130.052295
0.065523	7130.598615
0.065529	7131.151153
0.065534	7131.704408
0.065539	7132.252851
0.065544	7132.780073
0.065549	7133.303534
0.065555	7133.859489
0.06556	7134.406204
0.065566	7134.943758
0.065572	7135.501695
0.065577	7136.051927
0.065582	7136.601948
0.065587	7137.146084
0.065593	7137.729528
0.065598	7138.280772
0.065604	7138.832946
0.065609	7139.395533
0.065615	7139.954491
0.06562	7140.49982
0.065625	7141.045543
0.065631	7141.591014
0.065636	7142.144977
0.065642	7142.709041
0.065647	7143.2764
0.065653	7143.848339
0.065658	7144.404274
0.065664	7144.96772
0.06567	7145.529933
0.065675	7146.090054
0.065681	7146.651994
0.065686	7147.202125
0.065692	7147.749183
0.065697	7148.294331
0.065702	7148.836101
0.065707	7149.36762
0.065712	7149.916599
0.065718	7150.456145
0.065723	7151.003031
0.065728	7151.536158
0.065733	7152.081568
0.065738	7152.628636
0.065743	7153.178191
0.065749	7153.725957
0.065754	7154.263936
0.065759	7154.80967
0.065765	7155.356697
0.06577	7155.904241
0.065776	7156.439237
0.065781	7156.980684
0.065786	7157.522172
0.065791	7158.081584
0.065797	7158.625094
0.065803	7159.164296
0.065808	7159.708089
0.065813	7160.248606
0.065818	7160.787737
0.065824	7161.328072
0.065829	7161.886221
0.065835	7162.448373
0.06584	7163.006553
0.065846	7163.579654
0.065851	7164.141322
0.065856	7164.68751
0.065862	7165.235064
0.065867	7165.783446
0.065873	7166.329149
0.065878	7166.890847
0.065883	7167.440625
0.065889	7167.983153
0.065895	7168.527108
0.0659	7169.073872
0.065905	7169.611841
0.065911	7170.153855
0.065916	7170.683503
0.065922	7171.224151
0.065927	7171.764668
0.065932	7172.303587
0.065938	7172.848795
0.065943	7173.393933
0.065948	7173.926897
0.065954	7174.467646
0.065959	7175.016423
0.065964	7175.556202
0.06597	7176.087225
0.065975	7176.61284
0.06598	7177.150819
0.065986	7177.681014
0.065991	7178.205981
0.065996	7178.713488
0.066001	7179.24162
0.066007	7179.77686
0.066012	7180.335807
0.066017	7180.885777
0.066023	7181.41857
0.066028	7181.940373
0.066033	7182.463631
0.066038	7182.99878
0.066043	7183.533696
0.066048	7184.070896
0.066053	7184.601394
0.066058	7185.140991
0.066064	7185.669921
0.066069	7186.199691
0.066075	7186.718754
0.06608	7187.249292
0.066085	7187.781216
0.066091	7188.313998
0.066096	7188.868032
0.066101	7189.400926
0.066107	7189.948965
0.066112	7190.477188
0.066117	7191.014651
0.066122	7191.543572
0.066127	7192.079115
0.066133	7192.613636
0.066138	7193.148198
0.066143	7193.679151
0.066148	7194.212601
0.066154	7194.751399
0.06616	7195.296697
0.066165	7195.846556
0.066171	7196.4033
0.066176	7196.954847
0.066181	7197.506232
0.066187	7198.048164
0.066192	7198.584536
0.066197	7199.115893
0.066202	7199.640425
0.066207	7200.174694
0.066212	7200.71328
0.066218	7201.258559
0.066223	7201.803635
0.066229	7202.342939
0.066234	7202.879624
0.066239	7203.407827
0.066244	7203.939608
0.066249	7204.47779
0.066254	7205.020682
0.06626	7205.561189
0.066266	7206.097975
0.06627	7206.641414
0.066276	7207.197571
0.066281	7207.738644
0.066287	7208.278969
0.066292	7208.820709
0.066297	7209.344837
0.066303	7209.87856
0.066308	7210.403335
0.066314	7210.926281
0.066319	7211.460529
0.066324	7211.988641
0.066329	7212.515459
0.066334	7213.048231
0.06634	7213.575514
0.066345	7214.118053
0.06635	7214.64116
0.066355	7215.172547
0.066361	7215.710648
0.066366	7216.24796
0.066372	7216.836904
0.066378	7217.393405
0.066383	7217.946852
0.066389	7218.493425
0.066395	7219.048258
0.0664	7219.600341
0.066406	7220.151534
0.066411	7220.694204
0.066416	7221.250149
0.066421	7221.793658
0.066426	7222.328554
0.066432	7222.869121
0.066437	7223.395332
0.066442	7223.943725
0.066448	7224.503107
0.066453	7225.060659
0.066459	7225.611428
0.066465	7226.152369
0.06647	7226.701096
0.066475	7227.246809
0.06648	7227.788863
0.066486	7228.33496
0.066491	7228.882696
0.066497	7229.414427
0.066502	7229.954863
0.066507	7230.490051
0.066512	7231.027414
0.066518	7231.563169
0.066523	7232.094951
0.066528	7232.630746
0.066534	7233.166986
0.066539	7233.692287
0.066544	7234.210117
0.06655	7234.744042
0.066555	7235.283184
0.06656	7235.825035
0.066566	7236.364187
0.066571	7236.88962
0.066576	7237.427083
0.066582	7237.956742
0.066587	7238.478515
0.066592	7239.003138
0.066598	7239.526609
0.066603	7240.055621
0.066608	7240.590547
0.066613	7241.122511
0.066619	7241.658124
0.066624	7242.248099
0.06663	7242.815711
0.066635	7243.370746
0.066641	7243.904408
0.066646	7244.413554
0.066651	7244.942868
0.066656	7245.483021
0.066661	7246.009505
0.066667	7246.539396
0.066672	7247.073382
0.066677	7247.600351
0.066682	7248.127543
0.066688	7248.657788
0.066693	7249.19232
0.066698	7249.722787
0.066704	7250.261049
0.066709	7250.807541
0.066714	7251.349413
0.06672	7251.896754
0.066725	7252.440941
0.066731	7252.983409
0.066736	7253.525523
0.066741	7254.075695
0.066747	7254.617809
0.066752	7255.149277
0.066757	7255.672688
0.066762	7256.204732
0.066767	7256.741165
0.066773	7257.279781
0.066778	7257.815586
0.066783	7258.363089
0.066789	7258.901685
0.066794	7259.419656
0.066799	7259.944543
0.066804	7260.476143
0.06681	7261.012605
0.066815	7261.563293
0.06682	7262.104932
0.066826	7262.64834
0.066831	7263.174349
0.066836	7263.704786
0.066842	7264.240319
0.066847	7264.762021
0.066852	7265.281822
0.066857	7265.810227
0.066863	7266.348499
0.066868	7266.891503
0.066873	7267.429512
0.066879	7267.962447
0.066884	7268.497939
0.066889	7269.048829
0.066894	7269.592055
0.0669	7270.119681
0.066905	7270.646307
0.06691	7271.176441
0.066915	7271.711265
0.06692	7272.242916
0.066925	7272.779065
0.06693	7273.317833
0.066936	7273.865639
0.066941	7274.398098
0.066946	7274.936845
0.066952	7275.482741
0.066957	7276.029213
0.066963	7276.573905
0.066968	7277.120154
0.066973	7277.675361
0.066979	7278.228333
0.066984	7278.773491
0.066989	7279.323157
0.066995	7279.86978
0.067	7280.43996
0.067006	7280.980346
0.067011	7281.524553
0.067017	7282.07982
0.067022	7282.641811
0.067028	7283.202022
0.067033	7283.763528
0.067039	7284.322617
0.067044	7284.877065
0.06705	7285.42108
0.067055	7285.949101
0.06706	7286.483481
0.067066	7287.030964
0.067071	7287.580893
0.067077	7288.126343
0.067081	7288.651159
0.067087	7289.191069
0.067092	7289.737329
0.067098	7290.284245
0.067103	7290.827249
0.067108	7291.375096
0.067114	7291.923327
0.06712	7292.473104
0.067125	7293.012175
0.067131	7293.550155
0.067136	7294.093512
0.067141	7294.625405
0.067147	7295.153436
0.067152	7295.685511
0.067157	7296.215038
0.067163	7296.742685
0.067168	7297.275831
0.067173	7297.80274
0.067179	7298.340264
0.067184	7298.882773
0.067189	7299.431458
0.067195	7299.972663
0.0672	7300.516971
0.067205	7301.053696
0.067211	7301.594021
0.067216	7302.124074
0.067221	7302.656381
0.067226	7303.185231
0.067231	7303.71494
0.067236	7304.252303
0.067242	7304.781365
0.067247	7305.308385
0.067252	7305.853512
0.067258	7306.417009
0.067263	7306.951277
0.067268	7307.478934
0.067274	7308.022787
0.067279	7308.571038
0.067284	7309.110554
0.067289	7309.654246
0.067295	7310.20184
0.0673	7310.740527
0.067306	7311.272723
0.067311	7311.813492
0.067316	7312.358053
0.067322	7312.912249
0.067327	7313.468558
0.067333	7314.016748
0.067339	7314.568679
0.067344	7315.126687
0.06735	7315.678082
0.067355	7316.221227
0.067361	7316.754606
0.067366	7317.295143
0.067372	7317.830818
0.067377	7318.364267
0.067383	7318.908181
0.067388	7319.447808
0.067393	7319.976941
0.067398	7320.49931
0.067404	7321.028534
0.067409	7321.566685
0.067414	7322.105696
0.067419	7322.639398
0.067424	7323.163385
0.06743	7323.691921
0.067435	7324.225129
0.067441	7324.746466
0.067446	7325.270463
0.067451	7325.810535
0.067457	7326.357745
0.067463	7326.902447
0.067469	7327.448525
0.067474	7327.99625
0.067479	7328.540993
0.067485	7329.091499
0.06749	7329.630418
0.067496	7330.171461
0.067501	7330.714343
0.067507	7331.254304
0.067512	7331.786268
0.067517	7332.316098
0.067522	7332.849416
0.067528	7333.391227
0.067534	7333.931178
0.067539	7334.460018
0.067544	7334.998128
0.06755	7335.535278
0.067556	7336.076978
0.067561	7336.604008
0.067566	7337.137711
0.067571	7337.675063
0.067576	7338.209099
0.067582	7338.728314
0.067587	7339.25495
0.067592	7339.797054
0.067598	7340.341332
0.067603	7340.887025
0.067608	7341.417371
0.067614	7341.965217
0.067619	7342.510092
0.067624	7343.045806
0.067629	7343.576607
0.067635	7344.106862
0.06764	7344.639594
0.067646	7345.173964
0.067651	7345.711135
0.067656	7346.247446
0.067662	7346.786082
0.067667	7347.331462
0.067672	7347.865528
0.067677	7348.404134
0.067683	7348.933449
0.067688	7349.472601
0.067693	7350.024037
0.067699	7350.574967
0.067704	7351.139647
0.06771	7351.703832
0.067715	7352.260363
0.067721	7352.811617
0.067727	7353.353195
0.067732	7353.901264
0.067737	7354.450061
0.067742	7354.990072
0.067748	7355.539759
0.067754	7356.092974
0.067759	7356.633592
0.067764	7357.180094
0.067769	7357.722764
0.067775	7358.266911
0.06778	7358.814606
0.067785	7359.355062
0.067791	7359.913019
0.067796	7360.464232
0.067801	7361.020399
0.067807	7361.575656
0.067812	7362.124029
0.067817	7362.678801
0.067823	7363.228538
0.067828	7363.777699
0.067834	7364.321027
0.067839	7364.869571
0.067844	7365.413313
0.06785	7365.949604
0.067855	7366.499139
0.067861	7367.058036
0.067866	7367.623241
0.067871	7368.185363
0.067877	7368.741288
0.067882	7369.285586
0.067887	7369.829186
0.067892	7370.364689
0.067898	7370.902759
0.067904	7371.44646
0.067909	7371.990859
0.067914	7372.535724
0.06792	7373.069123
0.067925	7373.607476
0.067931	7374.1532
0.067936	7374.694748
0.067941	7375.193489
0.067946	7375.705213
0.067951	7376.235417
0.067957	7376.76458
0.067962	7377.292965
0.067967	7377.818256
0.067972	7378.349138
0.067977	7378.874358
0.067983	7379.402975
0.067988	7379.933311
0.067993	7380.468743
0.067999	7381.005003
0.068004	7381.558956
0.06801	7382.10013
0.068015	7382.615877
0.06802	7383.131655
0.068026	7383.676175
0.068032	7384.215297
0.068037	7384.744692
0.068043	7385.263483
0.068048	7385.785549
0.068053	7386.323417
0.068058	7386.850507
0.068064	7387.390074
0.068069	7387.928669
0.068074	7388.482744
0.06808	7389.021087
0.068085	7389.555275
0.06809	7390.08096
0.068096	7390.606484
0.068101	7391.151115
0.068106	7391.69786
0.068112	7392.251267
0.068117	7392.789661
0.068123	7393.331957
0.068128	7393.871048
0.068133	7394.410686
0.068139	7394.952395
0.068144	7395.496977
0.06815	7396.047037
0.068155	7396.604751
0.068161	7397.148271
0.068166	7397.676514
0.068171	7398.203463
0.068176	7398.744698
0.068182	7399.291089
0.068187	7399.838541
0.068192	7400.322289
0.068197	7400.823802
0.068203	7401.343491
0.068208	7401.880965
0.068214	7402.420532
0.068219	7402.956863
0.068224	7403.487077
0.06823	7404.019344
0.068235	7404.547679
0.068241	7405.073718
0.068246	7405.593003
0.068251	7406.123471
0.068256	7406.647528
0.068262	7407.183768
0.068266	7407.72288
0.068272	7408.242499
0.068277	7408.754
0.068282	7409.266421
0.068287	7409.798051
0.068293	7410.341995
0.068298	7410.885878
0.068303	7411.411584
0.068309	7411.92721
0.068314	7412.457263
0.068319	7412.982493
0.068324	7413.515811
0.068329	7414.04365
0.068335	7414.567627
0.06834	7415.101259
0.068345	7415.646648
0.068351	7416.181231
0.068356	7416.716763
0.068362	7417.261607
0.068367	7417.802983
0.068373	7418.341256
0.068378	7418.882662
0.068383	7419.429275
0.068389	7419.968104
0.068394	7420.525525
0.0684	7421.084007
0.068406	7421.644916
0.068411	7422.211072
0.068417	7422.740488
0.068422	7423.282147
0.068428	7423.833977
0.068433	7424.391085
0.068438	7424.922038
0.068444	7425.455538
0.068449	7426.003041
0.068454	7426.549462
0.06846	7427.099533
0.068466	7427.651252
0.068471	7428.194751
0.068477	7428.740414
0.068482	7429.285278
0.068487	7429.82164
0.068493	7430.346112
0.068498	7430.889945
0.068503	7431.42941
0.068509	7431.964002
0.068514	7432.507289
0.06852	7433.052608
0.068525	7433.577647
0.06853	7434.112643
0.068535	7434.651148
0.06854	7435.198601
0.068546	7435.756032
0.068551	7436.319559
0.068557	7436.884562
0.068562	7437.409773
0.068568	7437.942151
0.068573	7438.479978
0.068578	7439.013165
0.068584	7439.546069
0.068589	7440.08144
0.068595	7440.621653
0.0686	7441.165547
0.068605	7441.683569
0.068611	7442.208061
0.068616	7442.739206
0.068621	7443.268399
0.068626	7443.79092
0.068631	7444.314513
0.068636	7444.847467
0.068641	7445.369108
0.068647	7445.898251
0.068652	7446.430549
0.068657	7446.95681
0.068662	7447.485913
0.068667	7448.029513
0.068673	7448.568958
0.068678	7449.10626
0.068683	7449.651842
0.068689	7450.193228
0.068694	7450.734028
0.068699	7451.267852
0.068704	7451.800483
0.068709	7452.332214
0.068715	7452.868677
0.06872	7453.41069
0.068726	7453.952309
0.068731	7454.502572
0.068736	7455.045566
0.068742	7455.577317
0.068747	7456.093873
0.068752	7456.628091
0.068758	7457.173451
0.068763	7457.714776
0.068769	7458.233708
0.068774	7458.760293
0.068779	7459.290548
0.068785	7459.838152
0.068791	7460.39528
0.068796	7460.946534
0.068801	7461.488253
0.068807	7462.027355
0.068812	7462.561664
0.068818	7463.105093
0.068824	7463.643618
0.068829	7464.17269
0.068835	7464.711983
0.06884	7465.24696
0.068845	7465.788265
0.068851	7466.356352
0.068856	7466.916756
0.068862	7467.479737
0.068867	7468.026957
0.068872	7468.565199
0.068878	7469.10612
0.068883	7469.651146
0.068889	7470.206747
0.068895	7470.767444
0.0689	7471.321033
0.068906	7471.860903
0.068911	7472.414937
0.068916	7472.968405
0.068922	7473.513036
0.068927	7474.051875
0.068933	7474.592513
0.068938	7475.129127
0.068943	7475.674032
0.068949	7476.22387
0.068955	7476.767744
0.06896	7477.295714
0.068965	7477.812553
0.068971	7478.343839
0.068976	7478.884791
0.068982	7479.422315
0.068988	7479.969403
0.068993	7480.502358
0.068998	7481.057271
0.069004	7481.602752
0.06901	7482.155795
0.069015	7482.698749
0.069021	7483.251084
0.069027	7483.787163
0.069032	7484.323868
0.069037	7484.870431
0.069043	7485.401212
0.069048	7485.934409
0.069054	7486.477999
0.069059	7487.028585
0.069064	7487.571488
0.069069	7488.112571
0.069075	7488.657294
0.06908	7489.198316
0.069086	7489.733798
0.069092	7490.280654
0.069098	7490.83303
0.069103	7491.375539
0.069108	7491.915459
0.069113	7492.446988
0.069118	7492.979912
0.069124	7493.51324
0.069129	7494.053555
0.069135	7494.597803
0.06914	7495.148065
0.069146	7495.6957
0.069151	7496.247601
0.069157	7496.788825
0.069162	7497.328705
0.069167	7497.876976
0.069173	7498.413237
0.069178	7498.954209
0.069183	7499.491531
0.069189	7500.024657
0.069195	7500.571988
0.0692	7501.122908
0.069206	7501.674455
0.069211	7502.232442
0.069217	7502.791966
0.069223	7503.341713
0.069228	7503.890682
0.069233	7504.431856
0.069239	7504.989257
0.069244	7505.537518
0.06925	7506.082584
0.069256	7506.626518
0.069261	7507.171534
0.069267	7507.70006
0.069272	7508.232893
0.069278	7508.790314
0.069283	7509.341811
0.069289	7509.902366
0.069295	7510.452386
0.0693	7511.010444
0.069306	7511.548605
0.069311	7512.08066
0.069316	7512.613523
0.069322	7513.15123
0.069327	7513.708721
0.069333	7514.259682
0.069338	7514.80862
0.069344	7515.341211
0.069349	7515.876723
0.069354	7516.416775
0.069359	7516.957706
0.069365	7517.492339
0.06937	7518.030814
0.069376	7518.578862
0.069381	7519.14426
0.069387	7519.693563
0.069392	7520.227558
0.069398	7520.765093
0.069403	7521.295631
0.069408	7521.860685
0.069414	7522.419471
0.06942	7522.968672
0.069425	7523.496319
0.069431	7524.027979
0.069436	7524.580598
0.069441	7525.113866
0.069447	7525.66422
0.069452	7526.215837
0.069458	7526.767314
0.069463	7527.301431
0.069469	7527.847225
0.069474	7528.378006
0.069479	7528.893813
0.069484	7529.425545
0.06949	7529.956861
0.069495	7530.495336
0.069501	7531.051331
0.069506	7531.597975
0.069512	7532.138067
0.069517	7532.68558
0.069523	7533.226633
0.069528	7533.77184
0.069534	7534.315774
0.06954	7534.868565
0.069545	7535.414339
0.06955	7535.943967
0.069556	7536.465275
0.069561	7537.001454
0.069566	7537.531993
0.069571	7538.056161
0.069577	7538.579916
0.069582	7539.115013
0.069588	7539.648413
0.069593	7540.187858
0.069598	7540.730194
0.069604	7541.266384
0.069609	7541.796073
0.069614	7542.34392
0.06962	7542.876581
0.069625	7543.407776
0.06963	7543.944906
0.069636	7544.486849
0.069641	7545.036262
0.069647	7545.599042
0.069653	7546.162367
0.069658	7546.716158
0.069663	7547.244735
0.069669	7547.781511
0.069674	7548.323271
0.06968	7548.852081
0.069685	7549.381881
0.069691	7549.916069
0.069696	7550.466423
0.069702	7551.028818
0.069707	7551.582447
0.069713	7552.122984
0.069718	7552.679799
0.069724	7553.228444
0.069729	7553.77714
0.069735	7554.328788
0.06974	7554.868739
0.069746	7555.404676
0.069752	7555.94408
0.069757	7556.487701
0.069763	7557.024133
0.069768	7557.558695
0.069773	7558.094066
0.069779	7558.629053
0.069784	7559.177465
0.06979	7559.715394
0.069796	7560.244254
0.069801	7560.769858
0.069806	7561.303005
0.069811	7561.836161
0.069816	7562.353374
0.069821	7562.873772
0.069827	7563.407758
0.069832	7563.939974
0.069837	7564.463547
0.069843	7565.001748
0.069848	7565.548493
0.069854	7566.086088
0.069859	7566.61701
0.069865	7567.155262
0.06987	7567.697275
0.069875	7568.223385
0.06988	7568.757725
0.069886	7569.289486
0.069891	7569.819175
0.069896	7570.347984
0.069902	7570.879776
0.069907	7571.424145
0.069913	7571.972396
0.069918	7572.500053
0.069924	7573.055897
0.06993	7573.604289
0.069935	7574.149912
0.06994	7574.695868
0.069946	7575.231987
0.069951	7575.771583
0.069956	7576.316417
0.069962	7576.858087
0.069968	7577.397825
0.069973	7577.93908
0.069978	7578.475603
0.069983	7579.011126
0.069989	7579.555029
0.069994	7580.103958
0.069999	7580.640562
0.070005	7581.169968
0.07001	7581.712082
0.070016	7582.266905
0.070021	7582.810545
0.070027	7583.355399
0.070033	7583.89904
0.070038	7584.440467
0.070043	7584.974544
0.070049	7585.513665
0.070055	7586.055779
0.07006	7586.590483
0.070065	7587.136287
0.070071	7587.682527
0.070076	7588.225854
0.070082	7588.782325
0.070088	7589.349006
0.070093	7589.906559
0.070099	7590.477517
0.070104	7591.018691
0.07011	7591.550483
0.070115	7592.084964
0.070121	7592.621285
0.070126	7593.147324
0.070132	7593.688306
0.070137	7594.232301
0.070142	7594.784919
0.070148	7595.330259
0.070153	7595.882999
0.070159	7596.427145
0.070164	7596.971231
0.07017	7597.514922
0.070175	7598.058431
0.070181	7598.614194
0.070185	7599.146997
0.070191	7599.666839
0.070196	7600.185578
0.070201	7600.713336
0.070207	7601.258706
0.070213	7601.806371
0.070218	7602.350032
0.070223	7602.891863
0.070229	7603.430661
0.070234	7603.963706
0.07024	7604.511088
0.070245	7605.050482
0.07025	7605.589311
0.070256	7606.126198
0.070261	7606.679302
0.070267	7607.231769
0.070272	7607.772771
0.070277	7608.300074
0.070283	7608.830481
0.070288	7609.357915
0.070293	7609.896673
0.070299	7610.424754
0.070304	7610.964149
0.07031	7611.527343
0.070316	7612.070387
0.070321	7612.632004
0.070327	7613.176574
0.070332	7613.717536
0.070338	7614.252897
0.070342	7614.788874
0.070348	7615.336256
0.070353	7615.884689
0.070359	7616.427248
0.070364	7616.963468
0.07037	7617.509191
0.070375	7618.063468
0.070381	7618.635953
0.070386	7619.175732
0.070391	7619.712569
0.070397	7620.267138
0.070402	7620.821324
0.070408	7621.380494
0.070414	7621.932718
0.070419	7622.489826
0.070425	7623.049774
0.070431	7623.607044
0.070437	7624.148794
0.070442	7624.685206
0.070448	7625.222316
0.070453	7625.751651
0.070458	7626.276325
0.070464	7626.813506
0.070469	7627.347906
0.070474	7627.882417
0.070479	7628.417687
0.070484	7628.949216
0.07049	7629.489652
0.070495	7630.029319
0.070501	7630.564265
0.070506	7631.109615
0.070511	7631.655308
0.070517	7632.205136
0.070522	7632.757017
0.070528	7633.301224
0.070533	7633.86832
0.070539	7634.43942
0.070545	7634.995921
0.07055	7635.55318
0.070555	7636.086387
0.07056	7636.636074
0.070565	7637.165035
0.070571	7637.679862
0.070576	7638.207226
0.070581	7638.751827
0.070587	7639.296287
0.070593	7639.844881
0.070599	7640.40211
0.070604	7640.957752
0.07061	7641.512686
0.070615	7642.063949
0.070621	7642.616022
0.070626	7643.1649
0.070632	7643.71212
0.070637	7644.245125
0.070643	7644.77176
0.070648	7645.311853
0.070653	7645.865361
0.070659	7646.413663
0.070664	7646.958294
0.070669	7647.506616
0.070675	7648.042219
0.07068	7648.570644
0.070685	7649.116429
0.070691	7649.660423
0.070697	7650.200566
0.070701	7650.739455
0.070707	7651.275746
0.070713	7651.79394
0.070718	7652.276586
0.070723	7652.806457
0.070728	7653.342657
0.070734	7653.89198
0.07074	7654.44939
0.070745	7655.01495
0.07075	7655.560117
0.070756	7656.102353
0.070762	7656.638806
0.070768	7657.184671
0.070773	7657.741586
0.07078	7658.289898
0.070785	7658.837957
0.070791	7659.378453
0.070797	7659.923055
0.070802	7660.460508
0.070808	7661.010154
0.070814	7661.55791
0.070819	7662.112106
0.070825	7662.658466
0.070831	7663.197274
0.070836	7663.744454
0.070842	7664.284738
0.070847	7664.813992
0.070852	7665.338515
0.070857	7665.854626
0.070863	7666.380756
0.070868	7666.930635
0.070874	7667.47923
0.070879	7668.020687
0.070885	7668.553277
0.07089	7669.082471
0.070895	7669.611967
0.070901	7670.143577
0.070907	7670.686985
0.070912	7671.23099
0.070918	7671.774864
0.070923	7672.316978
0.070929	7672.870153
0.070935	7673.42171
0.07094	7673.947334
0.070945	7674.482796
0.07095	7675.021271
0.070956	7675.538413
0.070961	7676.061176
0.070967	7676.596871
0.070972	7677.124042
0.070978	7677.61871
0.070983	7678.132869
0.070988	7678.651528
0.070993	7679.161502
0.070998	7679.672811
0.071004	7680.199032
0.071009	7680.728185
0.071015	7681.262969
0.07102	7681.803881
0.071026	7682.328757
0.071031	7682.848902
0.071036	7683.380502
0.071042	7683.90188
0.071047	7684.429618
0.071052	7684.951916
0.071057	7685.473648
0.071063	7685.995077
0.071068	7686.533805
0.071074	7687.077041
0.071079	7687.594234
0.071084	7688.125075
0.07109	7688.647819
0.071095	7689.164031
0.071101	7689.685207
0.071106	7690.201692
0.071111	7690.721503
0.071117	7691.248796
0.071122	7691.774926
0.071127	7692.305272
0.071133	7692.8284
0.071139	7693.367319
0.071144	7693.899798
0.07115	7694.426919
0.071155	7694.954172
0.07116	7695.480393
0.071166	7696.003611
0.071171	7696.53236
0.071177	7697.064293
0.071182	7697.624828
0.071188	7698.180429
0.071194	7698.728063
0.0712	7699.273261
0.071205	7699.824313
0.071211	7700.37773
0.071216	7700.914506
0.071222	7701.446308
0.071227	7701.973722
0.071233	7702.508769
0.071238	7703.037154
0.071244	7703.568936
0.071249	7704.103477
0.071255	7704.629739
0.07126	7705.162572
0.071265	7705.684203
0.071271	7706.228471
0.071276	7706.770858
0.071282	7707.302438
0.071287	7707.838132
0.071293	7708.386979
0.071299	7708.928346
0.071305	7709.478447
0.07131	7710.007216
0.071315	7710.550351
0.071321	7711.089412
0.071326	7711.638927
0.071332	7712.191919
0.071337	7712.745306
0.071343	7713.291232
0.071348	7713.830283
0.071354	7714.391151
0.071359	7714.928099
0.071365	7715.470567
0.071371	7716.01896
0.071376	7716.571842
0.071381	7717.119941
0.071387	7717.667606
0.071392	7718.209973
0.071398	7718.756363
0.071403	7719.288307
0.071409	7719.815397
0.071414	7720.348746
0.07142	7720.889192
0.071425	7721.430862
0.071431	7721.971025
0.071436	7722.514726
0.071442	7723.070853
0.071448	7723.619892
0.071453	7724.15408
0.071458	7724.685397
0.071463	7725.205057
0.071469	7725.754966
0.071475	7726.302752
0.07148	7726.843855
0.071486	7727.381308
0.071491	7727.91855
0.071496	7728.453819
0.071502	7729.020531
0.071507	7729.584534
0.071513	7730.138295
0.071519	7730.68874
0.071525	7731.23872
0.07153	7731.78781
0.071536	7732.338609
0.071541	7732.887214
0.071547	7733.435515
0.071553	7733.991015
0.071558	7734.530218
0.071563	7735.073505
0.071569	7735.613354
0.071574	7736.153568
0.071579	7736.697269
0.071585	7737.250131
0.07159	7737.807016
0.071596	7738.340759
0.071601	7738.878283
0.071607	7739.400238
0.071613	7739.929906
0.071618	7740.470575
0.071623	7741.002033
0.071629	7741.534563
0.071634	7742.072138
0.07164	7742.624412
0.071646	7743.180276
0.071652	7743.713484
0.071657	7744.2503
0.071663	7744.788906
0.071668	7745.332982
0.071674	7745.887713
0.07168	7746.412357
0.071685	7746.940065
0.07169	7747.46671
0.071696	7748.00194
0.071702	7748.547855
0.071707	7749.087209
0.071713	7749.64549
0.071718	7750.190425
0.071724	7750.736168
0.071729	7751.276948
0.071735	7751.822045
0.071741	7752.364311
0.071746	7752.914351
0.071752	7753.458457
0.071757	7754.011025
0.071762	7754.560985
0.071768	7755.102634
0.071773	7755.648549
0.071778	7756.14348
0.071784	7756.675565
0.071789	7757.210187
0.071795	7757.742475
0.0718	7758.273549
0.071805	7758.804339
0.071811	7759.338578
0.071816	7759.881582
0.071822	7760.417377
0.071828	7760.960816
0.071833	7761.504133
0.071839	7762.03732
0.071844	7762.571447
0.071849	7763.107051
0.071855	7763.629784
0.071859	7764.156672
0.071865	7764.681326
0.07187	7765.223107
0.071875	7765.762966
0.071881	7766.308488
0.071887	7766.851633
0.071892	7767.391715
0.071898	7767.947953
0.071903	7768.494971
0.071909	7769.03566
0.071914	7769.557746
0.07192	7770.088355
0.071926	7770.621501
0.071931	7771.158257
0.071937	7771.697197
0.071942	7772.233811
0.071948	7772.76626
0.071953	7773.315431
0.071959	7773.883397
0.071964	7774.435055
0.07197	7774.96436
0.071975	7775.504543
0.071981	7776.057445
0.071987	7776.602834
0.071992	7777.156201
0.071998	7777.721973
0.072004	7778.277291
0.072009	7778.836946
0.072015	7779.388402
0.072021	7779.932205
0.072026	7780.467808
0.072032	7780.99681
0.072037	7781.519351
0.072043	7782.046168
0.072048	7782.576969
0.072053	7783.113402
0.072059	7783.660217
0.072064	7784.208296
0.07207	7784.756648
0.072076	7785.315839
0.072082	7785.872865
0.072087	7786.422815
0.072093	7786.968791
0.072099	7787.516071
0.072104	7788.060309
0.07211	7788.596488
0.072115	7789.136449
0.072121	7789.675824
0.072127	7790.214066
0.072132	7790.767584
0.072138	7791.316017
0.072143	7791.862822
0.072149	7792.409355
0.072154	7792.959517
0.07216	7793.494847
0.072165	7794.033281
0.072171	7794.577296
0.072177	7795.116357
0.072182	7795.648351
0.072188	7796.196177
0.072193	7796.742507
0.072199	7797.291153
0.072204	7797.828819
0.072209	7798.371883
0.072215	7798.920104
0.072221	7799.465706
0.072226	7800.010226
0.072232	7800.552492
0.072237	7801.087823
0.072243	7801.629452
0.072249	7802.17283
0.072255	7802.736964
0.07226	7803.294708
0.072266	7803.850036
0.072272	7804.393364
0.072277	7804.931141
0.072283	7805.461962
0.072288	7805.98978
0.072293	7806.509531
0.072299	7807.047985
0.072304	7807.597419
0.07231	7808.146004
0.072316	7808.694346
0.072321	7809.240009
0.072327	7809.825475
0.072333	7810.444689
0.072339	7811.012695
0.072344	7811.558712
0.07235	7812.118307
0.072356	7812.674595
0.072362	7813.219611
0.072367	7813.757883
0.072373	7814.310037
0.072379	7814.860927
0.072384	7815.399684
0.07239	7815.947066
0.072395	7816.491415
0.072401	7817.035096
0.072406	7817.568151
0.072412	7818.107809
0.072418	7818.65603
0.072424	7819.209123
0.072429	7819.746021
0.072434	7820.270088
0.07244	7820.811545
0.072446	7821.357865
0.072451	7821.8991
0.072457	7822.437029
0.072462	7822.971712
0.072468	7823.517223
0.072473	7824.066799
0.072479	7824.599763
0.072484	7825.138369
0.07249	7825.678967
0.072496	7826.208049
0.072501	7826.743349
0.072507	7827.29339
0.072512	7827.846605
0.072518	7828.397424
0.072523	7828.932835
0.072529	7829.464162
0.072535	7830.003637
0.07254	7830.534671
0.072545	7831.053936
0.07255	7831.57304
0.072556	7832.093569
0.072561	7832.618344
0.072567	7833.157405
0.072572	7833.689379
0.072578	7834.226307
0.072583	7834.775225
0.072589	7835.321646
0.072594	7835.875185
0.0726	7836.430412
0.072605	7836.971788
0.072611	7837.524548
0.072616	7838.075216
0.072622	7838.611112
0.072628	7839.148272
0.072633	7839.688496
0.072639	7840.242813
0.072645	7840.796352
0.07265	7841.346867
0.072655	7841.889063
0.072661	7842.42409
0.072667	7842.953455
0.072672	7843.484296
0.072678	7844.030293
0.072684	7844.580141
0.072689	7845.111832
0.072695	7845.644554
0.072699	7846.164669
0.072705	7846.708704
0.072711	7847.235784
0.072716	7847.76701
0.072722	7848.289814
0.072727	7848.814286
0.072733	7849.357714
0.072738	7849.901406
0.072743	7850.438849
0.072749	7850.971925
0.072754	7851.494496
0.07276	7852.021637
0.072765	7852.544229
0.07277	7853.075808
0.072776	7853.60576
0.072781	7854.129262
0.072786	7854.636739
0.072792	7855.162343
0.072797	7855.691334
0.072803	7856.230779
0.072808	7856.768799
0.072813	7857.297568
0.072819	7857.830219
0.072824	7858.357916
0.07283	7858.894753
0.072836	7859.439658
0.072841	7859.996512
0.072847	7860.551183
0.072853	7861.100112
0.072859	7861.647797
0.072864	7862.205804
0.07287	7862.761102
0.072875	7863.309343
0.072881	7863.855895
0.072886	7864.411052
0.072892	7864.9655
0.072897	7865.501488
0.072903	7866.044582
0.072908	7866.5833
0.072913	7867.12234
0.072919	7867.676637
0.072924	7868.227032
0.07293	7868.77134
0.072936	7869.318853
0.072941	7869.849138
0.072946	7870.383356
0.072952	7870.910053
0.072957	7871.439539
0.072963	7871.983908
0.072969	7872.53586
0.072974	7873.106919
0.07298	7873.669284
0.072986	7874.229283
0.072992	7874.788615
0.072997	7875.346591
0.073002	7875.887867
0.073008	7876.440981
0.073014	7876.99088
0.07302	7877.530264
0.073025	7878.088322
0.07303	7878.634551
0.073036	7879.178707
0.073041	7879.720923
0.073047	7880.260833
0.073053	7880.794627
0.073058	7881.336114
0.073064	7881.870676
0.073069	7882.408898
0.073075	7882.951093
0.07308	7883.50269
0.073086	7884.05172
0.073091	7884.585493
0.073097	7885.1196
0.073102	7885.65948
0.073108	7886.199168
0.073113	7886.734094
0.073118	7887.265512
0.073124	7887.818383
0.07313	7888.359527
0.073136	7888.910052
0.073141	7889.460983
0.073147	7890.004179
0.073152	7890.551641
0.073158	7891.09788
0.073163	7891.622504
0.073169	7892.156419
0.073174	7892.70656
0.07318	7893.265437
0.073186	7893.799757
0.073191	7894.342326
0.073197	7894.882782
0.073203	7895.439404
0.073208	7895.986432
0.073214	7896.513431
0.073219	7897.056365
0.073225	7897.600288
0.073231	7898.15133
0.073237	7898.71049
0.073243	7899.267264
0.073248	7899.805496
0.073254	7900.345375
0.073259	7900.880989
0.073265	7901.416026
0.073271	7901.960708
0.073276	7902.493653
0.073282	7903.033037
0.073287	7903.569186
0.073293	7904.108581
0.073299	7904.647571
0.073304	7905.189827
0.07331	7905.736248
0.073315	7906.277917
0.073321	7906.81533
0.073327	7907.351287
0.073332	7907.887326
0.073338	7908.428398
0.073343	7908.974496
0.073349	7909.52214
0.073355	7910.104655
0.07336	7910.672125
0.073366	7911.220528
0.073372	7911.762541
0.073378	7912.312258
0.073383	7912.862784
0.073389	7913.421408
0.073394	7913.96056
0.073399	7914.494525
0.073406	7915.075968
0.073412	7915.641042
0.073418	7916.200849
0.073424	7916.755338
0.073429	7917.299585
0.073435	7917.848291
0.073441	7918.400687
0.073446	7918.93807
0.073452	7919.489981
0.073458	7920.032773
0.073464	7920.578719
0.073469	7921.127111
0.073475	7921.653989
0.07348	7922.188056
0.073485	7922.73014
0.073491	7923.276986
0.073497	7923.819302
0.073502	7924.371162
0.073508	7924.924863
0.073514	7925.467139
0.073519	7926.014632
0.073525	7926.546403
0.07353	7927.08874
0.073536	7927.631076
0.073542	7928.173747
0.073548	7928.709451
0.073553	7929.249321
0.073559	7929.794347
0.073565	7930.324369
0.07357	7930.867575
0.073575	7931.394423
0.073581	7931.923192
0.073586	7932.448635
0.073592	7932.986159
0.073597	7933.533055
0.073603	7934.077576
0.073608	7934.616627
0.073614	7935.147519
0.07362	7935.686115
0.073625	7936.221121
0.073631	7936.749435
0.073637	7937.285504
0.073642	7937.823281
0.073648	7938.365193
0.073653	7938.899745
0.073659	7939.443476
0.073664	7939.975834
0.07367	7940.520031
0.073676	7941.061852
0.073681	7941.623348
0.073687	7942.179495
0.073693	7942.734651
0.073698	7943.283893
0.073704	7943.823874
0.07371	7944.373338
0.073715	7944.924218
0.073721	7945.479647
0.073727	7946.033105
0.073732	7946.584803
0.073738	7947.135208
0.073744	7947.683378
0.07375	7948.24362
0.073755	7948.791153
0.073761	7949.341234
0.073767	7949.899362
0.073773	7950.45191
0.073778	7950.989869
0.073784	7951.532388
0.073789	7952.066798
0.073795	7952.613401
0.0738	7953.164028
0.073806	7953.729143
0.073812	7954.28162
0.073818	7954.846118
0.073824	7955.4101
0.073829	7955.949748
0.073835	7956.495562
0.07384	7957.05082
0.073846	7957.600456
0.073852	7958.138657
0.073857	7958.678385
0.073862	7959.217305
0.073868	7959.747651
0.073873	7960.275025
0.073879	7960.815238
0.073884	7961.33239
0.073889	7961.858106
0.073895	7962.399523
0.073901	7962.935824
0.073907	7963.498562
0.073913	7964.049604
0.073918	7964.614537
0.073924	7965.150039
0.07393	7965.704912
0.073936	7966.264042
0.073941	7966.803244
0.073947	7967.344135
0.073952	7967.880749
0.073958	7968.417283
0.073963	7968.9358
0.073969	7969.456562
0.073974	7969.990749
0.07398	7970.525423
0.073986	7971.056274
0.073991	7971.583486
0.073997	7972.133931
0.074003	7972.670919
0.074008	7973.211335
0.074014	7973.760466
0.07402	7974.311072
0.074026	7974.850427
0.074031	7975.38141
0.074037	7975.921593
0.074043	7976.470329
0.074048	7977.008612
0.074054	7977.554123
0.07406	7978.113839
0.074066	7978.670491
0.074071	7979.217145
0.074077	7979.754356
0.074083	7980.295328
0.074089	7980.849533
0.074094	7981.419471
0.0741	7981.983787
0.074106	7982.559032
0.074112	7983.133367
0.074118	7983.697784
0.074123	7984.227847
0.074129	7984.767808
0.074135	7985.310488
0.074141	7985.859912
0.074147	7986.40785
0.074152	7986.961105
0.074158	7987.498407
0.074164	7988.046284
0.074169	7988.597153
0.074175	7989.137751
0.07418	7989.674335
0.074186	7990.222991
0.074192	7990.7876
0.074198	7991.349227
0.074204	7991.905343
0.074209	7992.464645
0.074215	7993.019164
0.074221	7993.574421
0.074227	7994.125544
0.074232	7994.684137
0.074238	7995.238626
0.074244	7995.788788
0.074249	7996.338404
0.074255	7996.890477
0.074261	7997.459292
0.074266	7998.013023
0.074272	7998.554196
0.074277	7999.097726
0.074283	7999.655703
0.074289	8000.198495
0.074294	8000.741377
0.0743	8001.275242
0.074305	8001.811532
0.074311	8002.343264
0.074317	8002.89201
0.074323	8003.452504
0.074328	8004.005072
0.074334	8004.547166
0.074339	8005.085055
0.074345	8005.637865
0.074351	8006.18365
0.074357	8006.748673
0.074362	8007.297207
0.074368	8007.835621
0.074374	8008.379687
0.07438	8008.913723
0.074385	8009.447931
0.074391	8009.988711
0.074397	8010.533342
0.074402	8011.082877
0.074407	8011.627873
0.074412	8012.155227
0.074418	8012.687372
0.074424	8013.227687
0.074429	8013.760045
0.074435	8014.291098
0.074441	8014.828319
0.074447	8015.372921
0.074452	8015.91918
0.074458	8016.465288
0.074464	8016.998677
0.074469	8017.538567
0.074474	8018.077507
0.07448	8018.620996
0.074486	8019.18059
0.074493	8019.731086
0.074498	8020.280773
0.074504	8020.82965
0.074509	8021.377689
0.074514	8021.928397
0.07452	8022.468985
0.074525	8023.006569
0.074531	8023.532305
0.074536	8024.049367
0.074541	8024.577832
0.074547	8025.121008
0.074553	8025.668278
0.074558	8026.19639
0.074564	8026.736988
0.074569	8027.273299
0.074575	8027.817617
0.074581	8028.35504
0.074586	8028.895082
0.074593	8029.439238
0.074598	8029.979664
0.074603	8030.518978
0.074609	8031.060324
0.074614	8031.608251
0.074619	8032.130903
0.074625	8032.655972
0.074631	8033.196226
0.074637	8033.746833
0.074642	8034.314718
0.074648	8034.884908
0.074654	8035.44156
0.074659	8035.985251
0.074665	8036.531359
0.07467	8037.07962
0.074676	8037.620683
0.074682	8038.161119
0.074688	8038.723332
0.074694	8039.267418
0.074699	8039.819379
0.074705	8040.35932
0.07471	8040.915598
0.074716	8041.470734
0.074721	8042.014962
0.074727	8042.557207
0.074733	8043.101
0.074739	8043.641193
0.074744	8044.196501
0.07475	8044.740718
0.074756	8045.286209
0.074762	8045.841436
0.074767	8046.37249
0.074773	8046.916869
0.074778	8047.455556
0.074783	8047.993484
0.074789	8048.538085
0.074795	8049.080331
0.0748	8049.618624
0.074806	8050.151113
0.074811	8050.687232
0.074816	8051.208337
0.074821	8051.740129
0.074827	8052.27638
0.074833	8052.820334
0.074839	8053.370081
0.074844	8053.918494
0.07485	8054.464844
0.074856	8055.011761
0.074861	8055.560356
0.074867	8056.101691
0.074872	8056.652157
0.074878	8057.204573
0.074884	8057.749488
0.07489	8058.302521
0.074895	8058.848163
0.074901	8059.380693
0.074906	8059.905469
0.074911	8060.423571
0.074917	8060.953008
0.074923	8061.510489
0.074928	8062.061025
0.074934	8062.615565
0.07494	8063.154939
0.074945	8063.709428
0.074951	8064.241978
0.074957	8064.798297
0.074962	8065.349753
0.074968	8065.878744
0.074974	8066.421667
0.074979	8066.951073
0.074984	8067.487617
0.07499	8068.021481
0.074996	8068.566901
0.075001	8069.112473
0.075007	8069.654021
0.075013	8070.212059
0.075018	8070.760583
0.075024	8071.301575
0.075029	8071.841222
0.075035	8072.369344
0.07504	8072.901318
0.075046	8073.454897
0.075052	8074.001055
0.075057	8074.540915
0.075063	8075.089105
0.075068	8075.641724
0.075074	8076.183494
0.07508	8076.72207
0.075085	8077.269724
0.075091	8077.816044
0.075096	8078.349747
0.075102	8078.896148
0.075108	8079.433975
0.075113	8079.976838
0.075119	8080.525251
0.075125	8081.08619
0.075131	8081.630973
0.075136	8082.171692
0.075142	8082.72329
0.075148	8083.271328
0.075154	8083.81138
0.07516	8084.358752
0.075165	8084.909823
0.075171	8085.459055
0.075177	8085.999521
0.075182	8086.548177
0.075188	8087.086399
0.075194	8087.612195
0.0752	8088.156291
0.075205	8088.709496
0.075211	8089.259112
0.075217	8089.820708
0.075222	8090.381809
0.075228	8090.946611
0.075234	8091.50202
0.075239	8092.034964
0.075245	8092.562014
0.075251	8093.091208
0.075256	8093.637821
0.075262	8094.176811
0.075267	8094.723283
0.075273	8095.27119
0.075278	8095.819128
0.075284	8096.377711
0.07529	8096.929622
0.075296	8097.479946
0.075302	8098.023212
0.075307	8098.550687
0.075313	8099.087585
0.075318	8099.63167
0.075324	8100.178577
0.075329	8100.70405
0.075334	8101.236236
0.07534	8101.760283
0.075345	8102.290629
0.075351	8102.820702
0.075357	8103.348966
0.075363	8103.892981
0.075368	8104.446691
0.075374	8104.991323
0.07538	8105.5447
0.075386	8106.107974
0.075391	8106.656407
0.075397	8107.211746
0.075403	8107.760937
0.075408	8108.30476
0.075414	8108.845297
0.07542	8109.384661
0.075425	8109.938422
0.075431	8110.478221
0.075436	8111.013855
0.075442	8111.549023
0.075447	8112.094474
0.075453	8112.641218
0.075459	8113.189227
0.075464	8113.733606
0.07547	8114.319325
0.075476	8114.866737
0.075481	8115.418779
0.075487	8115.967232
0.075493	8116.517778
0.075498	8117.068011
0.075504	8117.61701
0.07551	8118.17067
0.075516	8118.718628
0.075521	8119.266363
0.075528	8119.81968
0.075533	8120.365676
0.075539	8120.898428
0.075544	8121.431019
0.07555	8121.971981
0.075556	8122.515783
0.075562	8123.06551
0.075567	8123.592581
0.075573	8124.11221
0.075578	8124.649694
0.075584	8125.200402
0.075589	8125.74474
0.075595	8126.266118
0.0756	8126.801722
0.075606	8127.338366
0.075612	8127.881249
0.075618	8128.432321
0.075624	8128.967176
0.075629	8129.505125
0.075635	8130.042679
0.07564	8130.582761
0.075646	8131.113269
0.075652	8131.643868
0.075657	8132.164812
0.075663	8132.681964
0.075668	8133.222582
0.075674	8133.765919
0.07568	8134.314231
0.075686	8134.87976
0.075691	8135.439436
0.075697	8135.993318
0.075702	8136.551882
0.075708	8137.110394
0.075714	8137.65538
0.07572	8138.203631
0.075726	8138.746352
0.075732	8139.285008
0.075737	8139.829579
0.075743	8140.371279
0.075749	8140.922169
0.075755	8141.493835
0.075761	8142.040296
0.075767	8142.591419
0.075772	8143.136455
0.075778	8143.671947
0.075784	8144.215335
0.07579	8144.770511
0.075795	8145.315335
0.0758	8145.855973
0.075806	8146.396045
0.075812	8146.938978
0.075818	8147.495479
0.075824	8148.06294
0.07583	8148.60566
0.075835	8149.146066
0.075841	8149.696349
0.075846	8150.24821
0.075852	8150.798715
0.075858	8151.35285
0.075864	8151.892669
0.075869	8152.440627
0.075875	8152.995228
0.075881	8153.529122
0.075886	8154.073673
0.075892	8154.610237
0.075898	8155.149955
0.075904	8155.683364
0.075909	8156.233152
0.075915	8156.778178
0.075921	8157.302407
0.075926	8157.835241
0.075932	8158.382016
0.075938	8158.934796
0.075944	8159.468488
0.075949	8160.006528
0.075955	8160.527957
0.07596	8161.061468
0.075966	8161.59056
0.075971	8162.123171
0.075977	8162.651191
0.075982	8163.173298
0.075987	8163.703775
0.075993	8164.239621
0.075998	8164.775265
0.076004	8165.306612
0.076009	8165.851941
0.076015	8166.415721
0.076021	8166.958665
0.076027	8167.508139
0.076032	8168.063578
0.076039	8168.637398
0.076044	8169.183677
0.07605	8169.7385
0.076056	8170.292999
0.076062	8170.839076
0.076068	8171.378613
0.076074	8171.923285
0.076079	8172.462801
0.076085	8172.999192
0.076091	8173.545209
0.076097	8174.093794
0.076102	8174.625758
0.076108	8175.167316
0.076114	8175.682689
0.076119	8176.19971
0.076125	8176.731461
0.076131	8177.277589
0.076137	8177.843795
0.076142	8178.39696
0.076148	8178.946859
0.076154	8179.503977
0.076159	8180.053431
0.076165	8180.605453
0.076171	8181.149569
0.076176	8181.701389
0.076182	8182.244625
0.076188	8182.792907
0.076193	8183.334354
0.076199	8183.883606
0.076205	8184.425336
0.07621	8184.969037
0.076215	8185.503407
0.076221	8186.043368
0.076227	8186.596755
0.076232	8187.121914
0.076238	8187.654869
0.076244	8188.201431
0.07625	8188.747954
0.076256	8189.302989
0.076262	8189.866425
0.076267	8190.427668
0.076273	8190.972795
0.076279	8191.509935
0.076284	8192.058681
0.07629	8192.609106
0.076296	8193.169024
0.076302	8193.744805
0.076308	8194.358023
0.076314	8194.924372
0.076319	8195.467578
0.076325	8196.005466
0.076331	8196.55398
0.076336	8197.102928
0.076342	8197.65674
0.076348	8198.20765
0.076353	8198.76317
0.076359	8199.324201
0.076365	8199.871511
0.07637	8200.418408
0.076376	8200.976819
0.076381	8201.519773
0.076387	8202.076001
0.076393	8202.643552
0.076399	8203.208596
0.076405	8203.774125
0.076411	8204.314177
0.076416	8204.866593
0.076422	8205.421244
0.076428	8205.974803
0.076434	8206.525228
0.07644	8207.081698
0.076445	8207.642162
0.076451	8208.195145
0.076457	8208.740666
0.076463	8209.292314
0.076469	8209.838563
0.076474	8210.37997
0.07648	8210.932467
0.076486	8211.48367
0.076491	8212.049341
0.076497	8212.622645
0.076503	8213.170391
0.076509	8213.717792
0.076514	8214.269349
0.07652	8214.81942
0.076526	8215.379288
0.076532	8215.940025
0.076538	8216.494807
0.076543	8217.048437
0.076549	8217.591097
0.076555	8218.14968
0.07656	8218.705271
0.076566	8219.252087
0.076571	8219.798003
0.076577	8220.343089
0.076583	8220.896375
0.076589	8221.445991
0.076595	8222.001865
0.0766	8222.553038
0.076606	8223.088479
0.076611	8223.625933
0.076617	8224.166156
0.076622	8224.693287
0.076628	8225.226697
0.076634	8225.767163
0.076639	8226.296397
0.076645	8226.84851
0.076651	8227.397712
0.076656	8227.945467
0.076663	8228.487359
0.076668	8229.030282
0.076674	8229.57823
0.07668	8230.119748
0.076685	8230.678715
0.076691	8231.224985
0.076697	8231.781728
0.076703	8232.332962
0.076709	8232.887562
0.076715	8233.441444
0.076721	8233.992789
0.076726	8234.539504
0.076732	8235.087401
0.076737	8235.627897
0.076743	8236.177321
0.076749	8236.731992
0.076754	8237.283367
0.07676	8237.825785
0.076766	8238.370406
0.076771	8238.915149
0.076777	8239.46343
0.076782	8240.017657
0.076788	8240.562824
0.076794	8241.085689
0.076799	8241.624396
0.076805	8242.167743
0.07681	8242.711495
0.076816	8243.24995
0.076821	8243.79076
0.076827	8244.369331
0.076833	8244.924548
0.076839	8245.480715
0.076845	8246.034668
0.07685	8246.586074
0.076856	8247.136579
0.076862	8247.68483
0.076867	8248.242282
0.076873	8248.773619
0.076878	8249.308605
0.076884	8249.857058
0.07689	8250.40442
0.076895	8250.960314
0.076901	8251.512003
0.076907	8252.063327
0.076912	8252.616158
0.076918	8253.168928
0.076924	8253.730727
0.07693	8254.2819
0.076936	8254.838775
0.076942	8255.388441
0.076947	8255.927836
0.076953	8256.461003
0.076959	8257.001681
0.076965	8257.542481
0.07697	8258.077265
0.076976	8258.648891
0.076982	8259.20893
0.076987	8259.758769
0.076993	8260.296354
0.076999	8260.842734
0.077005	8261.384383
0.07701	8261.933787
0.077016	8262.483049
0.077022	8263.038175
0.077027	8263.602279
0.077034	8264.165513
0.077039	8264.732721
0.077045	8265.280901
0.07705	8265.833277
0.077056	8266.383166
0.077061	8266.909104
0.077067	8267.456637
0.077073	8268.007426
0.077079	8268.561136
0.077085	8269.11977
0.07709	8269.665656
0.077095	8270.205596
0.077101	8270.75131
0.077107	8271.309185
0.077113	8271.857811
0.077119	8272.397822
0.077124	8272.907907
0.07713	8273.447443
0.077136	8274.00632
0.077141	8274.561537
0.077147	8275.103469
0.077153	8275.653156
0.077159	8276.199719
0.077164	8276.738557
0.07717	8277.279873
0.077176	8277.826749
0.077182	8278.377942
0.077187	8278.927467
0.077193	8279.477629
0.077199	8280.028498
0.077204	8280.561281
0.07721	8281.093477
0.077216	8281.624349
0.077221	8282.184085
0.077228	8282.73545
0.077233	8283.298725
0.077239	8283.856681
0.077245	8284.414749
0.077251	8284.981087
0.077256	8285.546738
0.077262	8286.110275
0.077268	8286.658344
0.077274	8287.200863
0.077279	8287.756636
0.077285	8288.295464
0.07729	8288.832412
0.077296	8289.375619
0.077302	8289.907269
0.077307	8290.470361
0.077313	8291.041856
0.077319	8291.611581
0.077325	8292.158629
0.07733	8292.698225
0.077336	8293.232292
0.077341	8293.770099
0.077347	8294.33029
0.077353	8294.881281
0.077358	8295.428218
0.077364	8295.969786
0.07737	8296.519089
0.077376	8297.072193
0.077381	8297.62288
0.077387	8298.166026
0.077393	8298.710536
0.077399	8299.254187
0.077405	8299.801124
0.077411	8300.346048
0.077417	8300.857155
0.077422	8301.383548
0.077428	8301.925804
0.077433	8302.459618
0.077439	8303.014824
0.077445	8303.568636
0.077451	8304.112196
0.077456	8304.657919
0.077462	8305.203946
0.077468	8305.748992
0.077474	8306.306343
0.07748	8306.857667
0.077486	8307.404897
0.077492	8307.962035
0.077498	8308.514391
0.077504	8309.073338
0.077509	8309.64004
0.077515	8310.190637
0.077521	8310.736815
0.077527	8311.28816
0.077533	8311.841618
0.077539	8312.37257
0.077545	8312.908083
0.07755	8313.429481
0.077556	8313.975225
0.077562	8314.521848
0.077567	8315.077682
0.077573	8315.630675
0.077578	8316.184193
0.077585	8316.738692
0.077591	8317.295092
0.077596	8317.848246
0.077601	8318.362902
0.077607	8318.888688
0.077613	8319.430236
0.077619	8319.974595
0.077624	8320.516062
0.07763	8321.064778
0.077635	8321.603627
0.07764	8322.140473
0.077646	8322.686763
0.077651	8323.223074
0.077657	8323.773529
0.077662	8324.320112
0.077668	8324.866483
0.077674	8325.415725
0.07768	8325.963642
0.077685	8326.509558
0.077691	8327.057485
0.077697	8327.609153
0.077703	8328.153067
0.077708	8328.700823
0.077714	8329.231007
0.077719	8329.767328
0.077725	8330.303073
0.07773	8330.841062
0.077736	8331.380457
0.077742	8331.932772
0.077748	8332.487019
0.077753	8333.042104
0.077759	8333.571308
0.077765	8334.100976
0.077771	8334.653362
0.077776	8335.219822
0.077782	8335.780357
0.077788	8336.341771
0.077794	8336.906006
0.0778	8337.452346
0.077806	8337.999617
0.077812	8338.539942
0.077818	8339.091832
0.077824	8339.651346
0.07783	8340.211577
0.077835	8340.766815
0.077841	8341.322962
0.077847	8341.871385
0.077853	8342.424812
0.077859	8342.988198
0.077865	8343.550462
0.077871	8344.119256
0.077876	8344.669772
0.077882	8345.219348
0.077888	8345.768842
0.077893	8346.323169
0.077899	8346.862867
0.077904	8347.409298
0.07791	8347.960845
0.077916	8348.504345
0.077922	8349.065274
0.077928	8349.616699
0.077934	8350.176051
0.07794	8350.732006
0.077946	8351.293886
0.077951	8351.839539
0.077957	8352.39422
0.077963	8352.937537
0.077969	8353.485454
0.077975	8354.034039
0.077981	8354.547168
0.077986	8355.036022
0.077993	8355.572848
0.077998	8356.1285
0.078004	8356.667248
0.078009	8357.204873
0.078015	8357.750485
0.078021	8358.298736
0.078026	8358.833531
0.078032	8359.370459
0.078038	8359.916748
0.078043	8360.458913
0.078049	8360.997327
0.078055	8361.538208
0.078061	8362.090796
0.078066	8362.636883
0.078072	8363.178755
0.078077	8363.720162
0.078083	8364.273953
0.078088	8364.813368
0.078094	8365.359455
0.078099	8365.896373
0.078105	8366.440074
0.078111	8366.985697
0.078116	8367.535818
0.078122	8368.066083
0.078127	8368.596581
0.078133	8369.135015
0.078139	8369.685238
0.078145	8370.238281
0.078151	8370.794297
0.078156	8371.342608
0.078161	8371.873773
0.078167	8372.412147
0.078173	8372.961257
0.078179	8373.519639
0.078184	8374.071236
0.07819	8374.608932
0.078196	8375.158184
0.078202	8375.713927
0.078208	8376.27341
0.078214	8376.841528
0.07822	8377.405864
0.078225	8377.959867
0.078231	8378.523941
0.078237	8379.075296
0.078243	8379.628339
0.078249	8380.176155
0.078255	8380.721434
0.078261	8381.269523
0.078267	8381.816612
0.078272	8382.362497
0.078278	8382.892914
0.078284	8383.441043
0.078289	8383.977597
0.078295	8384.521147
0.0783	8385.0521
0.078306	8385.593941
0.078312	8386.134923
0.078318	8386.681192
0.078324	8387.223539
0.07833	8387.767766
0.078335	8388.314673
0.078341	8388.833827
0.078346	8389.374131
0.078352	8389.931502
0.078358	8390.491794
0.078364	8391.063612
0.07837	8391.626482
0.078376	8392.19287
0.078381	8392.742749
0.078387	8393.303062
0.078393	8393.86395
0.0784	8394.418217
0.078406	8394.972049
0.078412	8395.531471
0.078418	8396.100094
0.078423	8396.670628
0.078429	8397.230647
0.078435	8397.782184
0.078441	8398.32444
0.078447	8398.878363
0.078453	8399.423015
0.078459	8399.992881
0.078465	8400.571018
0.078471	8401.142431
0.078477	8401.711913
0.078483	8402.277473
0.078489	8402.846793
0.078494	8403.414102
0.0785	8403.972928
0.078506	8404.532563
0.078511	8405.082604
0.078517	8405.62581
0.078523	8406.176204
0.078529	8406.728428
0.078535	8407.277781
0.078541	8407.823849
0.078546	8408.371352
0.078552	8408.92122
0.078558	8409.463517
0.078563	8410.004893
0.078569	8410.548604
0.078575	8411.095025
0.078581	8411.640921
0.078586	8412.193307
0.078592	8412.749727
0.078598	8413.295339
0.078604	8413.846047
0.078609	8414.39268
0.078615	8414.937282
0.078621	8415.49355
0.078626	8416.03986
0.078632	8416.581044
0.078638	8417.122653
0.078643	8417.691347
0.078649	8418.246948
0.078655	8418.773462
0.07866	8419.307791
0.078665	8419.823377
0.078671	8420.343987
0.078677	8420.871097
0.078682	8421.420248
0.078688	8421.982087
0.078694	8422.552399
0.0787	8423.123792
0.078705	8423.657525
0.078711	8424.188862
0.078716	8424.731016
0.078722	8425.273383
0.078728	8425.823525
0.078734	8426.38593
0.07874	8426.939317
0.078745	8427.48681
0.078751	8428.03408
0.078757	8428.573273
0.078762	8429.112222
0.078768	8429.645045
0.078774	8430.193883
0.07878	8430.739687
0.078786	8431.279638
0.078792	8431.824805
0.078797	8432.384491
0.078803	8432.941063
0.078808	8433.477465
0.078814	8434.027313
0.07882	8434.577343
0.078826	8435.113907
0.078831	8435.639653
0.078837	8436.16639
0.078843	8436.694502
0.078848	8437.242581
0.078854	8437.78882
0.07886	8438.320288
0.078865	8438.861907
0.078871	8439.425586
0.078877	8439.982431
0.078882	8440.514597
0.078887	8441.031789
0.078893	8441.560235
0.078899	8442.110831
0.078904	8442.649114
0.07891	8443.192876
0.078916	8443.729814
0.078921	8444.248291
0.078927	8444.774876
0.078933	8445.303018
0.078938	8445.833242
0.078944	8446.367269
0.07895	8446.92749
0.078955	8447.479633
0.078961	8448.037671
0.078967	8448.59494
0.078973	8449.14216
0.078979	8449.685033
0.078984	8450.232354
0.07899	8450.77563
0.078996	8451.325752
0.079001	8451.870919
0.079007	8452.416764
0.079013	8452.96912
0.079019	8453.519191
0.079025	8454.06631
0.079031	8454.611214
0.079036	8455.149274
0.079041	8455.657904
0.079047	8456.180637
0.079053	8456.719637
0.079058	8457.275936
0.079064	8457.835015
0.07907	8458.387836
0.079075	8458.930678
0.079081	8459.482841
0.079088	8460.040667
0.079093	8460.59461
0.079099	8461.142881
0.079104	8461.680062
0.07911	8462.218324
0.079116	8462.770134
0.079121	8463.306889
0.079127	8463.851946
0.079133	8464.406738
0.079138	8464.958406
0.079144	8465.511894
0.079149	8466.051613
0.079155	8466.591209
0.079161	8467.135588
0.079167	8467.68117
0.079172	8468.229967
0.079178	8468.774862
0.079184	8469.321252
0.07919	8469.868968
0.079195	8470.408029
0.0792	8470.955542
0.079206	8471.501579
0.079212	8472.054187
0.079218	8472.607058
0.079223	8473.149183
0.079229	8473.694067
0.079235	8474.252004
0.07924	8474.815177
0.079246	8475.361386
0.079252	8475.924074
0.079257	8476.467018
0.079263	8477.014915
0.079269	8477.560022
0.079274	8478.10156
0.07928	8478.642036
0.079285	8479.168318
0.079291	8479.70382
0.079296	8480.247976
0.079302	8480.792386
0.079307	8481.33452
0.079312	8481.890475
0.079318	8482.455307
0.079324	8483.005863
0.079329	8483.554083
0.079335	8484.096289
0.079341	8484.640091
0.079347	8485.18906
0.079352	8485.733035
0.079358	8486.275199
0.079364	8486.823066
0.079369	8487.357295
0.079375	8487.897468
0.079381	8488.435103
0.079387	8488.985892
0.079392	8489.582702
0.079399	8490.149373
0.079404	8490.701638
0.07941	8491.265297
0.079416	8491.812274
0.079422	8492.365914
0.079427	8492.919655
0.079433	8493.466511
0.079438	8493.996948
0.079444	8494.555764
0.07945	8495.108797
0.079456	8495.656492
0.079462	8496.208838
0.079467	8496.766167
0.079474	8497.331383
0.07948	8497.90582
0.079486	8498.47238
0.079491	8499.014312
0.079497	8499.55127
0.079502	8500.109753
0.079508	8500.661947
0.079514	8501.215546
0.07952	8501.780064
0.079526	8502.33055
0.079531	8502.870116
0.079537	8503.431055
0.079543	8504.004764
0.079549	8504.572669
0.079555	8505.127178
0.07956	8505.662529
0.079566	8506.224873
0.079572	8506.79113
0.079578	8507.365162
0.079583	8507.927193
0.079589	8508.476364
0.079594	8509.015961
0.0796	8509.558591
0.079606	8510.104466
0.079611	8510.6429
0.079617	8511.189331
0.079622	8511.734964
0.079628	8512.274166
0.079634	8512.817726
0.079639	8513.371033
0.079645	8513.913501
0.079651	8514.456454
0.079656	8515.019607
0.079663	8515.582498
0.079668	8516.134237
0.079674	8516.689575
0.07968	8517.244559
0.079685	8517.794317
0.079691	8518.319193
0.079697	8518.864361
0.079703	8519.424946
0.079708	8519.970124
0.079714	8520.520296
0.07972	8521.062966
0.079725	8521.614129
0.079731	8522.152735
0.079737	8522.688834
0.079743	8523.232788
0.079748	8523.781939
0.079754	8524.329624
0.07976	8524.875691
0.079766	8525.417532
0.079771	8525.971536
0.079777	8526.52372
0.079782	8527.061456
0.079788	8527.586221
0.079794	8528.121895
0.0798	8528.66683
0.079805	8529.212139
0.079811	8529.757226
0.079817	8530.328538
0.079823	8530.89155
0.079829	8531.450407
0.079836	8531.997808
0.079841	8532.546221
0.079847	8533.092228
0.079853	8533.640155
0.079858	8534.170208
0.079864	8534.71115
0.07987	8535.250979
0.079876	8535.804022
0.079881	8536.347026
0.079887	8536.878484
0.079893	8537.410731
0.079898	8537.950995
0.079904	8538.490845
0.079909	8539.02937
0.079915	8539.56656
0.07992	8540.110555
0.079926	8540.639769
0.079932	8541.161926
0.079938	8541.683678
0.079943	8542.224943
0.079949	8542.773164
0.079955	8543.311224
0.079961	8543.85442
0.079967	8544.400153
0.079973	8544.937678
0.079978	8545.486444
0.079984	8546.028437
0.079989	8546.57041
0.079995	8547.10662
0.080001	8547.643153
0.080006	8548.184863
0.080012	8548.727382
0.080017	8549.259012
0.080023	8549.798012
0.080029	8550.333191
0.080034	8550.871675
0.08004	8551.404236
0.080046	8551.942407
0.080051	8552.473845
0.080057	8553.013957
0.080062	8553.551593
0.080067	8554.079755
0.080073	8554.612649
0.080079	8555.151063
0.080085	8555.685726
0.08009	8556.223169
0.080097	8556.768872
0.080103	8557.327587
0.080109	8557.89251
0.080115	8558.445563
0.080121	8558.987243
0.080127	8559.530024
0.080132	8560.073048
0.080138	8560.616204
0.080143	8561.167427
0.080149	8561.716336
0.080155	8562.261028
0.08016	8562.812049
0.080166	8563.358844
0.080172	8563.901818
0.080177	8564.452222
0.080183	8564.996399
0.080188	8565.544579
0.080194	8566.08543
0.0802	8566.636117
0.080205	8567.179556
0.080211	8567.720285
0.080217	8568.25327
0.080222	8568.790046
0.080228	8569.34221
0.080234	8569.909811
0.08024	8570.461318
0.080245	8570.989511
0.08025	8571.531109
0.080256	8572.067309
0.080262	8572.609312
0.080267	8573.153408
0.080273	8573.695451
0.080279	8574.249839
0.080284	8574.803287
0.08029	8575.354753
0.080296	8575.904632
0.080302	8576.448394
0.080307	8576.998636
0.080313	8577.54158
0.080319	8578.105501
0.080326	8578.671566
0.080331	8579.219191
0.080337	8579.753925
0.080342	8580.278963
0.080347	8580.807206
0.080353	8581.338199
0.080359	8581.883397
0.080365	8582.430475
0.08037	8582.978322
0.080376	8583.52728
0.080381	8584.081011
0.080387	8584.632993
0.080392	8585.181962
0.080398	8585.728524
0.080404	8586.285814
0.08041	8586.832993
0.080416	8587.373813
0.080421	8587.919547
0.080427	8588.466292
0.080433	8589.006748
0.080439	8589.549539
0.080445	8590.095586
0.08045	8590.642594
0.080456	8591.17939
0.080461	8591.725104
0.080467	8592.282434
0.080473	8592.827409
0.080479	8593.385184
0.080485	8593.944849
0.08049	8594.488541
0.080496	8595.037469
0.080502	8595.579189
0.080508	8596.12657
0.080514	8596.660283
0.08052	8597.212477
0.080525	8597.765005
0.080531	8598.311436
0.080537	8598.858272
0.080542	8599.400477
0.080548	8599.946787
0.080554	8600.48969
0.080559	8601.030975
0.080565	8601.574646
0.080571	8602.121664
0.080577	8602.671734
0.080583	8603.22041
0.080589	8603.772978
0.080594	8604.303041
0.0806	8604.845246
0.080606	8605.401343
0.080612	8605.958157
0.080618	8606.513728
0.080624	8607.064638
0.08063	8607.609805
0.080636	8608.148159
0.080641	8608.684621
0.080647	8609.22351
0.080653	8609.75324
0.080659	8610.292321
0.080665	8610.832737
0.08067	8611.38027
0.080676	8611.936498
0.080682	8612.490067
0.080687	8613.046659
0.080693	8613.581312
0.080699	8614.119827
0.080704	8614.670383
0.08071	8615.218189
0.080716	8615.760536
0.080722	8616.295876
0.080727	8616.833956
0.080733	8617.386252
0.080739	8617.95904
0.080745	8618.52555
0.080751	8619.083193
0.080757	8619.629968
0.080762	8620.178138
0.080768	8620.727289
0.080774	8621.260961
0.080779	8621.804026
0.080785	8622.34243
0.080791	8622.882916
0.080797	8623.432562
0.080803	8623.991176
0.080809	8624.562266
0.080815	8625.113186
0.08082	8625.666573
0.080826	8626.213217
0.080832	8626.753996
0.080837	8627.291905
0.080843	8627.824516
0.080849	8628.35842
0.080854	8628.891628
0.08086	8629.440273
0.080866	8629.988595
0.080871	8630.536512
0.080877	8631.078768
0.080883	8631.623258
0.080889	8632.167051
0.080894	8632.699247
0.0809	8633.234476
0.080906	8633.776712
0.080912	8634.317885
0.080917	8634.859484
0.080923	8635.407897
0.080929	8635.946119
0.080935	8636.49623
0.08094	8637.040295
0.080946	8637.575697
0.080952	8638.129963
0.080958	8638.684341
0.080963	8639.250315
0.080969	8639.807817
0.080975	8640.350528
0.080981	8640.890114
0.080987	8641.432673
0.080993	8641.974231
0.080998	8642.503496
0.081004	8643.042011
0.08101	8643.58914
0.081015	8644.148026
0.081021	8644.718328
0.081027	8645.27125
0.081033	8645.812798
0.081039	8646.358824
0.081044	8646.903203
0.08105	8647.456166
0.081056	8648.016205
0.081062	8648.578722
0.081068	8649.138822
0.081074	8649.690965
0.08108	8650.24233
0.081086	8650.79419
0.081092	8651.350267
0.081097	8651.892715
0.081103	8652.436315
0.081109	8652.976721
0.081115	8653.510524
0.081121	8654.063234
0.081126	8654.618077
0.081132	8655.166217
0.081138	8655.704054
0.081143	8656.24444
0.081149	8656.796189
0.081155	8657.34445
0.08116	8657.905066
0.081167	8658.453802
0.081172	8659.003873
0.081178	8659.53431
0.081184	8660.069913
0.08119	8660.590786
0.081195	8661.120505
0.081201	8661.65624
0.081207	8662.185717
0.081213	8662.718368
0.081218	8663.251474
0.081224	8663.803172
0.08123	8664.348987
0.081236	8664.897157
0.081241	8665.445226
0.081247	8665.981648
0.081252	8666.528777
0.081259	8667.085005
0.081265	8667.648624
0.08127	8668.200221
0.081276	8668.749766
0.081282	8669.296531
0.081287	8669.843245
0.081293	8670.386199
0.081299	8670.927363
0.081304	8671.463876
0.08131	8672.006627
0.081316	8672.570063
0.081321	8673.11423
0.081327	8673.655758
0.081333	8674.202037
0.081338	8674.765019
0.081344	8675.329385
0.08135	8675.887463
0.081356	8676.442458
0.081362	8676.999535
0.081367	8677.554065
0.081373	8678.104459
0.081378	8678.653003
0.081384	8679.205905
0.08139	8679.762456
0.081396	8680.312153
0.081402	8680.850901
0.081407	8681.375636
0.081413	8681.886884
0.081419	8682.416653
0.081424	8682.94336
0.081429	8683.460623
0.081435	8683.987744
0.08144	8684.523105
0.081446	8685.062944
0.081451	8685.593321
0.081457	8686.131037
0.081462	8686.664163
0.081468	8687.203892
0.081473	8687.733651
0.081478	8688.273895
0.081484	8688.806668
0.08149	8689.336134
0.081495	8689.877379
0.081501	8690.41645
0.081506	8690.952377
0.081512	8691.495209
0.081517	8692.038688
0.081523	8692.577931
0.081528	8693.123017
0.081533	8693.65673
0.081539	8694.192101
0.081545	8694.732577
0.08155	8695.276006
0.081556	8695.812448
0.081561	8696.348183
0.081567	8696.874718
0.081572	8697.407166
0.081578	8697.942618
0.081584	8698.483236
0.081589	8699.014532
0.081595	8699.560519
0.081601	8700.102471
0.081606	8700.643322
0.081612	8701.191684
0.081618	8701.747406
0.081624	8702.300581
0.08163	8702.858083
0.081635	8703.423147
0.081641	8703.981862
0.081646	8704.527373
0.081652	8705.069306
0.081658	8705.626646
0.081664	8706.166707
0.081669	8706.70778
0.081676	8707.249278
0.081682	8707.793606
0.081688	8708.341321
0.081694	8708.905809
0.081699	8709.476727
0.081706	8710.032803
0.081712	8710.579073
0.081717	8711.12239
0.081723	8711.674867
0.081729	8712.225605
0.081734	8712.762078
0.081741	8713.303909
0.081746	8713.833224
0.081751	8714.356432
0.081757	8714.862302
0.081763	8715.39375
0.081768	8715.926957
0.081774	8716.474986
0.081779	8717.030273
0.081785	8717.600898
0.081791	8718.164173
0.081797	8718.718015
0.081803	8719.263344
0.081808	8719.79645
0.081814	8720.337038
0.08182	8720.885875
0.081825	8721.427514
0.081831	8721.983075
0.081837	8722.546188
0.081843	8723.1138
0.081849	8723.656359
0.081854	8724.186108
0.08186	8724.721398
0.081866	8725.263947
0.081872	8725.805697
0.081878	8726.343697
0.081883	8726.869483
0.081889	8727.397797
0.081894	8727.932086
0.0819	8728.467437
0.081905	8729.008964
0.081911	8729.545518
0.081917	8730.082163
0.081922	8730.630565
0.081928	8731.165825
0.081934	8731.717807
0.08194	8732.268181
0.081946	8732.813207
0.081952	8733.374419
0.081958	8733.919991
0.081963	8734.456999
0.081969	8734.996
0.081975	8735.523272
0.08198	8736.048624
0.081986	8736.588312
0.081992	8737.144489
0.081998	8737.704306
0.082003	8738.25372
0.082009	8738.792579
0.082014	8739.320519
0.08202	8739.849166
0.082025	8740.384254
0.082031	8740.915297
0.082037	8741.458827
0.082043	8742.00633
0.082049	8742.548383
0.082055	8743.087364
0.08206	8743.617821
0.082066	8744.154951
0.082072	8744.684255
0.082077	8745.209476
0.082083	8745.74241
0.082089	8746.281188
0.082095	8746.812494
0.0821	8747.358885
0.082106	8747.886431
0.082111	8748.408668
0.082116	8748.925699
0.082122	8749.455247
0.082127	8749.99359
0.082133	8750.523633
0.082138	8751.039572
0.082144	8751.570363
0.082149	8752.098474
0.082155	8752.620722
0.08216	8753.155183
0.082166	8753.696499
0.082172	8754.240807
0.082178	8754.77729
0.082183	8755.31812
0.082189	8755.875318
0.082195	8756.425672
0.082201	8756.979403
0.082207	8757.505968
0.082212	8758.022493
0.082217	8758.549847
0.082223	8759.085774
0.082229	8759.623096
0.082234	8760.157435
0.08224	8760.677924
0.082246	8761.208341
0.082252	8761.732398
0.082258	8762.26328
0.082263	8762.800461
0.082269	8763.33666
0.082275	8763.874205
0.082281	8764.404349
0.082286	8764.940579
0.082292	8765.477213
0.082298	8766.032016
0.082304	8766.583856
0.082309	8767.139679
0.082315	8767.676678
0.082321	8768.272174
0.082328	8768.849946
0.082334	8769.40304
0.082339	8769.963484
0.082345	8770.526273
0.082351	8771.085767
0.082357	8771.642359
0.082363	8772.191883
0.082369	8772.745463
0.082374	8773.291449
0.08238	8773.842025
0.082386	8774.393289
0.082391	8774.937365
0.082397	8775.482209
0.082403	8776.030834
0.082409	8776.577326
0.082414	8777.1185
0.08242	8777.668196
0.082425	8778.208612
0.082431	8778.744013
0.082437	8779.28729
0.082443	8779.841162
0.082448	8780.400211
0.082454	8780.958077
0.08246	8781.504761
0.082466	8782.048311
0.082472	8782.597987
0.082478	8783.159948
0.082483	8783.714609
0.08249	8784.287842
0.082495	8784.84779
0.082501	8785.386265
0.082507	8785.926852
0.082513	8786.474709
0.082519	8787.0119
0.082524	8787.547432
0.08253	8788.082692
0.082536	8788.618376
0.082542	8789.156618
0.082547	8789.665349
0.082553	8790.191185
0.082558	8790.722846
0.082564	8791.257701
0.08257	8791.806761
0.082576	8792.348117
0.082582	8792.895195
0.082587	8793.442071
0.082594	8794.007226
0.0826	8794.561614
0.082606	8795.090272
0.082612	8795.624237
0.082617	8796.157566
0.082623	8796.695687
0.082629	8797.223313
0.082635	8797.760686
0.08264	8798.293751
0.082646	8798.833692
0.082652	8799.372399
0.082657	8799.908265
0.082663	8800.442999
0.082668	8800.988561
0.082674	8801.546962
0.08268	8802.096204
0.082686	8802.639188
0.082692	8803.174902
0.082698	8803.706087
0.082703	8804.243278
0.082709	8804.777213
0.082715	8805.336919
0.082721	8805.899001
0.082727	8806.44712
0.082733	8807.001094
0.082739	8807.5581
0.082745	8808.105492
0.082751	8808.645392
0.082757	8809.178933
0.082763	8809.708793
0.082769	8810.241606
0.082775	8810.77355
0.082781	8811.306049
0.082787	8811.850095
0.082793	8812.382372
0.082799	8812.918379
0.082804	8813.440819
0.08281	8813.973845
0.082816	8814.50783
0.082822	8815.047164
0.082828	8815.595971
0.082833	8816.139086
0.082839	8816.687893
0.082845	8817.242504
0.082851	8817.778168
0.082856	8818.300224
0.082862	8818.809702
0.082868	8819.346842
0.082873	8819.893365
0.082879	8820.428018
0.082885	8820.974459
0.082891	8821.517726
0.082896	8822.066553
0.082902	8822.590489
0.082908	8823.12128
0.082914	8823.65661
0.08292	8824.197724
0.082925	8824.736916
0.082931	8825.287462
0.082937	8825.828575
0.082943	8826.373177
0.082949	8826.91244
0.082954	8827.453594
0.08296	8827.990845
0.082966	8828.529764
0.082971	8829.054853
0.082977	8829.579163
0.082983	8830.12516
0.082989	8830.655081
0.082995	8831.190189
0.083	8831.719181
0.083006	8832.255876
0.083012	8832.806755
0.083018	8833.357554
0.083024	8833.912377
0.083029	8834.467756
0.083035	8835.014996
0.083041	8835.547354
0.083046	8836.06761
0.083052	8836.615062
0.083058	8837.170956
0.083065	8837.725557
0.08307	8838.260644
0.083076	8838.789039
0.083081	8839.307445
0.083087	8839.843989
0.083093	8840.387377
0.083098	8840.925892
0.083104	8841.459948
0.08311	8842.000101
0.083116	8842.545541
0.083121	8843.087504
0.083126	8843.634309
0.083132	8844.171368
0.083138	8844.70957
0.083143	8845.275049
0.083149	8845.818497
0.083155	8846.356608
0.083161	8846.900168
0.083166	8847.434497
0.083172	8847.986631
0.083178	8848.540695
0.083184	8849.085539
0.08319	8849.633689
0.083196	8850.189118
0.083202	8850.733295
0.083208	8851.284397
0.083213	8851.833042
0.083219	8852.37267
0.083224	8852.91171
0.08323	8853.452874
0.083236	8853.97314
0.083242	8854.512636
0.083247	8855.052364
0.083253	8855.594792
0.083258	8856.136825
0.083264	8856.679627
0.083269	8857.214179
0.083276	8857.765362
0.083282	8858.318911
0.083287	8858.8633
0.083293	8859.395061
0.083299	8859.938611
0.083305	8860.485709
0.083311	8861.030917
0.083316	8861.581706
0.083322	8862.126378
0.083328	8862.677541
0.083334	8863.23939
0.08334	8863.793869
0.083346	8864.333698
0.083352	8864.880463
0.083358	8865.421981
0.083364	8865.972203
0.083369	8866.514014
0.083375	8867.051953
0.083381	8867.592611
0.083387	8868.132663
0.083394	8868.70993
0.0834	8869.278331
0.083406	8869.848955
0.083412	8870.405578
0.083418	8870.965091
0.083424	8871.512291
0.083429	8872.057903
0.083436	8872.609935
0.083441	8873.150715
0.083447	8873.707165
0.083454	8874.265577
0.08346	8874.817266
0.083466	8875.376608
0.083472	8875.937001
0.083478	8876.489185
0.083483	8877.036485
0.08349	8877.587931
0.083495	8878.154441
0.083501	8878.717888
0.083507	8879.261276
0.083513	8879.780491
0.083519	8880.314769
0.083524	8880.860776
0.08353	8881.397916
0.083536	8881.932802
0.083541	8882.46337
0.083547	8883.009619
0.083552	8883.563552
0.083558	8884.112733
0.083564	8884.656304
0.08357	8885.185254
0.083576	8885.72011
0.083582	8886.253984
0.083587	8886.795431
0.083593	8887.329558
0.083599	8887.862695
0.083605	8888.393758
0.083611	8888.950967
0.083617	8889.503141
0.083623	8890.057205
0.083629	8890.609227
0.083635	8891.165182
0.083641	8891.709187
0.083646	8892.245154
0.083652	8892.77818
0.083658	8893.302854
0.083664	8893.840995
0.083669	8894.380329
0.083675	8894.918348
0.083681	8895.462545
0.083687	8896.002284
0.083692	8896.542912
0.083698	8897.083651
0.083703	8897.620124
0.083709	8898.15965
0.083715	8898.701956
0.083721	8899.225245
0.083726	8899.747321
0.083732	8900.266314
0.083738	8900.800956
0.083743	8901.333517
0.083749	8901.87375
0.083755	8902.41179
0.08376	8902.949062
0.083766	8903.498708
0.083772	8904.035059
0.083778	8904.576739
0.083784	8905.116568
0.08379	8905.658227
0.083795	8906.192749
0.083801	8906.729565
0.083807	8907.265068
0.083813	8907.798881
0.083819	8908.331007
0.083825	8908.861595
0.083831	8909.392356
0.083837	8909.929668
0.083843	8910.469396
0.083848	8911.024563
0.083855	8911.57524
0.083861	8912.129335
0.083867	8912.662683
0.083872	8913.193161
0.083878	8913.724781
0.083884	8914.261466
0.08389	8914.81003
0.083897	8915.360758
0.083902	8915.92003
0.083909	8916.472527
0.083914	8917.01638
0.08392	8917.556533
0.083926	8918.096312
0.083932	8918.649304
0.083938	8919.203429
0.083943	8919.749891
0.083949	8920.290711
0.083955	8920.820228
0.083961	8921.359299
0.083967	8921.892729
0.083973	8922.425542
0.083979	8922.982619
0.083985	8923.53273
0.083991	8924.089362
0.083997	8924.637391
0.084002	8925.176745
0.084008	8925.724319
0.084014	8926.263279
0.084021	8926.818961
0.084027	8927.350085
0.084032	8927.893463
0.084038	8928.431665
0.084045	8928.979956
0.08405	8929.529289
0.084056	8930.064488
0.084062	8930.609635
0.084068	8931.162305
0.084074	8931.713164
0.08408	8932.257654
0.084086	8932.817532
0.084092	8933.366228
0.084098	8933.908908
0.084104	8934.442671
0.08411	8934.969489
0.084116	8935.498066
0.084121	8936.042627
0.084128	8936.577765
0.084133	8937.113378
0.084139	8937.645493
0.084145	8938.168105
0.08415	8938.693851
0.084156	8939.205322
0.084161	8939.730623
0.084167	8940.255115
0.084173	8940.783783
0.084179	8941.326676
0.084185	8941.870822
0.084191	8942.410368
0.084197	8942.96051
0.084202	8943.517536
0.084208	8944.040189
0.084214	8944.574235
0.08422	8945.111972
0.084226	8945.644896
0.084231	8946.161027
0.084238	8946.70026
0.084244	8947.240392
0.08425	8947.77825
0.084256	8948.322659
0.084262	8948.86353
0.084268	8949.396849
0.084274	8949.938366
0.08428	8950.477397
0.084286	8951.014335
0.084292	8951.559209
0.084297	8952.104174
0.084303	8952.657905
0.08431	8953.213021
0.084316	8953.761444
0.084322	8954.315215
0.084328	8954.852102
0.084334	8955.39362
0.08434	8955.931235
0.084345	8956.462572
0.084351	8956.996548
0.084357	8957.541048
0.084363	8958.08573
0.084369	8958.621859
0.084375	8959.163205
0.084381	8959.716066
0.084387	8960.263892
0.084394	8960.78793
0.084399	8961.318104
0.084405	8961.848834
0.084411	8962.383457
0.084418	8962.935428
0.084424	8963.490312
0.08443	8964.056963
0.084436	8964.624838
0.084442	8965.176304
0.084448	8965.715213
0.084455	8966.256549
0.084461	8966.810078
0.084467	8967.376203
0.084474	8967.939761
0.08448	8968.499386
0.084485	8969.049437
0.084491	8969.590651
0.084497	8970.14511
0.084504	8970.707788
0.08451	8971.26436
0.084516	8971.829161
0.084522	8972.3818
0.084528	8972.947319
0.084534	8973.507692
0.08454	8974.061675
0.084546	8974.61946
0.084552	8975.168227
0.084558	8975.713859
0.084565	8976.265477
0.084571	8976.827589
0.084577	8977.385586
0.084583	8977.940267
0.084589	8978.496859
0.084595	8979.058779
0.0846	8979.613107
0.084606	8980.163733
0.084612	8980.694504
0.084618	8981.234071
0.084624	8981.784435
0.08463	8982.331887
0.084636	8982.867773
0.084642	8983.413305
0.084649	8983.98946
0.084655	8984.567576
0.084661	8985.140021
0.084667	8985.700808
0.084673	8986.259169
0.08468	8986.817844
0.084686	8987.374274
0.084691	8987.940511
0.084697	8988.489753
0.084703	8989.057405
0.084709	8989.627221
0.084715	8990.188312
0.084721	8990.730517
0.084728	8991.266929
0.084734	8991.810055
0.08474	8992.344889
0.084745	8992.891543
0.084751	8993.452725
0.084757	8994.002301
0.084763	8994.562279
0.08477	8995.107052
0.084776	8995.653302
0.084782	8996.205769
0.084787	8996.745881
0.084793	8997.28475
0.084799	8997.832738
0.084805	8998.38564
0.084811	8998.938056
0.084817	8999.486034
0.084823	9000.034953
0.084829	9000.594375
0.084835	9001.143273
0.084841	9001.678442
0.084847	9002.20713
0.084853	9002.736657
0.084859	9003.264193
0.084864	9003.798401
0.08487	9004.345054
0.084876	9004.885369
0.084882	9005.438817
0.084887	9005.987978
0.084893	9006.5391
0.084899	9007.078585
0.084905	9007.585921
0.084911	9008.120513
0.084917	9008.647017
0.084923	9009.185249
0.084929	9009.735169
0.084935	9010.276373
0.084941	9010.826444
0.084946	9011.364443
0.084952	9011.917911
0.084959	9012.474462
0.084965	9013.024847
0.08497	9013.570752
0.084976	9014.124311
0.084983	9014.679467
0.084989	9015.22511
0.084995	9015.770075
0.085001	9016.31496
0.085006	9016.864798
0.085012	9017.420925
0.085018	9017.955922
0.085024	9018.501089
0.08503	9019.052434
0.085036	9019.593446
0.085042	9020.148299
0.085048	9020.695488
0.085054	9021.239766
0.08506	9021.788887
0.085066	9022.338199
0.085072	9022.887552
0.085078	9023.436511
0.085084	9023.991809
0.08509	9024.541394
0.085096	9025.097178
0.085103	9025.64649
0.085109	9026.191405
0.085115	9026.744428
0.085121	9027.290566
0.085127	9027.846713
0.085133	9028.399311
0.085139	9028.952709
0.085145	9029.511828
0.085151	9030.056369
0.085157	9030.593074
0.085163	9031.129355
0.085169	9031.671742
0.085175	9032.221428
0.085181	9032.749045
0.085186	9033.243581
0.085192	9033.766941
0.085198	9034.305516
0.085204	9034.837268
0.085209	9035.371284
0.085216	9035.902641
0.085222	9036.443421
0.085228	9036.981187
0.085233	9037.515072
0.085239	9038.037997
0.085245	9038.56527
0.08525	9039.092027
0.085256	9039.623161
0.085262	9040.151405
0.085268	9040.682165
0.085274	9041.218335
0.08528	9041.76053
0.085286	9042.326069
0.085292	9042.886766
0.085297	9043.423299
0.085303	9043.958417
0.085309	9044.486185
0.085315	9045.009616
0.085322	9045.560687
0.085328	9046.113529
0.085334	9046.659768
0.08534	9047.19163
0.085345	9047.732086
0.085351	9048.283674
0.085357	9048.851003
0.085364	9049.392227
0.085369	9049.928821
0.085375	9050.458298
0.085381	9050.990363
0.085387	9051.522872
0.085393	9052.066826
0.085399	9052.597193
0.085405	9053.132007
0.08541	9053.661969
0.085416	9054.208401
0.085423	9054.749959
0.085428	9055.290526
0.085434	9055.839616
0.08544	9056.371014
0.085446	9056.909852
0.085452	9057.443888
0.085458	9057.972678
0.085463	9058.510455
0.085469	9059.045138
0.085475	9059.582248
0.085481	9060.117669
0.085486	9060.673098
0.085493	9061.233491
0.085498	9061.798141
0.085504	9062.346847
0.085511	9062.89615
0.085516	9063.437637
0.085522	9063.995381
0.085528	9064.548233
0.085534	9065.097484
0.08554	9065.644866
0.085546	9066.179388
0.085552	9066.724636
0.085558	9067.266255
0.085563	9067.807237
0.085569	9068.345408
0.085575	9068.884287
0.085581	9069.416251
0.085587	9069.949448
0.085592	9070.491825
0.085598	9071.023162
0.085603	9071.548169
0.085609	9072.072146
0.085615	9072.600794
0.085621	9073.134486
0.085626	9073.667016
0.085632	9074.226257
0.085638	9074.780695
0.085644	9075.312871
0.085649	9075.861941
0.085656	9076.409333
0.085661	9076.965075
0.085667	9077.506179
0.085673	9078.055441
0.08568	9078.597343
0.085685	9079.133654
0.085691	9079.674979
0.085697	9080.219661
0.085703	9080.771279
0.08571	9081.310158
0.085716	9081.845428
0.085722	9082.39197
0.085728	9082.934732
0.085733	9083.48278
0.085739	9084.033508
0.085745	9084.596773
0.085751	9085.141051
0.085757	9085.679525
0.085762	9086.227908
0.085768	9086.777938
0.085774	9087.31527
0.08578	9087.86798
0.085786	9088.40332
0.085792	9088.95699
0.085798	9089.512551
0.085804	9090.068577
0.08581	9090.623319
0.085816	9091.180285
0.085822	9091.733864
0.085829	9092.2844
0.085834	9092.836331
0.08584	9093.388252
0.085846	9093.94085
0.085852	9094.502507
0.085858	9095.061637
0.085864	9095.612628
0.08587	9096.159413
0.085876	9096.710515
0.085882	9097.266834
0.085888	9097.822799
0.085894	9098.376792
0.0859	9098.934405
0.085906	9099.482737
0.085912	9100.02742
0.085917	9100.559424
0.085923	9101.08978
0.085929	9101.638567
0.085935	9102.179488
0.085941	9102.723988
0.085947	9103.280216
0.085953	9103.832531
0.085959	9104.367417
0.085965	9104.897844
0.08597	9105.430879
0.085976	9105.956928
0.085982	9106.490479
0.085988	9107.033402
0.085994	9107.56576
0.086	9108.101262
0.086005	9108.631639
0.086011	9109.161752
0.086017	9109.696274
0.086023	9110.233181
0.086028	9110.780159
0.086035	9111.322465
0.08604	9111.867329
0.086046	9112.414225
0.086052	9112.959585
0.086058	9113.509565
0.086064	9114.064802
0.08607	9114.608109
0.086076	9115.162558
0.086082	9115.718513
0.086088	9116.268685
0.086094	9116.804672
0.086099	9117.344036
0.086106	9117.875444
0.086111	9118.411563
0.086117	9118.954991
0.086123	9119.496196
0.086129	9120.036743
0.086135	9120.595741
0.086141	9121.146317
0.086147	9121.698137
0.086153	9122.250897
0.086159	9122.804749
0.086165	9123.366952
0.086171	9123.917792
0.086177	9124.469723
0.086184	9125.018166
0.08619	9125.569329
0.086196	9126.124111
0.086203	9126.68782
0.086208	9127.239812
0.086215	9127.775072
0.08622	9128.324303
0.086226	9128.870381
0.086232	9129.411454
0.086238	9129.959472
0.086244	9130.508613
0.08625	9131.060352
0.086255	9131.600474
0.086261	9132.155327
0.086267	9132.703902
0.086273	9133.239829
0.086279	9133.783288
0.086285	9134.333621
0.086291	9134.876676
0.086297	9135.42428
0.086303	9135.970216
0.086309	9136.521378
0.086314	9137.071197
0.08632	9137.625736
0.086326	9138.183218
0.086333	9138.739527
0.086339	9139.295997
0.086345	9139.852023
0.086351	9140.392914
0.086357	9140.930681
0.086362	9141.470722
0.086369	9142.026121
0.086375	9142.577789
0.086381	9143.129053
0.086387	9143.688698
0.086393	9144.244441
0.086399	9144.787303
0.086405	9145.330388
0.086411	9145.878073
0.086417	9146.425354
0.086423	9146.966062
0.086429	9147.511746
0.086436	9148.057307
0.086441	9148.608359
0.086447	9149.148219
0.086453	9149.685632
0.086459	9150.229636
0.086465	9150.778393
0.086471	9151.325502
0.086477	9151.86619
0.086483	9152.411732
0.086489	9152.965867
0.086495	9153.522701
0.086501	9154.082003
0.086507	9154.635713
0.086512	9155.176715
0.086518	9155.714442
0.086524	9156.247235
0.08653	9156.797679
0.086536	9157.342352
0.086542	9157.873193
0.086549	9158.409696
0.086554	9158.954287
0.08656	9159.504318
0.086567	9160.047271
0.086572	9160.5898
0.086578	9161.107579
0.086584	9161.628543
0.08659	9162.162812
0.086596	9162.702661
0.086602	9163.227447
0.086607	9163.761463
0.086613	9164.309896
0.086619	9164.850372
0.086625	9165.400352
0.086631	9165.955215
0.086637	9166.493912
0.086642	9167.027079
0.086648	9167.563541
0.086654	9168.106444
0.08666	9168.647052
0.086666	9169.201683
0.086672	9169.755454
0.086678	9170.302583
0.086684	9170.860004
0.08669	9171.431215
0.086696	9171.992498
0.086702	9172.53814
0.086708	9173.086826
0.086714	9173.628718
0.08672	9174.179921
0.086726	9174.727111
0.086731	9175.264301
0.086737	9175.805859
0.086744	9176.357426
0.086749	9176.905293
0.086755	9177.443343
0.086761	9177.968604
0.086766	9178.495149
0.086772	9179.026688
0.086778	9179.560693
0.086783	9180.100634
0.086789	9180.650705
0.086795	9181.185702
0.086801	9181.724641
0.086807	9182.258121
0.086813	9182.808334
0.086819	9183.356797
0.086825	9183.908708
0.086831	9184.450903
0.086837	9184.996091
0.086843	9185.565644
0.086849	9186.118263
0.086855	9186.672246
0.086861	9187.215098
0.086867	9187.774299
0.086874	9188.339969
0.08688	9188.907308
0.086886	9189.473838
0.086892	9190.040631
0.086898	9190.59417
0.086904	9191.140662
0.08691	9191.692462
0.086917	9192.244838
0.086923	9192.803219
0.086929	9193.366676
0.086935	9193.925017
0.086941	9194.469871
0.086947	9195.0235
0.086953	9195.567364
0.086959	9196.116888
0.086965	9196.667556
0.086971	9197.220033
0.086977	9197.78724
0.086983	9198.340354
0.086989	9198.895207
0.086996	9199.439101
0.087002	9199.979638
0.087008	9200.535633
0.087014	9201.094298
0.08702	9201.651931
0.087026	9202.204368
0.087032	9202.763952
0.087038	9203.314205
0.087044	9203.874315
0.08705	9204.437388
0.087056	9205.003069
0.087062	9205.565514
0.087068	9206.12152
0.087074	9206.671763
0.08708	9207.22608
0.087086	9207.765727
0.087092	9208.313543
0.087098	9208.863958
0.087104	9209.422006
0.08711	9209.979214
0.087117	9210.534896
0.087122	9211.085776
0.087128	9211.642712
0.087134	9212.1981
0.08714	9212.74527
0.087146	9213.300254
0.087152	9213.855764
0.087158	9214.411739
0.087164	9214.96268
0.087171	9215.529331
0.087177	9216.095245
0.087183	9216.654425
0.087189	9217.21595
0.087195	9217.766567
0.087201	9218.300603
0.087207	9218.845164
0.087213	9219.39567
0.087219	9219.94473
0.087225	9220.484862
0.087231	9221.028412
0.087237	9221.578938
0.087243	9222.126077
0.087249	9222.681112
0.087255	9223.229161
0.087261	9223.782072
0.087267	9224.365214
0.087273	9224.932087
0.087279	9225.491116
0.087285	9226.051499
0.087291	9226.616937
0.087298	9227.193365
0.087303	9227.76949
0.08731	9228.335494
0.087316	9228.89242
0.087322	9229.462155
0.087329	9230.016229
0.087335	9230.567635
0.08734	9231.108839
0.087347	9231.652561
0.087353	9232.215411
0.087359	9232.784863
0.087365	9233.351989
0.087371	9233.917721
0.087378	9234.474464
0.087383	9235.025192
0.08739	9235.579358
0.087396	9236.144584
0.087402	9236.704957
0.087408	9237.269101
0.087415	9237.831627
0.087421	9238.391091
0.087427	9238.950463
0.087433	9239.50384
0.087439	9240.064455
0.087446	9240.627053
0.087452	9241.199143
0.087458	9241.756493
0.087465	9242.315694
0.087471	9242.86259
0.087476	9243.417059
0.087482	9243.966928
0.087488	9244.508627
0.087494	9245.057626
0.0875	9245.617909
0.087506	9246.160528
0.087511	9246.70881
0.087517	9247.246374
0.087524	9247.793463
0.08753	9248.349317
0.087536	9248.907304
0.087542	9249.471367
0.087548	9250.013501
0.087554	9250.570184
0.08756	9251.121448
0.087566	9251.68172
0.087572	9252.239788
0.087578	9252.782944
0.087584	9253.330952
0.08759	9253.865797
0.087596	9254.410105
0.087602	9254.961399
0.087608	9255.513826
0.087614	9256.080467
0.08762	9256.6463
0.087626	9257.21288
0.087632	9257.781251
0.087638	9258.359296
0.087644	9258.938818
0.08765	9259.509857
0.087656	9260.068653
0.087661	9260.630057
0.087668	9261.183515
0.087673	9261.725548
0.087679	9262.256066
0.087685	9262.794955
0.087691	9263.345441
0.087697	9263.891083
0.087703	9264.449667
0.087709	9264.994258
0.087715	9265.547544
0.087721	9266.09162
0.087727	9266.632541
0.087732	9267.169135
0.087738	9267.698611
0.087744	9268.253555
0.08775	9268.813746
0.087756	9269.370096
0.087762	9269.927567
0.087768	9270.479094
0.087774	9271.030196
0.08778	9271.593622
0.087786	9272.147121
0.087792	9272.696575
0.087799	9273.242905
0.087805	9273.78879
0.087811	9274.355573
0.087817	9274.917564
0.087823	9275.47274
0.087829	9276.033467
0.087835	9276.59019
0.087841	9277.144952
0.087847	9277.69286
0.087853	9278.237249
0.087859	9278.792395
0.087865	9279.348613
0.087871	9279.914122
0.087877	9280.470714
0.087882	9281.028084
0.087888	9281.583331
0.087895	9282.136213
0.087901	9282.689397
0.087907	9283.243694
0.087913	9283.805301
0.087919	9284.379292
0.087925	9284.946045
0.087932	9285.522564
0.087938	9286.085869
0.087944	9286.644472
0.08795	9287.205149
0.087956	9287.761346
0.087961	9288.297819
0.087967	9288.836769
0.087973	9289.397951
0.087979	9289.963551
0.087985	9290.523651
0.087991	9291.073621
0.087996	9291.62726
0.088002	9292.165755
0.088008	9292.722752
0.088014	9293.290556
0.088021	9293.856985
0.088027	9294.42588
0.088033	9294.986183
0.088039	9295.545969
0.088045	9296.101328
0.088051	9296.667979
0.088057	9297.220477
0.088063	9297.765098
0.088069	9298.319709
0.088075	9298.874865
0.088081	9299.426584
0.088088	9300.01391
0.088094	9300.591905
0.0881	9301.162904
0.088106	9301.707344
0.088112	9302.265149
0.088118	9302.815715
0.088124	9303.367525
0.08813	9303.930931
0.088137	9304.494994
0.088143	9305.055185
0.088148	9305.606055
0.088154	9306.166246
0.08816	9306.73866
0.088166	9307.300236
0.088172	9307.867808
0.088179	9308.441021
0.088184	9309.001373
0.088191	9309.564992
0.088197	9310.122494
0.088203	9310.679621
0.088209	9311.240652
0.088215	9311.80243
0.088221	9312.353643
0.088227	9312.919688
0.088233	9313.473409
0.08824	9314.038908
0.088245	9314.551177
0.088251	9315.088024
0.088257	9315.640208
0.088263	9316.168279
0.088268	9316.714356
0.088274	9317.257249
0.08828	9317.817026
0.088286	9318.373557
0.088292	9318.918896
0.088298	9319.477247
0.088305	9320.036832
0.088311	9320.593757
0.088317	9321.142322
0.088323	9321.692756
0.088329	9322.244172
0.088335	9322.793303
0.088341	9323.353716
0.088347	9323.90686
0.088353	9324.465879
0.08836	9325.032358
0.088366	9325.59811
0.088372	9326.146563
0.088378	9326.699708
0.088385	9327.262699
0.08839	9327.833253
0.088397	9328.390007
0.088402	9328.942383
0.088409	9329.500855
0.088415	9330.049773
0.08842	9330.580079
0.088426	9331.128593
0.088432	9331.684002
0.088438	9332.23935
0.088443	9332.792202
0.088449	9333.354627
0.088456	9333.910309
0.088462	9334.469883
0.088468	9335.050638
0.088474	9335.63751
0.088481	9336.213837
0.088487	9336.784047
0.088493	9337.351426
0.088499	9337.922911
0.088506	9338.478754
0.088511	9339.037419
0.088517	9339.593505
0.088523	9340.150057
0.088529	9340.717052
0.088535	9341.270671
0.088541	9341.832116
0.088547	9342.408554
0.088553	9342.975923
0.088559	9343.542797
0.088566	9344.105192
0.088572	9344.660874
0.088578	9345.215687
0.088584	9345.770317
0.08859	9346.330923
0.088596	9346.890568
0.088602	9347.451811
0.088608	9348.00546
0.088614	9348.561345
0.08862	9349.115692
0.088626	9349.673406
0.088632	9350.233011
0.088638	9350.792434
0.088644	9351.343536
0.08865	9351.913422
0.088656	9352.463817
0.088662	9352.989917
0.088668	9353.550138
0.088674	9354.101827
0.088679	9354.634811
0.088685	9355.178543
0.088691	9355.725975
0.088697	9356.292526
0.088703	9356.850007
0.088709	9357.431804
0.088715	9358.004471
0.088722	9358.572426
0.088728	9359.141999
0.088733	9359.707974
0.08874	9360.277577
0.088746	9360.856068
0.088752	9361.436418
0.088759	9362.008782
0.088765	9362.560036
0.088771	9363.103191
0.088777	9363.650937
0.088783	9364.213261
0.088789	9364.768609
0.088796	9365.336191
0.088802	9365.906229
0.088808	9366.472001
0.088814	9367.020778
0.088821	9367.557615
0.088827	9368.117887
0.088833	9368.674125
0.088839	9369.231384
0.088845	9369.785479
0.088851	9370.352666
0.088857	9370.909925
0.088863	9371.465465
0.088869	9372.015698
0.088875	9372.566426
0.088881	9373.124565
0.088887	9373.678225
0.088894	9374.241813
0.0889	9374.806796
0.088906	9375.376551
0.088912	9375.93652
0.088918	9376.490403
0.088924	9377.054233
0.088931	9377.612888
0.088937	9378.162362
0.088943	9378.725899
0.088949	9379.277436
0.088955	9379.846443
0.088961	9380.408616
0.088967	9380.960305
0.088973	9381.514955
0.088979	9382.060113
0.088985	9382.611134
0.088992	9383.168211
0.088998	9383.7273
0.089004	9384.295094
0.08901	9384.85669
0.089016	9385.426294
0.089023	9386.000013
0.089029	9386.579008
0.089035	9387.161947
0.089042	9387.745938
0.089048	9388.326137
0.089054	9388.90951
0.08906	9389.465536
0.089067	9390.024857
0.089072	9390.582319
0.089079	9391.131884
0.089085	9391.690336
0.089092	9392.245675
0.089098	9392.798991
0.089104	9393.355694
0.08911	9393.913843
0.089117	9394.483659
0.089123	9395.05211
0.089129	9395.617053
0.089135	9396.171906
0.089141	9396.710421
0.089147	9397.253131
0.089153	9397.808196
0.089159	9398.362857
0.089165	9398.907297
0.089171	9399.45027
0.089177	9399.995266
0.089183	9400.54374
0.089189	9401.091718
0.089195	9401.638341
0.089201	9402.186198
0.089207	9402.745054
0.089213	9403.299978
0.089219	9403.860513
0.089226	9404.409987
0.089232	9404.958319
0.089238	9405.519248
0.089244	9406.080976
0.08925	9406.641157
0.089256	9407.198538
0.089263	9407.760154
0.089269	9408.332154
0.089275	9408.891627
0.089281	9409.439838
0.089287	9409.992183
0.089292	9410.539231
0.089299	9411.090091
0.089305	9411.646784
0.089311	9412.188099
0.089316	9412.736057
0.089322	9413.282579
0.089328	9413.848098
0.089334	9414.405479
0.08934	9414.965144
0.089346	9415.507906
0.089352	9416.063395
0.089358	9416.627742
0.089364	9417.170897
0.08937	9417.689768
0.089376	9418.219973
0.089382	9418.753211
0.089387	9419.294486
0.089393	9419.83574
0.089399	9420.388551
0.089405	9420.949733
0.089412	9421.5022
0.089418	9422.065212
0.089424	9422.620136
0.08943	9423.169954
0.089436	9423.724321
0.089441	9424.274948
0.089448	9424.822047
0.089454	9425.368336
0.08946	9425.920965
0.089466	9426.460117
0.089472	9427.007519
0.089478	9427.559319
0.089484	9428.099552
0.08949	9428.643618
0.089496	9429.182578
0.089501	9429.706908
0.089507	9430.245747
0.089513	9430.798962
0.08952	9431.359861
0.089527	9431.917514
0.089532	9432.464046
0.089538	9433.007445
0.089544	9433.550863
0.08955	9434.087771
0.089556	9434.629309
0.089562	9435.194332
0.089568	9435.757678
0.089574	9436.312318
0.08958	9436.875553
0.089587	9437.443235
0.089593	9437.99002
0.089598	9438.541395
0.089605	9439.08446
0.08961	9439.627787
0.089616	9440.168476
0.089622	9440.70965
0.089628	9441.266474
0.089634	9441.83261
0.089641	9442.39815
0.089647	9442.969148
0.089653	9443.530573
0.089659	9444.097791
0.089666	9444.659235
0.089672	9445.2161
0.089678	9445.771914
0.089684	9446.332994
0.08969	9446.895258
0.089696	9447.454772
0.089702	9448.000849
0.089708	9448.560747
0.089714	9449.125811
0.08972	9449.689945
0.089726	9450.252118
0.089732	9450.820165
0.089739	9451.468041
0.089746	9452.062909
0.089752	9452.658708
0.089758	9453.229111
0.089764	9453.787765
0.08977	9454.355751
0.089777	9454.93959
0.089783	9455.517655
0.089789	9456.085945
0.089795	9456.654214
0.089801	9457.223211
0.089808	9457.784928
0.089813	9458.346363
0.08982	9458.911963
0.089826	9459.484721
0.089832	9460.052383
0.089838	9460.608308
0.089844	9461.151069
0.08985	9461.698299
0.089856	9462.24926
0.089862	9462.825041
0.089868	9463.40247
0.089874	9463.971002
0.08988	9464.533093
0.089886	9465.077563
0.089892	9465.63189
0.089898	9466.183286
0.089903	9466.731244
0.08991	9467.293335
0.089916	9467.846035
0.089922	9468.411473
0.089928	9468.9639
0.089934	9469.508562
0.08994	9470.066175
0.089946	9470.616781
0.089952	9471.172018
0.089958	9471.714325
0.089964	9472.273808
0.08997	9472.82765
0.089976	9473.362131
0.089981	9473.887564
0.089987	9474.419972
0.089993	9474.953149
0.089999	9475.501865
0.090005	9476.057547
0.09001	9476.608033
0.090016	9477.161399
0.090022	9477.73254
0.090028	9478.299464
0.090034	9478.858189
0.09004	9479.401365
0.090046	9479.949788
0.090052	9480.510848
0.090058	9481.075387
0.090064	9481.642635
0.09007	9482.199065
0.090076	9482.758033
0.090082	9483.311602
0.090088	9483.865403
0.090093	9484.418062
0.0901	9484.966526
0.090106	9485.527515
0.090111	9486.087343
0.090117	9486.627263
0.090123	9487.183309
0.090129	9487.751406
0.090135	9488.323264
0.090141	9488.887034
0.090147	9489.452523
0.090153	9490.022511
0.090159	9490.582075
0.090165	9491.142832
0.090171	9491.712466
0.090177	9492.273406
0.090183	9492.841058
0.090189	9493.396629
0.090195	9493.946447
0.090201	9494.484082
0.090207	9495.030877
0.090212	9495.583769
0.090219	9496.138592
0.090225	9496.706315
0.090231	9497.288081
0.090237	9497.845411
0.090243	9498.402832
0.090249	9498.945381
0.090255	9499.497878
0.090261	9500.058615
0.090266	9500.606846
0.090272	9501.159828
0.090278	9501.711021
0.090284	9502.26273
0.090289	9502.804278
0.090295	9503.34253
0.090301	9503.883593
0.090306	9504.435403
0.090313	9504.992531
0.090319	9505.556119
0.090325	9506.118281
0.090331	9506.681313
0.090337	9507.243456
0.090343	9507.815304
0.090349	9508.379397
0.090355	9508.935797
0.090361	9509.493501
0.090367	9510.050315
0.090374	9510.606746
0.09038	9511.166603
0.090386	9511.725672
0.090392	9512.289482
0.090398	9512.868852
0.090404	9513.429225
0.09041	9513.981531
0.090415	9514.525626
0.090421	9515.062686
0.090427	9515.602232
0.090433	9516.131132
0.090438	9516.674166
0.090444	9517.22355
0.09045	9517.762186
0.090456	9518.311923
0.090462	9518.853856
0.090468	9519.393331
0.090474	9519.927681
0.09048	9520.464912
0.090486	9520.998736
0.090492	9521.534531
0.090498	9522.066353
0.090503	9522.60687
0.090509	9523.143686
0.090514	9523.686559
0.09052	9524.225994
0.090526	9524.761425
0.090532	9525.305895
0.090538	9525.845593
0.090544	9526.391569
0.09055	9526.926708
0.090556	9527.45583
0.090561	9527.97917
0.090567	9528.499325
0.090573	9529.022897
0.090579	9529.571624
0.090585	9530.125698
0.090591	9530.684878
0.090597	9531.248648
0.090604	9531.824662
0.09061	9532.40202
0.090616	9532.969419
0.090622	9533.527993
0.090628	9534.079014
0.090634	9534.620006
0.09064	9535.165325
0.090645	9535.711645
0.090651	9536.267681
0.090657	9536.818247
0.090663	9537.365305
0.090669	9537.923747
0.090675	9538.471614
0.090681	9539.005924
0.090687	9539.567176
0.090693	9540.107774
0.090699	9540.655651
0.090705	9541.209695
0.090711	9541.753932
0.090717	9542.318754
0.090723	9542.872141
0.090729	9543.435436
0.090735	9543.997002
0.090741	9544.539146
0.090747	9545.089965
0.090753	9545.629461
0.090759	9546.176327
0.090765	9546.734031
0.090771	9547.284031
0.090777	9547.845981
0.090783	9548.401572
0.090789	9548.945496
0.090795	9549.479998
0.090801	9550.020797
0.090807	9550.580766
0.090813	9551.135316
0.090819	9551.668958
0.090825	9552.208453
0.090831	9552.755795
0.090837	9553.31274
0.090843	9553.871556
0.090849	9554.439269
0.090855	9554.999339
0.090861	9555.536115
0.090867	9556.082941
0.090873	9556.602459
0.090879	9557.142086
0.090885	9557.681632
0.09089	9558.24331
0.090897	9558.833689
0.090903	9559.403091
0.090909	9559.957671
0.090915	9560.508743
0.09092	9561.047005
0.090926	9561.579242
0.090933	9562.119981
0.090938	9562.668161
0.090944	9563.212469
0.09095	9563.748629
0.090956	9564.291481
0.090961	9564.839792
0.090968	9565.386527
0.090973	9565.918885
0.090979	9566.463951
0.090985	9567.007451
0.090991	9567.557329
0.090997	9568.113709
0.091003	9568.661849
0.091009	9569.23861
0.091015	9569.80048
0.091021	9570.361945
0.091027	9570.923844
0.091034	9571.474209
0.09104	9572.038737
0.091046	9572.600161
0.091052	9573.171625
0.091059	9573.741876
0.091065	9574.299469
0.091071	9574.859902
0.091077	9575.418951
0.091083	9575.977514
0.091089	9576.53631
0.091095	9577.078071
0.0911	9577.617981
0.091106	9578.163836
0.091112	9578.721065
0.091118	9579.270529
0.091123	9579.818992
0.091129	9580.347519
0.091135	9580.873113
0.091141	9581.425044
0.091148	9581.986802
0.091154	9582.549804
0.09116	9583.10952
0.091166	9583.660046
0.091171	9584.205435
0.091177	9584.745851
0.091183	9585.282132
0.091189	9585.826228
0.091194	9586.365511
0.091201	9586.922619
0.091206	9587.477734
0.091212	9588.033093
0.091218	9588.581677
0.091224	9589.134064
0.09123	9589.687744
0.091236	9590.255386
0.091242	9590.823402
0.091248	9591.384625
0.091254	9591.94151
0.09126	9592.477841
0.091266	9593.014445
0.091272	9593.565011
0.091278	9594.094619
0.091283	9594.626007
0.091289	9595.16524
0.091295	9595.698902
0.091301	9596.247264
0.091307	9596.80604
0.091312	9597.343817
0.091318	9597.88403
0.091324	9598.417055
0.09133	9598.950728
0.091336	9599.479648
0.091342	9600.011541
0.091348	9600.54586
0.091354	9601.081393
0.09136	9601.619736
0.091366	9602.166885
0.091372	9602.712154
0.091378	9603.262215
0.091384	9603.804116
0.09139	9604.359556
0.091395	9604.915278
0.091402	9605.472982
0.091407	9606.018231
0.091413	9606.567584
0.091419	9607.112256
0.091425	9607.643047
0.091431	9608.190853
0.091437	9608.742713
0.091443	9609.318858
0.091449	9609.881455
0.091455	9610.432092
0.091461	9610.97089
0.091467	9611.520921
0.091472	9612.083397
0.091479	9612.642617
0.091484	9613.150094
0.091491	9613.667317
0.091496	9614.203992
0.091502	9614.736573
0.091508	9615.275037
0.091514	9615.814594
0.09152	9616.352583
0.091526	9616.892392
0.091531	9617.441988
0.091537	9617.988449
0.091543	9618.534324
0.091549	9619.076499
0.091555	9619.615965
0.091561	9620.16276
0.091567	9620.711992
0.091573	9621.261264
0.091579	9621.811335
0.091585	9622.345977
0.091591	9622.899081
0.091597	9623.4508
0.091603	9623.994714
0.091609	9624.539437
0.091615	9625.085029
0.091621	9625.629023
0.091626	9626.137987
0.091632	9626.664804
0.091638	9627.217787
0.091644	9627.74878
0.09165	9628.284626
0.091656	9628.833099
0.091662	9629.382634
0.091667	9629.918308
0.091673	9630.463061
0.091679	9631.014426
0.091685	9631.554923
0.09169	9632.092902
0.091696	9632.610833
0.091702	9633.148984
0.091708	9633.698388
0.091714	9634.241149
0.091719	9634.773052
0.091726	9635.30176
0.091731	9635.831378
0.091738	9636.361583
0.091744	9636.899117
0.091749	9637.445488
0.091755	9637.976865
0.091761	9638.517584
0.091767	9639.08561
0.091773	9639.654193
0.09178	9640.230328
0.091786	9640.791024
0.091792	9641.341044
0.091798	9641.892976
0.091804	9642.443784
0.09181	9642.997121
0.091816	9643.554633
0.091822	9644.108586
0.091828	9644.661963
0.091834	9645.206099
0.091839	9645.753107
0.091845	9646.288022
0.091851	9646.810169
0.091857	9647.345166
0.091863	9647.901232
0.091869	9648.448149
0.091875	9648.986542
0.091881	9649.531821
0.091888	9650.081204
0.091894	9650.645894
0.0919	9651.213375
0.091906	9651.755934
0.091912	9652.307137
0.091918	9652.870958
0.091924	9653.397209
0.091929	9653.944237
0.091936	9654.507582
0.091942	9655.074426
0.091948	9655.632261
0.091955	9656.182615
0.091961	9656.736023
0.091967	9657.299661
0.091974	9657.86789
0.09198	9658.44177
0.091986	9659.013426
0.091992	9659.571777
0.091998	9660.112759
0.092003	9660.658432
0.092009	9661.214478
0.092016	9661.764063
0.092022	9662.323901
0.092028	9662.870463
0.092034	9663.423436
0.092041	9663.984698
0.092047	9664.537489
0.092053	9665.085275
0.092058	9665.621091
0.092064	9666.176853
0.092071	9666.72465
0.092077	9667.277956
0.092083	9667.82837
0.09209	9668.381868
0.092096	9668.964292
0.092102	9669.517264
0.092108	9670.091306
0.092115	9670.652498
0.092121	9671.20813
0.092127	9671.779341
0.092133	9672.342605
0.092139	9672.883334
0.092145	9673.431424
0.092151	9673.979321
0.092156	9674.530767
0.092163	9675.086246
0.092169	9675.629594
0.092175	9676.185529
0.092181	9676.735387
0.092187	9677.28836
0.092193	9677.827856
0.092199	9678.358778
0.092205	9678.882977
0.09221	9679.418287
0.092216	9679.967125
0.092223	9680.509097
0.092229	9681.053112
0.092235	9681.596076
0.092241	9682.136744
0.092247	9682.684581
0.092253	9683.228363
0.092259	9683.778828
0.092265	9684.324673
0.092271	9684.876412
0.092277	9685.4189
0.092283	9685.967151
0.092289	9686.517495
0.092295	9687.059812
0.092302	9687.594778
0.092307	9688.139177
0.092314	9688.675205
0.092319	9689.198484
0.092325	9689.734633
0.092331	9690.281934
0.092337	9690.836959
0.092343	9691.382035
0.092349	9691.932945
0.092355	9692.477264
0.092361	9693.016244
0.092366	9693.534397
0.092372	9694.071224
0.092378	9694.621871
0.092384	9695.166169
0.09239	9695.7034
0.092396	9696.240408
0.092401	9696.780096
0.092407	9697.325243
0.092413	9697.856085
0.092419	9698.398907
0.092425	9698.954205
0.092431	9699.508421
0.092436	9700.059593
0.092442	9700.597835
0.092448	9701.159432
0.092454	9701.71663
0.09246	9702.276639
0.092466	9702.821686
0.092472	9703.36936
0.092477	9703.922606
0.092484	9704.477974
0.09249	9705.020048
0.092495	9705.570756
0.092501	9706.107825
0.092507	9706.637484
0.092514	9707.185917
0.09252	9707.730255
0.092525	9708.280731
0.092532	9708.831903
0.092537	9709.380791
0.092543	9709.932672
0.092549	9710.478881
0.092555	9711.031641
0.09256	9711.584957
0.092566	9712.149091
0.092573	9712.713761
0.092578	9713.271849
0.092585	9713.82929
0.092591	9714.385771
0.092597	9714.937075
0.092603	9715.51414
0.092609	9716.080205
0.092615	9716.638233
0.092622	9717.193177
0.092628	9717.736231
0.092633	9718.268397
0.092639	9718.799906
0.092646	9719.353788
0.092652	9719.914606
0.092658	9720.472573
0.092664	9721.03518
0.09267	9721.600902
0.092676	9722.157574
0.092682	9722.721425
0.092689	9723.272305
0.092694	9723.811558
0.092701	9724.362104
0.092706	9724.910062
0.092713	9725.455412
0.092718	9726.00347
0.092724	9726.554249
0.09273	9727.097122
0.092737	9727.649983
0.092742	9728.206443
0.092749	9728.757242
0.092755	9729.308182
0.092761	9729.861519
0.092767	9730.41433
0.092773	9730.983781
0.092779	9731.531719
0.092784	9732.067787
0.092791	9732.609154
0.092797	9733.162126
0.092803	9733.710701
0.092809	9734.256333
0.092815	9734.804766
0.092821	9735.351703
0.092827	9735.897113
0.092833	9736.438924
0.092839	9736.980239
0.092845	9737.525083
0.092851	9738.058644
0.092857	9738.593449
0.092863	9739.121146
0.092868	9739.658125
0.092874	9740.186792
0.09288	9740.712255
0.092886	9741.2434
0.092892	9741.776951
0.092897	9742.309602
0.092904	9742.851939
0.09291	9743.397804
0.092915	9743.940646
0.092921	9744.454886
0.092926	9744.996384
0.092933	9745.52852
0.092938	9746.062333
0.092945	9746.600939
0.09295	9747.133055
0.092956	9747.678809
0.092962	9748.224016
0.092968	9748.763128
0.092974	9749.296214
0.092979	9749.820029
0.092985	9750.361021
0.092991	9750.90452
0.092997	9751.450577
0.093003	9752.006724
0.093009	9752.550385
0.093015	9753.080206
0.093021	9753.617457
0.093026	9754.156932
0.093032	9754.695255
0.093038	9755.242981
0.093044	9755.780606
0.09305	9756.315441
0.093056	9756.84147
0.093062	9757.377771
0.093067	9757.915598
0.093074	9758.465336
0.093079	9759.004265
0.093085	9759.54831
0.093091	9760.097845
0.093098	9760.642477
0.093103	9761.189019
0.093109	9761.735653
0.093115	9762.270366
0.093121	9762.810934
0.093127	9763.352098
0.093133	9763.891846
0.093139	9764.428703
0.093145	9764.975417
0.093152	9765.531029
0.093158	9766.100612
0.093164	9766.656425
0.09317	9767.200946
0.093176	9767.739249
0.093182	9768.290421
0.093188	9768.843273
0.093193	9769.389168
0.093199	9769.941574
0.093205	9770.489502
0.093212	9771.036398
0.093218	9771.587753
0.093224	9772.130929
0.093229	9772.675247
0.093235	9773.226673
0.093241	9773.764753
0.093247	9774.303329
0.093253	9774.857797
0.093259	9775.397141
0.093264	9775.917104
0.09327	9776.461594
0.093277	9777.007288
0.093283	9777.540566
0.093288	9778.063096
0.093294	9778.585607
0.0933	9779.111687
0.093306	9779.642821
0.093311	9780.182378
0.093317	9780.720114
0.093323	9781.253878
0.093329	9781.803362
0.093335	9782.367314
0.093342	9782.926231
0.093347	9783.476747
0.093354	9784.018821
0.093359	9784.548277
0.093365	9785.085326
0.093371	9785.628664
0.093377	9786.173589
0.093383	9786.720606
0.093389	9787.258777
0.093395	9787.800417
0.093401	9788.339255
0.093407	9788.881258
0.093413	9789.422513
0.093419	9789.962838
0.093425	9790.501484
0.093431	9791.041404
0.093436	9791.578777
0.093442	9792.100378
0.093448	9792.634222
0.093453	9793.161535
0.093459	9793.710463
0.093465	9794.25835
0.093471	9794.802365
0.093477	9795.36383
0.093483	9795.918936
0.093489	9796.458037
0.093495	9797.010798
0.093501	9797.56374
0.093508	9798.127581
0.093514	9798.67389
0.093519	9799.210747
0.093526	9799.753064
0.093532	9800.29537
0.093538	9800.851244
0.093544	9801.395512
0.09355	9801.946675
0.093555	9802.4843
0.093561	9803.026889
0.093568	9803.589466
0.093574	9804.130913
0.093579	9804.689679
0.093586	9805.233077
0.093591	9805.766274
0.093597	9806.309662
0.093603	9806.834549
0.093609	9807.365896
0.093615	9807.901883
0.093621	9808.439488
0.093627	9808.978903
0.093633	9809.514729
0.093639	9810.052546
0.093645	9810.591092
0.093651	9811.131275
0.093657	9811.671307
0.093663	9812.220963
0.093669	9812.765473
0.093676	9813.310034
0.093682	9813.852057
0.093687	9814.401238
0.093694	9814.945688
0.093699	9815.505273
0.093706	9816.055404
0.093712	9816.610318
0.093718	9817.166515
0.093724	9817.710146
0.09373	9818.262795
0.093735	9818.805435
0.093742	9819.345062
0.093748	9819.899864
0.093753	9820.446326
0.093759	9820.985872
0.093765	9821.52279
0.093771	9822.060233
0.093777	9822.600669
0.093782	9823.15535
0.093788	9823.703268
0.093794	9824.242167
0.0938	9824.772857
0.093806	9825.296985
0.093812	9825.83369
0.093818	9826.380031
0.093824	9826.914956
0.09383	9827.459285
0.093835	9828.012116
0.093842	9828.559103
0.093847	9829.107667
0.093854	9829.665624
0.09386	9830.214735
0.093866	9830.769952
0.093873	9831.327443
0.093878	9831.885087
0.093884	9832.425856
0.09389	9832.966707
0.093896	9833.506344
0.093902	9834.053543
0.093908	9834.581493
0.093914	9835.121323
0.09392	9835.645582
0.093926	9836.194026
0.093932	9836.763933
0.093937	9837.314195
0.093943	9837.872193
0.09395	9838.452311
0.093956	9839.037595
0.093963	9839.582075
0.093968	9840.121359
0.093974	9840.654798
0.09398	9841.198692
0.093986	9841.738137
0.093993	9842.293394
0.093999	9842.826996
0.094004	9843.358798
0.09401	9843.893946
0.094016	9844.435171
0.094022	9844.979752
0.094028	9845.520451
0.094034	9846.081632
0.09404	9846.64246
0.094046	9847.202277
0.094052	9847.765754
0.094058	9848.31442
0.094064	9848.858051
0.09407	9849.404148
0.094076	9849.914072
0.094081	9850.431578
0.094088	9850.961105
0.094093	9851.491522
0.094099	9852.017682
0.094105	9852.554115
0.094111	9853.108523
0.094117	9853.659858
0.094123	9854.194066
0.094129	9854.732823
0.094135	9855.275443
0.094142	9855.821955
0.094148	9856.36229
0.094153	9856.901199
0.094159	9857.435731
0.094165	9857.978967
0.094171	9858.525874
0.094177	9859.060395
0.094183	9859.609738
0.094189	9860.163388
0.094195	9860.706099
0.094201	9861.247485
0.094207	9861.783634
0.094213	9862.314152
0.094219	9862.858784
0.094225	9863.406883
0.094231	9863.966448
0.094237	9864.531744
0.094243	9865.080026
0.094249	9865.649922
0.094255	9866.197415
0.094262	9866.744989
0.094268	9867.27303
0.094274	9867.807592
0.094279	9868.337928
0.094286	9868.882094
0.094291	9869.412218
0.094297	9869.946547
0.094302	9870.502523
0.094309	9871.04954
0.094315	9871.597245
0.094321	9872.140027
0.094327	9872.670403
0.094333	9873.201649
0.094339	9873.740973
0.094344	9874.275191
0.09435	9874.809652
0.094356	9875.342879
0.094362	9875.865643
0.094367	9876.401175
0.094373	9876.926537
0.094379	9877.462616
0.094385	9878.01299
0.094391	9878.543629
0.094397	9879.085895
0.094403	9879.629606
0.094409	9880.163188
0.094415	9880.69868
0.094421	9881.237933
0.094427	9881.773728
0.094433	9882.31195
0.094439	9882.854266
0.094445	9883.395279
0.09445	9883.923299
0.094456	9884.449227
0.094462	9884.969676
0.094468	9885.510496
0.094474	9886.050224
0.094479	9886.578952
0.094486	9887.116739
0.094492	9887.654506
0.094498	9888.196499
0.094504	9888.728483
0.094509	9889.25889
0.094515	9889.806706
0.094522	9890.349498
0.094527	9890.881411
0.094534	9891.436284
0.094539	9891.98954
0.094545	9892.530754
0.094551	9893.078681
0.094558	9893.643766
0.094563	9894.207324
0.09457	9894.781588
0.094576	9895.332286
0.094582	9895.868394
0.094588	9896.417758
0.094594	9896.964381
0.0946	9897.522681
0.094606	9898.07344
0.094612	9898.628212
0.094618	9899.187705
0.094624	9899.752355
0.09463	9900.300283
0.094636	9900.853356
0.094642	9901.413032
0.094648	9901.941801
0.094654	9902.486816
0.09466	9903.042033
0.094666	9903.590042
0.094672	9904.139445
0.094678	9904.681307
0.094684	9905.244976
0.09469	9905.784037
0.094695	9906.318144
0.094701	9906.855678
0.094708	9907.390654
0.094713	9907.929614
0.094719	9908.479614
0.094725	9909.027926
0.094731	9909.553399
0.094736	9910.091803
0.094742	9910.654259
0.094748	9911.207706
0.094754	9911.765249
0.09476	9912.295372
0.094765	9912.846494
0.094771	9913.384322
0.094777	9913.916215
0.094782	9914.447501
0.094788	9914.987533
0.094794	9915.538776
0.0948	9916.087573
0.094806	9916.633479
0.094812	9917.186684
0.094818	9917.732215
0.094824	9918.273642
0.09483	9918.814563
0.094836	9919.353088
0.094842	9919.891543
0.094848	9920.43576
0.094854	9920.964043
0.094859	9921.504773
0.094865	9922.050173
0.094872	9922.58522
0.094877	9923.11501
0.094882	9923.660127
0.094889	9924.218458
0.094895	9924.76132
0.094901	9925.309298
0.094907	9925.846125
0.094912	9926.378402
0.094919	9926.924924
0.094925	9927.459627
0.09493	9927.997152
0.094936	9928.543573
0.094942	9929.093037
0.094949	9929.648345
0.094954	9930.196798
0.09496	9930.737345
0.094966	9931.281653
0.094972	9931.827084
0.094978	9932.364982
0.094983	9932.892245
0.094989	9933.415584
0.094995	9933.932524
0.095	9934.440547
0.095006	9934.962805
0.095011	9935.476429
0.095017	9935.985473
0.095023	9936.50948
0.095029	9937.038391
0.095034	9937.571011
0.09504	9938.12182
0.095046	9938.676754
0.095052	9939.225733
0.095057	9939.772852
0.095063	9940.320668
0.095069	9940.859406
0.095075	9941.39599
0.095081	9941.936062
0.095087	9942.478469
0.095092	9943.015447
0.095098	9943.546885
0.095104	9944.089303
0.095109	9944.628434
0.095116	9945.16151
0.095121	9945.689096
0.095128	9946.231332
0.095133	9946.777278
0.095139	9947.335841
0.095146	9947.892928
0.095152	9948.448904
0.095158	9948.998509
0.095164	9949.536125
0.09517	9950.071576
0.095175	9950.592712
0.095181	9951.134371
0.095187	9951.685868
0.095193	9952.225242
0.095199	9952.769398
0.095204	9953.306174
0.09521	9953.843274
0.095217	9954.365219
0.095222	9954.889711
0.095228	9955.414709
0.095234	9955.950181
0.09524	9956.491395
0.095246	9957.019416
0.095252	9957.555191
0.095258	9958.097851
0.095264	9958.636568
0.09527	9959.170119
0.095276	9959.708978
0.095282	9960.22883
0.095288	9960.757376
0.095294	9961.283355
0.0953	9961.835943
0.095307	9962.38379
0.095313	9962.924549
0.095319	9963.475318
0.095324	9964.020252
0.09533	9964.554734
0.095336	9965.093077
0.095342	9965.638345
0.095349	9966.173271
0.095354	9966.705761
0.09536	9967.230859
0.095365	9967.754412
0.095371	9968.271271
0.095377	9968.80929
0.095383	9969.361474
0.095389	9969.904053
0.095395	9970.451738
0.095401	9970.994206
0.095405	9971.467825
0.095411	9971.980913
0.095417	9972.516597
0.095423	9973.062361
0.095429	9973.597054
0.095435	9974.14483
0.095441	9974.695285
0.095447	9975.243779
0.095453	9975.797762
0.095459	9976.348389
0.095465	9976.895478
0.095471	9977.457559
0.095477	9978.005416
0.095483	9978.549027
0.095489	9979.096206
0.095495	9979.644346
0.095501	9980.218297
0.095507	9980.778538
0.095513	9981.323504
0.095519	9981.861554
0.095525	9982.412282
0.095531	9982.95568
0.095537	9983.489302
0.095543	9984.036956
0.095549	9984.587775
0.095554	9985.145156
0.095561	9985.695924
0.095567	9986.250302
0.095573	9986.803851
0.095579	9987.343913
0.095585	9987.888858
0.09559	9988.432478
0.095596	9988.957223
0.095602	9989.480371
0.095608	9990.018451
0.095614	9990.560525
0.09562	9991.117966
0.095626	9991.686528
0.095632	9992.245496
0.095639	9992.793585
0.095645	9993.346315
0.095651	9993.888551
0.095657	9994.433526
0.095663	9994.982343
0.095669	9995.533162
0.095675	9996.082566
0.095681	9996.616815
0.095686	9997.052752
0.095691	9997.553031
0.095697	9998.071659
0.095703	9998.609628
0.095709	9999.162439
0.095715	9999.692876
0.095721	10000.21963
0.095727	10000.75196
0.095733	10001.29001
0.095739	10001.83525
0.095745	10002.37218
0.095751	10002.92239
0.095757	10003.47005
0.095763	10004.00617
0.095769	10004.53412
0.095774	10005.06464
0.09578	10005.60124
0.095786	10006.14348
0.095793	10006.69482
0.095798	10007.23338
0.095804	10007.77689
0.095811	10008.35319
0.095817	10008.91326
0.095824	10009.46756
0.09583	10010.01708
0.095836	10010.55257
0.095842	10011.10371
0.095849	10011.65836
0.095854	10012.20756
0.09586	10012.7616
0.095866	10013.30138
0.095872	10013.86722
0.095879	10014.43545
0.095885	10014.97449
0.095891	10015.52103
0.095897	10016.08044
0.095903	10016.63083
0.095909	10017.17148
0.095915	10017.7139
0.095921	10018.2641
0.095927	10018.82815
0.095934	10019.38662
0.09594	10019.96811
0.095946	10020.53585
0.095952	10021.07684
0.095959	10021.62897
0.095965	10022.16506
0.095971	10022.70165
0.095976	10023.24111
0.095983	10023.79844
0.095988	10024.35713
0.095994	10024.9038
0.096	10025.45612
0.096006	10025.99613
0.096013	10026.53725
0.096019	10027.09288
0.096025	10027.63843
0.096031	10028.17653
0.096037	10028.71005
0.096043	10029.25617
0.096049	10029.81436
0.096055	10030.35364
0.096061	10030.89494
0.096067	10031.4424
0.096073	10031.97457
0.096079	10032.5042
0.096085	10033.04624
0.096091	10033.59704
0.096098	10034.13983
0.096103	10034.68842
0.096109	10035.22827
0.096115	10035.78124
0.096121	10036.32064
0.096127	10036.86069
0.096133	10037.39923
0.096139	10037.94483
0.096145	10038.49244
0.096151	10039.03956
0.096157	10039.58322
0.096163	10040.12373
0.096169	10040.66259
0.096175	10041.1904
0.096181	10041.7293
0.096187	10042.27075
0.096193	10042.82618
0.096199	10043.40223
0.096205	10043.96598
0.096211	10044.50629
0.096217	10045.06813
0.096224	10045.60167
0.09623	10046.15676
0.096236	10046.71791
0.096242	10047.27402
0.096248	10047.83173
0.096254	10048.38323
0.09626	10048.92232
0.096266	10049.4688
0.096272	10049.99379
0.096278	10050.53856
0.096284	10051.07683
0.09629	10051.6122
0.096296	10052.14932
0.096302	10052.6876
0.096308	10053.23354
0.096314	10053.77261
0.096319	10054.31068
0.096325	10054.84981
0.096332	10055.3936
0.096337	10055.94361
0.096343	10056.4818
0.096349	10057.00309
0.096355	10057.553
0.096361	10058.09782
0.096368	10058.67127
0.096374	10059.23848
0.09638	10059.79899
0.096386	10060.35659
0.096392	10060.89504
0.096398	10061.43729
0.096403	10061.99081
0.096409	10062.53279
0.096415	10063.07877
0.096421	10063.63577
0.096427	10064.19466
0.096433	10064.75489
0.096439	10065.31105
0.096445	10065.85566
0.096451	10066.39978
0.096457	10066.94986
0.096463	10067.50387
0.09647	10068.0504
0.096476	10068.60304
0.096483	10069.1588
0.096489	10069.71732
0.096494	10070.26808
0.0965	10070.83086
0.096506	10071.39389
0.096513	10071.95519
0.096519	10072.52999
0.096525	10073.09312
0.096531	10073.65589
0.096537	10074.19241
0.096543	10074.71852
0.096549	10075.25186
0.096555	10075.78744
0.09656	10076.31293
0.096566	10076.82912
0.096573	10077.36442
0.096578	10077.90048
0.096584	10078.45074
0.09659	10079.00671
0.096597	10079.54233
0.096603	10080.06871
0.096609	10080.59824
0.096615	10081.1467
0.096622	10081.71131
0.096628	10082.2429
0.096634	10082.79854
0.09664	10083.36809
0.096646	10083.92021
0.096653	10084.46727
0.096658	10084.99624
0.096664	10085.5268
0.09667	10086.06454
0.096676	10086.59218
0.096682	10087.11476
0.096688	10087.64625
0.096694	10088.17197
0.0967	10088.73058
0.096706	10089.28101
0.096712	10089.82641
0.096718	10090.37625
0.096724	10090.9168
0.09673	10091.46607
0.096736	10091.99986
0.096742	10092.54214
0.096748	10093.0704
0.096754	10093.62376
0.096761	10094.17986
0.096766	10094.71725
0.096772	10095.26625
0.096778	10095.82129
0.096784	10096.37312
0.09679	10096.92408
0.096796	10097.46906
0.096802	10098.01891
0.096809	10098.55807
0.096815	10099.10316
0.096821	10099.66719
0.096827	10100.22011
0.096834	10100.79717
0.09684	10101.3502
0.096846	10101.89914
0.096852	10102.44772
0.096858	10102.99788
0.096864	10103.53472
0.09687	10104.09818
0.096877	10104.6505
0.096883	10105.23381
0.09689	10105.8443
0.096896	10106.40038
0.096903	10106.95934
0.096909	10107.52223
0.096915	10108.09886
0.096921	10108.67759
0.096928	10109.24908
0.096934	10109.81811
0.096941	10110.38712
0.096947	10110.9422
0.096953	10111.49819
0.096959	10112.06215
0.096965	10112.62573
0.096972	10113.18392
0.096978	10113.72327
0.096984	10114.25594
0.09699	10114.78497
0.096996	10115.32777
0.097003	10115.88533
0.097009	10116.43009
0.097015	10116.97931
0.097021	10117.52542
0.097027	10118.07014
0.097033	10118.64269
0.09704	10119.20793
0.097046	10119.76552
0.097052	10120.31666
0.097058	10120.85895
0.097064	10121.40776
0.09707	10121.95442
0.097076	10122.50859
0.097082	10123.05918
0.097089	10123.60809
0.097095	10124.1582
0.097101	10124.73283
0.097108	10125.30754
0.097114	10125.86488
0.09712	10126.40596
0.097126	10126.95067
0.097132	10127.49806
0.097138	10128.05285
0.097144	10128.61584
0.09715	10129.17834
0.097157	10129.73459
0.097162	10130.29021
0.097169	10130.85076
0.097175	10131.40776
0.097182	10132.03776
0.097188	10132.62485
0.097194	10133.19816
0.097201	10133.77618
0.097208	10134.35639
0.097214	10134.92476
0.09722	10135.49643
0.097227	10136.06631
0.097233	10136.64566
0.09724	10137.2425
0.097246	10137.82504
0.097253	10138.39466
0.097259	10138.96564
0.097265	10139.52116
0.097271	10140.09426
0.097278	10140.68611
0.097284	10141.25679
0.09729	10141.83105
0.097296	10142.39206
0.097302	10142.95068
0.097308	10143.50977
0.097315	10144.07709
0.097321	10144.66389
0.097328	10145.25298
0.097335	10145.82852
0.097341	10146.4009
0.097347	10146.97171
0.097353	10147.53564
0.097359	10148.10245
0.097366	10148.67182
0.097372	10149.24828
0.097379	10149.8254
0.097385	10150.39122
0.097392	10150.939
0.097398	10151.49461
0.097404	10152.06244
0.097411	10152.63585
0.097417	10153.21801
0.097424	10153.78911
0.09743	10154.3575
0.097436	10154.90331
0.097443	10155.45844
0.097449	10156.02697
0.097456	10156.60541
0.097462	10157.16404
0.097469	10157.71518
0.097475	10158.2543
0.097481	10158.83793
0.097487	10159.41295
0.097494	10159.96292
0.0975	10160.51772
0.097506	10161.07917
0.097513	10161.62821
0.097519	10162.18833
0.097525	10162.75654
0.097532	10163.31176
0.097539	10163.87974
0.097545	10164.43905
0.097551	10165.004
0.097558	10165.58148
0.097564	10166.14861
0.097571	10166.70354
0.097577	10167.26797
0.097583	10167.84317
0.09759	10168.41797
0.097596	10168.98597
0.097602	10169.54031
0.097609	10170.10198
0.097615	10170.66172
0.097621	10171.21821
0.097628	10171.78654
0.097634	10172.35672
0.097641	10172.92046
0.097647	10173.49246
0.097654	10174.05819
0.09766	10174.62697
0.097667	10175.17622
0.097673	10175.73096
0.097679	10176.29546
0.097685	10176.84968
0.097691	10177.41141
0.097698	10177.97966
0.097704	10178.54235
0.09771	10179.11612
0.097717	10179.68578
0.097723	10180.24735
0.097729	10180.80346
0.097735	10181.37924
0.097741	10181.94844
0.097747	10182.50541
0.097753	10183.05203
0.097759	10183.59868
0.097765	10184.1362
0.097772	10184.68505
0.097778	10185.2356
0.097784	10185.78903
0.09779	10186.33568
0.097796	10186.88552
0.097803	10187.43203
0.097809	10187.97143
0.097814	10188.5219
0.097821	10189.0772
0.097826	10189.61537
0.097833	10190.14367
0.097839	10190.68635
0.097845	10191.23573
0.097851	10191.80294
0.097858	10192.36771
0.097864	10192.92367
0.09787	10193.50443
0.097876	10194.07517
0.097882	10194.6374
0.097888	10195.19988
0.097895	10195.76184
0.097901	10196.32537
0.097907	10196.88169
0.097913	10197.41046
0.097919	10197.94453
0.097925	10198.49877
0.097931	10199.04351
0.097937	10199.59004
0.097943	10200.15592
0.09795	10200.71254
0.097956	10201.25943
0.097961	10201.78317
0.097967	10202.33033
0.097973	10202.88063
0.097979	10203.42974
0.097985	10203.97403
0.097991	10204.53681
0.097997	10205.08252
0.098003	10205.62937
0.09801	10206.18666
0.098016	10206.7601
0.098023	10207.33314
0.098029	10207.89733
0.098035	10208.45841
0.098041	10209.0106
0.098047	10209.56949
0.098053	10210.13054
0.09806	10210.6803
0.098065	10211.23739
0.098071	10211.79759
0.098078	10212.35951
0.098084	10212.90193
0.098091	10213.45835
0.098097	10214.01945
0.098103	10214.59966
0.098109	10215.16692
0.098115	10215.71017
0.098121	10216.26371
0.098127	10216.80077
0.098133	10217.35348
0.098139	10217.90624
0.098145	10218.44482
0.098151	10218.98791
0.098157	10219.54922
0.098164	10220.10808
0.09817	10220.66418
0.098176	10221.22427
0.098182	10221.77996
0.098189	10222.33246
0.098195	10222.87448
0.098201	10223.42739
0.098207	10223.97649
0.098213	10224.53013
0.09822	10225.0839
0.098225	10225.6445
0.098231	10226.19732
0.098238	10226.74703
0.098243	10227.30379
0.098249	10227.86213
0.098256	10228.41251
0.098262	10228.97356
0.098268	10229.53399
0.098274	10230.09357
0.098281	10230.66233
0.098287	10231.22276
0.098293	10231.77798
0.0983	10232.34431
0.098306	10232.91021
0.098312	10233.47085
0.098318	10234.03387
0.098324	10234.6057
0.09833	10235.17483
0.098337	10235.73093
0.098343	10236.30096
0.098349	10236.87143
0.098355	10237.41346
0.098362	10237.95871
0.098368	10238.51524
0.098374	10239.06794
0.09838	10239.63322
0.098387	10240.20503
0.098393	10240.79076
0.098399	10241.35154
0.098405	10241.9008
0.098411	10242.45408
0.098417	10243.01595
0.098424	10243.57032
0.09843	10244.13646
0.098437	10244.70272
0.098443	10245.27215
0.098449	10245.83499
0.098456	10246.39054
0.098462	10246.93388
0.098468	10247.48773
0.098474	10248.05052
0.098481	10248.59891
0.098487	10249.14966
0.098493	10249.70046
0.098499	10250.24638
0.098505	10250.79871
0.098511	10251.34849
0.098518	10251.89942
0.098523	10252.4613
0.09853	10253.01053
0.098536	10253.56482
0.098542	10254.12435
0.098548	10254.67076
0.098554	10255.22649
0.09856	10255.77352
0.098566	10256.33256
0.098572	10256.88635
0.098579	10257.44157
0.098585	10257.99766
0.098592	10258.54745
0.098598	10259.09776
0.098604	10259.64288
0.09861	10260.19627
0.098616	10260.75455
0.098622	10261.30513
0.098628	10261.83768
0.098634	10262.39461
0.098641	10262.93946
0.098646	10263.48441
0.098653	10264.03748
0.098658	10264.59415
0.098665	10265.1512
0.098671	10265.71722
0.098677	10266.28789
0.098683	10266.83079
0.098689	10267.37532
0.098696	10267.91983
0.098701	10268.46339
0.098708	10269.01815
0.098714	10269.57715
0.09872	10270.12535
0.098726	10270.68298
0.098732	10271.22562
0.098738	10271.76951
0.098744	10272.32039
0.098751	10272.87824
0.098757	10273.44395
0.098763	10274.00368
0.098769	10274.57469
0.098776	10275.143
0.098782	10275.71075
0.098788	10276.27245
0.098795	10276.82933
0.098801	10277.3826
0.098807	10277.94838
0.098813	10278.48829
0.098819	10279.02391
0.098826	10279.59388
0.098832	10280.15655
0.098838	10280.70593
0.098844	10281.26705
0.09885	10281.82725
0.098856	10282.38537
0.098862	10282.93359
0.098868	10283.48562
0.098874	10284.04604
0.09888	10284.59769
0.098887	10285.14286
0.098893	10285.69009
0.098899	10286.24355
0.098905	10286.80215
0.098911	10287.35747
0.098917	10287.90558
0.098924	10288.45522
0.09893	10289.0087
0.098936	10289.53835
0.098942	10290.08791
0.098948	10290.63079
0.098954	10291.17972
0.09896	10291.72912
0.098967	10292.30613
0.098973	10292.84432
0.098979	10293.40209
0.098986	10293.95112
0.098992	10294.50755
0.098998	10295.08432
0.099005	10295.64305
0.099011	10296.21436
0.099017	10296.77977
0.099023	10297.34592
0.099029	10297.90726
0.099036	10298.45215
0.099042	10298.99702
0.099048	10299.54769
0.099054	10300.08983
0.09906	10300.64219
0.099066	10301.20893
0.099072	10301.76226
0.099078	10302.31353
0.099084	10302.86713
0.099091	10303.4161
0.099096	10303.97101
0.099102	10304.51506
0.099108	10305.07297
0.099115	10305.63231
0.099121	10306.19157
0.099127	10306.73579
0.099134	10307.27775
0.09914	10307.82959
0.099146	10308.38266
0.099152	10308.93749
0.099158	10309.4854
0.099164	10310.02973
0.099171	10310.59928
0.099177	10311.15757
0.099183	10311.70621
0.099189	10312.2606
0.099195	10312.81461
0.099202	10313.36225
0.099207	10313.90465
0.099213	10314.42467
0.099219	10314.96839
0.099225	10315.51299
0.099231	10316.05501
0.099238	10316.6031
0.099244	10317.14164
0.09925	10317.69024
0.099256	10318.2332
0.099262	10318.78258
0.099268	10319.33735
0.099274	10319.88401
0.09928	10320.43919
0.099287	10320.99421
0.099293	10321.5315
0.099299	10322.09022
0.099305	10322.64703
0.099312	10323.18683
0.099317	10323.74091
0.099324	10324.29227
0.09933	10324.83407
0.099336	10325.38932
0.099342	10325.94018
0.099348	10326.49038
0.099355	10327.0556
0.099361	10327.61555
0.099367	10328.17257
0.099374	10328.72511
0.09938	10329.27323
0.099386	10329.82762
0.099392	10330.36773
0.099398	10330.90123
0.099404	10331.46699
0.099411	10332.018
0.099417	10332.57083
0.099423	10333.12972
0.099429	10333.67887
0.099436	10334.23317
0.099442	10334.79771
0.099448	10335.3584
0.099454	10335.91187
0.09946	10336.46222
0.099466	10337.00638
0.099472	10337.55775
0.099478	10338.10293
0.099484	10338.64391
0.099491	10339.21338
0.099497	10339.79009
0.099504	10340.34701
0.09951	10340.91911
0.099516	10341.48544
0.099523	10342.06219
0.099529	10342.63412
0.099536	10343.19167
0.099542	10343.75674
0.099548	10344.31386
0.099555	10344.86567
0.099561	10345.41596
0.099567	10345.96489
0.099573	10346.51188
0.099579	10347.05543
0.099586	10347.59645
0.099592	10348.14816
0.099597	10348.7064
0.099604	10349.24875
0.099611	10349.81
0.099617	10350.38777
0.099623	10350.94931
0.09963	10351.52361
0.099636	10352.10278
0.099642	10352.66298
0.099648	10353.22558
0.099655	10353.77975
0.09966	10354.32804
0.099667	10354.88105
0.099673	10355.42685
0.099679	10355.99066
0.099686	10356.54611
0.099692	10357.09817
0.099698	10357.65414
0.099704	10358.20361
0.09971	10358.74352
0.099716	10359.29851
0.099723	10359.86668
0.099729	10360.42722
0.099735	10360.98405
0.099741	10361.53975
0.099747	10362.09563
0.099753	10362.6486
0.099759	10363.20492
0.099766	10363.76071
0.099772	10364.31511
0.099778	10364.84584
0.099784	10365.39436
0.09979	10365.95941
0.099797	10366.50823
0.099803	10367.06089
0.099809	10367.60365
0.099816	10368.14378
0.099822	10368.71164
0.099828	10369.25803
0.099835	10369.80786
0.099841	10370.36497
0.099847	10370.92506
0.099853	10371.48926
0.09986	10372.06481
0.099866	10372.61657
0.099872	10373.17714
0.099879	10373.72497
0.099885	10374.26691
0.099891	10374.82533
0.099897	10375.38612
0.099903	10375.93406
0.099909	10376.49553
0.099916	10377.04494
0.099922	10377.5949
0.099928	10378.15753
0.099934	10378.70243
0.09994	10379.24896
0.099947	10379.79913
0.099952	10380.34493
0.099958	10380.88455
0.099965	10381.42672
0.099971	10381.97904
0.099977	10382.53626
0.099983	10383.09533
0.099989	10383.6484
0.099995	10384.21491
0.100002	10384.77376
0.100008	10385.33924
0.100015	10385.90366
0.100021	10386.44249
0.100027	10386.98998
0.100034	10387.52019
0.100039	10388.04795
0.100046	10388.59915
0.100052	10389.14266
0.100058	10389.70027
0.100065	10390.26763
0.100072	10390.83468
0.100078	10391.39998
0.100084	10391.96348
0.10009	10392.52984
0.100097	10393.10843
0.100104	10393.67915
0.10011	10394.22828
0.100116	10394.78572
0.100123	10395.35142
0.100129	10395.89483
0.100135	10396.43829
0.100142	10396.97978
0.100148	10397.52923
0.100154	10398.08636
0.10016	10398.6364
0.100167	10399.18927
0.100173	10399.74763
0.100179	10400.3066
0.100185	10400.86237
0.100191	10401.42247
0.100197	10401.97087
0.100203	10402.52095
0.100209	10403.06427
0.100215	10403.61076
0.100221	10404.16534
0.100228	10404.72404
0.100234	10405.28194
0.10024	10405.82819
0.100246	10406.37755
0.100252	10406.94799
0.100259	10407.51461
0.100265	10408.06529
0.100271	10408.61461
0.100277	10409.15442
0.100283	10409.6947
0.100289	10410.24787
0.100296	10410.80096
0.100302	10411.35182
0.100308	10411.90477
0.100314	10412.45874
0.10032	10413.01797
0.100327	10413.57415
0.100333	10414.12045
0.100339	10414.65403
0.100345	10415.20299
0.100351	10415.75562
0.100358	10416.31032
0.100364	10416.86944
0.100371	10417.49224
0.100377	10418.09308
0.100384	10418.67073
0.100391	10419.24297
0.100397	10419.81874
0.100404	10420.39398
0.10041	10420.95968
0.100417	10421.52726
0.100423	10422.09092
0.10043	10422.66366
0.100436	10423.2386
0.100443	10423.81459
0.100449	10424.38001
0.100455	10424.9423
0.100462	10425.50292
0.100467	10426.07351
0.100474	10426.63839
0.10048	10427.19826
0.100487	10427.76265
0.100493	10428.32246
0.100499	10428.87606
0.100506	10429.43612
0.100512	10429.99519
0.100519	10430.54946
0.100525	10431.10985
0.100532	10431.67191
0.100538	10432.22262
0.100544	10432.78119
0.100551	10433.33884
0.100557	10433.89657
0.100563	10434.44716
0.100569	10434.99868
0.100575	10435.54182
0.100581	10436.09208
0.100588	10436.63496
0.100594	10437.17847
0.1006	10437.7392
0.100606	10438.29291
0.100613	10438.83497
0.100619	10439.37554
0.100625	10439.92719
0.100632	10440.48723
0.100638	10441.05356
0.100644	10441.61357
0.10065	10442.16655
0.100657	10442.701
0.100663	10443.23364
0.100669	10443.79758
0.100675	10444.3492
0.100681	10444.87978
0.100687	10445.41532
0.100693	10445.92993
0.100699	10446.46853
0.100706	10447.03239
0.100712	10447.58205
0.100718	10448.13158
0.100724	10448.67147
0.100731	10449.22815
0.100737	10449.76669
0.100743	10450.3045
0.100749	10450.83514
0.100755	10451.37284
0.100761	10451.90664
0.100767	10452.44971
0.100774	10453.02646
0.10078	10453.58124
0.100786	10454.13707
0.100793	10454.68111
0.100799	10455.20856
0.100805	10455.75014
0.100811	10456.27016
0.100817	10456.8045
0.100824	10457.36487
0.10083	10457.9117
0.100836	10458.45521
0.100842	10459.00953
0.100848	10459.54093
0.100854	10460.07928
0.100861	10460.62832
0.100867	10461.17253
0.100873	10461.70307
0.10088	10462.25084
0.100885	10462.78601
0.100892	10463.3334
0.100898	10463.85916
0.100904	10464.40747
0.10091	10464.96248
0.100917	10465.50754
0.100923	10466.06198
0.10093	10466.62719
0.100936	10467.17427
0.100942	10467.72188
0.100948	10468.27932
0.100955	10468.82666
0.100961	10469.37974
0.100967	10469.94322
0.100974	10470.50383
0.10098	10471.06144
0.100986	10471.61413
0.100992	10472.17615
0.100999	10472.72971
0.101005	10473.25831
0.10101	10473.805
0.101017	10474.35798
0.101023	10474.89989
0.101029	10475.4452
0.101035	10475.99863
0.101041	10476.54577
0.101047	10477.09923
0.101053	10477.651
0.101059	10478.19837
0.101065	10478.74363
0.101071	10479.28913
0.101078	10479.83009
0.101084	10480.37645
0.10109	10480.90475
0.101096	10481.44289
0.101102	10481.98298
0.101108	10482.52427
0.101114	10483.06341
0.101121	10483.60559
0.101127	10484.16753
0.101133	10484.74848
0.10114	10485.31445
0.101146	10485.88389
0.101153	10486.44263
0.101159	10487.01332
0.101165	10487.57775
0.101172	10488.14376
0.101178	10488.70142
0.101184	10489.25977
0.101191	10489.8054
0.101197	10490.34853
0.101203	10490.90594
0.10121	10491.45478
0.101216	10492.01293
0.101222	10492.57588
0.101229	10493.12322
0.101235	10493.67587
0.101241	10494.23593
0.101248	10494.78527
0.101254	10495.34797
0.10126	10495.90061
0.101267	10496.45113
0.101273	10497.00878
0.10128	10497.5711
0.101286	10498.16385
0.101293	10498.75271
0.101299	10499.30765
0.101305	10499.85892
0.101311	10500.40741
0.101318	10500.95672
0.101324	10501.52619
0.101331	10502.09166
0.101338	10502.6658
0.101344	10503.22864
0.10135	10503.77904
0.101356	10504.34646
0.101363	10504.92295
0.101369	10505.50333
0.101375	10506.07799
0.101382	10506.65534
0.101388	10507.22476
0.101395	10507.80119
0.101401	10508.36622
0.101408	10508.9268
0.101414	10509.50319
0.10142	10510.05007
0.101426	10510.60764
0.101433	10511.16492
0.101439	10511.72015
0.101445	10512.28841
0.101451	10512.84936
0.101458	10513.42625
0.101464	10514.01019
0.101471	10514.58183
0.101477	10515.13562
0.101483	10515.69604
0.10149	10516.24183
0.101496	10516.78031
0.101502	10517.33938
0.101508	10517.89119
0.101514	10518.44717
0.10152	10519.01498
0.101527	10519.58055
0.101533	10520.13568
0.10154	10520.69972
0.101546	10521.26191
0.101552	10521.82925
0.101559	10522.37574
0.101565	10522.92935
0.101571	10523.48284
0.101578	10524.04021
0.101585	10524.66527
0.101591	10525.25069
0.101597	10525.81288
0.101604	10526.35652
0.10161	10526.89699
0.101616	10527.44041
0.101622	10527.98247
0.101628	10528.52508
0.101634	10529.07703
0.10164	10529.62374
0.101646	10530.17722
0.101652	10530.73174
0.101659	10531.28849
0.101665	10531.83587
0.101671	10532.38558
0.101678	10532.95293
0.101684	10533.49885
0.101691	10534.05199
0.101697	10534.60293
0.101703	10535.15589
0.101709	10535.7042
0.101715	10536.24698
0.101721	10536.79622
0.101728	10537.33701
0.101734	10537.8776
0.101741	10538.43275
0.101747	10538.9801
0.101753	10539.52126
0.101759	10540.07136
0.101765	10540.61831
0.101772	10541.16757
0.101778	10541.72843
0.101785	10542.29187
0.101791	10542.85687
0.101797	10543.40564
0.101803	10543.95952
0.101809	10544.50801
0.101816	10545.03524
0.101821	10545.57175
0.101827	10546.11907
0.101833	10546.65611
0.10184	10547.21438
0.101846	10547.7616
0.101852	10548.30149
0.101858	10548.84969
0.101864	10549.39568
0.10187	10549.95453
0.101877	10550.52656
0.101883	10551.07515
0.101889	10551.60899
0.101895	10552.14234
0.101901	10552.67168
0.101908	10553.2181
0.101914	10553.7716
0.10192	10554.32623
0.101926	10554.8791
0.101932	10555.41261
0.101938	10555.94505
0.101945	10556.47534
0.101951	10557.00768
0.101957	10557.56024
0.101963	10558.12611
0.101969	10558.6846
0.101976	10559.2477
0.101982	10559.79626
0.101988	10560.34023
0.101995	10560.89669
0.102001	10561.4328
0.102006	10561.94936
0.102012	10562.48158
0.102018	10563.01702
0.102024	10563.55822
0.102031	10564.10637
0.102036	10564.63307
0.102042	10565.16503
0.102048	10565.68287
0.102054	10566.21788
0.10206	10566.75424
0.102066	10567.2782
0.102072	10567.81226
0.102078	10568.36858
0.102085	10568.9219
0.102091	10569.46057
0.102097	10570.01813
0.102103	10570.55669
0.102109	10571.11053
0.102115	10571.65132
0.102122	10572.19605
0.102128	10572.74552
0.102134	10573.27301
0.10214	10573.80114
0.102146	10574.34922
0.102152	10574.8965
0.102158	10575.45099
0.102165	10576.00337
0.102171	10576.56182
0.102177	10577.12254
0.102184	10577.68535
0.10219	10578.24896
0.102197	10578.79303
0.102203	10579.3116
0.102209	10579.84656
0.102215	10580.39372
0.102221	10580.94737
0.102227	10581.51586
0.102234	10582.09395
0.102241	10582.65077
0.102247	10583.19672
0.102253	10583.74282
0.102259	10584.29612
0.102266	10584.85581
0.102271	10585.41213
0.102278	10585.96456
0.102284	10586.52042
0.102291	10587.07466
0.102297	10587.63004
0.102303	10588.17602
0.102309	10588.72853
0.102315	10589.27358
0.102322	10589.81796
0.102328	10590.36076
0.102334	10590.9001
0.10234	10591.44253
0.102346	10591.99579
0.102353	10592.55341
0.102359	10593.106
0.102365	10593.6676
0.102371	10594.22075
0.102378	10594.78901
0.102384	10595.35151
0.10239	10595.90897
0.102396	10596.45684
0.102402	10596.98993
0.102408	10597.51667
0.102414	10598.06016
0.10242	10598.60305
0.102427	10599.15991
0.102433	10599.70964
0.102439	10600.24476
0.102445	10600.79007
0.102452	10601.35062
0.102458	10601.90679
0.102465	10602.46371
0.102471	10603.01429
0.102477	10603.56237
0.102484	10604.11761
0.10249	10604.66844
0.102496	10605.22313
0.102502	10605.77003
0.102508	10606.31933
0.102514	10606.86354
0.102521	10607.41864
0.102527	10607.9787
0.102533	10608.54883
0.10254	10609.09849
0.102546	10609.64542
0.102552	10610.2052
0.102559	10610.76928
0.102566	10611.33092
0.102572	10611.89253
0.102578	10612.41817
0.102584	10612.96157
0.10259	10613.50477
0.102597	10614.04742
0.102603	10614.60844
0.10261	10615.1722
0.102616	10615.72366
0.102622	10616.28661
0.102629	10616.83485
0.102635	10617.37724
0.102641	10617.91465
0.102647	10618.45003
0.102653	10619.01109
0.10266	10619.56027
0.102666	10620.12142
0.102672	10620.68676
0.102678	10621.24812
0.102684	10621.80534
0.10269	10622.34808
0.102696	10622.89622
0.102702	10623.44645
0.102709	10624.02619
0.102715	10624.58621
0.102721	10625.14637
0.102728	10625.7202
0.102734	10626.26505
0.10274	10626.83125
0.102747	10627.39807
0.102753	10627.96305
0.102759	10628.5363
0.102765	10629.09651
0.102772	10629.65892
0.102779	10630.24347
0.102785	10630.81671
0.102791	10631.37135
0.102798	10631.93255
0.102804	10632.49347
0.102811	10633.0541
0.102817	10633.61193
0.102823	10634.17632
0.102829	10634.73233
0.102835	10635.27076
0.102841	10635.80088
0.102847	10636.35915
0.102854	10636.90473
0.10286	10637.44499
0.102866	10637.98938
0.102872	10638.53038
0.102879	10639.09077
0.102885	10639.65175
0.102892	10640.20909
0.102898	10640.77207
0.102905	10641.34504
0.102911	10641.91137
0.102918	10642.48263
0.102924	10643.03117
0.10293	10643.57771
0.102936	10644.12059
0.102942	10644.66568
0.102948	10645.2133
0.102954	10645.75896
0.10296	10646.31168
0.102966	10646.87598
0.102973	10647.44111
0.102979	10647.99581
0.102985	10648.54675
0.102992	10649.10979
0.102998	10649.66273
0.103004	10650.21209
0.103011	10650.74982
0.103016	10651.29419
0.103023	10651.83673
0.103029	10652.37499
0.103035	10652.93787
0.103042	10653.50588
0.103048	10654.05267
0.103055	10654.6129
0.103061	10655.16203
0.103067	10655.71947
0.103073	10656.26897
0.103079	10656.81969
0.103086	10657.37117
0.103092	10657.93356
0.103098	10658.47684
0.103104	10659.02632
0.10311	10659.56096
0.103115	10660.04811
0.103121	10660.59551
0.103128	10661.14033
0.103134	10661.69001
0.10314	10662.22195
0.103146	10662.75087
0.103152	10663.27378
0.103158	10663.80098
0.103164	10664.34062
0.103171	10664.8958
0.103177	10665.45775
0.103183	10666.00286
0.103189	10666.54056
0.103195	10667.08427
0.103201	10667.63757
0.103208	10668.18303
0.103213	10668.74177
0.10322	10669.28642
0.103226	10669.8154
0.103232	10670.35495
0.103238	10670.90866
0.103244	10671.46933
0.10325	10672.03011
0.103256	10672.56051
0.103262	10673.09999
0.103269	10673.63587
0.103275	10674.18012
0.103281	10674.73488
0.103288	10675.29164
0.103294	10675.85208
0.1033	10676.39969
0.103307	10676.9503
0.103313	10677.50183
0.103319	10678.05328
0.103325	10678.57898
0.103331	10679.1099
0.103338	10679.66352
0.103344	10680.21352
0.10335	10680.76383
0.103357	10681.30692
0.103363	10681.85085
0.103369	10682.39252
0.103376	10682.92724
0.103382	10683.46582
0.103388	10684.01292
0.103395	10684.55405
0.103401	10685.09033
0.103406	10685.55491
0.103412	10686.04703
0.103418	10686.60943
0.103424	10687.15613
0.10343	10687.68893
0.103436	10688.22543
0.103443	10688.75962
0.103449	10689.30339
0.103455	10689.84892
0.103461	10690.35468
0.103467	10690.8911
0.103473	10691.42818
0.103479	10691.96624
0.103486	10692.51475
0.103492	10693.05286
0.103498	10693.58301
0.103504	10694.11927
0.10351	10694.63622
0.103516	10695.17775
0.103523	10695.72151
0.103529	10696.27043
0.103535	10696.81948
0.103541	10697.35419
0.103546	10697.88186
0.103553	10698.41765
0.103559	10698.95344
0.103565	10699.4936
0.103571	10700.03859
0.103577	10700.58205
0.103583	10701.11192
0.10359	10701.63651
0.103596	10702.16635
0.103602	10702.71293
0.103608	10703.27379
0.103614	10703.82187
0.10362	10704.35829
0.103626	10704.89223
0.103632	10705.40685
0.103638	10705.93114
0.103644	10706.45879
0.10365	10707.00822
0.103656	10707.55509
0.103662	10708.09604
0.103668	10708.64318
0.103674	10709.18831
0.10368	10709.72279
0.103686	10710.27089
0.103692	10710.81422
0.103698	10711.35223
0.103704	10711.90477
0.103711	10712.44928
0.103717	10712.99966
0.103723	10713.54529
0.103729	10714.0873
0.103735	10714.62569
0.103741	10715.17069
0.103747	10715.71454
0.103753	10716.26056
0.103759	10716.81489
0.103765	10717.35872
0.103771	10717.90057
0.103777	10718.45039
0.103784	10718.9943
0.103789	10719.52454
0.103795	10720.0562
0.103802	10720.59487
0.103808	10721.14116
0.103813	10721.68597
0.10382	10722.24066
0.103826	10722.79293
0.103832	10723.33944
0.103838	10723.88774
0.103844	10724.44033
0.103851	10724.98182
0.103857	10725.53264
0.103863	10726.08334
0.103869	10726.63779
0.103875	10727.19365
0.103882	10727.74723
0.103888	10728.31262
0.103894	10728.86025
0.1039	10729.40758
0.103907	10729.96082
0.103913	10730.50947
0.103918	10731.04957
0.103924	10731.60469
0.103931	10732.15993
0.103937	10732.70521
0.103944	10733.26547
0.10395	10733.8361
0.103957	10734.40409
0.103963	10734.9635
0.10397	10735.53918
0.103976	10736.1024
0.103982	10736.66837
0.103988	10737.20274
0.103994	10737.73444
0.104	10738.26714
0.104006	10738.80574
0.104013	10739.35071
0.104019	10739.89314
0.104025	10740.43503
0.104031	10740.99168
0.104038	10741.55411
0.104044	10742.10172
0.104051	10742.66759
0.104057	10743.21852
0.104063	10743.75556
0.104069	10744.30653
0.104075	10744.85139
0.104081	10745.39627
0.104088	10745.94638
0.104094	10746.49038
0.1041	10747.03461
0.104107	10747.58354
0.104113	10748.12714
0.104119	10748.68608
0.104126	10749.24
0.104132	10749.79075
0.104138	10750.34819
0.104145	10750.89314
0.104151	10751.44343
0.104157	10751.99905
0.104163	10752.53842
0.10417	10753.10091
0.104177	10753.65974
0.104183	10754.22142
0.10419	10754.78886
0.104196	10755.34863
0.104202	10755.88612
0.104208	10756.44918
0.104215	10757.00843
0.104221	10757.57208
0.104227	10758.12644
0.104233	10758.67086
0.104239	10759.21974
0.104246	10759.76493
0.104252	10760.30226
0.104258	10760.85155
0.104265	10761.40445
0.10427	10761.96641
0.104277	10762.52689
0.104284	10763.08606
0.104291	10763.65362
0.104297	10764.22451
0.104304	10764.7656
0.10431	10765.31196
0.104316	10765.83375
0.104322	10766.36215
0.104329	10766.91238
0.104335	10767.45541
0.104341	10767.99066
0.104346	10768.51927
0.104353	10769.05915
0.104359	10769.61326
0.104366	10770.1664
0.104372	10770.70897
0.104378	10771.25098
0.104384	10771.78545
0.10439	10772.31581
0.104396	10772.85799
0.104402	10773.40163
0.104409	10773.95165
0.104415	10774.50024
0.104422	10775.04159
0.104428	10775.57828
0.104433	10776.12189
0.10444	10776.67733
0.104446	10777.22537
0.104452	10777.76883
0.104459	10778.311
0.104465	10778.85062
0.104471	10779.38172
0.104477	10779.92098
0.104483	10780.45969
0.10449	10780.99656
0.104496	10781.52557
0.104502	10782.06508
0.104508	10782.60333
0.104514	10783.14668
0.10452	10783.68374
0.104526	10784.22667
0.104533	10784.77694
0.104539	10785.32412
0.104545	10785.87955
0.104551	10786.43491
0.104558	10786.98554
0.104564	10787.53376
0.104571	10788.09062
0.104577	10788.6386
0.104583	10789.17851
0.104589	10789.71847
0.104595	10790.26182
0.104601	10790.80693
0.104608	10791.35993
0.104614	10791.9206
0.10462	10792.47252
0.104626	10793.01902
0.104633	10793.54236
0.104639	10794.09077
0.104645	10794.64419
0.104651	10795.17935
0.104657	10795.72745
0.104664	10796.2721
0.104669	10796.80876
0.104675	10797.36313
0.104681	10797.90321
0.104687	10798.43558
0.104694	10798.97936
0.1047	10799.52489
0.104706	10800.06927
0.104713	10800.63089
0.104719	10801.19091
0.104725	10801.7432
0.104731	10802.29151
0.104738	10802.8354
0.104745	10803.38822
0.104751	10803.92915
0.104757	10804.47203
0.104764	10805.02379
0.10477	10805.57261
0.104776	10806.13101
0.104782	10806.67854
0.104788	10807.2313
0.104794	10807.79736
0.104801	10808.35073
0.104807	10808.9065
0.104814	10809.45666
0.10482	10809.99346
0.104826	10810.52469
0.104832	10811.0622
0.104839	10811.60256
0.104845	10812.16183
0.104852	10812.69716
0.104858	10813.23392
0.104864	10813.79565
0.104871	10814.33786
0.104877	10814.87968
0.104883	10815.43226
0.10489	10815.98083
0.104896	10816.5279
0.104902	10817.09209
0.104909	10817.64247
0.104915	10818.19417
0.104922	10818.73814
0.104927	10819.26505
0.104934	10819.84095
0.10494	10820.38541
0.104946	10820.93223
0.104953	10821.49704
0.104959	10822.05174
0.104965	10822.60738
0.104971	10823.15755
0.104978	10823.70711
0.104984	10824.25364
0.10499	10824.7947
0.104996	10825.33607
0.105002	10825.87613
0.105009	10826.4225
0.105015	10827.00656
0.105022	10827.57535
0.105029	10828.12219
0.105035	10828.682
0.105042	10829.24613
0.105048	10829.79344
0.105054	10830.33429
0.10506	10830.88598
0.105067	10831.44663
0.105073	10832.00746
0.10508	10832.56725
0.105086	10833.12747
0.105092	10833.68944
0.105099	10834.24365
0.105105	10834.81363
0.105112	10835.37424
0.105118	10835.94326
0.105124	10836.51462
0.105131	10837.07415
0.105137	10837.64777
0.105143	10838.21361
0.105149	10838.78299
0.105156	10839.3432
0.105162	10839.91095
0.105169	10840.48048
0.105175	10841.04187
0.105181	10841.59947
0.105188	10842.15761
0.105193	10842.71226
0.1052	10843.2855
0.105206	10843.84499
0.105213	10844.40677
0.105219	10844.95949
0.105225	10845.49302
0.105231	10846.03374
0.105237	10846.57264
0.105243	10847.11808
0.105249	10847.64866
0.105256	10848.18834
0.105262	10848.745
0.105268	10849.31725
0.105275	10849.8689
0.105281	10850.42071
0.105287	10850.96763
0.105294	10851.49815
0.1053	10852.04231
0.105306	10852.61247
0.105313	10853.17046
0.105319	10853.7296
0.105326	10854.27304
0.105332	10854.8359
0.105338	10855.38561
0.105345	10855.9332
0.105351	10856.48585
0.105357	10857.0416
0.105363	10857.59179
0.105369	10858.13639
0.105375	10858.68139
0.105381	10859.22261
0.105388	10859.77075
0.105394	10860.31085
0.1054	10860.84424
0.105406	10861.38958
0.105413	10861.94086
0.105419	10862.49256
0.105425	10863.05989
0.105431	10863.62472
0.105438	10864.17665
0.105444	10864.73152
0.10545	10865.2741
0.105457	10865.82135
0.105463	10866.37491
0.105469	10866.92148
0.105475	10867.46945
0.105482	10868.00958
0.105488	10868.56618
0.105494	10869.11437
0.105501	10869.66341
0.105507	10870.2279
0.105513	10870.79714
0.10552	10871.36878
0.105526	10871.9466
0.105533	10872.50928
0.105539	10873.06621
0.105546	10873.62796
0.105553	10874.19326
0.105559	10874.76137
0.105565	10875.31899
0.105572	10875.87506
0.105578	10876.41919
0.105585	10876.97873
0.105591	10877.53539
0.105597	10878.08932
0.105604	10878.66667
0.105611	10879.2387
0.105617	10879.80283
0.105623	10880.36003
0.10563	10880.92185
0.105636	10881.48427
0.105642	10882.0251
0.105648	10882.5768
0.105655	10883.13196
0.105661	10883.68773
0.105667	10884.24121
0.105673	10884.79596
0.10568	10885.33713
0.105686	10885.88476
0.105692	10886.44664
0.105699	10886.99878
0.105706	10887.55532
0.105712	10888.09941
0.105718	10888.64846
0.105725	10889.20789
0.105731	10889.7536
0.105737	10890.28857
0.105743	10890.85488
0.10575	10891.42023
0.105757	10891.98255
0.105763	10892.53686
0.105769	10893.08675
0.105775	10893.63847
0.105781	10894.18263
0.105788	10894.7062
0.105794	10895.25563
0.1058	10895.80639
0.105806	10896.37031
0.105813	10896.93259
0.105819	10897.48542
0.105825	10898.03659
0.105831	10898.58726
0.105837	10899.1294
0.105843	10899.69256
0.10585	10900.25343
0.105856	10900.78661
0.105862	10901.33416
0.105868	10901.86578
0.105875	10902.39772
0.105881	10902.9497
0.105887	10903.49418
0.105893	10904.02922
0.1059	10904.59321
0.105906	10905.15121
0.105912	10905.71205
0.105919	10906.2597
0.105925	10906.80757
0.105931	10907.34665
0.105937	10907.88215
0.105944	10908.41906
0.10595	10908.98031
0.105957	10909.52577
0.105963	10910.06054
0.105969	10910.58691
0.105975	10911.11954
0.105981	10911.6572
0.105987	10912.19351
0.105994	10912.72552
0.106	10913.27293
0.106006	10913.81678
0.106012	10914.36465
0.106019	10914.90957
0.106024	10915.44696
0.106031	10915.98773
0.106037	10916.53779
0.106043	10917.09026
0.106049	10917.63959
0.106055	10918.19397
0.106061	10918.73363
0.106067	10919.287
0.106074	10919.8377
0.10608	10920.38561
0.106086	10920.93269
0.106093	10921.4798
0.106099	10922.01488
0.106105	10922.55965
0.106111	10923.10499
0.106118	10923.6649
0.106125	10924.22777
0.106131	10924.7882
0.106138	10925.33024
0.106144	10925.87435
0.10615	10926.42093
0.106156	10926.95411
0.106162	10927.51035
0.106169	10928.04786
0.106175	10928.58894
0.106181	10929.12028
0.106187	10929.64983
0.106194	10930.1924
0.1062	10930.74443
0.106207	10931.29018
0.106213	10931.82721
0.106219	10932.37694
0.106225	10932.91303
0.106231	10933.45651
0.106238	10933.99376
0.106244	10934.54315
0.10625	10935.0885
0.106256	10935.62998
0.106262	10936.19205
0.106269	10936.75353
0.106275	10937.32017
0.106282	10937.88523
0.106288	10938.4206
0.106294	10938.97317
0.1063	10939.52602
0.106306	10940.0676
0.106312	10940.61532
0.106319	10941.16461
0.106325	10941.71651
0.106331	10942.26092
0.106338	10942.787
0.106344	10943.32109
0.10635	10943.86432
0.106356	10944.40998
0.106362	10944.95558
0.106368	10945.50497
0.106375	10946.0687
0.106381	10946.63273
0.106388	10947.19413
0.106394	10947.74981
0.106401	10948.31057
0.106408	10948.86632
0.106414	10949.42305
0.10642	10949.98207
0.106426	10950.53211
0.106433	10951.09216
0.10644	10951.66817
0.106446	10952.2417
0.106453	10952.80576
0.106459	10953.36009
0.106466	10953.93079
0.106472	10954.49008
0.106479	10955.04696
0.106485	10955.60709
0.106492	10956.15322
0.106498	10956.69803
0.106504	10957.25808
0.106511	10957.81097
0.106518	10958.37335
0.106524	10958.9481
0.106531	10959.50927
0.106537	10960.05585
0.106543	10960.60096
0.106549	10961.14649
0.106555	10961.69831
0.106561	10962.23724
0.106568	10962.76917
0.106574	10963.30467
0.10658	10963.84459
0.106586	10964.37757
0.106593	10964.91352
0.106599	10965.45503
0.106605	10965.99753
0.106611	10966.53633
0.106617	10967.02297
0.106623	10967.53021
0.106628	10968.0645
0.106635	10968.59474
0.10664	10969.12437
0.106646	10969.6567
0.106653	10970.18311
0.106658	10970.72195
0.106665	10971.27422
0.106671	10971.80491
0.106677	10972.33692
0.106683	10972.87156
0.10669	10973.41377
0.106696	10973.97714
0.106702	10974.52218
0.106709	10975.07271
0.106715	10975.6277
0.106722	10976.16665
0.106728	10976.70594
0.106734	10977.24617
0.106741	10977.78303
0.106746	10978.33467
0.106752	10978.88275
0.106758	10979.43266
0.106765	10979.97797
0.106771	10980.53063
0.106777	10981.08949
0.106783	10981.63899
0.10679	10982.18367
0.106796	10982.73409
0.106802	10983.28173
0.106809	10983.82925
0.106815	10984.37537
0.106822	10984.92125
0.106828	10985.47103
0.106834	10986.03438
0.10684	10986.57055
0.106847	10987.11294
0.106853	10987.67043
0.106859	10988.22697
0.106866	10988.79199
0.106871	10989.31563
0.106878	10989.84997
0.106884	10990.37536
0.10689	10990.91005
0.106896	10991.45383
0.106902	10992.01093
0.106909	10992.57958
0.106915	10993.14048
0.106922	10993.69893
0.106928	10994.24961
0.106935	10994.79814
0.106941	10995.34901
0.106947	10995.88504
0.106954	10996.43645
0.10696	10996.97811
0.106966	10997.52008
0.106973	10998.05858
0.106979	10998.62441
0.106986	10999.17165
0.106992	10999.72691
0.106998	11000.28145
0.107005	11000.84376
0.107011	11001.39538
0.107017	11001.91482
0.107023	11002.44308
0.10703	11002.99883
0.107036	11003.55262
0.107042	11004.11855
0.107048	11004.67088
0.107055	11005.23079
0.107062	11005.78608
0.107068	11006.32206
0.107074	11006.87369
0.107081	11007.43433
0.107087	11007.98589
0.107093	11008.53112
0.107099	11009.07609
0.107105	11009.62005
0.107112	11010.17867
0.107118	11010.74833
0.107125	11011.299
0.107131	11011.86068
0.107137	11012.4115
0.107144	11012.975
0.10715	11013.52343
0.107156	11014.07658
0.107163	11014.63125
0.107169	11015.18194
0.107175	11015.7093
0.107181	11016.25627
0.107187	11016.79425
0.107194	11017.32209
0.1072	11017.87144
0.107206	11018.42259
0.107212	11018.96538
0.107219	11019.51351
0.107225	11020.05792
0.107232	11020.60671
0.107238	11021.15275
0.107244	11021.70203
0.10725	11022.26332
0.107257	11022.81237
0.107263	11023.36723
0.107269	11023.91876
0.107276	11024.45895
0.107282	11025.00307
0.107289	11025.54974
0.107295	11026.09556
0.107302	11026.65
0.107308	11027.20477
0.107315	11027.76423
0.107321	11028.31933
0.107327	11028.86685
0.107333	11029.41036
0.10734	11029.96812
0.107346	11030.53857
0.107353	11031.10519
0.10736	11031.66424
0.107366	11032.21856
0.107372	11032.77624
0.107378	11033.30758
0.107384	11033.83229
0.10739	11034.36567
0.107396	11034.90316
0.107403	11035.44669
0.107409	11035.9825
0.107415	11036.52018
0.107422	11037.0719
0.107428	11037.62033
0.107435	11038.16694
0.107441	11038.71954
0.107447	11039.24575
0.107453	11039.78039
0.10746	11040.33443
0.107466	11040.86236
0.107472	11041.39116
0.107478	11041.93745
0.107485	11042.48636
0.107491	11043.01619
0.107497	11043.5615
0.107504	11044.1052
0.10751	11044.64261
0.107516	11045.17313
0.107522	11045.71466
0.107528	11046.26449
0.107534	11046.78942
0.10754	11047.3144
0.107546	11047.84476
0.107553	11048.37371
0.107559	11048.91676
0.107565	11049.45434
0.107571	11049.98077
0.107577	11050.51219
0.107583	11051.04141
0.107589	11051.55026
0.107595	11052.08286
0.107601	11052.62433
0.107607	11053.16061
0.107613	11053.69455
0.10762	11054.24028
0.107626	11054.78521
0.107632	11055.32501
0.107638	11055.85561
0.107644	11056.40395
0.10765	11056.945
0.107657	11057.4849
0.107663	11058.03995
0.107669	11058.58904
0.107676	11059.13385
0.107682	11059.69205
0.107688	11060.22755
0.107695	11060.77732
0.107701	11061.31561
0.107707	11061.84125
0.107713	11062.37899
0.107719	11062.92574
0.107725	11063.45921
0.107732	11064.02137
0.107738	11064.57857
0.107745	11065.13336
0.107751	11065.68786
0.107757	11066.23516
0.107763	11066.78099
0.10777	11067.32584
0.107776	11067.86569
0.107782	11068.41561
0.107789	11068.96004
0.107795	11069.48257
0.107801	11070.01524
0.107807	11070.5418
0.107813	11071.06996
0.107819	11071.60651
0.107826	11072.14455
0.107832	11072.69252
0.107839	11073.24973
0.107845	11073.80344
0.107851	11074.3696
0.107858	11074.9298
0.107864	11075.48074
0.107871	11076.03472
0.107877	11076.57965
0.107884	11077.12533
0.10789	11077.66871
0.107896	11078.19516
0.107902	11078.727
0.107908	11079.26716
0.107914	11079.81222
0.10792	11080.34781
0.107926	11080.89734
0.107933	11081.43993
0.107939	11081.99264
0.107945	11082.54432
0.107952	11083.10327
0.107958	11083.66107
0.107964	11084.22583
0.107971	11084.78465
0.107977	11085.34529
0.107983	11085.88198
0.107989	11086.43483
0.107996	11086.99312
0.108002	11087.53727
0.108008	11088.09
0.108015	11088.64128
0.108021	11089.17548
0.108027	11089.72468
0.108033	11090.27743
0.10804	11090.82938
0.108046	11091.38419
0.108052	11091.93931
0.108059	11092.49589
0.108065	11093.05637
0.108072	11093.59928
0.108078	11094.15322
0.108084	11094.69084
0.108091	11095.23211
0.108097	11095.77757
0.108103	11096.31856
0.108109	11096.85819
0.108116	11097.41043
0.108122	11097.95256
0.108129	11098.51087
0.108135	11099.07937
0.108142	11099.63592
0.108148	11100.20647
0.108155	11100.76678
0.108161	11101.35195
0.108168	11101.91992
0.108174	11102.4749
0.108181	11103.03815
0.108187	11103.60226
0.108194	11104.15907
0.1082	11104.7265
0.108206	11105.27728
0.108212	11105.81879
0.108219	11106.3645
0.108225	11106.90773
0.108231	11107.46077
0.108237	11108.01827
0.108243	11108.5671
0.10825	11109.12957
0.108256	11109.6806
0.108263	11110.2279
0.108269	11110.77939
0.108275	11111.34186
0.108282	11111.90924
0.108289	11112.48145
0.108295	11113.04451
0.108301	11113.62191
0.108308	11114.18193
0.108314	11114.74428
0.108321	11115.2906
0.108328	11115.83252
0.108333	11116.38756
0.10834	11116.94528
0.108347	11117.49943
0.108353	11118.05519
0.10836	11118.6173
0.108366	11119.16118
0.108373	11119.72243
0.108379	11120.2831
0.108386	11120.83208
0.108392	11121.3889
0.108398	11121.94717
0.108405	11122.50161
0.108411	11123.04482
0.108417	11123.58967
0.108424	11124.14247
0.10843	11124.68525
0.108436	11125.22197
0.108443	11125.74988
0.108449	11126.29009
0.108455	11126.83386
0.108461	11127.41125
0.108468	11127.96279
0.108474	11128.50994
0.10848	11129.06545
0.108487	11129.61423
0.108493	11130.16565
0.1085	11130.71917
0.108506	11131.2657
0.108513	11131.8181
0.108519	11132.36808
0.108525	11132.91208
0.108532	11133.46537
0.108538	11134.02392
0.108544	11134.56864
0.108551	11135.13513
0.108558	11135.71977
0.108564	11136.28169
0.108571	11136.83966
0.108577	11137.39336
0.108583	11137.95248
0.10859	11138.51614
0.108596	11139.0806
0.108603	11139.64454
0.108609	11140.19936
0.108616	11140.7475
0.108622	11141.31756
0.108629	11141.86831
0.108635	11142.42941
0.108642	11142.98077
0.108648	11143.5468
0.108655	11144.11116
0.108662	11144.67154
0.108668	11145.23361
0.108675	11145.7827
0.108681	11146.32697
0.108687	11146.88662
0.108694	11147.44124
0.1087	11147.99042
0.108706	11148.53982
0.108713	11149.08634
0.108719	11149.61776
0.108725	11150.15932
0.108732	11150.7055
0.108738	11151.26227
0.108744	11151.82837
0.10875	11152.37292
0.108756	11152.92591
0.108763	11153.47046
0.108769	11154.02031
0.108776	11154.57228
0.108782	11155.14034
0.108789	11155.69746
0.108795	11156.25119
0.108802	11156.80213
0.108808	11157.36457
0.108814	11157.91546
0.10882	11158.46938
0.108827	11159.01113
0.108833	11159.54514
0.108839	11160.08767
0.108845	11160.65053
0.108852	11161.20762
0.108858	11161.75212
0.108864	11162.29586
0.108871	11162.84346
0.108877	11163.379
0.108883	11163.92263
0.108889	11164.46182
0.108895	11165.01091
0.108902	11165.56273
0.108908	11166.11752
0.108915	11166.6717
0.108921	11167.22257
0.108928	11167.79641
0.108934	11168.34818
0.108941	11168.89126
0.108947	11169.40968
0.108953	11169.96035
0.10896	11170.51312
0.108966	11171.06469
0.108972	11171.61649
0.108978	11172.13628
0.108985	11172.66188
0.108991	11173.19829
0.108997	11173.7258
0.109003	11174.26907
0.10901	11174.8031
0.109016	11175.33317
0.109023	11175.87222
0.109029	11176.41343
0.109035	11176.95691
0.109042	11177.48554
0.109047	11177.99496
0.109053	11178.52885
0.10906	11179.0623
0.109066	11179.6048
0.109072	11180.13556
0.109079	11180.66543
0.109085	11181.20337
0.109091	11181.75702
0.109097	11182.30345
0.109104	11182.86025
0.10911	11183.42319
0.109116	11183.96626
0.109122	11184.51335
0.109128	11185.05948
0.109134	11185.60755
0.109141	11186.16647
0.109147	11186.71242
0.109153	11187.25605
0.10916	11187.78965
0.109166	11188.31878
0.109172	11188.85593
0.109178	11189.40158
0.109184	11189.95783
0.109191	11190.49385
0.109197	11191.03923
0.109204	11191.60201
0.10921	11192.16412
0.109217	11192.71717
0.109223	11193.26936
0.10923	11193.8231
0.109236	11194.36825
0.109243	11194.92381
0.109249	11195.47931
0.109256	11196.03421
0.109262	11196.57952
0.109269	11197.11754
0.109275	11197.67115
0.109281	11198.23396
0.109288	11198.7844
0.109294	11199.33918
0.1093	11199.88676
0.109307	11200.41423
0.109312	11200.93432
0.109319	11201.47782
0.109325	11202.0116
0.109331	11202.56008
0.109337	11203.11767
0.109344	11203.6635
0.10935	11204.20729
0.109357	11204.75062
0.109363	11205.29283
0.109369	11205.84487
0.109376	11206.39563
0.109382	11206.95061
0.109389	11207.53451
0.109396	11208.08908
0.109402	11208.64907
0.109408	11209.18104
0.109414	11209.73409
0.10942	11210.28346
0.109427	11210.83167
0.109433	11211.38279
0.109439	11211.94304
0.109445	11212.47132
0.109452	11213.02752
0.109458	11213.5748
0.109464	11214.11981
0.10947	11214.6684
0.109477	11215.20952
0.109483	11215.76707
0.10949	11216.31447
0.109496	11216.86432
0.109503	11217.41633
0.109509	11217.96685
0.109515	11218.50856
0.109521	11219.05077
0.109527	11219.58878
0.109534	11220.14207
0.10954	11220.67407
0.109546	11221.22028
0.109553	11221.7688
0.109559	11222.2936
0.109565	11222.82485
0.109571	11223.35223
0.109577	11223.89096
0.109584	11224.42509
0.10959	11224.96791
0.109596	11225.50588
0.109603	11226.0438
0.109609	11226.60158
0.109616	11227.15114
0.109622	11227.70435
0.109628	11228.27105
0.109635	11228.83637
0.109641	11229.39159
0.109648	11229.95023
0.109654	11230.51401
0.109661	11231.08245
0.109667	11231.63408
0.109674	11232.18482
0.10968	11232.73752
0.109686	11233.28545
0.109693	11233.83197
0.109699	11234.34501
0.109705	11234.86082
0.109711	11235.40066
0.109718	11235.92875
0.109723	11236.45992
0.10973	11236.99046
0.109736	11237.50467
0.109742	11238.05873
0.109748	11238.5902
0.109755	11239.10343
0.109761	11239.62434
0.109767	11240.15688
0.109773	11240.69423
0.10978	11241.22723
0.109786	11241.76447
0.109792	11242.31831
0.109798	11242.86319
0.109804	11243.40623
0.109811	11243.93878
0.109817	11244.4676
0.109823	11244.99935
0.10983	11245.5353
0.109836	11246.08004
0.109842	11246.63409
0.109849	11247.18728
0.109855	11247.73891
0.109861	11248.27258
0.109868	11248.81816
0.109874	11249.38406
0.109881	11249.94029
0.109887	11250.47774
0.109893	11251.02383
0.109899	11251.56727
0.109906	11252.11494
0.109912	11252.67234
0.109919	11253.23875
0.109925	11253.78882
0.109932	11254.33543
0.109938	11254.87535
0.109944	11255.41803
0.109951	11255.95981
0.109957	11256.49076
0.109964	11257.03536
0.10997	11257.59396
0.109977	11258.14077
0.109983	11258.69676
0.10999	11259.24774
0.109996	11259.7864
0.110002	11260.3285
0.110009	11260.87643
0.110015	11261.43724
0.110021	11261.98226
0.110028	11262.53175
0.110034	11263.08181
0.110041	11263.64019
0.110047	11264.18762
0.110053	11264.72598
0.11006	11265.26042
0.110066	11265.81456
0.110073	11266.36645
0.110078	11266.90626
0.110085	11267.44218
0.110091	11267.98661
0.110098	11268.53345
0.110104	11269.08557
0.11011	11269.62223
0.110116	11270.15827
0.110123	11270.69343
0.110129	11271.2239
0.110135	11271.76578
0.110142	11272.30107
0.110148	11272.82854
0.110154	11273.37178
0.11016	11273.9267
0.110166	11274.47304
0.110173	11275.00638
0.110179	11275.55485
0.110186	11276.10596
0.110192	11276.6661
0.110199	11277.22094
0.110205	11277.77394
0.110212	11278.32513
0.110218	11278.88338
0.110225	11279.4205
0.110232	11279.96145
0.110238	11280.50496
0.110245	11281.06233
0.11025	11281.6099
0.110257	11282.1323
0.110263	11282.6829
0.11027	11283.23723
0.110276	11283.80239
0.110283	11284.35236
0.110289	11284.8943
0.110295	11285.44195
0.110302	11286.00675
0.110308	11286.55964
0.110314	11287.11571
0.110321	11287.66857
0.110328	11288.21632
0.110334	11288.7739
0.11034	11289.31548
0.110346	11289.86254
0.110353	11290.38245
0.110359	11290.9194
0.110365	11291.47016
0.110371	11292.01101
0.110378	11292.54328
0.110384	11293.07612
0.11039	11293.60851
0.110396	11294.14862
0.110403	11294.69385
0.110409	11295.22801
0.110415	11295.77817
0.110421	11296.3295
0.110427	11296.87078
0.110433	11297.4024
0.110439	11297.93622
0.110446	11298.47871
0.110452	11299.02697
0.110458	11299.56036
0.110465	11300.11084
0.110471	11300.65091
0.110477	11301.1883
0.110483	11301.7227
0.110489	11302.25599
0.110496	11302.79841
0.110502	11303.34986
0.110508	11303.88891
0.110514	11304.41952
0.110521	11304.95537
0.110527	11305.49536
0.110533	11306.03435
0.11054	11306.57521
0.110546	11307.11465
0.110553	11307.66756
0.110559	11308.21073
0.110565	11308.74593
0.110572	11309.27355
0.110578	11309.80835
0.110583	11310.33678
0.110589	11310.85988
0.110596	11311.38018
0.110601	11311.92743
0.110608	11312.47273
0.110614	11313.01172
0.11062	11313.56465
0.110627	11314.10415
0.110633	11314.65034
0.110639	11315.20732
0.110646	11315.7647
0.110652	11316.314
0.110658	11316.85039
0.110664	11317.37411
0.110671	11317.91894
0.110677	11318.46644
0.110683	11319.02348
0.11069	11319.59423
0.110696	11320.15191
0.110703	11320.71156
0.110709	11321.26536
0.110715	11321.8092
0.110721	11322.35185
0.110727	11322.89905
0.110734	11323.44496
0.11074	11323.97698
0.110747	11324.53099
0.110753	11325.0803
0.110759	11325.62841
0.110765	11326.1987
0.110772	11326.77344
0.110778	11327.32868
0.110785	11327.88861
0.110792	11328.44998
0.110798	11329.00677
0.110804	11329.55406
0.110811	11330.08809
0.110817	11330.62514
0.110823	11331.17305
0.11083	11331.7201
0.110836	11332.27609
0.110843	11332.82563
0.110849	11333.36022
0.110855	11333.89732
0.110861	11334.44535
0.110867	11334.98795
0.110874	11335.52929
0.11088	11336.07206
0.110886	11336.61832
0.110893	11337.16963
0.110899	11337.72131
0.110906	11338.28043
0.110912	11338.83373
0.110919	11339.36558
0.110925	11339.90843
0.110931	11340.46062
0.110938	11341.02173
0.110943	11341.49887
0.11095	11342.03178
0.110956	11342.59127
0.110963	11343.1325
0.110969	11343.66036
0.110976	11344.19866
0.110982	11344.74045
0.110989	11345.30123
0.110995	11345.85886
0.111002	11346.40169
0.111008	11346.94428
0.111014	11347.49593
0.11102	11348.04246
0.111027	11348.58767
0.111033	11349.14397
0.111039	11349.6986
0.111046	11350.26596
0.111052	11350.81318
0.111059	11351.3812
0.111066	11351.94398
0.111072	11352.48885
0.111078	11353.03512
0.111085	11353.57725
0.111091	11354.12635
0.111098	11354.68295
0.111104	11355.21238
0.11111	11355.76607
0.111117	11356.31506
0.111123	11356.85835
0.111129	11357.4117
0.111135	11357.95955
0.111142	11358.51098
0.111148	11359.06136
0.111154	11359.61699
0.111161	11360.19598
0.111167	11360.76512
0.111173	11361.31237
0.11118	11361.87485
0.111186	11362.41954
0.111192	11362.95829
0.111199	11363.49766
0.111205	11364.04791
0.111212	11364.58989
0.111217	11365.13386
0.111223	11365.66327
0.111229	11366.19483
0.111236	11366.74663
0.111242	11367.25145
0.111248	11367.78645
0.111255	11368.33214
0.111261	11368.8758
0.111268	11369.43179
0.111274	11369.99081
0.11128	11370.53663
0.111286	11371.07668
0.111292	11371.61879
0.111299	11372.16171
0.111305	11372.70469
0.111312	11373.25189
0.111318	11373.79763
0.111324	11374.30635
0.11133	11374.83204
0.111336	11375.36809
0.111342	11375.90102
0.111348	11376.43953
0.111355	11376.97847
0.111361	11377.52441
0.111368	11378.0679
0.111374	11378.59488
0.11138	11379.11935
0.111386	11379.64473
0.111392	11380.17115
0.111399	11380.70681
0.111405	11381.24252
0.111411	11381.76268
0.111417	11382.29907
0.111423	11382.81909
0.11143	11383.33642
0.111436	11383.86558
0.111442	11384.38556
0.111448	11384.93949
0.111454	11385.47665
0.11146	11386.0177
0.111467	11386.56245
0.111473	11387.08956
0.111479	11387.63635
0.111486	11388.17766
0.111491	11388.71165
0.111498	11389.23984
0.111504	11389.76397
0.11151	11390.29866
0.111517	11390.83285
0.111523	11391.36715
0.111529	11391.90509
0.111535	11392.43275
0.111541	11392.95621
0.111547	11393.49895
0.111554	11394.04644
0.11156	11394.59113
0.111566	11395.13667
0.111573	11395.66078
0.111579	11396.21102
0.111586	11396.76539
0.111592	11397.30677
0.111598	11397.84666
0.111604	11398.38018
0.111611	11398.89257
0.111617	11399.4356
0.111624	11399.99901
0.11163	11400.58044
0.111637	11401.144
0.111643	11401.70633
0.11165	11402.24602
0.111656	11402.79439
0.111662	11403.34352
0.111668	11403.8964
0.111675	11404.45574
0.111681	11405.01034
0.111688	11405.55805
0.111694	11406.09662
0.111701	11406.65137
0.111707	11407.20639
0.111714	11407.75609
0.11172	11408.30275
0.111726	11408.83868
0.111732	11409.37341
0.111739	11409.91862
0.111746	11410.46701
0.111752	11411.01356
0.111758	11411.56156
0.111764	11412.09561
0.111771	11412.63792
0.111777	11413.16944
0.111784	11413.71424
0.11179	11414.26091
0.111796	11414.79722
0.111803	11415.33004
0.111809	11415.87133
0.111816	11416.40436
0.111822	11416.93802
0.111828	11417.45879
0.111834	11417.99157
0.11184	11418.51476
0.111847	11419.04612
0.111853	11419.58835
0.111859	11420.11774
0.111866	11420.64125
0.111872	11421.16604
0.111877	11421.68684
0.111884	11422.22431
0.111891	11422.76781
0.111897	11423.30225
0.111903	11423.83332
0.111909	11424.34525
0.111915	11424.86076
0.111921	11425.38673
0.111927	11425.92296
0.111934	11426.45595
0.11194	11426.99287
0.111946	11427.53574
0.111952	11428.07282
0.111958	11428.6061
0.111964	11429.14203
0.11197	11429.67957
0.111977	11430.22463
0.111983	11430.77022
0.111989	11431.30633
0.111996	11431.8474
0.112002	11432.3951
0.112008	11432.94547
0.112015	11433.49721
0.112021	11434.04783
0.112027	11434.5983
0.112033	11435.14106
0.11204	11435.67706
0.112046	11436.20696
0.112052	11436.73212
0.112058	11437.25589
0.112065	11437.78491
0.112071	11438.31413
0.112078	11438.84685
0.112084	11439.39059
0.11209	11439.95734
0.112097	11440.48776
0.112103	11441.02646
0.112109	11441.54943
0.112115	11442.07495
0.112122	11442.61336
0.112129	11443.15684
0.112135	11443.70366
0.112142	11444.2344
0.112148	11444.76371
0.112154	11445.27606
0.11216	11445.80486
0.112167	11446.33165
0.112173	11446.87118
0.112179	11447.40138
0.112185	11447.91991
0.112191	11448.44507
0.112198	11448.98553
0.112204	11449.51486
0.11221	11450.05033
0.112216	11450.57178
0.112222	11451.10476
0.112229	11451.64071
0.112235	11452.17585
0.112242	11452.71233
0.112248	11453.25268
0.112254	11453.78393
0.11226	11454.32988
0.112267	11454.88797
0.112273	11455.44445
0.112279	11456.00577
0.112286	11456.55738
0.112292	11457.1155
0.112299	11457.67447
0.112306	11458.20522
0.112312	11458.74784
0.112318	11459.27991
0.112324	11459.82162
0.112331	11460.36028
0.112337	11460.89416
0.112343	11461.43166
0.11235	11461.96548
0.112357	11462.51231
0.112363	11463.06277
0.11237	11463.60176
0.112376	11464.1269
0.112382	11464.66344
0.112388	11465.20393
0.112395	11465.74883
0.112402	11466.27839
0.112408	11466.82813
0.112414	11467.38112
0.11242	11467.92639
0.112427	11468.47702
0.112433	11469.01479
0.112439	11469.54757
0.112445	11470.08252
0.112452	11470.62336
0.112458	11471.17059
0.112464	11471.72091
0.112471	11472.25127
0.112477	11472.78713
0.112484	11473.32425
0.11249	11473.87205
0.112496	11474.42435
0.112502	11474.96908
0.112509	11475.51064
0.112515	11476.05325
0.112521	11476.60214
0.112528	11477.13695
0.112534	11477.6766
0.112541	11478.216
0.112547	11478.76472
0.112554	11479.29377
0.11256	11479.81968
0.112566	11480.352
0.112572	11480.88085
0.112578	11481.41194
0.112584	11481.93084
0.112591	11482.46367
0.112597	11483.00479
0.112604	11483.54872
0.11261	11484.08764
0.112617	11484.62919
0.112623	11485.14897
0.112629	11485.66445
0.112635	11486.1813
0.112641	11486.7185
0.112647	11487.26854
0.112654	11487.81196
0.11266	11488.35182
0.112666	11488.89008
0.112672	11489.41964
0.112678	11489.94348
0.112684	11490.4571
0.11269	11490.98577
0.112696	11491.52825
0.112703	11492.05876
0.112708	11492.59292
0.112714	11493.13362
0.112721	11493.67974
0.112727	11494.21295
0.112734	11494.74899
0.11274	11495.28505
0.112746	11495.82023
0.112752	11496.3421
0.112758	11496.87409
0.112765	11497.40101
0.112771	11497.92603
0.112777	11498.4587
0.112783	11498.9838
0.112789	11499.52621
0.112796	11500.08019
0.112802	11500.61414
0.112808	11501.14738
0.112814	11501.68791
0.112821	11502.22774
0.112827	11502.77622
0.112834	11503.31806
0.11284	11503.87263
0.112846	11504.4281
0.112853	11504.98959
0.112859	11505.55554
0.112866	11506.12084
0.112872	11506.68352
0.112879	11507.23975
0.112885	11507.7941
0.112891	11508.34339
0.112898	11508.88285
0.112904	11509.41962
0.11291	11509.9758
0.112917	11510.52879
0.112923	11511.08202
0.11293	11511.63225
0.112936	11512.18288
0.112942	11512.73021
0.112949	11513.26752
0.112955	11513.80053
0.112962	11514.3445
0.112968	11514.89226
0.112975	11515.42868
0.112981	11515.98065
0.112987	11516.5364
0.112994	11517.08515
0.113	11517.6257
0.113007	11518.15873
0.113013	11518.70674
0.113019	11519.25434
0.113025	11519.80162
0.113032	11520.34324
0.113038	11520.8969
0.113044	11521.44205
0.11305	11521.98049
0.113057	11522.51109
0.113064	11523.05478
0.11307	11523.59632
0.113076	11524.13338
0.113083	11524.67382
0.113089	11525.20329
0.113095	11525.74239
0.113102	11526.27702
0.113108	11526.82398
0.113115	11527.3745
0.113122	11527.92375
0.113128	11528.47053
0.113135	11529.02317
0.113141	11529.56532
0.113147	11530.09972
0.113154	11530.64262
0.11316	11531.19174
0.113166	11531.73294
0.113173	11532.25998
0.113179	11532.77891
0.113185	11533.3352
0.113191	11533.86524
0.113198	11534.41338
0.113204	11534.96316
0.11321	11535.52023
0.113217	11536.06872
0.113223	11536.61725
0.113229	11537.16438
0.113235	11537.71305
0.113242	11538.26866
0.113248	11538.81859
0.113254	11539.34402
0.11326	11539.88619
0.113266	11540.43256
0.113273	11540.98203
0.113279	11541.53274
0.113285	11542.07461
0.113291	11542.60422
0.113297	11543.14302
0.113304	11543.69116
0.11331	11544.22591
0.113316	11544.77906
0.113323	11545.33266
0.113329	11545.88498
0.113335	11546.45026
0.113342	11546.97897
0.113348	11547.52858
0.113355	11548.07711
0.113361	11548.62656
0.113367	11549.17185
0.113373	11549.72055
0.11338	11550.27452
0.113386	11550.82124
0.113392	11551.36896
0.113399	11551.91273
0.113405	11552.46909
0.113412	11553.02754
0.113419	11553.60197
0.113425	11554.15768
0.113432	11554.70592
0.113438	11555.23855
0.113444	11555.77883
0.113451	11556.32807
0.113457	11556.87852
0.113464	11557.43578
0.11347	11557.97322
0.113477	11558.52969
0.113483	11559.07953
0.113489	11559.63546
0.113496	11560.17582
0.113503	11560.72555
0.113509	11561.28709
0.113515	11561.84024
0.113522	11562.38612
0.113529	11562.93543
0.113535	11563.48654
0.113541	11564.03128
0.113548	11564.5666
0.113554	11565.10749
0.11356	11565.6592
0.113566	11566.20409
0.113573	11566.75663
0.113579	11567.29888
0.113585	11567.85127
0.113592	11568.39918
0.113598	11568.94113
0.113605	11569.48099
0.113611	11570.02616
0.113618	11570.56011
0.113624	11571.10266
0.11363	11571.63374
0.113637	11572.17738
0.113643	11572.73555
0.11365	11573.2912
0.113657	11573.84557
0.113663	11574.37526
0.113669	11574.91151
0.113676	11575.47334
0.113682	11576.03038
0.113689	11576.57968
0.113695	11577.14034
0.113702	11577.68992
0.113708	11578.25023
0.113715	11578.79849
0.113722	11579.3581
0.113728	11579.91261
0.113734	11580.4697
0.113741	11581.00908
0.113747	11581.55947
0.113753	11582.10598
0.113759	11582.64673
0.113766	11583.21092
0.113773	11583.75789
0.113778	11584.29373
0.113785	11584.84899
0.113791	11585.39988
0.113797	11585.94958
0.113803	11586.48775
0.11381	11587.03932
0.113816	11587.59454
0.113822	11588.13854
0.113828	11588.70076
0.113835	11589.26506
0.113841	11589.81389
0.113848	11590.36942
0.113854	11590.90428
0.11386	11591.45042
0.113867	11592.00456
0.113873	11592.55549
0.11388	11593.10247
0.113886	11593.64383
0.113892	11594.18798
0.113899	11594.74424
0.113906	11595.31224
0.113912	11595.90317
0.113919	11596.47067
0.113925	11597.00396
0.113932	11597.53559
0.113938	11598.07912
0.113945	11598.6184
0.113951	11599.15941
0.113958	11599.70681
0.113964	11600.25296
0.113971	11600.78589
0.113977	11601.33765
0.113983	11601.88898
0.11399	11602.44829
0.113996	11602.99115
0.114002	11603.5422
0.114009	11604.08155
0.114015	11604.63492
0.114022	11605.19376
0.114028	11605.74712
0.114034	11606.30285
0.114041	11606.8475
0.114048	11607.39649
0.114054	11607.94474
0.11406	11608.48332
0.114067	11609.04781
0.114073	11609.59182
0.11408	11610.14192
0.114087	11610.69202
0.114093	11611.24234
0.114099	11611.79413
0.114105	11612.35723
0.114112	11612.91903
0.114118	11613.48103
0.114125	11614.04502
0.114131	11614.60238
0.114138	11615.17596
0.114144	11615.73843
0.114151	11616.29775
0.114157	11616.85087
0.114163	11617.38713
0.114169	11617.91774
0.114175	11618.46425
0.114182	11619.0059
0.114188	11619.5442
0.114194	11620.06632
0.114201	11620.61334
0.114207	11621.17537
0.114214	11621.7341
0.11422	11622.27292
0.114227	11622.83066
0.114233	11623.38068
0.11424	11623.9412
0.114246	11624.49735
0.114253	11625.04866
0.11426	11625.59644
0.114266	11626.14577
0.114272	11626.68649
0.114278	11627.22365
0.114285	11627.75754
0.114291	11628.3076
0.114298	11628.83808
0.114304	11629.38086
0.11431	11629.903
0.114316	11630.43345
0.114322	11630.96327
0.114329	11631.5071
0.114335	11632.05328
0.114342	11632.59909
0.114348	11633.13652
0.114354	11633.68646
0.114361	11634.22287
0.114367	11634.76184
0.114373	11635.29467
0.11438	11635.82213
0.114386	11636.34468
0.114392	11636.86527
0.114398	11637.40375
0.114405	11637.96883
0.114411	11638.52724
0.114418	11639.08199
0.114424	11639.62277
0.114431	11640.17905
0.114437	11640.73554
0.114444	11641.29835
0.11445	11641.85077
0.114456	11642.41225
0.114462	11642.95922
0.114469	11643.50547
0.114475	11644.05046
0.114481	11644.59013
0.114488	11645.12737
0.114494	11645.63797
0.1145	11646.16395
0.114506	11646.70515
0.114513	11647.24565
0.114519	11647.78963
0.114525	11648.33986
0.114532	11648.87223
0.114539	11649.41059
0.114545	11649.9541
0.114551	11650.50397
0.114558	11651.07009
0.114564	11651.62
0.114571	11652.16677
0.114577	11652.71817
0.114583	11653.26158
0.11459	11653.80699
0.114596	11654.35304
0.114603	11654.89587
0.114609	11655.44221
0.114615	11655.98596
0.114622	11656.52249
0.114628	11657.07331
0.114634	11657.61389
0.114641	11658.17809
0.114647	11658.74491
0.114653	11659.31119
0.114659	11659.8447
0.114666	11660.3764
0.114672	11660.9106
0.114678	11661.45314
0.114684	11662.00812
0.114691	11662.57094
0.114698	11663.12957
0.114704	11663.68276
0.11471	11664.23603
0.114717	11664.793
0.114723	11665.34069
0.11473	11665.88741
0.114736	11666.43144
0.114742	11666.98357
0.114749	11667.54237
0.114756	11668.09429
0.114762	11668.64455
0.114769	11669.19188
0.114775	11669.75007
0.114782	11670.29901
0.114788	11670.85398
0.114795	11671.40055
0.114802	11671.95145
0.114808	11672.49762
0.114815	11673.03008
0.114821	11673.56402
0.114827	11674.09083
0.114834	11674.63014
0.11484	11675.17943
0.114846	11675.72164
0.114852	11676.24298
0.114858	11676.77729
0.114865	11677.31814
0.114871	11677.8542
0.114877	11678.39187
0.114883	11678.90975
0.114889	11679.41833
0.114896	11679.95304
0.114902	11680.4941
0.114909	11681.04586
0.114915	11681.60241
0.114922	11682.14999
0.114928	11682.6968
0.114934	11683.25694
0.114941	11683.80239
0.114947	11684.34319
0.114954	11684.87944
0.11496	11685.41214
0.114966	11685.94702
0.114973	11686.485
0.114979	11687.00256
0.114985	11687.52995
0.114991	11688.06239
0.114998	11688.59665
0.115004	11689.17536
0.115011	11689.74087
0.115018	11690.28351
0.115024	11690.83627
0.115031	11691.38719
0.115037	11691.9402
0.115043	11692.50984
0.11505	11693.08096
0.115056	11693.63676
0.115062	11694.19054
0.115069	11694.72985
0.115076	11695.27291
0.115082	11695.8352
0.115089	11696.39
0.115095	11696.95066
0.115102	11697.50173
0.115109	11698.05704
0.115115	11698.58456
0.115121	11699.11928
0.115128	11699.67058
0.115134	11700.21561
0.11514	11700.75667
0.115147	11701.30964
0.115153	11701.85653
0.115159	11702.40926
0.115166	11702.95958
0.115172	11703.50751
0.115179	11704.03943
0.115185	11704.5748
0.115191	11705.11594
0.115198	11705.6567
0.115204	11706.19935
0.115211	11706.74097
0.115217	11707.28856
0.115224	11707.83101
0.11523	11708.375
0.115236	11708.91384
0.115243	11709.46632
0.115249	11710.01177
0.115256	11710.54056
0.115262	11711.07241
0.115268	11711.60912
0.115274	11712.15605
0.115281	11712.74487
0.115287	11713.29707
0.115294	11713.85099
0.1153	11714.40023
0.115307	11714.9318
0.115314	11715.49719
0.11532	11716.06189
0.115327	11716.61895
0.115333	11717.18042
0.11534	11717.73196
0.115346	11718.28638
0.115353	11718.84002
0.115359	11719.39397
0.115366	11719.94623
0.115372	11720.49298
0.115378	11721.04896
0.115385	11721.60317
0.115391	11722.1506
0.115397	11722.69723
0.115404	11723.23033
0.11541	11723.78332
0.115416	11724.33019
0.115423	11724.88071
0.115429	11725.4179
0.115435	11725.955
0.115442	11726.50387
0.115448	11727.04569
0.115454	11727.59837
0.115461	11728.14871
0.115468	11728.69287
0.115474	11729.23205
0.11548	11729.76478
0.115487	11730.30712
0.115493	11730.84832
0.1155	11731.41908
0.115506	11731.96739
0.115513	11732.50644
0.115519	11733.04225
0.115525	11733.57837
0.115531	11734.12983
0.115538	11734.6821
0.115544	11735.22514
0.11555	11735.75909
0.115557	11736.30446
0.115563	11736.83725
0.115569	11737.38316
0.115576	11737.92816
0.115582	11738.49111
0.115589	11739.04004
0.115596	11739.58582
0.115602	11740.13219
0.115608	11740.68036
0.115615	11741.2363
0.115622	11741.79036
0.115628	11742.34112
0.115634	11742.90029
0.115641	11743.44094
0.115648	11743.9935
0.115654	11744.54936
0.115661	11745.10029
0.115667	11745.65117
0.115673	11746.19564
0.11568	11746.74812
0.115686	11747.32569
0.115693	11747.88955
0.1157	11748.43019
0.115706	11748.97197
0.115713	11749.52003
0.115719	11750.07472
0.115726	11750.61363
0.115732	11751.16775
0.115738	11751.72435
0.115745	11752.2701
0.115752	11752.82235
0.115758	11753.36524
0.115765	11753.91579
0.115771	11754.46536
0.115778	11755.01724
0.115784	11755.54977
0.115791	11756.10746
0.115797	11756.62774
0.115803	11757.16772
0.11581	11757.71442
0.115816	11758.25767
0.115823	11758.80035
0.115829	11759.33763
0.115835	11759.89352
0.115842	11760.44945
0.115848	11761.0116
0.115855	11761.5756
0.115862	11762.14384
0.115868	11762.69649
0.115875	11763.25068
0.115881	11763.80344
0.115888	11764.3619
0.115895	11764.91171
0.115901	11765.46631
0.115908	11766.03837
0.115915	11766.60451
0.115922	11767.16696
0.115928	11767.70991
0.115934	11768.24756
0.115941	11768.77953
0.115947	11769.32418
0.115953	11769.88869
0.11596	11770.44501
0.115966	11770.99725
0.115972	11771.55615
0.115978	11772.09522
0.115985	11772.63899
0.115991	11773.18701
0.115998	11773.73682
0.116004	11774.27487
0.11601	11774.8041
0.116016	11775.34099
0.116022	11775.88253
0.116029	11776.44519
0.116036	11777.00793
0.116042	11777.57443
0.116049	11778.12398
0.116055	11778.66922
0.116062	11779.20275
0.116068	11779.76881
0.116075	11780.36807
0.116082	11780.94046
0.116089	11781.52308
0.116095	11782.07906
0.116102	11782.63655
0.116108	11783.20493
0.116114	11783.77099
0.116121	11784.32586
0.116128	11784.89591
0.116134	11785.46108
0.116141	11786.02719
0.116147	11786.59196
0.116153	11787.14903
0.11616	11787.71345
0.116166	11788.27161
0.116173	11788.83804
0.116179	11789.39585
0.116186	11789.96879
0.116192	11790.53364
0.116199	11791.09062
0.116206	11791.64753
0.116212	11792.1978
0.116219	11792.75075
0.116225	11793.31146
0.116232	11793.85857
0.116238	11794.40748
0.116244	11794.96147
0.116251	11795.51783
0.116258	11796.06935
0.116264	11796.61865
0.11627	11797.17496
0.116277	11797.72466
0.116283	11798.27968
0.11629	11798.83526
0.116296	11799.38671
0.116303	11799.95067
0.116309	11800.50021
0.116316	11801.06281
0.116322	11801.6304
0.116328	11802.18431
0.116335	11802.74002
0.116342	11803.297
0.116348	11803.8569
0.116355	11804.4188
0.116361	11804.97664
0.116367	11805.51899
0.116374	11806.06232
0.11638	11806.62733
0.116387	11807.17509
0.116393	11807.72954
0.1164	11808.28066
0.116406	11808.83362
0.116412	11809.38996
0.116419	11809.94087
0.116425	11810.46987
0.116432	11811.01706
0.116439	11811.5675
0.116445	11812.12788
0.116452	11812.6877
0.116458	11813.23757
0.116465	11813.78946
0.116471	11814.34762
0.116478	11814.89113
0.116484	11815.4373
0.116491	11815.98498
0.116497	11816.53392
0.116503	11817.07663
0.116509	11817.63449
0.116516	11818.1786
0.116522	11818.71492
0.116529	11819.2591
0.116535	11819.81091
0.116542	11820.35455
0.116548	11820.88517
0.116554	11821.41935
0.116561	11821.95858
0.116567	11822.49423
0.116574	11823.03842
0.11658	11823.57751
0.116586	11824.12925
0.116593	11824.68309
0.116599	11825.22548
0.116605	11825.75898
0.116612	11826.30332
0.116618	11826.88046
0.116625	11827.42975
0.116631	11827.95107
0.116637	11828.48536
0.116644	11829.02509
0.11665	11829.57991
0.116657	11830.13605
0.116664	11830.66871
0.11667	11831.20837
0.116677	11831.75226
0.116683	11832.30609
0.116689	11832.85855
0.116696	11833.39706
0.116703	11833.93944
0.116709	11834.48829
0.116716	11835.04283
0.116722	11835.5823
0.116729	11836.12461
0.116736	11836.68542
0.116742	11837.24157
0.116749	11837.7956
0.116755	11838.33042
0.116762	11838.87382
0.116768	11839.42358
0.116775	11839.97426
0.116782	11840.51837
0.116788	11841.0604
0.116795	11841.6069
0.116802	11842.17365
0.116808	11842.72963
0.116815	11843.28573
0.116821	11843.84336
0.116828	11844.41647
0.116834	11844.97722
0.116841	11845.52699
0.116847	11846.06467
0.116853	11846.60807
0.11686	11847.15684
0.116867	11847.71077
0.116873	11848.26503
0.11688	11848.81059
0.116886	11849.36402
0.116893	11849.922
0.116899	11850.47477
0.116906	11851.03136
0.116912	11851.5736
0.116919	11852.11992
0.116925	11852.66576
0.116932	11853.21885
0.116938	11853.77967
0.116945	11854.34305
0.116951	11854.89293
0.116958	11855.44633
0.116964	11856.00464
0.116971	11856.57357
0.116978	11857.13097
0.116984	11857.67114
0.11699	11858.21974
0.116997	11858.7654
0.117003	11859.3008
0.11701	11859.84398
0.117016	11860.38982
0.117023	11860.94713
0.117029	11861.51066
0.117036	11862.08194
0.117043	11862.66314
0.11705	11863.22283
0.117056	11863.77878
0.117063	11864.34002
0.117069	11864.88055
0.117076	11865.41943
0.117082	11865.96134
0.117089	11866.50775
0.117096	11867.06507
0.117102	11867.62617
0.117109	11868.17947
0.117116	11868.73742
0.117122	11869.29233
0.117128	11869.8339
0.117135	11870.38821
0.117142	11870.93358
0.117148	11871.46223
0.117155	11872.01325
0.117161	11872.56404
0.117168	11873.10531
0.117174	11873.64015
0.117181	11874.17893
0.117187	11874.72942
0.117193	11875.28588
0.1172	11875.84023
0.117206	11876.3871
0.117212	11876.93625
0.117219	11877.46399
0.117225	11878.00542
0.117232	11878.56291
0.117238	11879.12379
0.117244	11879.68915
0.117251	11880.23034
0.117257	11880.78475
0.117264	11881.34826
0.117271	11881.89556
0.117278	11882.45396
0.117284	11883.00681
0.11729	11883.55194
0.117297	11884.09229
0.117303	11884.63731
0.11731	11885.18702
0.117317	11885.72924
0.117323	11886.27564
0.11733	11886.89103
0.117336	11887.43787
0.117343	11887.97657
0.117349	11888.52538
0.117356	11889.08583
0.117363	11889.64322
0.117369	11890.19337
0.117376	11890.73482
0.117382	11891.28031
0.117388	11891.82673
0.117395	11892.37531
0.117402	11892.91003
0.117408	11893.44385
0.117414	11893.98085
0.117421	11894.50946
0.117427	11895.04237
0.117433	11895.56228
0.11744	11896.10779
0.117446	11896.6374
0.117452	11897.17345
0.117459	11897.72295
0.117465	11898.26018
0.117472	11898.80715
0.117478	11899.34139
0.117484	11899.86852
0.117491	11900.41204
0.117497	11900.95347
0.117504	11901.48758
0.11751	11902.03031
0.117517	11902.57574
0.117524	11903.13247
0.117531	11903.68713
0.117537	11904.23089
0.117543	11904.77179
0.11755	11905.29852
0.117556	11905.82995
0.117563	11906.36563
0.117569	11906.89851
0.117576	11907.46943
0.117583	11908.02583
0.117589	11908.58604
0.117595	11909.12821
0.117602	11909.66251
0.117608	11910.19214
0.117615	11910.74807
0.117622	11911.33354
0.117628	11911.88934
0.117635	11912.44001
0.117641	11912.99345
0.117648	11913.53761
0.117654	11914.08781
0.117661	11914.628
0.117667	11915.15739
0.117674	11915.69947
0.117681	11916.24735
0.117687	11916.79729
0.117693	11917.33916
0.1177	11917.89124
0.117706	11918.43415
0.117713	11918.97856
0.11772	11919.52602
0.117726	11920.07811
0.117733	11920.63663
0.11774	11921.19952
0.117746	11921.75093
0.117752	11922.28903
0.117759	11922.84376
0.117765	11923.39131
0.117772	11923.94387
0.117778	11924.49947
0.117785	11925.04884
0.117792	11925.60469
0.117798	11926.14048
0.117804	11926.68717
0.117811	11927.23847
0.117817	11927.78609
0.117824	11928.34926
0.117831	11928.92356
0.117837	11929.46825
0.117844	11930.00536
0.117851	11930.5213
0.117857	11931.06443
0.117864	11931.61053
0.11787	11932.15639
0.117877	11932.70753
0.117883	11933.25289
0.11789	11933.8005
0.117897	11934.35864
0.117904	11934.92143
0.11791	11935.47508
0.117917	11936.01977
0.117924	11936.57399
0.11793	11937.132
0.117937	11937.69021
0.117944	11938.27316
0.117951	11938.84615
0.117957	11939.40214
0.117964	11939.95394
0.11797	11940.50345
0.117976	11941.03384
0.117983	11941.56888
0.117989	11942.10822
0.117996	11942.64725
0.118003	11943.20517
0.118009	11943.76398
0.118016	11944.32388
0.118022	11944.88924
0.118029	11945.43451
0.118035	11945.95817
0.118042	11946.47079
0.118048	11946.9948
0.118054	11947.51487
0.118061	11948.05435
0.118067	11948.59019
0.118074	11949.12528
0.11808	11949.67914
0.118087	11950.21789
0.118094	11950.758
0.1181	11951.29892
0.118107	11951.8372
0.118113	11952.38199
0.118119	11952.91921
0.118126	11953.46835
0.118132	11954.01193
0.118139	11954.56964
0.118145	11955.11209
0.118152	11955.65535
0.118158	11956.2005
0.118165	11956.74855
0.118172	11957.30468
0.118178	11957.86597
0.118184	11958.41104
0.118191	11958.97167
0.118198	11959.5235
0.118205	11960.08155
0.118211	11960.64815
0.118218	11961.21246
0.118224	11961.74821
0.11823	11962.28645
0.118237	11962.82068
0.118243	11963.36424
0.11825	11963.89931
0.118256	11964.45439
0.118263	11964.99932
0.118269	11965.53379
0.118274	11966.07311
0.118281	11966.61393
0.118287	11967.16461
0.118294	11967.74091
0.118301	11968.30075
0.118307	11968.85805
0.118314	11969.40862
0.11832	11969.97265
0.118327	11970.53068
0.118334	11971.09234
0.118341	11971.6621
0.118348	11972.23452
0.118354	11972.79322
0.118361	11973.33784
0.118367	11973.871
0.118374	11974.41809
0.118381	11974.96298
0.118387	11975.51012
0.118394	11976.06727
0.118401	11976.61086
0.118407	11977.15487
0.118414	11977.70358
0.11842	11978.25263
0.118427	11978.80655
0.118434	11979.35775
0.118441	11979.91378
0.118448	11980.46996
0.118455	11981.0255
0.118461	11981.57293
0.118468	11982.13253
0.118474	11982.67326
0.118481	11983.21533
0.118487	11983.77905
0.118493	11984.33564
0.1185	11984.88734
0.118507	11985.43393
0.118513	11985.9765
0.11852	11986.51778
0.118526	11987.06615
0.118533	11987.61384
0.118539	11988.16877
0.118545	11988.71128
0.118552	11989.24791
0.118558	11989.79293
0.118565	11990.34271
0.118571	11990.90541
0.118578	11991.48204
0.118585	11992.04348
0.118591	11992.60264
0.118598	11993.15982
0.118604	11993.71579
0.118611	11994.27234
0.118618	11994.81389
0.118624	11995.36447
0.118631	11995.92895
0.118638	11996.48918
0.118645	11997.03869
0.118652	11997.59606
0.118658	11998.14627
0.118665	11998.69714
0.118671	11999.25858
0.118677	11999.81976
0.118684	12000.38484
0.118691	12000.96206
0.118697	12001.50257
0.118704	12002.04038
0.11871	12002.58739
0.118717	12003.12258
0.118723	12003.66173
0.118729	12004.18737
0.118736	12004.70846
0.118742	12005.25154
0.118749	12005.81463
0.118755	12006.3845
0.118762	12006.95464
0.118769	12007.51176
0.118776	12008.06222
0.118782	12008.61522
0.118789	12009.16931
0.118795	12009.71791
0.118802	12010.25695
0.118808	12010.80069
0.118815	12011.35547
0.118821	12011.91029
0.118828	12012.47348
0.118834	12013.02789
0.118841	12013.58621
0.118847	12014.12906
0.118854	12014.6617
0.11886	12015.19739
0.118866	12015.72561
0.118873	12016.26412
0.118879	12016.81156
0.118886	12017.36733
0.118893	12017.91358
0.118899	12018.44397
0.118906	12019.00195
0.118912	12019.56209
0.118919	12020.13901
0.118926	12020.70215
0.118932	12021.23582
0.11894	12021.78617
0.118946	12022.35621
0.118952	12022.91243
0.118959	12023.44606
0.118965	12023.97716
0.118971	12024.51956
0.118978	12025.06902
0.118985	12025.63392
0.118991	12026.18709
0.118998	12026.74197
0.119005	12027.29905
0.119011	12027.85165
0.119018	12028.40258
0.119023	12028.9366
0.11903	12029.49091
0.119036	12030.03353
0.119043	12030.57781
0.11905	12031.11742
0.119056	12031.66652
0.119063	12032.21101
0.11907	12032.77725
0.119077	12033.37082
0.119083	12033.94662
0.11909	12034.50678
0.119097	12035.0583
0.119103	12035.60238
0.11911	12036.15989
0.119117	12036.70675
0.119123	12037.26699
0.11913	12037.83205
0.119137	12038.40043
0.119143	12038.9456
0.11915	12039.47514
0.119156	12040.01909
0.119163	12040.56459
0.11917	12041.10681
0.119176	12041.63505
0.119183	12042.18294
0.119189	12042.74691
0.119196	12043.29539
0.119202	12043.84012
0.119209	12044.38652
0.119216	12044.93477
0.119222	12045.48052
0.119229	12046.03046
0.119235	12046.59203
0.119242	12047.15431
0.119249	12047.69625
0.119255	12048.21353
0.119262	12048.75692
0.119269	12049.29102
0.119275	12049.82336
0.119281	12050.36365
0.119287	12050.8957
0.119294	12051.44154
0.1193	12051.963
0.119307	12052.48374
0.119313	12053.0009
0.11932	12053.51919
0.119326	12054.05659
0.119333	12054.58529
0.119339	12055.11844
0.119346	12055.64291
0.119352	12056.18141
0.119359	12056.73418
0.119365	12057.28144
0.119372	12057.80766
0.119378	12058.33065
0.119385	12058.8566
0.119391	12059.37984
0.119398	12059.91045
0.119404	12060.43321
0.119411	12060.97747
0.119417	12061.52274
0.119423	12062.04681
0.11943	12062.56944
0.119436	12063.09067
0.119442	12063.61588
0.119448	12064.14346
0.119455	12064.69441
0.119462	12065.23535
0.119468	12065.76177
0.119475	12066.29927
0.119481	12066.83518
0.119488	12067.38385
0.119494	12067.92354
0.119501	12068.45679
0.119507	12069.00579
0.119514	12069.56239
0.119521	12070.13599
0.119527	12070.68601
0.119534	12071.24124
0.11954	12071.78075
0.119547	12072.32069
0.119553	12072.89113
0.11956	12073.44645
0.119566	12074.01188
0.119573	12074.56472
0.119579	12075.10456
0.119586	12075.65517
0.119592	12076.19635
0.119599	12076.73504
0.119605	12077.27986
0.119612	12077.8363
0.119619	12078.39538
0.119625	12078.95029
0.119632	12079.49915
0.119639	12080.06393
0.119645	12080.63073
0.119653	12081.18846
0.119659	12081.75573
0.119666	12082.31512
0.119673	12082.85264
0.119679	12083.37902
0.119685	12083.90968
0.119692	12084.4388
0.119699	12084.99394
0.119705	12085.54484
0.119711	12086.07698
0.119718	12086.61825
0.119725	12087.18773
0.119732	12087.74304
0.119739	12088.28727
0.119745	12088.83879
0.119752	12089.38923
0.119758	12089.95034
0.119765	12090.50424
0.119772	12091.06091
0.119779	12091.60839
0.119786	12092.16652
0.119792	12092.68804
0.119798	12093.22661
0.119805	12093.77476
0.119812	12094.30473
0.119818	12094.84448
0.119825	12095.38968
0.119832	12095.95651
0.119839	12096.50991
0.119845	12097.06131
0.119852	12097.60859
0.119859	12098.15421
0.119866	12098.71285
0.119872	12099.2581
0.119879	12099.80961
0.119886	12100.35088
0.119892	12100.89392
0.119899	12101.4232
0.119905	12101.95681
0.119912	12102.50242
0.119919	12103.06605
0.119925	12103.60373
0.119931	12104.13564
0.119938	12104.66831
0.119945	12105.19539
0.119951	12105.73561
0.119958	12106.26842
0.119965	12106.81332
0.119971	12107.35976
0.119978	12107.90822
0.119984	12108.45386
0.119991	12108.99843
0.119998	12109.53605
0.120004	12110.07694
0.12001	12110.60785
0.120017	12111.1458
0.120024	12111.70007
0.12003	12112.25405
0.120037	12112.80505
0.120043	12113.34297
0.12005	12113.88005
0.120057	12114.41037
0.120063	12114.94469
0.12007	12115.47311
0.120076	12116.00927
0.120083	12116.54613
0.120089	12117.08783
0.120096	12117.63556
0.120103	12118.18844
0.120109	12118.73555
0.120116	12119.29726
0.120122	12119.84005
0.120129	12120.37048
0.120135	12120.89847
0.120141	12121.42198
0.120148	12121.96687
0.120154	12122.50761
0.120161	12123.01893
0.120167	12123.55203
0.120174	12124.09771
0.120181	12124.64463
0.120188	12125.18822
0.120194	12125.71984
0.120201	12126.26641
0.120207	12126.79812
0.120214	12127.32604
0.120221	12127.85525
0.120227	12128.39829
0.120234	12128.93454
0.120241	12129.47154
0.120247	12130.01956
0.120254	12130.56111
0.12026	12131.10246
0.120268	12131.65224
0.120274	12132.19571
0.120281	12132.74127
0.120288	12133.26855
0.120295	12133.79825
0.120301	12134.33364
0.120308	12134.89403
0.120315	12135.45838
0.120322	12136.00285
0.120328	12136.53316
0.120335	12137.06914
0.120342	12137.62488
0.120348	12138.17802
0.120355	12138.71471
0.120362	12139.26088
0.120369	12139.80775
0.120375	12140.35289
0.120382	12140.92127
0.120389	12141.49423
0.120395	12142.03599
0.120402	12142.5758
0.120408	12143.10734
0.120415	12143.65183
0.120422	12144.20508
0.120428	12144.74763
0.120435	12145.28489
0.120441	12145.82329
0.120448	12146.36586
0.120455	12146.91245
0.120462	12147.46148
0.120468	12148.0021
0.120475	12148.51464
0.120482	12149.04829
0.120488	12149.58159
0.120495	12150.12289
0.120501	12150.6634
0.120508	12151.2013
0.120515	12151.74397
0.120521	12152.26611
0.120528	12152.79376
0.120534	12153.3413
0.120541	12153.8847
0.120548	12154.41557
0.120555	12154.94777
0.120561	12155.48594
0.120568	12156.00885
0.120574	12156.54943
0.120581	12157.08414
0.120587	12157.61485
0.120594	12158.15989
0.120601	12158.70989
0.120608	12159.26096
0.120615	12159.78317
0.120621	12160.31017
0.120628	12160.84554
0.120635	12161.38753
0.120641	12161.9164
0.120647	12162.43134
0.120653	12162.93958
0.12066	12163.45755
0.120667	12163.98229
0.120674	12164.53699
0.120681	12165.08991
0.120687	12165.64367
0.120694	12166.19953
0.120701	12166.77117
0.120708	12167.31507
0.120714	12167.84223
0.120721	12168.37178
0.120727	12168.91568
0.120734	12169.43439
0.12074	12169.96631
0.120747	12170.49214
0.120753	12171.01683
0.12076	12171.5672
0.120767	12172.13209
0.120774	12172.67986
0.12078	12173.21736
0.120787	12173.75693
0.120794	12174.29201
0.1208	12174.82533
0.120807	12175.35999
0.120814	12175.91528
0.120821	12176.48714
0.120828	12177.05217
0.120835	12177.61765
0.120841	12178.14955
0.120848	12178.6885
0.120855	12179.22517
0.120862	12179.76933
0.120869	12180.31071
0.120875	12180.86066
0.120882	12181.40416
0.120889	12181.94955
0.120895	12182.4978
0.120902	12183.06005
0.12091	12183.65057
0.120917	12184.21445
0.120923	12184.75804
0.12093	12185.29204
0.120937	12185.82527
0.120943	12186.39922
0.12095	12186.94995
0.120957	12187.50073
0.120964	12188.04333
0.12097	12188.59018
0.120977	12189.12669
0.120984	12189.67418
0.12099	12190.21661
0.120997	12190.75646
0.121004	12191.3061
0.121011	12191.85454
0.121018	12192.39568
0.121024	12192.93499
0.121031	12193.47254
0.121038	12194.01884
0.121045	12194.56837
0.121052	12195.12197
0.121058	12195.67558
0.121065	12196.21986
0.121072	12196.76361
0.121078	12197.29105
0.121085	12197.82198
0.121092	12198.36241
0.121099	12198.91373
0.121105	12199.45666
0.121112	12199.99903
0.121119	12200.52646
0.121125	12201.06073
0.121132	12201.60304
0.121138	12202.13407
0.121145	12202.66128
0.121152	12203.18956
0.121159	12203.71447
0.121165	12204.24753
0.121172	12204.75732
0.121179	12205.27384
0.121185	12205.80148
0.121192	12206.35433
0.121199	12206.90139
0.121205	12207.44551
0.121212	12207.97892
0.121219	12208.5035
0.121225	12209.03262
0.121232	12209.56772
0.121238	12210.10421
0.121245	12210.62607
0.121251	12211.14456
0.121257	12211.67584
0.121264	12212.20527
0.121271	12212.7467
0.121277	12213.30284
0.121284	12213.8491
0.121291	12214.3906
0.121297	12214.94505
0.121304	12215.49356
0.121311	12216.03673
0.121317	12216.58008
0.121323	12217.11707
0.121329	12217.65113
0.121336	12218.18045
0.121343	12218.7245
0.12135	12219.26745
0.121356	12219.80033
0.121363	12220.3275
0.121369	12220.8685
0.121376	12221.42034
0.121383	12221.9776
0.121389	12222.54738
0.121396	12223.1039
0.121403	12223.64328
0.121409	12224.17812
0.121416	12224.71942
0.121423	12225.27094
0.12143	12225.80979
0.121437	12226.3503
0.121444	12226.89843
0.12145	12227.42786
0.121457	12227.96008
0.121463	12228.49536
0.121469	12229.02784
0.121476	12229.54342
0.121482	12230.07081
0.121489	12230.60182
0.121495	12231.13251
0.121502	12231.67361
0.121509	12232.20422
0.121515	12232.73912
0.121523	12233.31296
0.121529	12233.87735
0.121536	12234.4337
0.121543	12234.97717
0.12155	12235.49347
0.121556	12236.02099
0.121563	12236.56296
0.12157	12237.09802
0.121576	12237.63985
0.121583	12238.1716
0.12159	12238.69644
0.121596	12239.22344
0.121603	12239.75067
0.12161	12240.29566
0.121616	12240.83768
0.121623	12241.38424
0.121629	12241.90038
0.121635	12242.42617
0.121642	12242.95891
0.121649	12243.49548
0.121656	12244.02528
0.121662	12244.56654
0.121669	12245.10224
0.121675	12245.62317
0.121682	12246.15528
0.121688	12246.69242
0.121695	12247.21501
0.121702	12247.74009
0.121709	12248.26962
0.121715	12248.80626
0.121722	12249.33322
0.121729	12249.87633
0.121735	12250.40274
0.121742	12250.93214
0.121749	12251.47766
0.121755	12252.01473
0.121762	12252.5478
0.121768	12253.07444
0.121774	12253.60532
0.121781	12254.14202
0.121788	12254.69389
0.121795	12255.23136
0.121801	12255.76343
0.121808	12256.31007
0.121815	12256.8435
0.121822	12257.37854
0.121828	12257.89643
0.121835	12258.40706
0.121841	12258.93184
0.121848	12259.44322
0.121855	12259.97085
0.121861	12260.51851
0.121868	12261.04389
0.121875	12261.56357
0.121882	12262.08309
0.121888	12262.59938
0.121895	12263.12807
0.121902	12263.66472
0.121908	12264.20397
0.121915	12264.73872
0.121921	12265.27323
0.121928	12265.8111
0.121935	12266.33815
0.121941	12266.87797
0.121948	12267.41338
0.121955	12267.94845
0.121961	12268.48669
0.121968	12269.00905
0.121975	12269.55163
0.121981	12270.09043
0.121988	12270.61595
0.121995	12271.14194
0.122001	12271.66351
0.122008	12272.19201
0.122015	12272.72415
0.122021	12273.25638
0.122028	12273.79783
0.122034	12274.34858
0.122042	12274.92344
0.122049	12275.47945
0.122055	12276.03177
0.122062	12276.56739
0.122069	12277.12047
0.122076	12277.66877
0.122083	12278.22167
0.122089	12278.75746
0.122096	12279.29596
0.122104	12279.82613
0.12211	12280.34947
0.122117	12280.89385
0.122123	12281.43477
0.12213	12281.98389
0.122137	12282.51493
0.122143	12283.05374
0.12215	12283.58242
0.122156	12284.10864
0.122162	12284.64197
0.122169	12285.17685
0.122176	12285.72136
0.122182	12286.25517
0.122189	12286.79241
0.122195	12287.33411
0.122202	12287.86198
0.122209	12288.41421
0.122215	12288.95425
0.122222	12289.49252
0.122228	12290.02686
0.122234	12290.56446
0.122241	12291.09873
0.122249	12291.6217
0.122255	12292.14042
0.122261	12292.6669
0.122268	12293.20417
0.122274	12293.73848
0.122281	12294.27225
0.122287	12294.79601
0.122294	12295.32638
0.122301	12295.84931
0.122308	12296.37734
0.122314	12296.92502
0.122321	12297.45634
0.122328	12297.98982
0.122334	12298.4977
0.122341	12299.01879
0.122347	12299.5557
0.122354	12300.09341
0.122361	12300.6298
0.122368	12301.16966
0.122375	12301.71
0.122381	12302.23871
0.122388	12302.77263
0.122395	12303.30494
0.122401	12303.85141
0.122408	12304.38352
0.122414	12304.90266
0.122421	12305.43491
0.122427	12305.95139
0.122433	12306.46228
0.12244	12306.98453
0.122446	12307.50959
0.122453	12308.03834
0.12246	12308.56422
0.122466	12309.10468
0.122473	12309.64213
0.122479	12310.15646
0.122486	12310.67343
0.122493	12311.20473
0.1225	12311.75019
0.122506	12312.31531
0.122513	12312.86493
0.12252	12313.40996
0.122527	12313.94759
0.122533	12314.47915
0.122539	12314.98956
0.122546	12315.49545
0.122553	12316.0113
0.122559	12316.53248
0.122565	12317.05329
0.122572	12317.5769
0.122579	12318.11611
0.122586	12318.65983
0.122592	12319.19355
0.122599	12319.72497
0.122605	12320.24548
0.122612	12320.76368
0.122619	12321.29818
0.122625	12321.86009
0.122632	12322.42282
0.122639	12322.97466
0.122646	12323.50988
0.122652	12324.00475
0.122659	12324.5216
0.122665	12325.04361
0.122672	12325.57861
0.122678	12326.11268
0.122686	12326.65438
0.122692	12327.18695
0.122699	12327.72653
0.122705	12328.24642
0.122712	12328.76502
0.122719	12329.29085
0.122726	12329.80615
0.122733	12330.34109
0.122739	12330.87735
0.122746	12331.40441
0.122753	12331.92317
0.12276	12332.45767
0.122766	12332.97245
0.122773	12333.49393
0.122779	12334.02721
0.122786	12334.54354
0.122792	12335.05434
0.122799	12335.58681
0.122806	12336.10755
0.122813	12336.62682
0.122819	12337.15012
0.122826	12337.68556
0.122832	12338.2127
0.122839	12338.74617
0.122846	12339.27759
0.122853	12339.79935
0.122859	12340.33286
0.122866	12340.87278
0.122873	12341.40947
0.122879	12341.94019
0.122886	12342.46286
0.122892	12343.00226
0.122899	12343.51526
0.122906	12344.0272
0.122912	12344.55992
0.122919	12345.08194
0.122925	12345.6023
0.122932	12346.11764
0.122938	12346.63955
0.122945	12347.16825
0.122952	12347.70417
0.122959	12348.27833
0.122966	12348.82545
0.122973	12349.38106
0.122979	12349.902
0.122987	12350.4128
0.122993	12350.94175
0.123	12351.47363
0.123007	12352.04008
0.123014	12352.61835
0.12302	12353.17203
0.123027	12353.7215
0.123034	12354.26575
0.12304	12354.80174
0.123047	12355.33914
0.123055	12355.87602
0.123062	12356.41718
0.123069	12356.96745
0.123075	12357.52279
0.123083	12358.10956
0.12309	12358.65813
0.123096	12359.20691
0.123103	12359.75507
0.12311	12360.30091
0.123117	12360.84945
0.123124	12361.39164
0.123131	12361.95894
0.123138	12362.52166
0.123145	12363.07599
0.123153	12363.62064
0.123159	12364.17742
0.123166	12364.73106
0.123173	12365.26848
0.12318	12365.80664
0.123186	12366.34007
0.123193	12366.87207
0.123199	12367.40733
0.123206	12367.93501
0.123213	12368.47612
0.12322	12369.00968
0.123227	12369.54652
0.123234	12370.09974
0.12324	12370.64166
0.123247	12371.18513
0.123254	12371.72043
0.123261	12372.26323
0.123267	12372.80127
0.123274	12373.34285
0.12328	12373.88263
0.123287	12374.41567
0.123293	12374.94678
0.1233	12375.47961
0.123307	12376.01786
0.123313	12376.55081
0.12332	12377.08502
0.123327	12377.62663
0.123334	12378.1637
0.12334	12378.68745
0.123347	12379.21426
0.123354	12379.73739
0.12336	12380.27692
0.123367	12380.81652
0.123374	12381.36889
0.12338	12381.9348
0.123387	12382.48949
0.123394	12383.02853
0.1234	12383.56991
0.123407	12384.10153
0.123414	12384.63697
0.123421	12385.16356
0.123427	12385.68471
0.123434	12386.19567
0.123441	12386.72109
0.123448	12387.25384
0.123455	12387.79774
0.123462	12388.34201
0.123469	12388.87559
0.123475	12389.40314
0.123481	12389.92457
0.123488	12390.44074
0.123495	12390.96291
0.123501	12391.47759
0.123507	12392.00186
0.123514	12392.52608
0.123521	12393.05558
0.123527	12393.59139
0.123534	12394.11997
0.123541	12394.63571
0.123548	12395.15961
0.123555	12395.69336
0.123562	12396.21844
0.123569	12396.75956
0.123575	12397.29
0.123582	12397.8094
0.123589	12398.33728
0.123596	12398.86634
0.123603	12399.4105
0.12361	12399.94901
0.123617	12400.49746
0.123623	12401.03926
0.12363	12401.57301
0.123637	12402.09409
0.123643	12402.60912
0.123649	12403.11943
0.123655	12403.61891
0.123661	12404.12337
0.123668	12404.63229
0.123675	12405.14005
0.123681	12405.65697
0.123688	12406.19195
0.123695	12406.72706
0.123701	12407.27007
0.123709	12407.80351
0.123715	12408.34012
0.123722	12408.87884
0.123729	12409.40351
0.123736	12409.93429
0.123743	12410.4691
0.12375	12411.00496
0.123757	12411.56118
0.123763	12412.10493
0.12377	12412.63363
0.123776	12413.15727
0.123783	12413.69001
0.12379	12414.22661
0.123797	12414.76422
0.123804	12415.29402
0.123811	12415.82714
0.123818	12416.35827
0.123825	12416.88289
0.123832	12417.41671
0.123839	12417.96609
0.123846	12418.49976
0.123854	12419.02225
0.12386	12419.54119
0.123867	12420.0553
0.123874	12420.58223
0.123881	12421.10941
0.123887	12421.63071
0.123894	12422.16486
0.123901	12422.69548
0.123907	12423.22007
0.123915	12423.74396
0.123921	12424.27093
0.123928	12424.79544
0.123934	12425.30763
0.123941	12425.83272
0.123948	12426.36314
0.123954	12426.89164
0.123961	12427.42749
0.123968	12427.95969
0.123975	12428.50456
0.123982	12429.04922
0.123989	12429.5938
0.123996	12430.14416
0.124003	12430.68632
0.124009	12431.21929
0.124016	12431.76222
0.124023	12432.29776
0.124029	12432.83059
0.124036	12433.36895
0.124043	12433.90585
0.124049	12434.44947
0.124056	12435.00616
0.124063	12435.56428
0.12407	12436.11386
0.124077	12436.6677
0.124084	12437.23645
0.124091	12437.80282
0.124098	12438.38082
0.124105	12438.93371
0.124112	12439.49208
0.124119	12440.04278
0.124126	12440.59423
0.124133	12441.12999
0.12414	12441.6577
0.124147	12442.20053
0.124154	12442.74394
0.12416	12443.27542
0.124167	12443.80936
0.124173	12444.35912
0.124181	12444.89008
0.124187	12445.42252
0.124194	12445.97156
0.124201	12446.50722
0.124207	12447.03592
0.124214	12447.54854
0.12422	12448.07567
0.124227	12448.60787
0.124234	12449.1425
0.124241	12449.68779
0.124248	12450.23951
0.124255	12450.78464
0.124262	12451.31538
0.124268	12451.8476
0.124275	12452.38236
0.124282	12452.91849
0.124289	12453.45195
0.124296	12453.97379
0.124303	12454.50668
0.12431	12455.06956
0.124317	12455.65847
0.124324	12456.20782
0.124331	12456.75413
0.124338	12457.30734
0.124345	12457.86019
0.124352	12458.41524
0.124359	12458.95713
0.124365	12459.49813
0.124372	12460.04094
0.124378	12460.57986
0.124385	12461.10783
0.124392	12461.65238
0.124399	12462.21076
0.124406	12462.74411
0.124413	12463.28954
0.12442	12463.82942
0.124426	12464.36639
0.124433	12464.90595
0.12444	12465.43361
0.124446	12465.98824
0.124453	12466.53624
0.124461	12467.09901
0.124467	12467.65
0.124474	12468.19031
0.124481	12468.71746
0.124488	12469.25289
0.124495	12469.80102
0.124501	12470.3586
0.124509	12470.91969
0.124515	12471.46402
0.124523	12472.00351
0.124529	12472.53526
0.124536	12473.05817
0.124542	12473.58507
0.124549	12474.10828
0.124556	12474.63813
0.124563	12475.18326
0.124569	12475.74642
0.124576	12476.28939
0.124583	12476.82972
0.12459	12477.34978
0.124597	12477.8662
0.124604	12478.39326
0.124611	12478.9302
0.124618	12479.47715
0.124625	12480.03179
0.124632	12480.60221
0.124639	12481.1645
0.124647	12481.7131
0.124654	12482.25986
0.124661	12482.79878
0.124668	12483.32454
0.124674	12483.85219
0.124681	12484.38006
0.124688	12484.90507
0.124694	12485.43279
0.124701	12485.96545
0.124708	12486.50401
0.124715	12487.0525
0.124722	12487.59228
0.124729	12488.1332
0.124735	12488.67271
0.124742	12489.2027
0.124749	12489.75615
0.124756	12490.3233
0.124763	12490.9003
0.124771	12491.48887
0.124778	12492.05596
0.124785	12492.61139
0.124792	12493.14506
0.124799	12493.68739
0.124806	12494.21706
0.124813	12494.7506
0.12482	12495.28207
0.124827	12495.82564
0.124834	12496.37284
0.124841	12496.90034
0.124848	12497.43909
0.124855	12497.98203
0.124862	12498.52039
0.124868	12499.0549
0.124875	12499.58279
0.124882	12500.10635
0.124889	12500.6328
0.124895	12501.17339
0.124903	12501.72095
0.12491	12502.26513
0.124917	12502.8033
0.124924	12503.33935
0.12493	12503.86225
0.124937	12504.39885
0.124944	12504.94353
0.124952	12505.49434
0.124959	12506.04282
0.124966	12506.60178
0.124973	12507.1437
0.12498	12507.69095
0.124987	12508.23103
0.124994	12508.78277
0.125001	12509.33167
0.125008	12509.88494
0.125015	12510.42754
0.125021	12510.955
0.125028	12511.47352
0.125035	12512.00736
0.125042	12512.55986
0.12505	12513.10663
0.125057	12513.64928
0.125064	12514.18071
0.125071	12514.71902
0.125077	12515.24274
0.125084	12515.76791
0.12509	12516.30245
0.125097	12516.84559
0.125104	12517.38439
0.125111	12517.93003
0.125118	12518.47552
0.125124	12519.02296
0.125131	12519.56214
0.125138	12520.09555
0.125145	12520.62632
0.125152	12521.14812
0.125158	12521.67787
0.125165	12522.22014
0.125172	12522.74329
0.125179	12523.26852
0.125186	12523.80592
0.125192	12524.3448
0.1252	12524.88604
0.125207	12525.43765
0.125214	12525.98691
0.125221	12526.52683
0.125228	12527.0614
0.125235	12527.60465
0.125241	12528.14775
0.125248	12528.6897
0.125255	12529.21848
0.125262	12529.75004
0.125269	12530.26562
0.125276	12530.79952
0.125283	12531.32563
0.125289	12531.84792
0.125296	12532.37075
0.125303	12532.91064
0.12531	12533.46668
0.125317	12534.02431
0.125324	12534.59699
0.125331	12535.12345
0.125338	12535.66487
0.125345	12536.19919
0.125351	12536.73669
0.125358	12537.27458
0.125366	12537.81909
0.125373	12538.37366
0.12538	12538.93115
0.125387	12539.44198
0.125394	12539.97914
0.1254	12540.50665
0.125407	12541.04097
0.125414	12541.57769
0.125421	12542.12673
0.125429	12542.69412
0.125436	12543.278
0.125443	12543.8467
0.12545	12544.38141
0.125457	12544.89993
0.125464	12545.42032
0.12547	12545.95653
0.125478	12546.49806
0.125485	12547.05318
0.125492	12547.61437
0.125499	12548.1609
0.125506	12548.70634
0.125513	12549.25115
0.12552	12549.79126
0.125527	12550.32641
0.125534	12550.86537
0.125541	12551.40151
0.125548	12551.94652
0.125556	12552.49326
0.125563	12553.04558
0.12557	12553.59855
0.125577	12554.15235
0.125584	12554.70589
0.125591	12555.24223
0.125598	12555.7779
0.125605	12556.32434
0.125611	12556.87312
0.125619	12557.40817
0.125626	12557.93747
0.125633	12558.47694
0.12564	12559.02551
0.125647	12559.58321
0.125654	12560.1068
0.125661	12560.61002
0.125668	12561.13962
0.125675	12561.68692
0.125683	12562.25001
0.12569	12562.80419
0.125697	12563.36457
0.125703	12563.90469
0.125711	12564.44615
0.125718	12564.975
0.125724	12565.50761
0.125731	12566.03887
0.125738	12566.55481
0.125745	12567.10316
0.125753	12567.64999
0.125759	12568.19193
0.125766	12568.72868
0.125772	12569.2665
0.125779	12569.79308
0.125786	12570.3285
0.125792	12570.84889
0.125799	12571.35373
0.125805	12571.87132
0.125812	12572.38454
0.125819	12572.90815
0.125826	12573.44125
0.125833	12573.97389
0.12584	12574.51089
0.125847	12575.03922
0.125854	12575.57687
0.125861	12576.10283
0.125868	12576.65059
0.125876	12577.19718
0.125883	12577.73563
0.125889	12578.2686
0.125896	12578.79956
0.125904	12579.34625
0.125911	12579.88195
0.125918	12580.40737
0.125925	12580.9362
0.125932	12581.45715
0.125939	12581.98467
0.125946	12582.51667
0.125953	12583.06114
0.12596	12583.6057
0.125967	12584.1296
0.125974	12584.6673
0.125981	12585.22376
0.125988	12585.79149
0.125995	12586.33741
0.126002	12586.88882
0.12601	12587.44125
0.126017	12587.98012
0.126024	12588.51782
0.126031	12589.04445
0.126038	12589.5762
0.126045	12590.12355
0.126053	12590.67251
0.12606	12591.21488
0.126066	12591.7489
0.126074	12592.28763
0.126081	12592.82258
0.126088	12593.36097
0.126095	12593.89559
0.126101	12594.43206
0.126108	12594.96463
0.126115	12595.50343
0.126122	12596.05553
0.126129	12596.58591
0.126135	12597.1148
0.126143	12597.65856
0.126149	12598.20431
0.126157	12598.74785
0.126164	12599.29342
0.126171	12599.85288
0.126179	12600.39888
0.126185	12600.94901
0.126192	12601.49343
0.126199	12602.03658
0.126206	12602.55879
0.126213	12603.10016
0.12622	12603.65882
0.126227	12604.20962
0.126234	12604.76986
0.126241	12605.31015
0.126248	12605.86594
0.126256	12606.41171
0.126263	12606.95002
0.12627	12607.49136
0.126277	12608.01384
0.126284	12608.54953
0.126291	12609.08345
0.126299	12609.64188
0.126305	12610.19864
0.126313	12610.7267
0.12632	12611.25895
0.126327	12611.78411
0.126333	12612.3161
0.126341	12612.86409
0.126348	12613.40031
0.126355	12613.9473
0.126362	12614.50212
0.126369	12615.05406
0.126376	12615.57813
0.126383	12616.10605
0.12639	12616.62385
0.126398	12617.15977
0.126405	12617.69518
0.126411	12618.21792
0.126418	12618.73008
0.126425	12619.25381
0.126432	12619.77612
0.126439	12620.31214
0.126446	12620.85751
0.126453	12621.40207
0.12646	12621.91151
0.126466	12622.40383
0.126473	12622.91638
0.12648	12623.43665
0.126487	12623.97117
0.126494	12624.50183
0.1265	12625.04147
0.126507	12625.58257
0.126514	12626.12453
0.126521	12626.67925
0.126529	12627.22683
0.126536	12627.78102
0.126542	12628.32539
0.12655	12628.86587
0.126557	12629.38803
0.126563	12629.90681
0.12657	12630.42422
0.126577	12630.96067
0.126584	12631.49702
0.126591	12632.02763
0.126598	12632.55693
0.126604	12633.06306
0.126611	12633.58576
0.126618	12634.10685
0.126624	12634.62283
0.126631	12635.14727
0.126638	12635.6867
0.126646	12636.23969
0.126653	12636.77811
0.12666	12637.33002
0.126667	12637.87137
0.126674	12638.41099
0.126681	12638.94819
0.126688	12639.47045
0.126695	12639.99569
0.126702	12640.53759
0.126709	12641.08379
0.126716	12641.62503
0.126723	12642.17325
0.12673	12642.71251
0.126737	12643.26155
0.126743	12643.7964
0.126751	12644.3406
0.126758	12644.89256
0.126764	12645.42878
0.126771	12645.94735
0.126778	12646.48194
0.126785	12647.01333
0.126792	12647.5555
0.126798	12648.09048
0.126805	12648.61598
0.126812	12649.15229
0.126819	12649.68968
0.126826	12650.22865
0.126833	12650.77796
0.12684	12651.30567
0.126847	12651.84695
0.126854	12652.40396
0.126861	12652.96152
0.126869	12653.51924
0.126876	12654.06136
0.126883	12654.60353
0.12689	12655.13706
0.126897	12655.67646
0.126904	12656.20782
0.126911	12656.75045
0.126918	12657.28694
0.126925	12657.8295
0.126932	12658.37393
0.126939	12658.91056
0.126946	12659.45309
0.126953	12659.99841
0.12696	12660.54149
0.126967	12661.07322
0.126973	12661.6002
0.12698	12662.13159
0.126987	12662.66103
0.126994	12663.18824
0.127001	12663.72484
0.127008	12664.26514
0.127015	12664.80777
0.127022	12665.34405
0.127029	12665.88879
0.127036	12666.43427
0.127043	12666.9589
0.12705	12667.48876
0.127056	12668.01348
0.127063	12668.54199
0.127069	12669.0738
0.127076	12669.60927
0.127083	12670.16032
0.12709	12670.71047
0.127097	12671.26948
0.127104	12671.79425
0.127111	12672.31552
0.127118	12672.8456
0.127125	12673.39326
0.127132	12673.933
0.127139	12674.44378
0.127146	12674.97258
0.127153	12675.50996
0.12716	12676.03701
0.127167	12676.5729
0.127174	12677.1013
0.127181	12677.61524
0.127188	12678.12079
0.127194	12678.64863
0.127201	12679.16809
0.127208	12679.69493
0.127215	12680.23483
0.127222	12680.79468
0.127229	12681.35018
0.127237	12681.90133
0.127244	12682.43516
0.12725	12682.96319
0.127257	12683.48938
0.127264	12684.02049
0.127271	12684.55795
0.127278	12685.11683
0.127284	12685.65336
0.127291	12686.18657
0.127298	12686.72383
0.127305	12687.26234
0.127313	12687.80847
0.12732	12688.35147
0.127327	12688.9119
0.127334	12689.46213
0.127341	12689.9932
0.127348	12690.52784
0.127355	12691.06394
0.127361	12691.60858
0.127368	12692.14132
0.127375	12692.67418
0.127383	12693.21007
0.127389	12693.74657
0.127396	12694.2907
0.127403	12694.8129
0.12741	12695.32945
0.127416	12695.84003
0.127423	12696.38011
0.12743	12696.9161
0.127437	12697.44747
0.127444	12697.96984
0.127451	12698.50414
0.127459	12699.06425
0.127466	12699.62164
0.127473	12700.17381
0.12748	12700.72123
0.127487	12701.25249
0.127494	12701.77458
0.127501	12702.29803
0.127508	12702.83605
0.127515	12703.39961
0.127522	12703.95331
0.12753	12704.49758
0.127537	12705.03514
0.127544	12705.58253
0.127551	12706.12796
0.127558	12706.67358
0.127565	12707.21813
0.127572	12707.75831
0.127579	12708.28639
0.127586	12708.80946
0.127592	12709.34146
0.1276	12709.88326
0.127607	12710.41598
0.127614	12710.95414
0.127621	12711.49307
0.127628	12712.04164
0.127635	12712.57414
0.127642	12713.10015
0.127649	12713.64036
0.127656	12714.15426
0.127663	12714.69464
0.12767	12715.22291
0.127677	12715.75856
0.127684	12716.29974
0.127691	12716.84009
0.127697	12717.37249
0.127704	12717.90589
0.127712	12718.44722
0.127719	12718.98161
0.127726	12719.50098
0.127733	12720.00407
0.127739	12720.53683
0.127747	12721.07514
0.127754	12721.61896
0.127761	12722.18147
0.127768	12722.70854
0.127774	12723.21793
0.127781	12723.7302
0.127788	12724.25737
0.127795	12724.79641
0.127803	12725.34654
0.12781	12725.88299
0.127817	12726.42027
0.127824	12726.95806
0.127831	12727.48849
0.127837	12728.02152
0.127844	12728.53616
0.127851	12729.074
0.127858	12729.61223
0.127865	12730.17596
0.127872	12730.72835
0.12788	12731.30129
0.127887	12731.85869
0.127894	12732.41212
0.127902	12732.95565
0.127909	12733.51793
0.127916	12734.07138
0.127923	12734.60767
0.12793	12735.13758
0.127937	12735.67287
0.127944	12736.21378
0.127951	12736.77142
0.127959	12737.3202
0.127966	12737.86585
0.127973	12738.40968
0.12798	12738.95665
0.127987	12739.50422
0.127994	12740.04539
0.128001	12740.59468
0.128008	12741.15987
0.128016	12741.70557
0.128023	12742.2481
0.12803	12742.78621
0.128037	12743.32265
0.128044	12743.86691
0.128051	12744.41297
0.128058	12744.95163
0.128066	12745.4785
0.128072	12746.00702
0.12808	12746.55212
0.128087	12747.11089
0.128095	12747.67117
0.128102	12748.21893
0.128109	12748.77142
0.128116	12749.30749
0.128123	12749.83253
0.12813	12750.37211
0.128137	12750.90828
0.128144	12751.41526
0.12815	12751.93772
0.128158	12752.46386
0.128165	12752.99165
0.128172	12753.52862
0.128179	12754.06562
0.128187	12754.61557
0.128193	12755.14847
0.1282	12755.68494
0.128207	12756.22351
0.128214	12756.76941
0.128221	12757.29767
0.128228	12757.81849
0.128235	12758.34194
0.128242	12758.88193
0.12825	12759.41355
0.128256	12759.95896
0.128264	12760.51219
0.128271	12761.05317
0.128277	12761.58853
0.128284	12762.11914
0.128291	12762.65426
0.128298	12763.17118
0.128305	12763.69766
0.128311	12764.2291
0.128319	12764.76453
0.128326	12765.293
0.128333	12765.82176
0.12834	12766.36494
0.128347	12766.90837
0.128355	12767.44522
0.128361	12767.97831
0.128368	12768.51152
0.128375	12769.03929
0.128382	12769.53424
0.128389	12770.03267
0.128395	12770.54223
0.128402	12771.06784
0.128409	12771.59467
0.128416	12772.12476
0.128422	12772.64015
0.128429	12773.17748
0.128437	12773.71646
0.128444	12774.2607
0.128451	12774.79787
0.128457	12775.33628
0.128464	12775.87574
0.128471	12776.38373
0.128478	12776.91464
0.128485	12777.44168
0.128492	12777.98689
0.1285	12778.53085
0.128506	12779.06644
0.128513	12779.60382
0.12852	12780.14156
0.128527	12780.67535
0.128535	12781.19734
0.128542	12781.72724
0.128549	12782.25008
0.128555	12782.77937
0.128562	12783.33175
0.12857	12783.88528
0.128577	12784.43022
0.128584	12784.9802
0.128592	12785.55634
0.128598	12786.10604
0.128605	12786.66485
0.128613	12787.22814
0.12862	12787.77659
0.128627	12788.32698
0.128634	12788.87686
0.128641	12789.43723
0.128648	12789.98885
0.128656	12790.53859
0.128663	12791.06568
0.12867	12791.59863
0.128677	12792.1275
0.128684	12792.65429
0.128691	12793.19367
0.128698	12793.74235
0.128705	12794.29412
0.128712	12794.83933
0.128719	12795.39286
0.128726	12795.95174
0.128733	12796.4918
0.12874	12797.01603
0.128747	12797.53424
0.128754	12798.07075
0.128761	12798.61416
0.128768	12799.15517
0.128775	12799.70461
0.128782	12800.24295
0.128789	12800.78163
0.128797	12801.32433
0.128803	12801.86249
0.128811	12802.39937
0.128818	12802.93938
0.128825	12803.48573
0.128832	12804.02993
0.128839	12804.55793
0.128846	12805.09316
0.128853	12805.63815
0.12886	12806.17732
0.128867	12806.72209
0.128875	12807.27959
0.128881	12807.82777
0.128889	12808.37923
0.128896	12808.92602
0.128903	12809.4587
0.12891	12810.00355
0.128918	12810.55449
0.128924	12811.09081
0.128931	12811.613
0.128938	12812.14025
0.128946	12812.67584
0.128953	12813.2128
0.128959	12813.7488
0.128967	12814.28938
0.128973	12814.81048
0.12898	12815.3398
0.128987	12815.86648
0.128994	12816.40875
0.129001	12816.97157
0.129008	12817.50236
0.129015	12818.03086
0.129022	12818.5575
0.129029	12819.10272
0.129036	12819.63765
0.129043	12820.18008
0.12905	12820.71784
0.129057	12821.25916
0.129065	12821.80106
0.129072	12822.33978
0.129078	12822.87073
0.129086	12823.39823
0.129093	12823.93419
0.1291	12824.4697
0.129107	12825.00024
0.129114	12825.52696
0.129121	12826.0559
0.129128	12826.59045
0.129135	12827.12004
0.129142	12827.65529
0.129149	12828.18358
0.129156	12828.71358
0.129163	12829.24146
0.12917	12829.78504
0.129177	12830.33644
0.129185	12830.87278
0.129192	12831.40786
0.129199	12831.93876
0.129206	12832.47469
0.129213	12833.01675
0.12922	12833.53594
0.129227	12834.06461
0.129234	12834.59683
0.129241	12835.1523
0.129248	12835.70693
0.129256	12836.23783
0.129262	12836.77149
0.129269	12837.30296
0.129277	12837.83748
0.129284	12838.36646
0.129291	12838.90488
0.129298	12839.44767
0.129305	12839.98414
0.129312	12840.50317
0.129319	12841.02324
0.129326	12841.56268
0.129333	12842.08161
0.12934	12842.61475
0.129347	12843.14216
0.129355	12843.66932
0.129362	12844.19355
0.129368	12844.71003
0.129375	12845.24723
0.129383	12845.7676
0.12939	12846.28997
0.129397	12846.82751
0.129404	12847.36125
0.12941	12847.88244
0.129417	12848.40462
0.129424	12848.90144
0.129431	12849.42772
0.129438	12849.95797
0.129445	12850.48581
0.129452	12851.01622
0.129459	12851.55561
0.129467	12852.09619
0.129474	12852.63273
0.12948	12853.15884
0.129488	12853.6873
0.129495	12854.22055
0.129502	12854.75122
0.129509	12855.28767
0.129517	12855.83519
0.129524	12856.38326
0.129531	12856.93021
0.129538	12857.46646
0.129545	12857.99243
0.129552	12858.47932
0.129559	12858.99001
0.129566	12859.51798
0.129573	12860.04165
0.12958	12860.57357
0.129587	12861.0955
0.129594	12861.6085
0.129601	12862.1204
0.129608	12862.6433
0.129615	12863.16084
0.129622	12863.68684
0.129629	12864.20331
0.129636	12864.72889
0.129643	12865.25236
0.12965	12865.77816
0.129657	12866.30936
0.129664	12866.82734
0.129671	12867.34583
0.129678	12867.8838
0.129685	12868.42032
0.129691	12868.94476
0.129699	12869.48508
0.129706	12870.0089
0.129713	12870.52088
0.12972	12871.04045
0.129727	12871.5722
0.129734	12872.10352
0.129741	12872.62991
0.129748	12873.16125
0.129755	12873.68677
0.129763	12874.21452
0.12977	12874.74416
0.129777	12875.27719
0.129784	12875.79953
0.12979	12876.31664
0.129798	12876.84419
0.129805	12877.36161
0.129812	12877.88833
0.12982	12878.41373
0.129826	12878.93537
0.129834	12879.45926
0.129841	12879.99927
0.129848	12880.51801
0.129855	12881.03859
0.129862	12881.55982
0.129869	12882.08501
0.129876	12882.63506
0.129884	12883.18364
0.129891	12883.73862
0.129898	12884.27822
0.129905	12884.78347
0.129912	12885.30209
0.129919	12885.81835
0.129926	12886.36271
0.129933	12886.90686
0.12994	12887.41845
0.129947	12887.92038
0.129954	12888.41211
0.129961	12888.91112
0.129968	12889.4291
0.129976	12889.95805
0.129983	12890.50263
0.12999	12891.03852
0.129997	12891.56645
0.130004	12892.08104
0.130011	12892.59617
0.130018	12893.1106
0.130025	12893.64028
0.130032	12894.14883
0.130039	12894.66531
0.130046	12895.19289
0.130053	12895.71357
0.13006	12896.24755
0.130067	12896.77325
0.130074	12897.30817
0.130081	12897.82
0.130088	12898.32485
0.130095	12898.83977
0.130101	12899.35633
0.130109	12899.85593
0.130116	12900.37464
0.130123	12900.90723
0.13013	12901.43762
0.130137	12901.97158
0.130144	12902.50039
0.130151	12903.03179
0.130159	12903.55724
0.130165	12904.06569
0.130173	12904.59243
0.130179	12905.11891
0.130186	12905.63564
0.130193	12906.15986
0.1302	12906.67571
0.130208	12907.19929
0.130214	12907.71586
0.130222	12908.24657
0.130229	12908.77145
0.130236	12909.30181
0.130243	12909.8207
0.13025	12910.34359
0.130257	12910.87125
0.130264	12911.40809
0.130272	12911.95115
0.130279	12912.48827
0.130286	12913.02086
0.130293	12913.55849
0.130301	12914.09568
0.130307	12914.63832
0.130315	12915.19304
0.130322	12915.7392
0.13033	12916.28087
0.130336	12916.79328
0.130343	12917.30261
0.130351	12917.82937
0.130358	12918.36352
0.130365	12918.90182
0.130373	12919.44944
0.13038	12920.00009
0.130387	12920.54083
0.130394	12921.0741
0.130401	12921.61034
0.130409	12922.1512
0.130415	12922.69105
0.130423	12923.22286
0.13043	12923.75758
0.130437	12924.29656
0.130444	12924.82693
0.130452	12925.36579
0.130459	12925.91537
0.130467	12926.45786
0.130475	12926.99397
0.130482	12927.53058
0.13049	12928.06834
0.130497	12928.61713
0.130504	12929.16993
0.130511	12929.70887
0.130519	12930.26149
0.130526	12930.79224
0.130532	12931.3117
0.13054	12931.86008
0.130547	12932.39529
0.130554	12932.93815
0.130561	12933.48468
0.130569	12934.03329
0.130576	12934.5806
0.130583	12935.11421
0.13059	12935.64315
0.130597	12936.16793
0.130605	12936.69641
0.130612	12937.22563
0.130619	12937.77131
0.130626	12938.29762
0.130634	12938.8331
0.130641	12939.39141
0.130649	12939.9415
0.130657	12940.49127
0.130663	12941.02364
0.13067	12941.56212
0.130677	12942.09864
0.130684	12942.62147
0.130691	12943.12848
0.130698	12943.64487
0.130705	12944.16976
0.130712	12944.706
0.130719	12945.24158
0.130726	12945.77919
0.130734	12946.32881
0.130741	12946.86727
0.130747	12947.3736
0.130754	12947.89089
0.130762	12948.41259
0.130769	12948.94619
0.130776	12949.47787
0.130783	12949.99847
0.13079	12950.52006
0.130797	12951.04732
0.130804	12951.58723
0.130811	12952.1224
0.130818	12952.66732
0.130825	12953.19907
0.130832	12953.72256
0.130839	12954.24956
0.130846	12954.76842
0.130853	12955.31034
0.13086	12955.85759
0.130868	12956.40957
0.130875	12956.94847
0.130882	12957.4887
0.130889	12958.02419
0.130896	12958.54769
0.130903	12959.08105
0.13091	12959.60778
0.130917	12960.14705
0.130924	12960.69192
0.130932	12961.23625
0.130939	12961.76898
0.130946	12962.31381
0.130954	12962.84821
0.130961	12963.38308
0.130968	12963.9183
0.130975	12964.45187
0.130982	12964.98721
0.130988	12965.49018
0.130995	12965.98085
0.131002	12966.48245
0.13101	12967.02128
0.131017	12967.54839
0.131024	12968.07584
0.131032	12968.62035
0.131039	12969.14233
0.131046	12969.68576
0.131054	12970.21851
0.131061	12970.73308
0.131068	12971.25385
0.131076	12971.77555
0.131083	12972.29116
0.131089	12972.79156
0.131097	12973.28857
0.131103	12973.78458
0.13111	12974.3019
0.131118	12974.82834
0.131125	12975.36786
0.131132	12975.87856
0.131139	12976.40377
0.131146	12976.94463
0.131153	12977.47801
0.13116	12977.99768
0.131167	12978.51657
0.131174	12979.03294
0.131181	12979.56414
0.131188	12980.11373
0.131196	12980.64704
0.131203	12981.1755
0.13121	12981.71597
0.131218	12982.25709
0.131225	12982.79502
0.131232	12983.33232
0.13124	12983.85941
0.131246	12984.39189
0.131254	12984.92646
0.131261	12985.4752
0.131269	12986.02438
0.131276	12986.55643
0.131283	12987.08604
0.13129	12987.61802
0.131297	12988.15585
0.131304	12988.69952
0.131312	12989.24031
0.131319	12989.77214
0.131326	12990.28044
0.131333	12990.7595
0.13134	12991.28081
0.131347	12991.79563
0.131354	12992.31096
0.131362	12992.83299
0.131369	12993.3496
0.131376	12993.87467
0.131383	12994.399
0.13139	12994.92686
0.131398	12995.44997
0.131405	12995.96141
0.131412	12996.47517
0.131419	12996.98365
0.131426	12997.50549
0.131433	12998.01689
0.131441	12998.53561
0.131448	12999.04989
0.131455	12999.59073
0.131463	13000.13418
0.13147	13000.6509
0.131477	13001.17013
0.131484	13001.67758
0.131492	13002.19995
0.131499	13002.72805
0.131506	13003.25066
0.131513	13003.78771
0.13152	13004.31263
0.131527	13004.83903
0.131534	13005.34963
0.131541	13005.86524
0.131548	13006.39849
0.131556	13006.93374
0.131563	13007.46367
0.131571	13007.99694
0.131578	13008.52682
0.131585	13009.05021
0.131592	13009.56727
0.131599	13010.07899
0.131607	13010.59878
0.131614	13011.12559
0.131621	13011.66544
0.131628	13012.19622
0.131635	13012.7168
0.131642	13013.22687
0.131649	13013.74158
0.131656	13014.24992
0.131663	13014.7627
0.13167	13015.27906
0.131676	13015.78452
0.131683	13016.28088
0.13169	13016.79789
0.131697	13017.32865
0.131704	13017.861
0.131711	13018.38155
0.131718	13018.91691
0.131726	13019.44957
0.131733	13019.99525
0.131741	13020.52554
0.131748	13021.05557
0.131756	13021.59448
0.131762	13022.12194
0.13177	13022.65976
0.131777	13023.18096
0.131784	13023.68363
0.13179	13024.18001
0.131797	13024.67475
0.131804	13025.16242
0.131811	13025.65675
0.131818	13026.16331
0.131825	13026.6755
0.131832	13027.18772
0.131839	13027.70465
0.131846	13028.22176
0.131853	13028.7418
0.13186	13029.26162
0.131867	13029.77721
0.131875	13030.30511
0.131882	13030.82284
0.131889	13031.34621
0.131896	13031.88548
0.131904	13032.4279
0.131911	13032.97666
0.131918	13033.50423
0.131926	13034.04236
0.131934	13034.57309
0.13194	13035.09647
0.131948	13035.61984
0.131954	13036.15204
0.131962	13036.68215
0.131969	13037.22427
0.131976	13037.75953
0.131983	13038.28204
0.13199	13038.803
0.131997	13039.32894
0.132004	13039.84868
0.132011	13040.36839
0.132019	13040.90512
0.132025	13041.42379
0.132033	13041.94364
0.13204	13042.45176
0.132047	13042.9655
0.132054	13043.48517
0.132061	13044.00713
0.132069	13044.53805
0.132076	13045.06193
0.132083	13045.57408
0.13209	13046.10287
0.132097	13046.62881
0.132104	13047.15853
0.132112	13047.68317
0.132119	13048.2132
0.132127	13048.74093
0.132133	13049.26295
0.132141	13049.76729
0.132148	13050.27883
0.132155	13050.77946
0.132162	13051.28415
0.132169	13051.78849
0.132176	13052.31344
0.132183	13052.83828
0.13219	13053.36482
0.132198	13053.89808
0.132205	13054.4301
0.132212	13054.95159
0.132219	13055.47787
0.132226	13056.01179
0.132234	13056.5432
0.132242	13057.07753
0.132249	13057.60169
0.132256	13058.11224
0.132262	13058.63475
0.132269	13059.15828
0.132276	13059.68281
0.132284	13060.20733
0.132291	13060.73795
0.132298	13061.26198
0.132306	13061.7859
0.132312	13062.30334
0.132319	13062.82443
0.132326	13063.34676
0.132334	13063.87909
0.132341	13064.41214
0.132349	13064.97412
0.132357	13065.51585
0.132364	13066.05986
0.132372	13066.58043
0.132378	13067.05589
0.132385	13067.58506
0.132392	13068.11024
0.1324	13068.65122
0.132407	13069.17322
0.132414	13069.70529
0.132421	13070.21933
0.132428	13070.72296
0.132435	13071.22368
0.132442	13071.76444
0.13245	13072.30766
0.132457	13072.84081
0.132465	13073.35905
0.132472	13073.88973
0.132479	13074.41669
0.132486	13074.93395
0.132494	13075.45725
0.1325	13075.97433
0.132508	13076.48892
0.132515	13077.01596
0.132522	13077.54553
0.13253	13078.06635
0.132537	13078.58568
0.132544	13079.10484
0.132551	13079.60274
0.132558	13080.12605
0.132566	13080.65031
0.132572	13081.17421
0.13258	13081.7001
0.132587	13082.22365
0.132595	13082.73291
0.132602	13083.25547
0.132609	13083.77411
0.132616	13084.29841
0.132623	13084.82414
0.13263	13085.34586
0.132638	13085.88781
0.132645	13086.42317
0.132653	13086.9673
0.13266	13087.50392
0.132667	13088.04363
0.132675	13088.58418
0.132682	13089.13764
0.132689	13089.69413
0.132697	13090.21463
0.132704	13090.7254
0.132711	13091.24515
0.132718	13091.77669
0.132725	13092.31479
0.132733	13092.84871
0.13274	13093.37888
0.132747	13093.90195
0.132754	13094.41588
0.132761	13094.9319
0.132769	13095.43928
0.132776	13095.94963
0.132783	13096.47951
0.132791	13096.9955
0.132798	13097.5159
0.132805	13098.05163
0.132813	13098.58778
0.13282	13099.11176
0.132827	13099.64095
0.132835	13100.15906
0.132843	13100.69444
0.13285	13101.23085
0.132858	13101.76324
0.132866	13102.30151
0.132873	13102.84948
0.132881	13103.39404
0.132888	13103.93421
0.132896	13104.47263
0.132903	13105.02271
0.132911	13105.5638
0.132918	13106.08357
0.132925	13106.60982
0.132932	13107.13491
0.13294	13107.6686
0.132946	13108.19397
0.132954	13108.72822
0.132961	13109.26587
0.132969	13109.80659
0.132976	13110.34827
0.132983	13110.87276
0.13299	13111.39251
0.132997	13111.91265
0.133004	13112.4666
0.133011	13113.01035
0.133019	13113.56391
0.133026	13114.09419
0.133034	13114.61786
0.133041	13115.13249
0.133048	13115.66507
0.133055	13116.19235
0.133063	13116.71089
0.133071	13117.2265
0.133077	13117.74316
0.133084	13118.25416
0.133092	13118.76484
0.133099	13119.33134
0.133106	13119.89322
0.133114	13120.45401
0.133121	13121.01494
0.133129	13121.57134
0.133136	13122.12582
0.133143	13122.6677
0.133151	13123.20972
0.133158	13123.74155
0.133165	13124.27449
0.133172	13124.80954
0.13318	13125.34599
0.133188	13125.88277
0.133195	13126.42592
0.133203	13126.96274
0.13321	13127.50459
0.133218	13128.05266
0.133225	13128.61354
0.133233	13129.15084
0.13324	13129.68208
0.133247	13130.2102
0.133254	13130.73812
0.133262	13131.2606
0.133268	13131.78834
0.133276	13132.32733
0.133284	13132.8762
0.133292	13133.44025
0.133299	13133.98346
0.133307	13134.51429
0.133314	13135.04154
0.133321	13135.56343
0.133328	13136.07074
0.133336	13136.58577
0.133343	13137.1106
0.13335	13137.64475
0.133357	13138.17614
0.133365	13138.70268
0.133372	13139.22922
0.13338	13139.74842
0.133386	13140.26534
0.133394	13140.78903
0.133401	13141.31479
0.133409	13141.84994
0.133416	13142.38177
0.133423	13142.91374
0.133431	13143.43062
0.133438	13143.95208
0.133445	13144.4727
0.133452	13145.00178
0.133459	13145.51522
0.133466	13146.03239
0.133474	13146.55234
0.133481	13147.08015
0.133488	13147.61043
0.133495	13148.14453
0.133502	13148.68061
0.13351	13149.21817
0.133517	13149.76339
0.133524	13150.29981
0.133532	13150.83206
0.133539	13151.35789
0.133546	13151.87791
0.133554	13152.39698
0.133561	13152.928
0.133568	13153.46147
0.133575	13153.98316
0.133583	13154.5162
0.133591	13155.04736
0.133598	13155.57326
0.133605	13156.08765
0.133613	13156.6083
0.13362	13157.13241
0.133628	13157.65264
0.133635	13158.16015
0.133642	13158.6608
0.133649	13159.17078
0.133656	13159.68812
0.133664	13160.22028
0.133672	13160.78075
0.133679	13161.33188
0.133687	13161.86527
0.133694	13162.3985
0.133702	13162.94235
0.133709	13163.47712
0.133717	13164.01145
0.133724	13164.5457
0.133732	13165.07856
0.13374	13165.62067
0.133747	13166.15205
0.133754	13166.66191
0.133761	13167.16752
0.133768	13167.68376
0.133775	13168.19404
0.133782	13168.70792
0.133789	13169.21892
0.133796	13169.74148
0.133803	13170.27798
0.133811	13170.81255
0.133818	13171.34233
0.133826	13171.86912
0.133833	13172.39827
0.13384	13172.92543
0.133848	13173.46523
0.133855	13174.00268
0.133863	13174.53284
0.13387	13175.05722
0.133877	13175.57451
0.133884	13176.11213
0.133891	13176.65761
0.133899	13177.19377
0.133906	13177.73243
0.133914	13178.27581
0.133922	13178.80684
0.13393	13179.36854
0.133938	13179.91914
0.133945	13180.45179
0.133952	13180.98787
0.133959	13181.51725
0.133968	13182.07494
0.133975	13182.60696
0.133982	13183.1315
0.13399	13183.64901
0.133997	13184.17831
0.134004	13184.71526
0.134011	13185.24884
0.134019	13185.78954
0.134026	13186.32463
0.134034	13186.86678
0.134041	13187.4045
0.134048	13187.94611
0.134056	13188.48207
0.134064	13189.02141
0.134071	13189.54895
0.134079	13190.07542
0.134086	13190.59995
0.134094	13191.12523
0.134101	13191.64978
0.134108	13192.1722
0.134116	13192.69138
0.134123	13193.2251
0.134131	13193.75002
0.134138	13194.27418
0.134145	13194.80029
0.134153	13195.32795
0.13416	13195.86447
0.134167	13196.38944
0.134175	13196.91973
0.134183	13197.46738
0.13419	13198.01545
0.134198	13198.55904
0.134206	13199.09859
0.134214	13199.64645
0.134222	13200.19293
0.134229	13200.72804
0.134236	13201.26028
0.134243	13201.78616
0.134251	13202.31974
0.134258	13202.85269
0.134265	13203.37609
0.134272	13203.91029
0.13428	13204.44159
0.134287	13204.97867
0.134294	13205.50552
0.134301	13206.02481
0.134309	13206.54269
0.134316	13207.0723
0.134323	13207.60026
0.134331	13208.12531
0.134338	13208.65818
0.134346	13209.18847
0.134354	13209.72086
0.134361	13210.25302
0.134368	13210.76028
0.134375	13211.24738
0.134382	13211.74763
0.134389	13212.25345
0.134397	13212.77927
0.134404	13213.30527
0.134412	13213.8303
0.13442	13214.36689
0.134427	13214.9073
0.134435	13215.43342
0.134443	13215.9642
0.13445	13216.49087
0.134458	13217.00407
0.134465	13217.52914
0.134472	13218.04916
0.13448	13218.57785
0.134487	13219.09882
0.134494	13219.62524
0.134502	13220.15009
0.134509	13220.6814
0.134516	13221.22095
0.134524	13221.75714
0.134532	13222.30428
0.134539	13222.84754
0.134547	13223.37455
0.134554	13223.89977
0.134561	13224.43218
0.134569	13224.97411
0.134577	13225.52804
0.134584	13226.07111
0.134592	13226.60613
0.1346	13227.14033
0.134607	13227.67628
0.134614	13228.209
0.134621	13228.74168
0.134628	13229.26424
0.134636	13229.80377
0.134643	13230.34972
0.134651	13230.89623
0.134658	13231.43564
0.134666	13231.97489
0.134674	13232.5103
0.134681	13233.03435
0.134688	13233.5397
0.134696	13234.05051
0.134703	13234.57716
0.13471	13235.10293
0.134718	13235.63462
0.134725	13236.13465
0.134732	13236.66073
0.13474	13237.19249
0.134747	13237.71853
0.134755	13238.23871
0.134762	13238.74602
0.134769	13239.26452
0.134776	13239.78406
0.134784	13240.31395
0.134791	13240.8428
0.134798	13241.36821
0.134806	13241.88899
0.134813	13242.40338
0.13482	13242.92897
0.134827	13243.44608
0.134835	13243.98305
0.134842	13244.51485
0.134849	13245.05447
0.134857	13245.58119
0.134864	13246.09672
0.134872	13246.62595
0.134879	13247.15349
0.134887	13247.68148
0.134894	13248.21307
0.134901	13248.7498
0.134908	13249.2867
0.134916	13249.81331
0.134923	13250.32609
0.13493	13250.83324
0.134937	13251.34908
0.134944	13251.85461
0.134952	13252.36585
0.13496	13252.90704
0.134967	13253.4485
0.134974	13253.97114
0.134982	13254.48696
0.134989	13255.00188
0.134996	13255.51554
0.135003	13256.03083
0.135011	13256.55596
0.135018	13257.07788
0.135025	13257.59863
0.135033	13258.13435
0.13504	13258.65235
0.135048	13259.17959
0.135055	13259.66931
0.135062	13260.16465
0.135068	13260.63448
0.135075	13261.13841
0.135083	13261.65109
0.13509	13262.1785
0.135097	13262.6925
0.135104	13263.20008
0.135111	13263.71915
0.135118	13264.23107
0.135126	13264.74787
0.135133	13265.26231
0.13514	13265.77592
0.135148	13266.29421
0.135155	13266.81383
0.135162	13267.34217
0.13517	13267.8816
0.135177	13268.40632
0.135185	13268.92398
0.135192	13269.4262
0.135199	13269.93376
0.135206	13270.45842
0.135213	13271.00113
0.13522	13271.53785
0.135228	13272.07495
0.135235	13272.59521
0.135243	13273.12389
0.13525	13273.65059
0.135257	13274.189
0.135265	13274.72413
0.135272	13275.23307
0.13528	13275.74645
0.135287	13276.26315
0.135294	13276.80346
0.135302	13277.33989
0.135309	13277.87929
0.135317	13278.41309
0.135324	13278.92845
0.135332	13279.44963
0.13534	13279.99968
0.135347	13280.52929
0.135354	13281.05734
0.135362	13281.59257
0.13537	13282.12832
0.135377	13282.66781
0.135385	13283.1988
0.135392	13283.72381
0.135399	13284.24634
0.135407	13284.77661
0.135415	13285.30972
0.135422	13285.84281
0.13543	13286.36825
0.135437	13286.88725
0.135444	13287.39187
0.135452	13287.90965
0.13546	13288.41595
0.135467	13288.91517
0.135474	13289.42593
0.135481	13289.93763
0.135489	13290.46698
0.135497	13290.99193
0.135505	13291.54311
0.135512	13292.07995
0.13552	13292.60263
0.135527	13293.13144
0.135535	13293.68421
0.135542	13294.2259
0.13555	13294.76042
0.135557	13295.28594
0.135565	13295.81735
0.135573	13296.34749
0.13558	13296.88371
0.135588	13297.40369
0.135595	13297.92602
0.135603	13298.45988
0.13561	13298.99715
0.135618	13299.53775
0.135626	13300.07778
0.135633	13300.6018
0.135641	13301.13654
0.135648	13301.65586
0.135655	13302.16205
0.135663	13302.68641
0.13567	13303.19496
0.135677	13303.70342
0.135685	13304.23102
0.135693	13304.77325
0.135701	13305.30121
0.135708	13305.83506
0.135716	13306.36505
0.135723	13306.88101
0.135731	13307.40316
0.135738	13307.92034
0.135746	13308.44081
0.135753	13308.96827
0.13576	13309.50436
0.135768	13310.04061
0.135775	13310.58422
0.135783	13311.11153
0.135791	13311.63324
0.135798	13312.15432
0.135806	13312.68743
0.135813	13313.2145
0.13582	13313.71355
0.135828	13314.23579
0.135836	13314.76245
0.135843	13315.27325
0.13585	13315.7909
0.135858	13316.30996
0.135866	13316.83446
0.135873	13317.35148
0.135881	13317.87329
0.135888	13318.39411
0.135895	13318.91468
0.135903	13319.44771
0.135911	13319.99738
0.135919	13320.55089
0.135927	13321.07337
0.135935	13321.59636
0.135942	13322.1285
0.135949	13322.65741
0.135957	13323.16958
0.135965	13323.69055
0.135973	13324.21727
0.13598	13324.75882
0.135988	13325.30163
0.135995	13325.81658
0.136002	13326.33786
0.13601	13326.85985
0.136017	13327.37823
0.136025	13327.89814
0.136032	13328.42115
0.13604	13328.92885
0.136047	13329.44754
0.136054	13329.96972
0.136062	13330.50056
0.13607	13331.02605
0.136077	13331.55567
0.136085	13332.1115
0.136093	13332.65847
0.136101	13333.19315
0.136108	13333.729
0.136116	13334.25702
0.136123	13334.7679
0.136131	13335.29977
0.136139	13335.82051
0.136146	13336.3451
0.136154	13336.88591
0.136162	13337.41053
0.136169	13337.92374
0.136177	13338.44577
0.136184	13338.95691
0.136191	13339.47759
0.136199	13339.98754
0.136207	13340.49758
0.136214	13341.01757
0.136222	13341.54279
0.136229	13342.07149
0.136237	13342.60008
0.136245	13343.13022
0.136252	13343.64845
0.13626	13344.16215
0.136268	13344.69949
0.136275	13345.23634
0.136283	13345.78192
0.136291	13346.31636
0.136298	13346.84926
0.136306	13347.37054
0.136314	13347.90326
0.136321	13348.42672
0.136329	13348.95318
0.136336	13349.4752
0.136344	13349.99792
0.136351	13350.52132
0.136358	13351.03382
0.136366	13351.54933
0.136374	13352.07149
0.136381	13352.6097
0.136389	13353.1512
0.136397	13353.67822
0.136405	13354.21992
0.136412	13354.74578
0.13642	13355.27346
0.136427	13355.80114
0.136435	13356.33048
0.136442	13356.85039
0.13645	13357.36436
0.136457	13357.87853
0.136465	13358.4038
0.136472	13358.93544
0.136479	13359.45998
0.136487	13359.97446
0.136494	13360.48273
0.136502	13361.00805
0.136509	13361.51978
0.136517	13362.03348
0.136524	13362.55647
0.136532	13363.07585
0.13654	13363.59886
0.136547	13364.12749
0.136554	13364.65574
0.136562	13365.17447
0.136569	13365.70135
0.136577	13366.22089
0.136585	13366.75395
0.136592	13367.29102
0.1366	13367.85391
0.136608	13368.40106
0.136616	13368.95925
0.136624	13369.50646
0.136632	13370.04298
0.136639	13370.57031
0.136646	13371.09921
0.136654	13371.63776
0.136661	13372.17311
0.136669	13372.71045
0.136677	13373.24488
0.136684	13373.78734
0.136692	13374.32062
0.1367	13374.86297
0.136708	13375.40296
0.136716	13375.95596
0.136723	13376.49715
0.13673	13377.03674
0.136738	13377.58161
0.136746	13378.11853
0.136754	13378.65794
0.136761	13379.19866
0.136769	13379.72896
0.136777	13380.2526
0.136785	13380.7986
0.136792	13381.34008
0.1368	13381.87453
0.136807	13382.40176
0.136814	13382.92321
0.136822	13383.44962
0.136829	13383.96192
0.136837	13384.48961
0.136845	13385.01576
0.136852	13385.55514
0.13686	13386.09283
0.136867	13386.62567
0.136875	13387.15702
0.136882	13387.67149
0.13689	13388.20983
0.136898	13388.73452
0.136905	13389.26064
0.136913	13389.80161
0.136922	13390.43497
0.13693	13390.98797
0.136937	13391.53476
0.136946	13392.07799
0.136953	13392.62328
0.13696	13393.17212
0.136968	13393.71214
0.136976	13394.25149
0.136984	13394.7821
0.136992	13395.32703
0.137	13395.87556
0.137008	13396.42117
0.137015	13396.95027
0.137023	13397.50385
0.137031	13398.05847
0.137039	13398.60843
0.137047	13399.16648
0.137055	13399.71605
0.137063	13400.26876
0.13707	13400.81079
0.137078	13401.35613
0.137086	13401.89123
0.137094	13402.44023
0.137102	13402.9935
0.13711	13403.5537
0.137118	13404.09274
0.137125	13404.62935
0.137133	13405.18241
0.137141	13405.72683
0.137148	13406.26474
0.137156	13406.80356
0.137164	13407.34439
0.137172	13407.89086
0.13718	13408.44996
0.137188	13408.994
0.137196	13409.5365
0.137203	13410.07254
0.137211	13410.58564
0.137218	13411.10278
0.137226	13411.63254
0.137234	13412.1651
0.137241	13412.69559
0.137249	13413.22051
0.137257	13413.75425
0.137265	13414.28463
0.137272	13414.81083
0.13728	13415.3581
0.137288	13415.8989
0.137295	13416.43711
0.137304	13416.98028
0.137311	13417.51422
0.137319	13418.04777
0.137327	13418.56244
0.137335	13419.08577
0.137342	13419.62002
0.13735	13420.16307
0.137358	13420.7086
0.137366	13421.24143
0.137373	13421.7567
0.137381	13422.26033
0.137389	13422.79538
0.137397	13423.31787
0.137404	13423.83989
0.137412	13424.35058
0.137419	13424.86886
0.137427	13425.40195
0.137434	13425.93618
0.137442	13426.46437
0.13745	13426.98325
0.137457	13427.51289
0.137465	13428.05362
0.137473	13428.59065
0.137481	13429.11543
0.137488	13429.64856
0.137496	13430.17286
0.137504	13430.7045
0.137512	13431.22782
0.13752	13431.7599
0.137528	13432.30693
0.137536	13432.84003
0.137544	13433.37582
0.137551	13433.91499
0.137559	13434.43705
0.137567	13434.96596
0.137575	13435.4944
0.137582	13436.02248
0.13759	13436.54282
0.137598	13437.07086
0.137605	13437.59007
0.137613	13438.12423
0.137621	13438.65731
0.137629	13439.178
0.137636	13439.69395
0.137644	13440.20911
0.137651	13440.7288
0.137659	13441.25687
0.137666	13441.78439
0.137675	13442.32594
0.137682	13442.85984
0.13769	13443.3853
0.137698	13443.90946
0.137705	13444.42565
0.137713	13444.9519
0.137721	13445.47245
0.137728	13445.98086
0.137736	13446.50003
0.137744	13447.02055
0.137752	13447.53339
0.137759	13448.04403
0.137767	13448.56521
0.137774	13449.09348
0.137782	13449.62022
0.13779	13450.13166
0.137798	13450.65022
0.137806	13451.16906
0.137813	13451.69863
0.137821	13452.23211
0.137829	13452.76825
0.137837	13453.30043
0.137845	13453.82347
0.137852	13454.34406
0.13786	13454.86997
0.137867	13455.39695
0.137875	13455.91929
0.137883	13456.44161
0.13789	13456.95225
0.137898	13457.47651
0.137905	13457.99211
0.137913	13458.51559
0.13792	13459.04159
0.137928	13459.55621
0.137935	13460.069
0.137943	13460.57596
0.13795	13461.08011
0.137957	13461.5895
0.137965	13462.10167
0.137973	13462.61418
0.13798	13463.1327
0.137988	13463.65455
0.137996	13464.18083
0.138004	13464.7076
0.138012	13465.21918
0.13802	13465.75548
0.138028	13466.29144
0.138035	13466.81329
0.138043	13467.334
0.13805	13467.86161
0.138059	13468.42611
0.138067	13468.96325
0.138075	13469.48256
0.138083	13470.01378
0.138091	13470.55706
0.138099	13471.0951
0.138107	13471.63105
0.138115	13472.15133
0.138122	13472.67253
0.13813	13473.19228
0.138137	13473.7081
0.138146	13474.23656
0.138154	13474.78285
0.138162	13475.31859
0.13817	13475.84965
0.138177	13476.36492
0.138185	13476.87828
0.138193	13477.41191
0.138201	13477.94479
0.138209	13478.47916
0.138216	13478.9948
0.138224	13479.519
0.138232	13480.04309
0.13824	13480.55957
0.138247	13481.07562
0.138255	13481.60313
0.138263	13482.15311
0.138271	13482.68951
0.138279	13483.20452
0.138286	13483.71828
0.138294	13484.23535
0.138302	13484.74775
0.138309	13485.26994
0.138318	13485.79602
0.138325	13486.32
0.138333	13486.84319
0.138341	13487.36781
0.138349	13487.88781
0.138356	13488.41515
0.138364	13488.94189
0.138372	13489.45945
0.13838	13489.99284
0.138387	13490.50997
0.138396	13491.02165
0.138403	13491.52358
0.138411	13492.03159
0.138419	13492.57513
0.138427	13493.12886
0.138435	13493.67236
0.138442	13494.19506
0.13845	13494.73586
0.138458	13495.26768
0.138466	13495.79007
0.138474	13496.32179
0.138482	13496.84276
0.138489	13497.37277
0.138497	13497.90265
0.138505	13498.4346
0.138513	13498.95578
0.138521	13499.48092
0.138528	13500.00698
0.138536	13500.53034
0.138544	13501.04839
0.138551	13501.56595
0.138559	13502.08263
0.138566	13502.59261
0.138574	13503.12962
0.138582	13503.66938
0.13859	13504.21692
0.138598	13504.74077
0.138606	13505.27112
0.138614	13505.79638
0.138622	13506.32995
0.13863	13506.84042
0.138637	13507.34973
0.138645	13507.86464
0.138652	13508.37995
0.13866	13508.89209
0.138668	13509.4131
0.138675	13509.9456
0.138683	13510.48719
0.138692	13511.01799
0.138699	13511.54376
0.138707	13512.06947
0.138715	13512.58833
0.138723	13513.11012
0.138731	13513.62781
0.138738	13514.16142
0.138746	13514.69093
0.138754	13515.20757
0.138762	13515.71535
0.13877	13516.23923
0.138778	13516.76238
0.138786	13517.28278
0.138793	13517.79746
0.138801	13518.32778
0.138809	13518.86197
0.138816	13519.38991
0.138824	13519.90106
0.138832	13520.40954
0.138839	13520.92569
0.138846	13521.44575
0.138854	13521.96362
0.138861	13522.48674
0.13887	13523.01159
0.138877	13523.54038
0.138885	13524.06132
0.138893	13524.58045
0.138901	13525.11892
0.138908	13525.64555
0.138916	13526.18436
0.138924	13526.69262
0.138931	13527.20717
0.138939	13527.7322
0.138947	13528.25145
0.138954	13528.77217
0.138962	13529.28842
0.13897	13529.79375
0.138977	13530.31207
0.138985	13530.83187
0.138993	13531.36785
0.139001	13531.9024
0.139009	13532.42413
0.139017	13532.95925
0.139024	13533.49137
0.139032	13534.021
0.13904	13534.55185
0.139048	13535.0824
0.139056	13535.60657
0.139064	13536.13076
0.139071	13536.64985
0.139079	13537.17429
0.139086	13537.70624
0.139094	13538.23126
0.139102	13538.76327
0.13911	13539.27606
0.139117	13539.78562
0.139125	13540.31557
0.139133	13540.83993
0.139141	13541.36839
0.139149	13541.89512
0.139157	13542.42806
0.139165	13542.96902
0.139173	13543.51637
0.139181	13544.04524
0.139189	13544.57831
0.139197	13545.08144
0.139205	13545.59618
0.139212	13546.11971
0.13922	13546.65115
0.139228	13547.16188
0.139235	13547.67301
0.139243	13548.18922
0.139251	13548.68438
0.139259	13549.21202
0.139267	13549.71696
0.139274	13550.23782
0.139282	13550.75877
0.13929	13551.27254
0.139298	13551.78489
0.139305	13552.30484
0.139313	13552.83469
0.139321	13553.36508
0.139329	13553.89484
0.139336	13554.43045
0.139345	13554.96016
0.139353	13555.49269
0.13936	13556.01851
0.139368	13556.54263
0.139376	13557.06566
0.139383	13557.58438
0.139391	13558.10047
0.139399	13558.60445
0.139406	13559.10551
0.139414	13559.5994
0.139421	13560.09982
0.139429	13560.61731
0.139436	13561.1198
0.139444	13561.63786
0.139452	13562.14438
0.13946	13562.65077
0.139468	13563.15774
0.139476	13563.66716
0.139484	13564.1771
0.139492	13564.69016
0.139499	13565.23388
0.139507	13565.75068
0.139514	13566.26329
0.139522	13566.77743
0.139529	13567.29282
0.139537	13567.80354
0.139544	13568.30921
0.139552	13568.80994
0.139559	13569.30925
0.139567	13569.81549
0.139574	13570.32734
0.139582	13570.83728
0.13959	13571.34983
0.139598	13571.87843
0.139606	13572.39938
0.139613	13572.91558
0.139621	13573.41959
0.139629	13573.93582
0.139637	13574.45403
0.139644	13574.97603
0.139652	13575.50636
0.13966	13576.03091
0.139668	13576.56441
0.139676	13577.08689
0.139684	13577.61613
0.139692	13578.14055
0.139699	13578.67365
0.139707	13579.18531
0.139715	13579.70524
0.139723	13580.2269
0.13973	13580.74567
0.139738	13581.27767
0.139746	13581.79647
0.139753	13582.32112
0.139761	13582.8471
0.139768	13583.36414
0.139776	13583.88177
0.139784	13584.4061
0.139792	13584.93465
0.1398	13585.45632
0.139807	13585.98257
0.139815	13586.50986
0.139823	13587.042
0.139832	13587.56399
0.139839	13588.08907
0.139847	13588.61211
0.139855	13589.13898
0.139863	13589.65537
0.139871	13590.17346
0.139878	13590.70087
0.139886	13591.23265
0.139894	13591.7329
0.139901	13592.2392
0.139909	13592.74629
0.139916	13593.26099
0.139924	13593.79691
0.139932	13594.31269
0.139939	13594.83427
0.139947	13595.34361
0.139955	13595.86463
0.139962	13596.37397
0.13997	13596.8952
0.139978	13597.41193
0.139986	13597.93451
0.139993	13598.44685
0.140001	13598.9615
0.140009	13599.47436
0.140016	13599.99674
0.140024	13600.49684
0.140031	13600.99607
0.140039	13601.50249
0.140047	13601.99538
0.140055	13602.50736
0.140062	13603.01953
0.14007	13603.53633
0.140078	13604.06053
0.140086	13604.59549
0.140094	13605.13
0.140102	13605.65182
0.140109	13606.1703
0.140117	13606.67629
0.140125	13607.18246
0.140132	13607.69182
0.14014	13608.20769
0.140148	13608.73183
0.140156	13609.26006
0.140164	13609.79431
0.140172	13610.32064
0.14018	13610.84033
0.140187	13611.35642
0.140195	13611.88603
0.140203	13612.39699
0.140211	13612.91234
0.140218	13613.42293
0.140226	13613.93404
0.140234	13614.43615
0.140241	13614.93687
0.140249	13615.42816
0.140256	13615.93281
0.140264	13616.45023
0.140272	13616.9744
0.14028	13617.5047
0.140287	13618.02917
0.140295	13618.56133
0.140303	13619.08904
0.140311	13619.62574
0.140319	13620.13193
0.140327	13620.63726
0.140334	13621.12546
0.140342	13621.67201
0.14035	13622.21038
0.140358	13622.73192
0.140366	13623.27083
0.140374	13623.80011
0.140382	13624.33266
0.140389	13624.84703
0.140397	13625.37697
0.140404	13625.90101
0.140412	13626.4373
0.14042	13626.96091
0.140427	13627.47333
0.140435	13627.97939
0.140442	13628.5012
0.140451	13629.00769
0.140458	13629.51947
0.140466	13630.04233
0.140474	13630.56421
0.140481	13631.06755
0.140489	13631.57545
0.140497	13632.10787
0.140504	13632.63967
0.140513	13633.1555
0.14052	13633.66739
0.140528	13634.18203
0.140536	13634.69738
0.140544	13635.21176
0.140551	13635.72501
0.140558	13636.23815
0.140566	13636.75996
0.140573	13637.28544
0.140582	13637.81188
0.140589	13638.30329
0.140597	13638.81631
0.140605	13639.31765
0.140612	13639.83201
0.14062	13640.35389
0.140628	13640.87659
0.140635	13641.39019
0.140643	13641.90207
0.14065	13642.41253
0.140658	13642.93899
0.140666	13643.467
0.140674	13643.99242
0.140682	13644.51108
0.140689	13644.97394
0.140696	13645.44335
0.140704	13645.92091
0.140711	13646.41156
0.140719	13646.89243
0.140726	13647.37606
0.140734	13647.86577
0.140742	13648.36335
0.140749	13648.87073
0.140757	13649.37965
0.140765	13649.89442
0.140773	13650.40222
0.14078	13650.90566
0.140788	13651.40022
0.140795	13651.90372
0.140803	13652.39909
0.140811	13652.91147
0.140819	13653.40565
0.140826	13653.90767
0.140834	13654.42817
0.140842	13654.95692
0.14085	13655.48101
0.140858	13656.01173
0.140866	13656.53695
0.140874	13657.03176
0.140881	13657.51861
0.140889	13657.99913
0.140896	13658.503
0.140904	13659.01367
0.140912	13659.52245
0.140919	13660.02958
0.140927	13660.54163
0.140935	13661.05417
0.140943	13661.56232
0.140951	13662.0837
0.140958	13662.60329
0.140966	13663.12395
0.140973	13663.63855
0.140981	13664.1588
0.14099	13664.68376
0.140997	13665.20402
0.141005	13665.7151
0.141013	13666.22422
0.141021	13666.75117
0.141029	13667.26497
0.141036	13667.77851
0.141044	13668.29488
0.141052	13668.80888
0.141059	13669.3178
0.141067	13669.82827
0.141075	13670.348
0.141083	13670.87705
0.141091	13671.39386
0.141099	13671.91287
0.141106	13672.41667
0.141114	13672.9196
0.141121	13673.42482
0.14113	13673.93462
0.141137	13674.44137
0.141145	13674.96575
0.141154	13675.49362
0.141162	13676.01922
0.14117	13676.53493
0.141178	13677.06387
0.141186	13677.59733
0.141194	13678.15388
0.141202	13678.69961
0.14121	13679.23291
0.141218	13679.76788
0.141226	13680.30459
0.141234	13680.8223
0.141242	13681.33859
0.141249	13681.84276
0.141257	13682.36433
0.141265	13682.89368
0.141274	13683.41679
0.141281	13683.93876
0.141289	13684.46246
0.141296	13684.97209
0.141304	13685.4857
0.141312	13686.00549
0.14132	13686.53011
0.141328	13687.05083
0.141336	13687.56601
0.141344	13688.09238
0.141352	13688.61343
0.14136	13689.13779
0.141368	13689.65697
0.141376	13690.17525
0.141384	13690.69476
0.141392	13691.2141
0.1414	13691.72757
0.141407	13692.23548
0.141415	13692.74737
0.141423	13693.27773
0.141432	13693.80001
0.14144	13694.30552
0.141447	13694.81086
0.141455	13695.32031
0.141463	13695.83451
0.141471	13696.35226
0.141479	13696.85931
0.141487	13697.36685
0.141495	13697.87087
0.141503	13698.38104
0.141511	13698.88786
0.141519	13699.39607
0.141527	13699.9026
0.141535	13700.40623
0.141543	13700.92988
0.141551	13701.46339
0.141559	13701.98764
0.141568	13702.50997
0.141575	13703.00603
0.141583	13703.50256
0.141591	13704.01872
0.141598	13704.50926
0.141606	13705.01877
0.141614	13705.53118
0.141622	13706.05659
0.14163	13706.58005
0.141638	13707.10628
0.141646	13707.61471
0.141654	13708.12319
0.141662	13708.61332
0.14167	13709.116
0.141678	13709.62023
0.141686	13710.13101
0.141694	13710.63783
0.141702	13711.15495
0.14171	13711.66425
0.141717	13712.16754
0.141726	13712.69128
0.141734	13713.21521
0.141742	13713.74561
0.141749	13714.25208
0.141757	13714.75714
0.141765	13715.26065
0.141773	13715.77326
0.141781	13716.28365
0.141788	13716.80381
0.141797	13717.32455
0.141805	13717.85611
0.141812	13718.37412
0.141821	13718.88647
0.141829	13719.40202
0.141837	13719.91805
0.141845	13720.43179
0.141852	13720.94185
0.14186	13721.46044
0.141868	13721.98171
0.141876	13722.48914
0.141884	13723.00031
0.141893	13723.51745
0.141901	13724.03435
0.141908	13724.54174
0.141917	13725.0493
0.141924	13725.55865
0.141933	13726.08033
0.141941	13726.59863
0.141948	13727.11859
0.141957	13727.62783
0.141965	13728.14547
0.141973	13728.67644
0.141981	13729.22078
0.141989	13729.74086
0.141997	13730.26639
0.142005	13730.79584
0.142013	13731.31861
0.142021	13731.8335
0.142029	13732.3496
0.142037	13732.87973
0.142045	13733.39753
0.142053	13733.91973
0.142061	13734.44058
0.142069	13734.96363
0.142077	13735.48359
0.142085	13736.00281
0.142093	13736.51285
0.1421	13737.01644
0.142109	13737.52489
0.142117	13738.05002
0.142124	13738.58309
0.142132	13739.1109
0.14214	13739.63683
0.142148	13740.13638
0.142156	13740.64506
0.142164	13741.17198
0.142172	13741.70071
0.14218	13742.21676
0.142188	13742.73225
0.142196	13743.25388
0.142204	13743.77058
0.142212	13744.28488
0.14222	13744.80178
0.142228	13745.31247
0.142236	13745.83593
0.142244	13746.36255
0.142252	13746.88474
0.14226	13747.39327
0.142268	13747.89857
0.142276	13748.4076
0.142284	13748.92502
0.142292	13749.4475
0.142301	13749.9672
0.142309	13750.49344
0.142318	13751.00742
0.142326	13751.52432
0.142334	13752.03465
0.142341	13752.54408
0.14235	13753.05079
0.142357	13753.55799
0.142366	13754.06563
0.142373	13754.573
0.142381	13755.07809
0.142388	13755.57268
0.142396	13756.08261
0.142404	13756.58661
0.142412	13757.09955
0.14242	13757.59488
0.142428	13758.13681
0.142436	13758.65593
0.142444	13759.17319
0.142452	13759.69945
0.142461	13760.21949
0.14247	13760.74642
0.142477	13761.27552
0.142486	13761.81619
0.142494	13762.34357
0.142502	13762.8641
0.14251	13763.38507
0.142518	13763.91388
0.142526	13764.44188
0.142535	13764.97733
0.142543	13765.5156
0.142551	13766.05152
0.142559	13766.58112
0.142568	13767.11314
0.142576	13767.64981
0.142584	13768.18471
0.142592	13768.68621
0.1426	13769.20991
0.142608	13769.73763
0.142616	13770.26255
0.142625	13770.77733
0.142632	13771.29077
0.14264	13771.80743
0.142648	13772.31852
0.142656	13772.83288
0.142664	13773.34075
0.142672	13773.86391
0.142681	13774.39346
0.142689	13774.91406
0.142697	13775.4316
0.142705	13775.95845
0.142713	13776.46947
0.142721	13776.97184
0.14273	13777.48717
0.142738	13778.01218
0.142746	13778.53767
0.142754	13779.06376
0.142762	13779.59839
0.14277	13780.12979
0.142779	13780.65298
0.142787	13781.16655
0.142795	13781.67759
0.142803	13782.20522
0.142811	13782.72819
0.142819	13783.23293
0.142828	13783.75146
0.142836	13784.26231
0.142844	13784.76942
0.142852	13785.27231
0.14286	13785.78093
0.142868	13786.29378
0.142876	13786.81223
0.142884	13787.32872
0.142892	13787.83672
0.1429	13788.3497
0.142908	13788.85411
0.142916	13789.35603
0.142924	13789.84326
0.142931	13790.35048
0.142939	13790.87364
0.142948	13791.39025
0.142955	13791.89694
0.142963	13792.40306
0.142971	13792.90564
0.14298	13793.4329
0.142988	13793.9473
0.142996	13794.47221
0.143004	13794.98917
0.143012	13795.50203
0.14302	13796.00005
0.143028	13796.50828
0.143036	13797.02909
0.143044	13797.54698
0.143052	13798.07231
0.14306	13798.5658
0.143068	13799.0716
0.143076	13799.57864
0.143084	13800.08013
0.143092	13800.583
0.1431	13801.07764
0.143108	13801.57616
0.143116	13802.09297
0.143124	13802.6062
0.143131	13803.11411
0.14314	13803.60448
0.143148	13804.10943
0.143156	13804.60542
0.143164	13805.10831
0.143172	13805.62052
0.14318	13806.13588
0.143188	13806.65376
0.143197	13807.17943
0.143205	13807.71855
0.143213	13808.26198
0.143222	13808.80258
0.14323	13809.33838
0.143238	13809.87138
0.143246	13810.40997
0.143255	13810.94259
0.143263	13811.47511
0.143271	13812.00306
0.14328	13812.54322
0.143287	13813.05458
0.143296	13813.56887
0.143304	13814.09271
0.143312	13814.61156
0.14332	13815.10573
0.143328	13815.61168
0.143336	13816.11774
0.143344	13816.63245
0.143352	13817.15209
0.14336	13817.68371
0.143369	13818.2174
0.143377	13818.74952
0.143385	13819.27328
0.143393	13819.77811
0.143401	13820.28054
0.143409	13820.77596
0.143417	13821.28183
0.143425	13821.81376
0.143433	13822.34587
0.143442	13822.86419
0.14345	13823.39776
0.143458	13823.91974
0.143467	13824.45247
0.143475	13824.98511
0.143483	13825.50954
0.143491	13826.02752
0.143499	13826.55162
0.143507	13827.05846
0.143516	13827.57822
0.143524	13828.10931
0.143532	13828.64017
0.143541	13829.17596
0.143549	13829.69886
0.143557	13830.2239
0.143565	13830.7512
0.143573	13831.2746
0.143582	13831.78867
0.143589	13832.31009
0.143598	13832.82435
0.143605	13833.3373
0.143614	13833.84034
0.143621	13834.34906
0.14363	13834.8721
0.143638	13835.39862
0.143646	13835.91483
0.143654	13836.43395
0.143662	13836.9432
0.14367	13837.44102
0.143678	13837.94416
0.143686	13838.45632
0.143694	13838.96993
0.143702	13839.48127
0.143711	13840.01318
0.143719	13840.53411
0.143727	13841.04351
0.143735	13841.53735
0.143743	13842.05508
0.143751	13842.56025
0.143759	13843.06929
0.143767	13843.58217
0.143775	13844.10496
0.143784	13844.63284
0.143791	13845.15093
0.143799	13845.65807
0.143808	13846.16247
0.143816	13846.69231
0.143825	13847.20565
0.143833	13847.72681
0.143841	13848.24045
0.143849	13848.75423
0.143857	13849.26115
0.143865	13849.78469
0.143873	13850.29986
0.143882	13850.8108
0.14389	13851.32522
0.143898	13851.82562
0.143907	13852.32804
0.143914	13852.83515
0.143923	13853.35579
0.143931	13853.87217
0.143939	13854.37936
0.143947	13854.88762
0.143956	13855.41092
0.143964	13855.93089
0.143972	13856.44759
0.14398	13856.95094
0.143988	13857.44836
0.143996	13857.95155
0.144004	13858.44877
0.144011	13858.9298
0.14402	13859.43405
0.144028	13859.94086
0.144036	13860.49911
0.144045	13861.04093
0.144053	13861.57027
0.144061	13862.08005
0.144069	13862.6048
0.144078	13863.13412
0.144086	13863.66081
0.144094	13864.17972
0.144102	13864.69194
0.14411	13865.19264
0.144118	13865.69846
0.144127	13866.20571
0.144135	13866.71502
0.144143	13867.22299
0.144151	13867.73278
0.144159	13868.2467
0.144168	13868.75029
0.144176	13869.26124
0.144185	13869.77925
0.144193	13870.3034
0.144201	13870.82864
0.14421	13871.35921
0.144218	13871.89381
0.144226	13872.42204
0.144234	13872.94433
0.144243	13873.4508
0.144251	13873.95451
0.144259	13874.46159
0.144267	13874.9817
0.144276	13875.50108
0.144284	13876.01635
0.144292	13876.53745
0.144301	13877.06351
0.144309	13877.58761
0.144317	13878.11871
0.144326	13878.64097
0.144334	13879.15595
0.144343	13879.6728
0.144352	13880.18509
0.14436	13880.71616
0.144368	13881.23617
0.144376	13881.76619
0.144385	13882.29787
0.144393	13882.82528
0.144402	13883.34636
0.14441	13883.86076
0.144418	13884.37787
0.144426	13884.89134
0.144434	13885.35394
0.144442	13885.85032
0.144451	13886.35827
0.144459	13886.85617
0.144467	13887.35737
0.144474	13887.83772
0.144483	13888.32784
0.144491	13888.82149
0.144499	13889.3091
0.144508	13889.81032
0.144517	13890.34322
0.144525	13890.86051
0.144533	13891.37499
0.144541	13891.86647
0.144549	13892.36617
0.144557	13892.882
0.144566	13893.38994
0.144574	13893.90545
0.144582	13894.41115
0.14459	13894.90551
0.144598	13895.41461
0.144606	13895.92378
0.144615	13896.42532
0.144623	13896.92774
0.144632	13897.43695
0.14464	13897.95452
0.144648	13898.48222
0.144657	13899.00245
0.144665	13899.53503
0.144673	13900.03927
0.144682	13900.54848
0.14469	13901.05333
0.144699	13901.56594
0.144707	13902.07847
0.144715	13902.58665
0.144724	13903.10247
0.144732	13903.61506
0.14474	13904.11759
0.144748	13904.63446
0.144757	13905.15023
0.144765	13905.66058
0.144774	13906.1645
0.144782	13906.68039
0.14479	13907.18597
0.144799	13907.71049
0.144807	13908.23706
0.144815	13908.74772
0.144823	13909.16342
0.144831	13909.66058
0.144839	13910.1662
0.144847	13910.65582
0.144856	13911.15529
0.144863	13911.65051
0.144871	13912.15633
0.144879	13912.6605
0.144888	13913.18168
0.144896	13913.68771
0.144904	13914.19131
0.144913	13914.68992
0.144921	13915.19646
0.144929	13915.6926
0.144938	13916.1883
0.144945	13916.68789
0.144954	13917.18583
0.144962	13917.68221
0.14497	13918.18342
0.144979	13918.68761
0.144987	13919.19568
0.144995	13919.6938
0.145003	13920.17529
0.145011	13920.65447
0.145018	13921.13486
0.145027	13921.63993
0.145035	13922.14222
0.145043	13922.64512
0.145051	13923.14123
0.14506	13923.6612
0.145068	13924.18395
0.145076	13924.69326
0.145084	13925.20405
0.145092	13925.70523
0.1451	13926.2044
0.145109	13926.70705
0.145117	13927.223
0.145125	13927.74247
0.145134	13928.26153
0.145142	13928.76229
0.14515	13929.27111
0.145159	13929.77225
0.145167	13930.28222
0.145175	13930.78783
0.145183	13931.29495
0.145191	13931.80668
0.1452	13932.32083
0.145208	13932.84541
0.145216	13933.35683
0.145225	13933.86593
0.145233	13934.37378
0.145241	13934.87811
0.145249	13935.38366
0.145257	13935.87716
0.145266	13936.37716
0.145274	13936.88495
0.145282	13937.39242
0.14529	13937.90832
0.145299	13938.41174
0.145307	13938.92882
0.145315	13939.44257
0.145323	13939.95656
0.145332	13940.47879
0.14534	13941.00261
0.145349	13941.51541
0.145357	13942.01169
0.145365	13942.51281
0.145373	13943.0169
0.145382	13943.5351
0.145391	13944.0435
0.145399	13944.54122
0.145407	13945.03496
0.145414	13945.53884
0.145423	13946.03452
0.145431	13946.53917
0.145439	13947.04213
0.145447	13947.54293
0.145455	13948.04891
0.145463	13948.54742
0.145472	13949.04308
0.14548	13949.54547
0.145488	13950.0469
0.145496	13950.56286
0.145505	13951.08408
0.145513	13951.60185
0.145522	13952.11791
0.14553	13952.63317
0.145539	13953.13818
0.145547	13953.65364
0.145556	13954.15597
0.145564	13954.66118
0.145573	13955.1788
0.145581	13955.70242
0.145589	13956.21915
0.145598	13956.71938
0.145606	13957.21529
0.145614	13957.71099
0.145622	13958.20745
0.145631	13958.7215
0.145639	13959.24217
0.145647	13959.76468
0.145656	13960.28234
0.145664	13960.81381
0.145673	13961.3354
0.145681	13961.86726
0.145689	13962.38345
0.145698	13962.89044
0.145706	13963.40747
0.145714	13963.91196
0.145723	13964.42782
0.145731	13964.93764
0.14574	13965.45295
0.145748	13965.96619
0.145757	13966.47913
0.145765	13966.99176
0.145774	13967.50094
0.145782	13967.99903
0.14579	13968.49305
0.145798	13968.98215
0.145806	13969.48739
0.145814	13969.98543
0.145823	13970.49814
0.14583	13970.98724
0.145838	13971.47764
0.145847	13971.97288
0.145855	13972.47934
0.145864	13972.98296
0.145872	13973.48657
0.14588	13973.99143
0.145889	13974.49464
0.145897	13974.99013
0.145906	13975.49633
0.145914	13976.00803
0.145923	13976.52575
0.145931	13977.02663
0.145939	13977.54717
0.145948	13978.06848
0.145956	13978.59102
0.145964	13979.10421
0.145973	13979.62178
0.145981	13980.13845
0.145989	13980.65961
0.145998	13981.16516
0.146006	13981.66925
0.146014	13982.16979
0.146022	13982.68097
0.146031	13983.18284
0.146039	13983.65371
0.146047	13984.14943
0.146055	13984.65464
0.146063	13985.16329
0.146071	13985.67095
0.14608	13986.18106
0.146088	13986.68529
0.146096	13987.18573
0.146105	13987.70223
0.146113	13988.21138
0.146121	13988.72173
0.146129	13989.22466
0.146138	13989.74196
0.146147	13990.25818
0.146155	13990.78127
0.146164	13991.30134
0.146172	13991.82854
0.146181	13992.34357
0.146189	13992.85369
0.146198	13993.35658
0.146206	13993.87058
0.146215	13994.38095
0.146223	13994.89113
0.146232	13995.41165
0.14624	13995.93971
0.146249	13996.45006
0.146257	13996.95767
0.146266	13997.4548
0.146274	13997.9695
0.146283	13998.47967
0.146291	13998.98969
0.146299	13999.50048
0.146307	14000.01501
0.146316	14000.52497
0.146324	14001.02234
0.146332	14001.51427
0.146341	14002.0185
0.146349	14002.52809
0.146358	14003.04581
0.146366	14003.56081
0.146375	14004.08025
0.146383	14004.59215
0.146391	14005.10251
0.146399	14005.61414
0.146408	14006.13
0.146417	14006.64152
0.146425	14007.14393
0.146433	14007.64959
0.146441	14008.15371
0.14645	14008.653
0.146459	14009.13846
0.146467	14009.64562
0.146475	14010.15482
0.146484	14010.66222
0.146492	14011.15393
0.1465	14011.65472
0.146509	14012.15573
0.146517	14012.64611
0.146525	14013.14925
0.146534	14013.65162
0.146542	14014.15827
0.146551	14014.67326
0.14656	14015.19518
0.146569	14015.71449
0.146577	14016.22634
0.146586	14016.73345
0.146594	14017.23532
0.146602	14017.72042
0.14661	14018.19997
0.146619	14018.70157
0.146627	14019.21219
0.146636	14019.72982
0.146644	14020.23859
0.146653	14020.75286
0.146662	14021.26518
0.146671	14021.79509
0.14668	14022.31249
0.146689	14022.84002
0.146697	14023.36128
0.146706	14023.86627
0.146714	14024.36404
0.146722	14024.86771
0.146731	14025.37833
0.146739	14025.88144
0.146747	14026.37539
0.146756	14026.8687
0.146764	14027.37199
0.146773	14027.86813
0.146781	14028.36795
0.146789	14028.87484
0.146798	14029.38916
0.146807	14029.89823
0.146815	14030.39712
0.146823	14030.89812
0.146832	14031.41399
0.14684	14031.90837
0.146848	14032.4102
0.146857	14032.93108
0.146866	14033.44795
0.146875	14034.01767
0.146884	14034.55208
0.146893	14035.06489
0.146902	14035.58594
0.146911	14036.10824
0.146919	14036.64497
0.146929	14037.1775
0.146937	14037.71363
0.146946	14038.24665
0.146955	14038.7631
0.146964	14039.28148
0.146972	14039.79588
0.146981	14040.31532
0.14699	14040.83624
0.146998	14041.35566
0.147007	14041.87328
0.147016	14042.3958
0.147025	14042.92068
0.147034	14043.44407
0.147042	14043.96654
0.147052	14044.48514
0.14706	14044.99148
0.147069	14045.497
0.147078	14046.02059
0.147086	14046.54309
0.147095	14047.05432
0.147104	14047.57107
0.147112	14048.09206
0.147121	14048.61202
0.14713	14049.14259
0.147139	14049.66619
0.147148	14050.19311
0.147157	14050.70568
0.147165	14051.21261
0.147174	14051.72406
0.147182	14052.22438
0.147191	14052.74697
0.1472	14053.2868
0.147209	14053.81266
0.147219	14054.33411
0.147227	14054.85142
0.147236	14055.36639
0.147245	14055.87571
0.147254	14056.38919
0.147263	14056.9018
0.147271	14057.40917
0.14728	14057.91652
0.147289	14058.44878
0.147298	14058.97928
0.147306	14059.49167
0.147315	14060.00218
0.147324	14060.5136
0.147333	14061.02328
0.147342	14061.53113
0.147351	14062.05705
0.147359	14062.56704
0.147368	14063.09192
0.147377	14063.59614
0.147385	14064.10725
0.147394	14064.62308
0.147402	14065.14004
0.147411	14065.65782
0.147419	14066.15936
0.147428	14066.6659
0.147437	14067.16982
0.147446	14067.67083
0.147454	14068.18302
0.147463	14068.68512
0.147471	14069.19032
0.14748	14069.69875
0.147489	14070.20615
0.147498	14070.7152
0.147507	14071.24453
0.147516	14071.78216
0.147525	14072.28107
0.147533	14072.79633
0.147542	14073.30069
0.14755	14073.80668
0.147559	14074.32253
0.147568	14074.83962
0.147576	14075.35886
0.147585	14075.87587
0.147594	14076.38867
0.147602	14076.91004
0.147611	14077.42954
0.14762	14077.94642
0.147629	14078.43244
0.147638	14078.93864
0.147647	14079.44911
0.147656	14079.9624
0.147665	14080.47273
0.147674	14080.9758
0.147683	14081.48815
0.147692	14082.00417
0.147701	14082.52841
0.14771	14083.05041
0.147719	14083.56222
0.147728	14084.07106
0.147736	14084.57418
0.147745	14085.07491
0.147754	14085.58768
0.147763	14086.09903
0.147771	14086.61222
0.14778	14087.1167
0.147789	14087.61665
0.147798	14088.12082
0.147806	14088.62325
0.147814	14089.12345
0.147823	14089.61661
0.147832	14090.1199
0.147841	14090.62233
0.147849	14091.13272
0.147858	14091.63331
0.147867	14092.14528
0.147875	14092.65052
0.147884	14093.15994
0.147893	14093.65812
0.147901	14094.15529
0.14791	14094.65946
0.147919	14095.16324
0.147928	14095.65804
0.147937	14096.16077
0.147946	14096.66391
0.147955	14097.1651
0.147964	14097.66205
0.147973	14098.16467
0.147982	14098.67035
0.147991	14099.18611
0.148	14099.68928
0.148008	14100.20028
0.148017	14100.71643
0.148026	14101.23632
0.148035	14101.74158
0.148043	14102.24838
0.148053	14102.75043
0.148061	14103.25168
0.14807	14103.7566
0.148079	14104.26412
0.148088	14104.77625
0.148097	14105.27454
0.148106	14105.78577
0.148115	14106.28405
0.148124	14106.79491
0.148133	14107.29877
0.148142	14107.81302
0.148151	14108.32338
0.14816	14108.83735
0.148169	14109.34864
0.148178	14109.85493
0.148187	14110.35006
0.148195	14110.84942
0.148204	14111.34057
0.148213	14111.85233
0.148222	14112.36318
0.148231	14112.88919
0.14824	14113.40242
0.148249	14113.92047
0.148257	14114.42774
0.148266	14114.93176
0.148275	14115.44519
0.148284	14115.94476
0.148293	14116.45166
0.148302	14116.95025
0.14831	14117.43561
0.148319	14117.9038
0.148328	14118.40801
0.148337	14118.91559
0.148345	14119.42966
0.148354	14119.93967
0.148363	14120.43834
0.148372	14120.93388
0.14838	14121.42738
0.148389	14121.91454
0.148397	14122.41227
0.148406	14122.90463
0.148415	14123.40002
0.148423	14123.87786
0.148432	14124.35904
0.148441	14124.85952
0.14845	14125.3671
0.148459	14125.87905
0.148468	14126.38846
0.148477	14126.89966
0.148485	14127.41189
0.148494	14127.90751
0.148503	14128.39579
0.148512	14128.89875
0.14852	14129.40318
0.148529	14129.91632
0.148538	14130.40789
0.148547	14130.89871
0.148556	14131.38353
0.148565	14131.88616
0.148573	14132.39479
0.148582	14132.90734
0.148591	14133.38751
0.148599	14133.87458
0.148608	14134.3783
0.148617	14134.86756
0.148626	14135.36413
0.148635	14135.85198
0.148643	14136.34752
0.148653	14136.84065
0.148661	14137.3428
0.14867	14137.83785
0.14868	14138.33506
0.148688	14138.84241
0.148697	14139.36078
0.148706	14139.86392
0.148715	14140.3485
0.148724	14140.83868
0.148732	14141.32939
0.148741	14141.82168
0.14875	14142.33221
0.148759	14142.82685
0.148768	14143.32538
0.148777	14143.812
0.148786	14144.30778
0.148795	14144.80677
0.148804	14145.30325
0.148813	14145.7947
0.148822	14146.29798
0.148831	14146.79422
0.14884	14147.29087
0.148849	14147.78881
0.148858	14148.28924
0.148867	14148.7826
0.148876	14149.28682
0.148885	14149.77983
0.148894	14150.29101
0.148903	14150.79475
0.148912	14151.29466
0.148921	14151.78986
0.14893	14152.27602
0.148939	14152.76764
0.148948	14153.25735
0.148957	14153.74924
0.148966	14154.24828
0.148975	14154.75225
0.148984	14155.28233
0.148994	14155.80624
0.149003	14156.32819
0.149012	14156.85505
0.149021	14157.38153
0.149031	14157.90729
0.149039	14158.41753
0.149048	14158.92356
0.149057	14159.43883
0.149066	14159.95055
0.149075	14160.47226
0.149085	14160.97599
0.149094	14161.50267
0.149102	14162.032
0.149112	14162.55663
0.149121	14163.07078
0.14913	14163.58009
0.149139	14164.08287
0.149148	14164.59778
0.149157	14165.10899
0.149166	14165.61271
0.149175	14166.10911
0.149183	14166.59989
0.149192	14167.09462
0.149202	14167.5951
0.149211	14168.11635
0.14922	14168.64059
0.14923	14169.14976
0.149239	14169.65848
0.149248	14170.16586
0.149257	14170.6661
0.149266	14171.17403
0.149275	14171.67834
0.149284	14172.18812
0.149293	14172.693
0.149302	14173.1985
0.149311	14173.70147
0.14932	14174.20726
0.149329	14174.70308
0.149338	14175.2053
0.149346	14175.7086
0.149355	14176.20679
0.149364	14176.69228
0.149373	14177.19266
0.149381	14177.67645
0.14939	14178.17696
0.1494	14178.68637
0.149409	14179.19664
0.149418	14179.70757
0.149428	14180.21316
0.149437	14180.71428
0.149446	14181.22082
0.149455	14181.71762
0.149464	14182.23117
0.149473	14182.73262
0.149483	14183.25544
0.149492	14183.76655
0.149501	14184.28229
0.14951	14184.79224
0.14952	14185.30438
0.149528	14185.80618
0.149537	14186.31687
0.149546	14186.81394
0.149555	14187.32769
0.149564	14187.82501
0.149573	14188.33903
0.149582	14188.82514
0.149591	14189.32186
0.1496	14189.80301
0.149609	14190.29163
0.149618	14190.78449
0.149626	14191.28145
0.149635	14191.75944
0.149644	14192.24913
0.149653	14192.73267
0.149662	14193.21547
0.149671	14193.69852
0.14968	14194.18313
0.14969	14194.67581
0.149699	14195.17163
0.149708	14195.67204
0.149717	14196.1632
0.149726	14196.65438
0.149734	14197.15685
0.149743	14197.65691
0.149753	14198.16041
0.149762	14198.65715
0.149771	14199.16157
0.14978	14199.65998
0.149789	14200.16425
0.149798	14200.66673
0.149807	14201.17206
0.149817	14201.67945
0.149826	14202.19457
0.149835	14202.68904
0.149844	14203.17978
0.149853	14203.67054
0.149862	14204.16777
0.149871	14204.66524
0.14988	14205.16675
0.149889	14205.66301
0.149898	14206.1567
0.149907	14206.65815
0.149916	14207.15592
0.149925	14207.6492
0.149934	14208.13853
0.149943	14208.6363
0.149952	14209.1274
0.149961	14209.60952
0.14997	14210.10685
0.149979	14210.58323
0.149988	14211.05796
0.149997	14211.53243
0.150006	14212.01896
0.150014	14212.51381
0.150023	14213.01771
0.150033	14213.51922
0.150042	14214.03973
0.150052	14214.54071
0.150061	14215.04315
0.15007	14215.53609
0.150079	14216.01093
0.150088	14216.48159
0.150097	14216.97604
0.150106	14217.46877
0.150114	14217.98177
0.150123	14218.48308
0.150133	14218.99316
0.150142	14219.49713
0.150151	14219.99744
0.15016	14220.4918
0.150169	14220.99592
0.150178	14221.50396
0.150187	14221.99103
0.150196	14222.4803
0.150205	14222.97079
0.150215	14223.47177
0.150223	14223.96237
0.150232	14224.4636
0.150241	14224.96841
0.150251	14225.46393
0.15026	14225.95971
0.150269	14226.4576
0.150278	14226.93663
0.150287	14227.43394
0.150296	14227.9304
0.150305	14228.42986
0.150314	14228.93104
0.150323	14229.4189
0.150333	14229.91491
0.150341	14230.40101
0.15035	14230.88422
0.150359	14231.37089
0.150368	14231.86382
0.150377	14232.36182
0.150387	14232.86234
0.150396	14233.35976
0.150405	14233.85008
0.150414	14234.34295
0.150423	14234.83056
0.150432	14235.31603
0.150442	14235.80782
0.150451	14236.31974
0.15046	14236.82794
0.150469	14237.31357
0.150478	14237.79456
0.150487	14238.28883
0.150497	14238.77454
0.150505	14239.26332
0.150515	14239.75447
0.150524	14240.25739
0.150534	14240.78239
0.150543	14241.28235
0.150552	14241.79909
0.150561	14242.30651
0.150571	14242.80594
0.15058	14243.30576
0.150589	14243.80405
0.150599	14244.30508
0.150608	14244.81566
0.150618	14245.31381
0.150627	14245.81173
0.150637	14246.29674
0.150645	14246.78499
0.150655	14247.27585
0.150665	14247.77929
0.150674	14248.2965
0.150683	14248.80874
0.150692	14249.28213
0.150702	14249.75638
0.150711	14250.24109
0.150721	14250.72858
0.15073	14251.20971
0.150739	14251.69605
0.150748	14252.18986
0.150757	14252.67958
0.150766	14253.16575
0.150775	14253.64983
0.150785	14254.13908
0.150794	14254.62682
0.150803	14255.13918
0.150812	14255.62749
0.150821	14256.1291
0.15083	14256.59619
0.150839	14257.07008
0.150848	14257.55803
0.150857	14258.03726
0.150867	14258.53504
0.150875	14259.02441
0.150885	14259.52572
0.150894	14260.00933
0.150903	14260.49753
0.150913	14260.98417
0.150922	14261.4803
0.150931	14261.97388
0.150941	14262.46206
0.15095	14262.96036
0.150959	14263.44747
0.150968	14263.94333
0.150978	14264.44296
0.150987	14264.959
0.150997	14265.46044
0.151006	14265.95668
0.151015	14266.44784
0.151024	14266.9384
0.151033	14267.43026
0.151041	14267.91928
0.151051	14268.40356
0.15106	14268.88291
0.151069	14269.37426
0.151078	14269.85828
0.151088	14270.34451
0.151097	14270.82748
0.151106	14271.30068
0.151115	14271.76331
0.151124	14272.22943
0.151133	14272.70956
0.151143	14273.17779
0.151152	14273.64992
0.151161	14274.1219
0.15117	14274.6004
0.15118	14275.09842
0.151189	14275.57954
0.151198	14276.05524
0.151208	14276.52904
0.151217	14277.01848
0.151227	14277.50937
0.151236	14277.9931
0.151245	14278.47921
0.151255	14278.98557
0.151265	14279.49179
0.151274	14279.98682
0.151283	14280.47622
0.151292	14280.9624
0.151301	14281.44822
0.15131	14281.93561
0.15132	14282.42156
0.151329	14282.90503
0.151338	14283.397
0.151347	14283.88971
0.151356	14284.37087
0.151366	14284.84715
0.151375	14285.32581
0.151384	14285.7962
0.151393	14286.27382
0.151403	14286.74993
0.151412	14287.23951
0.151421	14287.7245
0.15143	14288.21096
0.151439	14288.71193
0.151449	14289.19794
0.151458	14289.6889
0.151467	14290.19076
0.151477	14290.68391
0.151486	14291.18128
0.151496	14291.67988
0.151505	14292.17835
0.151515	14292.68701
0.151525	14293.19117
0.151534	14293.67958
0.151543	14294.17411
0.151553	14294.67737
0.151562	14295.17224
0.151572	14295.66517
0.151581	14296.15634
0.151591	14296.64712
0.151601	14297.14643
0.15161	14297.63921
0.151619	14298.12406
0.151629	14298.59851
0.151639	14299.06641
0.151648	14299.52835
0.151657	14299.99941
0.151666	14300.47312
0.151675	14300.96152
0.151685	14301.45019
0.151695	14301.94587
0.151704	14302.43922
0.151713	14302.91678
0.151723	14303.40686
0.151732	14303.88526
0.151742	14304.37059
0.151751	14304.87565
0.15176	14305.36288
0.15177	14305.86785
0.15178	14306.35676
0.151789	14306.83794
0.151799	14307.32422
0.151808	14307.80518
0.151817	14308.30425
0.151826	14308.79089
0.151836	14309.28814
0.151845	14309.78604
0.151854	14310.27691
0.151864	14310.74891
0.151873	14311.22108
0.151882	14311.69432
0.151891	14312.15316
0.1519	14312.61362
0.151909	14313.08046
0.151919	14313.55728
0.151928	14314.04819
0.151937	14314.53265
0.151946	14315.01215
0.151955	14315.48271
0.151964	14315.95345
0.151973	14316.42557
0.151982	14316.8941
0.151992	14317.38669
0.152001	14317.86377
0.15201	14318.34029
0.15202	14318.83291
0.152029	14319.34074
0.152039	14319.82741
0.152048	14320.30783
0.152057	14320.77733
0.152067	14321.24525
0.152076	14321.70704
0.152085	14322.19497
0.152095	14322.68528
0.152104	14323.17727
0.152114	14323.67597
0.152124	14324.17462
0.152133	14324.66197
0.152143	14325.14437
0.152152	14325.61405
0.152161	14326.09444
0.152171	14326.56233
0.15218	14327.04158
0.15219	14327.52491
0.152199	14327.99961
0.152208	14328.47344
0.152218	14328.95214
0.152227	14329.42657
0.152237	14329.90451
0.152246	14330.38015
0.152255	14330.85508
0.152265	14331.32055
0.152274	14331.78055
0.152283	14332.25546
0.152293	14332.73945
0.152303	14333.21953
0.152312	14333.70153
0.152322	14334.18309
0.152331	14334.67783
0.152341	14335.16579
0.15235	14335.65005
0.15236	14336.12324
0.152369	14336.59409
0.152378	14337.05853
0.152388	14337.52131
0.152397	14337.98781
0.152406	14338.46511
0.152416	14338.96001
0.152426	14339.4611
0.152435	14339.95947
0.152445	14340.44125
0.152455	14340.90983
0.152464	14341.38552
0.152473	14341.85594
0.152482	14342.36508
0.152492	14342.85901
0.152501	14343.34504
0.152511	14343.83013
0.152521	14344.32612
0.15253	14344.80743
0.15254	14345.29362
0.152549	14345.77901
0.152558	14346.26518
0.152568	14346.76258
0.152578	14347.26451
0.152588	14347.75719
0.152597	14348.2519
0.152606	14348.74188
0.152616	14349.21891
0.152625	14349.69714
0.152635	14350.18343
0.152644	14350.66698
0.152654	14351.15051
0.152664	14351.63525
0.152673	14352.1263
0.152683	14352.5983
0.152693	14353.09801
0.152702	14353.58702
0.152711	14354.05727
0.152721	14354.52095
0.15273	14355.00899
0.15274	14355.49352
0.15275	14355.98015
0.152759	14356.45792
0.152769	14356.92865
0.152778	14357.4139
0.152788	14357.89389
0.152797	14358.36812
0.152807	14358.84434
0.152816	14359.33608
0.152826	14359.83697
0.152835	14360.32988
0.152845	14360.8165
0.152854	14361.25462
0.152864	14361.75847
0.152874	14362.25848
0.152883	14362.75175
0.152892	14363.22935
0.152902	14363.70413
0.152911	14364.18747
0.152921	14364.67556
0.152931	14365.15902
0.15294	14365.65216
0.15295	14366.13826
0.15296	14366.61706
0.152969	14367.09102
0.152979	14367.56163
0.152988	14368.03842
0.152998	14368.51713
0.153008	14369.00549
0.153018	14369.50646
0.153027	14369.99515
0.153037	14370.48051
0.153046	14370.94891
0.153056	14371.41596
0.153065	14371.88371
0.153075	14372.34629
0.153084	14372.81259
0.153094	14373.28662
0.153104	14373.78031
0.153113	14374.28566
0.153123	14374.78181
0.153132	14375.25563
0.153142	14375.74027
0.153152	14376.22616
0.153162	14376.71178
0.153171	14377.19576
0.15318	14377.67889
0.15319	14378.16375
0.153199	14378.6432
0.153209	14379.12735
0.153218	14379.61728
0.153228	14380.10032
0.153238	14380.59023
0.153248	14381.06449
0.153257	14381.5285
0.153267	14381.99704
0.153276	14382.47592
0.153285	14382.95872
0.153295	14383.43345
0.153304	14383.91271
0.153315	14384.44613
0.153324	14384.94528
0.153334	14385.43893
0.153344	14385.93392
0.153354	14386.43245
0.153363	14386.9202
0.153373	14387.41833
0.153383	14387.90455
0.153392	14388.40514
0.153402	14388.89459
0.153412	14389.36258
0.153421	14389.84578
0.153431	14390.31498
0.153441	14390.80149
0.15345	14391.28593
0.15346	14391.76048
0.15347	14392.23592
0.153479	14392.70948
0.153489	14393.19183
0.153499	14393.68661
0.153509	14394.17436
0.153519	14394.65952
0.153529	14395.13055
0.153538	14395.6045
0.153547	14396.08004
0.153557	14396.55353
0.153567	14397.01243
0.153576	14397.48906
0.153586	14397.96776
0.153596	14398.4521
0.153605	14398.93481
0.153616	14399.44014
0.153625	14399.94568
0.153635	14400.43055
0.153645	14400.9035
0.153655	14401.37529
0.153665	14401.86217
0.153675	14402.36177
0.153685	14402.84805
0.153694	14403.32062
0.153704	14403.79644
0.153713	14404.28218
0.153723	14404.77857
0.153733	14405.26189
0.153743	14405.741
0.153752	14406.2124
0.153762	14406.69373
0.153772	14407.17496
0.153782	14407.65961
0.153792	14408.17143
0.153802	14408.68174
0.153812	14409.16653
0.153822	14409.63233
0.153831	14410.08731
0.153841	14410.56965
0.153851	14411.0376
0.15386	14411.51581
0.15387	14411.99789
0.15388	14412.48245
0.153889	14412.9639
0.153899	14413.44583
0.153909	14413.92534
0.153919	14414.40533
0.153928	14414.86938
0.153938	14415.35313
0.153948	14415.8421
0.153958	14416.33105
0.153967	14416.81438
0.153977	14417.29739
0.153987	14417.77425
0.153996	14418.25617
0.154006	14418.74453
0.154016	14419.22745
0.154026	14419.70481
0.154035	14420.17912
0.154045	14420.66381
0.154055	14421.12925
0.154064	14421.58084
0.154074	14422.05029
0.154084	14422.51545
0.154094	14422.99983
0.154104	14423.48438
0.154113	14423.97212
0.154122	14424.44294
0.154132	14424.91402
0.154142	14425.37482
0.154152	14425.83871
0.154162	14426.3014
0.154172	14426.77735
0.154181	14427.24566
0.154191	14427.72681
0.154201	14428.19658
0.154211	14428.67508
0.15422	14429.14351
0.154229	14429.61433
0.154239	14430.06697
0.154248	14430.52065
0.154258	14430.99445
0.154268	14431.47473
0.154278	14431.95067
0.154287	14432.42502
0.154297	14432.90292
0.154306	14433.38193
0.154316	14433.8569
0.154326	14434.32745
0.154336	14434.81214
0.154346	14435.28781
0.154356	14435.7675
0.154366	14436.25552
0.154376	14436.73068
0.154385	14437.19101
0.154395	14437.65743
0.154405	14438.12564
0.154414	14438.61391
0.154424	14439.10813
0.154434	14439.60127
0.154444	14440.09603
0.154455	14440.59007
0.154465	14441.07559
0.154475	14441.5606
0.154485	14442.05609
0.154495	14442.56263
0.154505	14443.05113
0.154515	14443.52927
0.154525	14444.00675
0.154535	14444.49536
0.154545	14444.98398
0.154555	14445.46987
0.154565	14445.95314
0.154575	14446.43945
0.154584	14446.91043
0.154594	14447.37951
0.154604	14447.84289
0.154613	14448.31804
0.154623	14448.79458
0.154633	14449.27481
0.154643	14449.7576
0.154653	14450.23817
0.154663	14450.71793
0.154673	14451.18469
0.154682	14451.6447
0.154692	14452.12752
0.154702	14452.60475
0.154713	14453.07382
0.154722	14453.54742
0.154733	14454.0465
0.154742	14454.52989
0.154753	14455.00832
0.154763	14455.47813
0.154772	14455.93819
0.154782	14456.41456
0.154792	14456.87351
0.154802	14457.34964
0.154812	14457.84244
0.154822	14458.32954
0.154832	14458.82263
0.154842	14459.2946
0.154851	14459.78215
0.154861	14460.26067
0.154871	14460.74808
0.154881	14461.2346
0.154891	14461.72292
0.1549	14462.19721
0.15491	14462.67639
0.15492	14463.16653
0.154931	14463.65944
0.154941	14464.13619
0.154951	14464.62703
0.154961	14465.10581
0.154972	14465.61166
0.154982	14466.11424
0.154992	14466.60269
0.155002	14467.08514
0.155012	14467.56996
0.155023	14468.05337
0.155033	14468.54087
0.155043	14469.02287
0.155054	14469.50197
0.155064	14469.98948
0.155074	14470.48051
0.155083	14470.95598
0.155093	14471.43406
0.155103	14471.89493
0.155113	14472.36091
0.155123	14472.81622
0.155133	14473.28363
0.155143	14473.74794
0.155153	14474.22035
0.155162	14474.67989
0.155172	14475.15022
0.155182	14475.6193
0.155192	14476.10633
0.155202	14476.5857
0.155213	14477.07592
0.155223	14477.5644
0.155233	14478.0436
0.155243	14478.52496
0.155254	14479.01
0.155264	14479.48955
0.155274	14479.9629
0.155284	14480.44324
0.155295	14480.94121
0.155305	14481.42407
0.155315	14481.89764
0.155325	14482.37299
0.155335	14482.83953
0.155345	14483.28826
0.155355	14483.74924
0.155365	14484.21054
0.155375	14484.68933
0.155385	14485.15374
0.155396	14485.63398
0.155406	14486.11631
0.155416	14486.59358
0.155426	14487.0718
0.155436	14487.55051
0.155446	14488.03696
0.155456	14488.51557
0.155467	14488.98424
0.155477	14489.46121
0.155487	14489.92877
0.155497	14490.39909
0.155507	14490.87285
0.155517	14491.34797
0.155527	14491.82615
0.155538	14492.30784
0.155548	14492.80245
0.155558	14493.27354
0.155569	14493.7528
0.155579	14494.24632
0.15559	14494.7296
0.1556	14495.20302
0.15561	14495.6747
0.15562	14496.15395
0.155631	14496.61992
0.155641	14497.08425
0.155651	14497.55874
0.155662	14498.03394
0.155672	14498.51027
0.155681	14498.97648
0.155692	14499.45518
0.155702	14499.92996
0.155712	14500.41807
0.155722	14500.9089
0.155733	14501.40427
0.155743	14501.89013
0.155753	14502.32443
0.155763	14502.79118
0.155774	14503.28676
0.155784	14503.76584
0.155794	14504.24795
0.155804	14504.73086
0.155815	14505.21272
0.155825	14505.69584
0.155835	14506.17001
0.155845	14506.62631
0.155855	14507.0745
0.155865	14507.52175
0.155875	14507.98757
0.155885	14508.45447
0.155895	14508.93226
0.155906	14509.42127
0.155916	14509.89843
0.155926	14510.3622
0.155936	14510.83226
0.155946	14511.30325
0.155957	14511.77306
0.155967	14512.24035
0.155977	14512.71279
0.155987	14513.17936
0.155997	14513.63521
0.156007	14514.09454
0.156018	14514.54892
0.156028	14515.00504
0.156038	14515.45442
0.156048	14515.90905
0.156058	14516.36779
0.156067	14516.82603
0.156078	14517.28379
0.156088	14517.74336
0.156099	14518.20774
0.156109	14518.66704
0.156119	14519.13573
0.15613	14519.61463
0.15614	14520.08172
0.15615	14520.54207
0.156161	14521.00607
0.156171	14521.47309
0.156181	14521.93687
0.156191	14522.40544
0.156202	14522.86745
0.156211	14523.31774
0.156221	14523.76251
0.156231	14524.18067
0.156241	14524.63164
0.156251	14525.09914
0.156262	14525.54886
0.156272	14525.99743
0.156282	14526.44662
0.156291	14526.88749
0.156301	14527.32673
0.156311	14527.76534
0.156321	14528.21233
0.156331	14528.675
0.156342	14529.12628
0.156352	14529.58522
0.156362	14530.03032
0.156372	14530.49496
0.156383	14530.95837
0.156393	14531.40896
0.156403	14531.85466
0.156413	14532.32888
0.156423	14532.78714
0.156433	14533.24753
0.156443	14533.70621
0.156453	14534.16174
0.156463	14534.60347
0.156473	14535.04305
0.156484	14535.48829
0.156494	14535.92951
0.156504	14536.37235
0.156514	14536.80525
0.156524	14537.24257
0.156533	14537.68277
0.156543	14538.12664
0.156553	14538.57606
0.156564	14539.03378
0.156574	14539.47799
0.156584	14539.93331
0.156595	14540.38855
0.156605	14540.83919
0.156615	14541.28159
0.156625	14541.7121
0.156635	14542.15509
0.156645	14542.62326
0.156655	14543.09627
0.156666	14543.56624
0.156676	14544.03415
0.156686	14544.5113
0.156696	14544.97549
0.156707	14545.44426
0.156717	14545.91071
0.156727	14546.37537
0.156738	14546.8356
0.156748	14547.30732
0.156758	14547.77763
0.156768	14548.24927
0.156779	14548.71523
0.156789	14549.17783
0.156799	14549.6421
0.15681	14550.11614
0.15682	14550.58315
0.156831	14551.04674
0.156841	14551.50789
0.156852	14551.97169
0.156862	14552.43728
0.156873	14552.90795
0.156883	14553.3788
0.156894	14553.86553
0.156904	14554.3387
0.156915	14554.8188
0.156925	14555.28816
0.156936	14555.75002
0.156946	14556.21296
0.156956	14556.67114
0.156966	14557.0943
0.156977	14557.54257
0.156987	14558.02752
0.156998	14558.50262
0.157008	14558.97838
0.157019	14559.45874
0.157029	14559.92902
0.157039	14560.39687
0.15705	14560.86933
0.157061	14561.34399
0.157071	14561.81896
0.157082	14562.29138
0.157093	14562.75724
0.157102	14563.22849
0.157113	14563.69977
0.157124	14564.16724
0.157134	14564.63346
0.157144	14565.08847
0.157154	14565.54503
0.157165	14566.01816
0.157176	14566.50393
0.157186	14566.98329
0.157197	14567.47189
0.157207	14567.93627
0.157218	14568.41426
0.157228	14568.88929
0.157239	14569.36942
0.15725	14569.83733
0.15726	14570.30752
0.157271	14570.76735
0.157282	14571.23537
0.157292	14571.70806
0.157303	14572.18818
0.157313	14572.66225
0.157324	14573.13051
0.157335	14573.61103
0.157346	14574.10497
0.157356	14574.58476
0.157367	14575.06226
0.157377	14575.52563
0.157388	14576.00289
0.157399	14576.47216
0.15741	14576.94106
0.15742	14577.40909
0.157431	14577.87725
0.157442	14578.34512
0.157452	14578.81864
0.157463	14579.27744
0.157474	14579.74331
0.157484	14580.21601
0.157495	14580.70006
0.157505	14581.16641
0.157516	14581.64061
0.157526	14582.113
0.157537	14582.59459
0.157548	14583.05196
0.157558	14583.5144
0.157568	14583.96248
0.157578	14584.41977
0.157589	14584.87564
0.1576	14585.3429
0.15761	14585.81406
0.157621	14586.29958
0.157632	14586.7676
0.157642	14587.23421
0.157653	14587.68685
0.157663	14588.13861
0.157674	14588.60653
0.157685	14589.06977
0.157695	14589.5341
0.157706	14589.99833
0.157716	14590.46349
0.157727	14590.9327
0.157738	14591.39505
0.157748	14591.84967
0.157759	14592.3037
0.157769	14592.76699
0.15778	14593.24814
0.157791	14593.72488
0.157802	14594.20691
0.157813	14594.67861
0.157823	14595.14731
0.157834	14595.62133
0.157845	14596.10129
0.157855	14596.58921
0.157866	14597.08285
0.157877	14597.56233
0.157888	14598.04069
0.157899	14598.51808
0.157909	14598.98547
0.15792	14599.45412
0.157931	14599.94028
0.157942	14600.4412
0.157953	14600.92465
0.157963	14601.41369
0.157975	14601.89037
0.157986	14602.36148
0.157997	14602.83759
0.158007	14603.30772
0.158018	14603.77196
0.158029	14604.24572
0.15804	14604.71453
0.15805	14605.18706
0.158061	14605.65751
0.158072	14606.13253
0.158083	14606.61489
0.158094	14607.09121
0.158105	14607.57696
0.158115	14608.05
0.158126	14608.51886
0.158137	14608.988
0.158148	14609.44907
0.158159	14609.91683
0.15817	14610.39248
0.158181	14610.85501
0.158192	14611.31135
0.158202	14611.7647
0.158214	14612.22915
0.158224	14612.68812
0.158235	14613.15782
0.158246	14613.62333
0.158257	14614.09684
0.158268	14614.58097
0.158279	14615.05152
0.15829	14615.52343
0.158301	14615.98818
0.158312	14616.46078
0.158323	14616.92858
0.158334	14617.39611
0.158345	14617.85946
0.158355	14618.32354
0.158366	14618.778
0.158377	14619.2446
0.158388	14619.71546
0.158399	14620.17913
0.15841	14620.63823
0.15842	14621.09864
0.158432	14621.57662
0.158442	14622.04729
0.158453	14622.51896
0.158464	14622.9876
0.158475	14623.44197
0.158486	14623.91152
0.158497	14624.37461
0.158507	14624.84583
0.158519	14625.32108
0.15853	14625.79925
0.158541	14626.26631
0.158552	14626.73838
0.158563	14627.1956
0.158574	14627.66686
0.158585	14628.13625
0.158596	14628.5993
0.158607	14629.04678
0.158618	14629.5056
0.158629	14629.97823
0.15864	14630.45469
0.158651	14630.91557
0.158662	14631.39417
0.158673	14631.86886
0.158684	14632.342
0.158695	14632.8129
0.158706	14633.27678
0.158717	14633.7411
0.158728	14634.19996
0.158739	14634.66312
0.15875	14635.12418
0.15876	14635.56301
0.158771	14636.01203
0.158782	14636.4714
0.158793	14636.9254
0.158804	14637.36838
0.158814	14637.8196
0.158826	14638.27387
0.158837	14638.81787
0.158849	14639.30986
0.15886	14639.78672
0.158871	14640.26281
0.158882	14640.7597
0.158893	14641.24884
0.158905	14641.73934
0.158917	14642.20856
0.158928	14642.6969
0.158939	14643.18896
0.158951	14643.67246
0.158962	14644.14802
0.158973	14644.62203
0.158984	14645.07587
0.158995	14645.54782
0.159007	14646.02322
0.159018	14646.4965
0.159029	14646.96872
0.15904	14647.43545
0.159051	14647.90081
0.159062	14648.37897
0.159073	14648.84448
0.159085	14649.31284
0.159096	14649.78449
0.159107	14650.25208
0.159118	14650.72206
0.159129	14651.18242
0.15914	14651.65177
0.159152	14652.10452
0.159163	14652.57763
0.159175	14653.04362
0.159186	14653.51899
0.159197	14653.9876
0.159208	14654.45569
0.15922	14654.92778
0.159231	14655.40524
0.159243	14655.87146
0.159254	14656.34165
0.159266	14656.81242
0.159277	14657.27767
0.159288	14657.74164
0.159299	14658.20555
0.15931	14658.67053
0.159322	14659.15502
0.159333	14659.61119
0.159344	14660.06943
0.159355	14660.51679
0.159366	14660.97864
0.159377	14661.42389
0.159388	14661.87971
0.1594	14662.33595
0.159411	14662.80059
0.159422	14663.26395
0.159433	14663.72247
0.159444	14664.17161
0.159456	14664.64002
0.159467	14665.09688
0.159478	14665.55029
0.159489	14665.98835
0.1595	14666.44614
0.159511	14666.89777
0.159523	14667.38938
0.159535	14667.85807
0.159546	14668.32579
0.159557	14668.79091
0.159569	14669.26929
0.15958	14669.74308
0.159591	14670.21423
0.159602	14670.66828
0.159614	14671.1417
0.159625	14671.61743
0.159636	14672.08808
0.159647	14672.55942
0.159659	14673.04575
0.15967	14673.51603
0.159682	14673.97058
0.159693	14674.41661
0.159704	14674.86747
0.159715	14675.31056
0.159726	14675.75643
0.159738	14676.21848
0.159749	14676.69042
0.15976	14677.15135
0.159771	14677.60371
0.159783	14678.05169
0.159794	14678.50813
0.159806	14678.96124
0.159817	14679.43062
0.159829	14679.89138
0.15984	14680.35529
0.159852	14680.82354
0.159863	14681.29373
0.159875	14681.76658
0.159886	14682.23659
0.159897	14682.70663
0.159909	14683.1793
0.15992	14683.65143
0.159932	14684.11634
0.159943	14684.59389
0.159955	14685.04479
0.159966	14685.51274
0.159977	14685.97825
0.159989	14686.43857
0.16	14686.90043
0.160012	14687.36559
0.160023	14687.84245
0.160035	14688.30835
0.160046	14688.76302
0.160058	14689.21391
0.160069	14689.66409
0.16008	14690.11419
0.160091	14690.57644
0.160103	14691.02737
0.160114	14691.48628
0.160126	14691.96455
0.160137	14692.45009
0.160149	14692.92455
0.16016	14693.39231
0.160172	14693.85396
0.160184	14694.31151
0.160195	14694.7509
0.160206	14695.18505
0.160218	14695.63121
0.160229	14696.08469
0.160241	14696.53947
0.160252	14696.99314
0.160264	14697.45893
0.160275	14697.90975
0.160286	14698.36079
0.160298	14698.81344
0.160309	14699.2915
0.160322	14699.76937
0.160333	14700.23637
0.160345	14700.70829
0.160356	14701.1773
0.160368	14701.6715
0.16038	14702.1646
0.160392	14702.64689
0.160404	14703.1179
0.160416	14703.58901
0.160427	14704.04603
0.160439	14704.52482
0.16045	14704.9938
0.160462	14705.46417
0.160474	14705.9342
0.160486	14706.40816
0.160497	14706.85993
0.160509	14707.30445
0.16052	14707.75067
0.160532	14708.21491
0.160543	14708.68266
0.160555	14709.15288
0.160567	14709.62559
0.160579	14710.08982
0.16059	14710.5505
0.160602	14710.99853
0.160613	14711.44763
0.160625	14711.91176
0.160637	14712.3684
0.160649	14712.82845
0.160661	14713.29219
0.160672	14713.75029
0.160684	14714.21057
0.160696	14714.66763
0.160706	14715.08711
0.160718	14715.52363
0.16073	14715.96639
0.160742	14716.42108
0.160753	14716.87489
0.160765	14717.33406
0.160776	14717.78706
0.160788	14718.24282
0.160799	14718.68577
0.160811	14719.138
0.160822	14719.58494
0.160834	14720.04467
0.160846	14720.49006
0.160857	14720.93934
0.160868	14721.37664
0.16088	14721.81785
0.160892	14722.27034
0.160904	14722.72854
0.160915	14723.17211
0.160926	14723.61565
0.160938	14724.06708
0.16095	14724.51898
0.160962	14724.97744
0.160974	14725.44922
0.160985	14725.9046
0.160997	14726.36092
0.161008	14726.82556
0.16102	14727.27623
0.161032	14727.71884
0.161044	14728.14893
0.161055	14728.60841
0.161067	14729.06277
0.161079	14729.54541
0.161091	14730.01346
0.161103	14730.4722
0.161115	14730.93332
0.161127	14731.38686
0.161139	14731.84191
0.16115	14732.2826
0.161162	14732.73628
0.161174	14733.19061
0.161186	14733.64762
0.161197	14734.09637
0.161209	14734.55435
0.161221	14735.00959
0.161233	14735.4639
0.161245	14735.919
0.161256	14736.36516
0.161268	14736.81139
0.16128	14737.24867
0.161291	14737.70853
0.161304	14738.16544
0.161316	14738.61455
0.161328	14739.06439
0.16134	14739.51538
0.161351	14739.96996
0.161363	14740.42835
0.161375	14740.87739
0.161386	14741.32939
0.161399	14741.79024
0.16141	14742.23906
0.161422	14742.68656
0.161434	14743.14344
0.161446	14743.61381
0.161457	14744.0878
0.161469	14744.54291
0.161481	14745.0046
0.161493	14745.47124
0.161505	14745.92097
0.161516	14746.37314
0.161528	14746.83106
0.16154	14747.30605
0.161552	14747.77845
0.161565	14748.23945
0.161577	14748.69437
0.161589	14749.1476
0.1616	14749.61549
0.161612	14750.07291
0.161624	14750.5143
0.161636	14750.9542
0.161647	14751.39184
0.161659	14751.8324
0.161671	14752.27243
0.161683	14752.71904
0.161695	14753.16729
0.161707	14753.61395
0.161719	14754.07663
0.161731	14754.53593
0.161743	14754.98074
0.161756	14755.43579
0.161767	14755.89031
0.161779	14756.3426
0.161791	14756.80508
0.161804	14757.2663
0.161815	14757.72606
0.161828	14758.18486
0.16184	14758.64388
0.161852	14759.09781
0.161864	14759.54506
0.161876	14759.99373
0.161888	14760.43735
0.1619	14760.86739
0.161912	14761.31369
0.161924	14761.75899
0.161936	14762.21634
0.161948	14762.67787
0.16196	14763.1209
0.161972	14763.57207
0.161984	14764.03296
0.161996	14764.48344
0.162008	14764.93071
0.16202	14765.37214
0.162032	14765.8242
0.162044	14766.27068
0.162056	14766.72366
0.162067	14767.16434
0.162079	14767.60939
0.162091	14768.05576
0.162103	14768.49924
0.162115	14768.97014
0.162128	14769.44328
0.16214	14769.90758
0.162152	14770.37414
0.162164	14770.83082
0.162176	14771.27659
0.162188	14771.703
0.1622	14772.14281
0.162212	14772.58615
0.162224	14773.04922
0.162236	14773.51765
0.162248	14773.98505
0.162261	14774.4361
0.162273	14774.90227
0.162284	14775.35169
0.162297	14775.8107
0.162309	14776.27586
0.162321	14776.7476
0.162334	14777.21874
0.162346	14777.67325
0.162358	14778.12208
0.16237	14778.57295
0.162382	14779.03347
0.162394	14779.48763
0.162407	14779.95639
0.162419	14780.41931
0.162431	14780.87757
0.162444	14781.32686
0.162456	14781.78071
0.162468	14782.23591
0.16248	14782.68391
0.162492	14783.13245
0.162504	14783.57455
0.162517	14784.0299
0.162529	14784.50193
0.162542	14784.97294
0.162554	14785.43323
0.162566	14785.90402
0.162578	14786.35403
0.162591	14786.81206
0.162603	14787.27241
0.162615	14787.72882
0.162628	14788.16589
0.16264	14788.60596
0.162652	14789.05572
0.162664	14789.50356
0.162677	14789.95743
0.162689	14790.40527
0.162701	14790.8479
0.162713	14791.29505
0.162726	14791.75801
0.162738	14792.20892
0.16275	14792.65701
0.162762	14793.10915
0.162774	14793.54903
0.162786	14793.99022
0.162799	14794.44334
0.162811	14794.90318
0.162823	14795.35831
0.162835	14795.81027
0.162848	14796.26717
0.16286	14796.72519
0.162872	14797.18208
0.162885	14797.63334
0.162897	14798.10007
0.162909	14798.56077
0.162921	14798.99861
0.162934	14799.4532
0.162946	14799.91514
0.162959	14800.37328
0.16297	14800.81728
0.162983	14801.26832
0.162995	14801.71582
0.163007	14802.16199
0.16302	14802.59804
0.163032	14803.05088
0.163044	14803.51365
0.163057	14803.9834
0.16307	14804.44917
0.163082	14804.90145
0.163094	14805.3427
0.163107	14805.8054
0.16312	14806.25328
0.163132	14806.70271
0.163144	14807.14513
0.163157	14807.59201
0.163169	14808.04087
0.163182	14808.49937
0.163194	14808.95441
0.163206	14809.40023
0.163218	14809.80276
0.163231	14810.23248
0.163244	14810.66946
0.163256	14811.13198
0.163269	14811.58225
0.163281	14812.0376
0.163294	14812.49221
0.163306	14812.93684
0.163319	14813.3742
0.163331	14813.80954
0.163344	14814.23787
0.163356	14814.67934
0.163368	14815.10771
0.16338	14815.53375
0.163393	14815.97435
0.163405	14816.42291
0.163418	14816.8777
0.16343	14817.33802
0.163443	14817.78895
0.163455	14818.24095
0.163467	14818.68949
0.16348	14819.14911
0.163492	14819.59421
0.163504	14820.03689
0.163517	14820.47727
0.163529	14820.91208
0.163541	14821.348
0.163554	14821.78758
0.163566	14822.23892
0.163579	14822.69644
0.163591	14823.15025
0.163603	14823.59869
0.163616	14824.05056
0.163628	14824.49644
0.163641	14824.94323
0.163653	14825.3837
0.163666	14825.8489
0.163679	14826.29876
0.163692	14826.74863
0.163704	14827.19005
0.163716	14827.59857
0.163728	14828.0108
0.163741	14828.44152
0.163754	14828.88759
0.163766	14829.32131
0.163779	14829.74498
0.163791	14830.18624
0.163804	14830.63209
0.163816	14831.05911
0.163828	14831.48577
0.16384	14831.91496
0.163853	14832.34892
0.163866	14832.81275
0.163878	14833.25787
0.163891	14833.69221
0.163903	14834.1284
0.163915	14834.54418
0.163928	14834.96979
0.16394	14835.40062
0.163953	14835.86299
0.163966	14836.32806
0.163978	14836.78749
0.163991	14837.24759
0.164004	14837.69875
0.164016	14838.14361
0.164029	14838.58577
0.164041	14839.00301
0.164054	14839.43534
0.164067	14839.88578
0.16408	14840.32502
0.164092	14840.75957
0.164105	14841.19026
0.164117	14841.62349
0.16413	14842.05836
0.164143	14842.49988
0.164156	14842.95512
0.164168	14843.39151
0.164181	14843.83564
0.164194	14844.27442
0.164206	14844.71044
0.164219	14845.1604
0.164232	14845.61276
0.164244	14846.05271
0.164257	14846.50357
0.16427	14846.94562
0.164283	14847.39055
0.164296	14847.83367
0.164308	14848.28313
0.164321	14848.72404
0.164334	14849.16383
0.164346	14849.6017
0.164359	14850.03563
0.164372	14850.47306
0.164385	14850.90154
0.164397	14851.34901
0.16441	14851.7884
0.164422	14852.23261
0.164435	14852.68012
0.164448	14853.11727
0.164461	14853.5551
0.164473	14853.99786
0.164487	14854.42992
0.164499	14854.86959
0.164512	14855.31206
0.164524	14855.75841
0.164537	14856.19559
0.164549	14856.63738
0.164562	14857.06292
0.164574	14857.48257
0.164587	14857.92729
0.1646	14858.36042
0.164613	14858.79117
0.164626	14859.23471
0.164638	14859.67417
0.164651	14860.11606
0.164664	14860.55486
0.164677	14861.00435
0.16469	14861.43911
0.164702	14861.84117
0.164715	14862.24421
0.164728	14862.68593
0.164741	14863.14841
0.164754	14863.60874
0.164766	14864.04176
0.164779	14864.47192
0.164792	14864.91085
0.164805	14865.35573
0.164818	14865.80103
0.164831	14866.24158
0.164844	14866.67035
0.164857	14867.1109
0.16487	14867.56778
0.164883	14868.01827
0.164896	14868.4668
0.164909	14868.91841
0.164922	14869.3626
0.164934	14869.77777
0.164947	14870.19443
0.164961	14870.63758
0.164974	14871.11739
0.164988	14871.63701
0.165001	14872.09773
0.165014	14872.55443
0.165027	14873.01022
0.165041	14873.46264
0.165054	14873.92803
0.165067	14874.3924
0.16508	14874.84866
0.165094	14875.30698
0.165107	14875.77446
0.16512	14876.23867
0.165133	14876.68964
0.165146	14877.1308
0.16516	14877.58462
0.165173	14878.02905
0.165186	14878.48476
0.165199	14878.9445
0.165213	14879.40374
0.165226	14879.85797
0.165239	14880.31379
0.165253	14880.77424
0.165267	14881.2224
0.16528	14881.67497
0.165293	14882.12806
0.165306	14882.60373
0.165319	14883.05949
0.165333	14883.52029
0.165346	14883.9648
0.165359	14884.42103
0.165373	14884.88261
0.165387	14885.35283
0.1654	14885.81314
0.165413	14886.26932
0.165426	14886.72598
0.16544	14887.17354
0.165452	14887.59947
0.165466	14888.02662
0.165479	14888.46355
0.165493	14888.92019
0.165506	14889.37021
0.16552	14889.82928
0.165533	14890.28354
0.165548	14890.7624
0.165561	14891.21787
0.165574	14891.65913
0.165587	14892.09996
0.165601	14892.54783
0.165614	14893.01169
0.165628	14893.46716
0.165641	14893.90496
0.165654	14894.3358
0.165668	14894.77189
0.165681	14895.19988
0.165694	14895.63596
0.165707	14896.05802
0.16572	14896.48073
0.165733	14896.90726
0.165746	14897.35551
0.16576	14897.80035
0.165774	14898.25293
0.165787	14898.6774
0.1658	14899.10321
0.165814	14899.52518
0.165827	14899.95263
0.16584	14900.38087
0.165853	14900.80994
0.165866	14901.24383
0.165879	14901.67214
0.165892	14902.09057
0.165905	14902.52943
0.165919	14902.97946
0.165932	14903.42249
0.165945	14903.84475
0.165959	14904.27767
0.165972	14904.7085
0.165985	14905.14638
0.165998	14905.5712
0.166011	14905.99685
0.166025	14906.4236
0.166038	14906.85833
0.166051	14907.29079
0.166065	14907.73771
0.166078	14908.16903
0.166091	14908.60011
0.166105	14909.03657
0.166118	14909.47088
0.166132	14909.90451
0.166145	14910.34669
0.166158	14910.77543
0.166171	14911.19981
0.166185	14911.63759
0.166198	14912.06366
0.166211	14912.47742
0.166224	14912.88659
0.166238	14913.30272
0.166251	14913.74046
0.166265	14914.17743
0.166279	14914.59909
0.166292	14915.03302
0.166305	14915.45338
0.166318	14915.87241
0.166332	14916.28551
0.166345	14916.70239
0.166358	14917.12774
0.166373	14917.54544
0.166386	14917.96912
0.166399	14918.39643
0.166413	14918.81033
0.166426	14919.22513
0.166439	14919.64622
0.166453	14920.05902
0.166466	14920.46636
0.16648	14920.89751
0.166493	14921.32669
0.166506	14921.7493
0.166519	14922.17078
0.166532	14922.58722
0.166546	14923.0076
0.166559	14923.43803
0.166572	14923.8639
0.166586	14924.29024
0.166599	14924.70874
0.166612	14925.12909
0.166625	14925.56545
0.166638	14926.00429
0.166652	14926.43082
0.166665	14926.84913
0.16668	14927.2839
0.166694	14927.72922
0.166707	14928.17362
0.166721	14928.61719
0.166735	14929.06896
0.166748	14929.50209
0.166762	14929.94463
0.166776	14930.37637
0.16679	14930.81821
0.166803	14931.26252
0.166817	14931.69545
0.16683	14932.12048
0.166844	14932.54841
0.166857	14932.96605
0.166871	14933.38288
0.166884	14933.8071
0.166897	14934.23253
0.166911	14934.64005
0.166925	14935.05492
0.166938	14935.48845
0.166951	14935.91194
0.166965	14936.31428
0.166978	14936.74089
0.166992	14937.16837
0.167006	14937.5946
0.167019	14938.01984
0.167032	14938.44685
0.167045	14938.88156
0.167059	14939.31667
0.167073	14939.76954
0.167086	14940.22447
0.1671	14940.66073
0.167113	14941.08439
0.167127	14941.50018
0.16714	14941.91794
0.167154	14942.3446
0.167167	14942.75217
0.16718	14943.1767
0.167194	14943.60208
0.167208	14944.029
0.167221	14944.45425
0.167235	14944.87667
0.167248	14945.28462
0.167262	14945.71165
0.167276	14946.14261
0.167289	14946.5685
0.167302	14946.96906
0.167316	14947.38949
0.16733	14947.81235
0.167343	14948.23696
0.167356	14948.65666
0.16737	14949.08357
0.167384	14949.50463
0.167398	14949.92517
0.167412	14950.37016
0.167425	14950.80988
0.167439	14951.24783
0.167452	14951.68265
0.167466	14952.10293
0.16748	14952.53627
0.167494	14952.96752
0.167508	14953.38449
0.167521	14953.80394
0.167535	14954.21859
0.167549	14954.63538
0.167562	14955.0455
0.167576	14955.50379
0.16759	14955.94127
0.167603	14956.35911
0.167617	14956.78102
0.167631	14957.20998
0.167645	14957.63233
0.167658	14958.05554
0.167672	14958.4752
0.167686	14958.8881
0.1677	14959.31808
0.167714	14959.75586
0.167728	14960.2081
0.167742	14960.64928
0.167756	14961.08913
0.16777	14961.52213
0.167784	14961.94649
0.167797	14962.37153
0.167812	14962.80121
0.167825	14963.21601
0.167839	14963.63098
0.167853	14964.05368
0.167867	14964.48658
0.167881	14964.91599
0.167895	14965.33176
0.167908	14965.76772
0.167922	14966.1822
0.167936	14966.58922
0.16795	14967.01988
0.167963	14967.44823
0.167977	14967.88227
0.167991	14968.29159
0.168005	14968.71825
0.168019	14969.15819
0.168033	14969.58645
0.168047	14970.01293
0.168061	14970.44888
0.168074	14970.86766
0.168088	14971.27997
0.168102	14971.70835
0.168116	14972.13398
0.168129	14972.55851
0.168144	14972.97793
0.168158	14973.40163
0.168171	14973.83543
0.168185	14974.25666
0.168199	14974.67277
0.168213	14975.10195
0.168227	14975.51157
0.168241	14975.92038
0.168254	14976.34057
0.168268	14976.76498
0.168282	14977.1877
0.168296	14977.59882
0.16831	14978.01871
0.168324	14978.44405
0.168338	14978.88269
0.168353	14979.3167
0.168366	14979.73265
0.16838	14980.16429
0.168394	14980.5849
0.168408	14981.01143
0.168422	14981.41359
0.168436	14981.82878
0.168449	14982.24466
0.168463	14982.66805
0.168477	14983.07649
0.168491	14983.49186
0.168506	14983.92828
0.16852	14984.35991
0.168534	14984.78725
0.168548	14985.21963
0.168562	14985.66963
0.168577	14986.10122
0.16859	14986.5344
0.168605	14986.94637
0.168619	14987.38432
0.168632	14987.8176
0.168647	14988.25629
0.168662	14988.69496
0.168676	14989.13513
0.168689	14989.56147
0.168704	14989.9925
0.168718	14990.42365
0.168732	14990.86587
0.168746	14991.29347
0.16876	14991.72768
0.168774	14992.1712
0.168789	14992.60932
0.168802	14993.00906
0.168816	14993.41539
0.16883	14993.83056
0.168844	14994.25366
0.168859	14994.67041
0.168873	14995.09246
0.168887	14995.50899
0.168901	14995.92011
0.168916	14996.33536
0.168929	14996.74487
0.168944	14997.14654
0.168958	14997.55976
0.168972	14997.96093
0.168985	14998.38477
0.169	14998.80502
0.169014	14999.22229
0.169028	14999.64941
0.169042	15000.07464
0.169056	15000.49483
0.16907	15000.91722
0.169085	15001.34331
0.169099	15001.77095
0.169113	15002.17699
0.169127	15002.59587
0.169141	15002.99481
0.169155	15003.40498
0.169169	15003.81182
0.169184	15004.22465
0.169198	15004.64307
0.169213	15005.08305
0.169227	15005.52598
0.169242	15005.98061
0.169256	15006.40854
0.16927	15006.83149
0.169284	15007.25218
0.169299	15007.68631
0.169313	15008.10064
0.169327	15008.51771
0.169341	15008.91603
0.169355	15009.3295
0.16937	15009.75433
0.169384	15010.17197
0.169398	15010.57071
0.169413	15010.97029
0.169427	15011.36747
0.169441	15011.77664
0.169455	15012.19976
0.169469	15012.61349
0.169483	15013.03239
0.169498	15013.4456
0.169511	15013.84287
0.169525	15014.24438
0.16954	15014.65563
0.169554	15015.05233
0.169568	15015.45243
0.169582	15015.85245
0.169596	15016.27302
0.16961	15016.68618
0.169625	15017.10306
0.169639	15017.51184
0.169653	15017.9284
0.169668	15018.3645
0.169682	15018.78819
0.169697	15019.19578
0.169711	15019.604
0.169725	15020.01637
0.169739	15020.43076
0.169754	15020.8411
0.169768	15021.25267
0.169782	15021.66536
0.169797	15022.08388
0.169811	15022.49009
0.169825	15022.90394
0.16984	15023.31669
0.169854	15023.72433
0.169868	15024.14145
0.169883	15024.55848
0.169897	15024.9731
0.169912	15025.39943
0.169926	15025.80602
0.16994	15026.20777
0.169955	15026.60747
0.169969	15027.03165
0.169984	15027.44355
0.169999	15027.84917
0.170013	15028.25445
0.170027	15028.66708
0.170042	15029.07209
0.170056	15029.49207
0.170071	15029.8974
0.170085	15030.3113
0.1701	15030.73355
0.170114	15031.1643
0.170129	15031.57115
0.170143	15031.97458
0.170158	15032.37453
0.170172	15032.78048
0.170186	15033.19128
0.170201	15033.61218
0.170215	15034.02007
0.17023	15034.42365
0.170244	15034.82142
0.170259	15035.22174
0.170273	15035.62878
0.170288	15036.04868
0.170302	15036.45787
0.170317	15036.87338
0.170331	15037.28131
0.170346	15037.67062
0.17036	15038.06619
0.170375	15038.47662
0.170389	15038.88219
0.170404	15039.29119
0.170418	15039.69267
0.170433	15040.09605
0.170447	15040.48619
0.170462	15040.90565
0.170477	15041.32068
0.170491	15041.73204
0.170506	15042.13841
0.17052	15042.53526
0.170535	15042.92988
0.170549	15043.32936
0.170563	15043.74589
0.170578	15044.15963
0.170594	15044.56069
0.170608	15044.9373
0.170622	15045.34264
0.170637	15045.75789
0.170651	15046.16628
0.170666	15046.5858
0.170681	15046.99577
0.170696	15047.4137
0.170711	15047.84015
0.170726	15048.26401
0.170741	15048.68518
0.170755	15049.08652
0.17077	15049.48447
0.170785	15049.88086
0.1708	15050.28249
0.170814	15050.69711
0.170829	15051.10263
0.170844	15051.51222
0.170858	15051.91789
0.170873	15052.32662
0.170888	15052.73626
0.170902	15053.15924
0.170917	15053.57447
0.170931	15053.98918
0.170947	15054.4002
0.170961	15054.80421
0.170976	15055.20693
0.17099	15055.60228
0.171005	15055.99275
0.171019	15056.39698
0.171034	15056.79887
0.171049	15057.2084
0.171064	15057.6184
0.171078	15057.98447
0.171093	15058.36936
0.171108	15058.75901
0.171122	15059.14073
0.171137	15059.53462
0.171151	15059.92434
0.171166	15060.32722
0.171181	15060.7429
0.171195	15061.16247
0.171211	15061.57484
0.171225	15061.98554
0.171241	15062.40166
0.171255	15062.81045
0.171269	15063.20666
0.171284	15063.60384
0.171299	15063.99957
0.171314	15064.39916
0.171329	15064.813
0.171343	15065.21724
0.171358	15065.61635
0.171373	15066.02758
0.171387	15066.43096
0.171402	15066.82999
0.171417	15067.2193
0.171431	15067.62229
0.171446	15068.02755
0.171461	15068.45518
0.171476	15068.89174
0.171491	15069.30499
0.171506	15069.71899
0.171521	15070.13581
0.171536	15070.53853
0.171551	15070.93346
0.171566	15071.3265
0.17158	15071.73658
0.171595	15072.14121
0.17161	15072.55162
0.171625	15072.96618
0.17164	15073.38264
0.171655	15073.80123
0.17167	15074.21367
0.171685	15074.60892
0.1717	15074.99666
0.171715	15075.39162
0.17173	15075.80388
0.171744	15076.21681
0.171759	15076.63706
0.171774	15076.97859
0.171789	15077.35462
0.171803	15077.73904
0.171818	15078.11319
0.171833	15078.48763
0.171847	15078.85004
0.171861	15079.20496
0.171876	15079.58782
0.171891	15079.97089
0.171906	15080.33468
0.17192	15080.71466
0.171935	15081.08804
0.171949	15081.45842
0.171964	15081.84754
0.171979	15082.23313
0.171994	15082.64121
0.172009	15083.02849
0.172024	15083.42016
0.172039	15083.81374
0.172054	15084.21127
0.172068	15084.59258
0.172084	15084.9861
0.172098	15085.37266
0.172113	15085.77025
0.172128	15086.15377
0.172143	15086.53064
0.172158	15086.91112
0.172173	15087.29377
0.172187	15087.68216
0.172202	15088.08885
0.172217	15088.47542
0.172232	15088.85973
0.172247	15089.24382
0.172262	15089.63574
0.172277	15090.03002
0.172292	15090.42882
0.172307	15090.82508
0.172322	15091.22039
0.172336	15091.62836
0.172352	15092.04376
0.172366	15092.44086
0.172381	15092.84292
0.172397	15093.24233
0.172411	15093.63116
0.172426	15094.02604
0.172441	15094.41743
0.172456	15094.81978
0.172472	15095.23484
0.172487	15095.6586
0.172502	15096.06532
0.172517	15096.46256
0.172532	15096.84691
0.172547	15097.24088
0.172562	15097.65289
0.172578	15098.05665
0.172593	15098.45784
0.172608	15098.85762
0.172623	15099.27679
0.172639	15099.68428
0.172654	15100.0819
0.172669	15100.47419
0.172684	15100.8491
0.172699	15101.23502
0.172714	15101.62599
0.172729	15102.02132
0.172744	15102.40652
0.172759	15102.7909
0.172775	15103.18384
0.17279	15103.58966
0.172805	15103.98337
0.17282	15104.37031
0.172836	15104.75628
0.172851	15105.1407
0.172866	15105.50905
0.172881	15105.90256
0.172896	15106.31822
0.172912	15106.72246
0.172927	15107.11843
0.172942	15107.52128
0.172957	15107.92151
0.172972	15108.30603
0.172987	15108.68391
0.173003	15109.07088
0.173018	15109.46626
0.173033	15109.86136
0.173048	15110.24395
0.173063	15110.64138
0.173078	15111.02628
0.173093	15111.41607
0.173108	15111.7993
0.173123	15112.17887
0.173138	15112.572
0.173153	15112.9465
0.173168	15113.32661
0.173183	15113.7086
0.173198	15114.10098
0.173214	15114.49644
0.173229	15114.89202
0.173244	15115.26805
0.173259	15115.66453
0.173274	15116.05229
0.17329	15116.45162
0.173305	15116.84994
0.17332	15117.24849
0.173335	15117.64327
0.173351	15118.02532
0.173366	15118.41299
0.173381	15118.80073
0.173397	15119.19098
0.173412	15119.58033
0.173427	15119.96506
0.173443	15120.34455
0.173458	15120.72788
0.173474	15121.10352
0.173489	15121.48031
0.173505	15121.86337
0.17352	15122.26229
0.173536	15122.65707
0.173551	15123.04997
0.173566	15123.46072
0.173582	15123.86749
0.173598	15124.26986
0.173613	15124.67501
0.173629	15125.0813
0.173645	15125.46797
0.17366	15125.86349
0.173676	15126.25283
0.173691	15126.63708
0.173707	15127.03164
0.173722	15127.43499
0.173737	15127.82232
0.173752	15128.20678
0.173768	15128.59496
0.173783	15128.98459
0.173799	15129.38495
0.173814	15129.75284
0.173829	15130.12258
0.173844	15130.49493
0.173859	15130.87458
0.173875	15131.24955
0.17389	15131.62921
0.173906	15132.00078
0.173921	15132.3846
0.173937	15132.77966
0.173952	15133.16984
0.173967	15133.55744
0.173983	15133.95171
0.173999	15134.35389
0.174015	15134.74622
0.17403	15135.12759
0.174045	15135.5098
0.174061	15135.89905
0.174077	15136.28286
0.174092	15136.68977
0.174108	15137.09719
0.174124	15137.48614
0.174139	15137.87036
0.174155	15138.25861
0.17417	15138.64459
0.174186	15139.03109
0.174201	15139.42823
0.174217	15139.82284
0.174233	15140.21543
0.174249	15140.60695
0.174265	15141.00746
0.17428	15141.4013
0.174296	15141.7843
0.174312	15142.16653
0.174327	15142.55537
0.174343	15142.9342
0.174359	15143.33136
0.174375	15143.72335
0.174391	15144.13144
0.174407	15144.53949
0.174423	15144.94224
0.174438	15145.33963
0.174454	15145.72653
0.17447	15146.13182
0.174486	15146.54764
0.174502	15146.95754
0.174518	15147.34965
0.174533	15147.74426
0.174549	15148.15121
0.174565	15148.55973
0.174581	15148.95627
0.174597	15149.36066
0.174613	15149.74614
0.174629	15150.11153
0.174644	15150.48868
0.17466	15150.87302
0.174676	15151.25305
0.174692	15151.63683
0.174708	15152.02566
0.174723	15152.41311
0.174739	15152.79001
0.174755	15153.16726
0.17477	15153.54628
0.174786	15153.92604
0.174802	15154.30722
0.174818	15154.69026
0.174833	15155.08307
0.174849	15155.4758
0.174865	15155.86789
0.174881	15156.26141
0.174897	15156.65502
0.174913	15157.05849
0.174929	15157.46671
0.174945	15157.85909
0.174961	15158.25415
0.174977	15158.6494
0.174993	15159.05152
0.175009	15159.45646
0.175025	15159.84985
0.175041	15160.25066
0.175058	15160.63595
0.175073	15161.02641
0.175089	15161.41493
0.175105	15161.80178
0.175122	15162.1879
0.175138	15162.5766
0.175153	15162.96258
0.17517	15163.35443
0.175186	15163.73836
0.175202	15164.1126
0.175218	15164.50643
0.175234	15164.89508
0.17525	15165.276
0.175266	15165.65425
0.175282	15166.01947
0.175298	15166.39618
0.175314	15166.77368
0.17533	15167.14109
0.175346	15167.52856
0.175362	15167.92363
0.175378	15168.31816
0.175394	15168.6902
0.17541	15169.0635
0.175426	15169.45005
0.175442	15169.83208
0.175458	15170.21876
0.175474	15170.60094
0.17549	15170.97489
0.175507	15171.35503
0.175523	15171.73887
0.175539	15172.12498
0.175555	15172.51055
0.175572	15172.90135
0.175588	15173.29535
0.175604	15173.67761
0.175621	15174.07719
0.175637	15174.45872
0.175653	15174.83322
0.17567	15175.21131
0.175685	15175.58684
0.175702	15175.97427
0.175718	15176.34569
0.175734	15176.71587
0.17575	15177.08696
0.175766	15177.46638
0.175782	15177.85041
0.175798	15178.22802
0.175815	15178.60971
0.175831	15178.99098
0.175848	15179.37517
0.175864	15179.76162
0.17588	15180.15689
0.175896	15180.54169
0.175913	15180.92875
0.175929	15181.30058
0.175945	15181.65911
0.175961	15182.02688
0.175977	15182.39559
0.175994	15182.76988
0.17601	15183.15635
0.176027	15183.53894
0.176043	15183.93791
0.17606	15184.32725
0.176076	15184.71121
0.176093	15185.09981
0.176109	15185.49083
0.176125	15185.87178
0.176142	15186.26096
0.176159	15186.6552
0.176175	15187.03439
0.176192	15187.3964
0.176208	15187.75556
0.176224	15188.11787
0.176241	15188.50349
0.176257	15188.89378
0.176274	15189.29359
0.17629	15189.67174
0.176306	15190.04848
0.176323	15190.41084
0.176339	15190.78332
0.176356	15191.14922
0.176372	15191.50796
0.176389	15191.88185
0.176406	15192.26257
0.176422	15192.63901
0.176438	15193.01171
0.176455	15193.38073
0.176472	15193.76205
0.176489	15194.14912
0.176506	15194.54078
0.176522	15194.92493
0.176539	15195.28154
0.176556	15195.65501
0.176572	15196.02837
0.176588	15196.41285
0.176605	15196.79229
0.176622	15197.1802
0.176638	15197.55675
0.176655	15197.92551
0.176671	15198.29735
0.176688	15198.67185
0.176704	15199.05513
0.176721	15199.43622
0.176737	15199.82231
0.176754	15200.19105
0.176771	15200.55443
0.176788	15200.92782
0.176805	15201.31695
0.176822	15201.72932
0.176839	15202.1258
0.176856	15202.51539
0.176873	15202.90945
0.17689	15203.31043
0.176907	15203.70898
0.176923	15204.0993
0.17694	15204.47307
0.176957	15204.86875
0.176974	15205.26296
0.176991	15205.6471
0.177008	15206.02294
0.177025	15206.4043
0.177042	15206.79447
0.177058	15207.18039
0.177076	15207.56861
0.177093	15207.95663
0.177109	15208.32803
0.177126	15208.70492
0.177143	15209.0718
0.17716	15209.4448
0.177177	15209.80962
0.177194	15210.18242
0.17721	15210.5514
0.177228	15210.92363
0.177244	15211.28775
0.177261	15211.64877
0.177278	15212.04247
0.177295	15212.42427
0.177312	15212.81508
0.177329	15213.19402
0.177346	15213.57617
0.177363	15213.94707
0.17738	15214.32784
0.177397	15214.70317
0.177414	15215.07555
0.177431	15215.44027
0.177448	15215.79672
0.177465	15216.15944
0.177482	15216.52493
0.177499	15216.90772
0.177516	15217.29104
0.177533	15217.65701
0.17755	15218.035
0.177567	15218.40014
0.177584	15218.76525
0.177601	15219.13313
0.177618	15219.50893
0.177635	15219.90559
0.177652	15220.2844
0.177669	15220.6743
0.177686	15221.05076
0.177703	15221.42935
0.177721	15221.80893
0.177738	15222.16361
0.177754	15222.52561
0.177772	15222.88953
0.177788	15223.24235
0.177806	15223.60561
0.177822	15223.96871
0.177839	15224.33762
0.177856	15224.71192
0.177874	15225.08714
0.177891	15225.46444
0.177908	15225.84225
0.177925	15226.22488
0.177942	15226.6
0.17796	15226.96008
0.177977	15227.31541
0.177994	15227.67806
0.178011	15228.04362
0.178029	15228.40619
0.178046	15228.77451
0.178062	15229.12633
0.17808	15229.48573
0.178097	15229.85826
0.178114	15230.26232
0.178132	15230.64405
0.178149	15231.02452
0.178166	15231.397
0.178184	15231.77016
0.178201	15232.14424
0.178219	15232.50294
0.178236	15232.85494
0.178253	15233.23356
0.178271	15233.61596
0.178288	15233.99923
0.178305	15234.35358
0.178323	15234.71774
0.17834	15235.08793
0.178357	15235.48377
0.178374	15235.85652
0.178392	15236.22295
0.178409	15236.59667
0.178427	15236.96123
0.178444	15237.34487
0.178461	15237.73809
0.178479	15238.11466
0.178497	15238.48524
0.178514	15238.88697
0.178532	15239.27769
0.17855	15239.66369
0.178567	15240.05181
0.178585	15240.42441
0.178602	15240.79276
0.17862	15241.17876
0.178638	15241.56113
0.178655	15241.94289
0.178673	15242.32647
0.17869	15242.70933
0.178707	15243.07037
0.178725	15243.43412
0.178742	15243.80226
0.17876	15244.17396
0.178777	15244.53865
0.178795	15244.91235
0.178812	15245.28204
0.178829	15245.64509
0.178847	15246.00899
0.178864	15246.38456
0.178882	15246.74283
0.178899	15247.10017
0.178916	15247.45796
0.178934	15247.82411
0.178952	15248.19371
0.178969	15248.55226
0.178986	15248.8958
0.179004	15249.25303
0.179022	15249.6214
0.179039	15249.98974
0.179057	15250.35171
0.179074	15250.69855
0.179092	15251.05063
0.17911	15251.43447
0.179128	15251.80138
0.179145	15252.17179
0.179163	15252.54394
0.179181	15252.92124
0.179198	15253.29013
0.179216	15253.65312
0.179233	15254.00374
0.179251	15254.36642
0.179268	15254.72862
0.179286	15255.08251
0.179303	15255.42072
0.179321	15255.775
0.179338	15256.13167
0.179356	15256.49106
0.179373	15256.84206
0.179391	15257.21299
0.179409	15257.59029
0.179427	15257.95727
0.179444	15258.34054
0.179462	15258.70699
0.17948	15259.07411
0.179498	15259.43631
0.179516	15259.80577
0.179534	15260.17155
0.179552	15260.54298
0.17957	15260.91627
0.179588	15261.27829
0.179605	15261.64162
0.179623	15262.00685
0.17964	15262.35867
0.179659	15262.72011
0.179676	15263.07454
0.179694	15263.42734
0.179711	15263.77181
0.179729	15264.12474
0.179747	15264.50279
0.179765	15264.87058
0.179782	15265.23102
0.1798	15265.57375
0.179818	15265.922
0.179836	15266.28098
0.179853	15266.64243
0.179871	15266.99637
0.179889	15267.35908
0.179907	15267.73344
0.179925	15268.10546
0.179943	15268.47184
0.17996	15268.84087
0.179978	15269.19383
0.179996	15269.54901
0.180014	15269.89044
0.180031	15270.23773
0.180049	15270.59738
0.180067	15270.96272
0.180085	15271.33622
0.180102	15271.69479
0.18012	15272.03419
0.180137	15272.34111
0.180155	15272.68026
0.180172	15273.00684
0.18019	15273.32592
0.180208	15273.66324
0.180225	15273.9992
0.180243	15274.33703
0.18026	15274.67224
0.180278	15275.00158
0.180295	15275.34336
0.180314	15275.69554
0.180331	15276.02734
0.180349	15276.36883
0.180367	15276.70052
0.180385	15277.04722
0.180402	15277.38764
0.18042	15277.75441
0.180438	15278.09797
0.180456	15278.43109
0.180473	15278.76932
0.180491	15279.11518
0.180509	15279.45876
0.180527	15279.80321
0.180545	15280.14648
0.180563	15280.48893
0.180581	15280.84052
0.180599	15281.19113
0.180617	15281.5475
0.180634	15281.87623
0.180652	15282.19809
0.18067	15282.5325
0.180688	15282.88068
0.180706	15283.22281
0.180724	15283.5711
0.180741	15283.91894
0.18076	15284.29462
0.180778	15284.6792
0.180796	15285.04195
0.180814	15285.38773
0.180832	15285.73913
0.180849	15286.08499
0.180868	15286.4385
0.180885	15286.77355
0.180904	15287.12585
0.180922	15287.48004
0.18094	15287.83357
0.180958	15288.1859
0.180976	15288.54044
0.180994	15288.87573
0.181012	15289.22482
0.18103	15289.59603
0.181048	15289.96595
0.181066	15290.34238
0.181085	15290.70408
0.181103	15291.07649
0.181121	15291.44538
0.181139	15291.80407
0.181157	15292.14657
0.181175	15292.50414
0.181193	15292.85063
0.181211	15293.19646
0.181229	15293.55354
0.181247	15293.90579
0.181265	15294.24996
0.181283	15294.59997
0.181301	15294.95417
0.18132	15295.29837
0.181338	15295.64754
0.181356	15295.98937
0.181374	15296.33025
0.181393	15296.66976
0.181411	15297.01833
0.181429	15297.37519
0.181447	15297.72027
0.181465	15298.06741
0.181484	15298.41944
0.181502	15298.78363
0.181521	15299.14378
0.181539	15299.51149
0.181557	15299.8719
0.181576	15300.22447
0.181594	15300.5727
0.181612	15300.95434
0.181631	15301.31663
0.181649	15301.67293
0.181667	15302.0246
0.181686	15302.39225
0.181704	15302.7524
0.181723	15303.11421
0.181742	15303.49017
0.18176	15303.84548
0.181778	15304.20339
0.181796	15304.53404
0.181814	15304.87949
0.181833	15305.2289
0.181851	15305.5767
0.181869	15305.91638
0.181887	15306.27734
0.181905	15306.63679
0.181924	15307.00195
0.181942	15307.35213
0.181961	15307.71153
0.18198	15308.06515
0.181998	15308.43165
0.182016	15308.79645
0.182035	15309.15858
0.182054	15309.51001
0.182072	15309.87362
0.182091	15310.24254
0.18211	15310.60481
0.182129	15310.99811
0.182147	15311.36966
0.182166	15311.72309
0.182184	15312.07945
0.182203	15312.45295
0.182222	15312.81481
0.182241	15313.17217
0.182259	15313.53517
0.182278	15313.88571
0.182296	15314.24742
0.182315	15314.60022
0.182334	15314.96172
0.182352	15315.32241
0.182371	15315.66279
0.182389	15316.00378
0.182408	15316.36077
0.182427	15316.71948
0.182445	15317.06783
0.182463	15317.41326
0.182482	15317.7703
0.182501	15318.12373
0.182519	15318.48076
0.182538	15318.83902
0.182557	15319.19159
0.182576	15319.54028
0.182594	15319.89146
0.182613	15320.24327
0.182632	15320.59762
0.18265	15320.95156
0.182669	15321.3061
0.182688	15321.66331
0.182707	15322.03767
0.182726	15322.40295
0.182745	15322.76742
0.182763	15323.13595
0.182782	15323.49949
0.182801	15323.8477
0.18282	15324.20664
0.182839	15324.57038
0.182857	15324.91279
0.182876	15325.26162
0.182895	15325.61715
0.182914	15325.96965
0.182932	15326.32686
0.182952	15326.67637
0.18297	15327.02267
0.182989	15327.34137
0.183007	15327.66438
0.183025	15327.98337
0.183045	15328.33629
0.183064	15328.70173
0.183083	15329.06085
0.183101	15329.40751
0.183121	15329.76995
0.183139	15330.12393
0.183158	15330.4695
0.183177	15330.81729
0.183196	15331.16888
0.183215	15331.51589
0.183233	15331.8698
0.183252	15332.2278
0.183271	15332.57117
0.18329	15332.9168
0.183309	15333.27321
0.183328	15333.62313
0.183346	15333.9834
0.183365	15334.34535
0.183384	15334.69623
0.183403	15335.04579
0.183421	15335.38911
0.18344	15335.73554
0.183459	15336.05785
0.183477	15336.3837
0.183496	15336.72061
0.183515	15337.05508
0.183534	15337.40908
0.183553	15337.75531
0.183572	15338.10538
0.183591	15338.45967
0.18361	15338.80193
0.183629	15339.15188
0.183648	15339.49812
0.183667	15339.83816
0.183686	15340.17764
0.183705	15340.51967
0.183724	15340.86498
0.183743	15341.2067
0.183762	15341.54304
0.183781	15341.89082
0.1838	15342.23813
0.183819	15342.59598
0.183838	15342.95919
0.183857	15343.30809
0.183876	15343.65564
0.183895	15344.01094
0.183914	15344.35031
0.183934	15344.69598
0.183953	15345.04711
0.183972	15345.4125
0.183991	15345.77066
0.18401	15346.12293
0.184029	15346.48419
0.184049	15346.84085
0.184068	15347.19117
0.184087	15347.53087
0.184107	15347.87383
0.184126	15348.22879
0.184145	15348.57153
0.184164	15348.92128
0.184184	15349.29169
0.184202	15349.63607
0.184222	15349.98721
0.184242	15350.34784
0.184261	15350.73135
0.184281	15351.09949
0.1843	15351.45687
0.184319	15351.82082
0.184338	15352.18376
0.184357	15352.54043
0.184377	15352.90169
0.184396	15353.25685
0.184416	15353.59119
0.184435	15353.93549
0.184454	15354.27765
0.184473	15354.62688
0.184492	15354.97648
0.184512	15355.32027
0.184531	15355.66336
0.18455	15356.01756
0.18457	15356.37125
0.184589	15356.72234
0.184609	15357.06901
0.184629	15357.40247
0.184648	15357.73867
0.184667	15358.07114
0.184687	15358.45461
0.184708	15358.86756
0.184727	15359.2608
0.184747	15359.62951
0.184767	15360.00195
0.184787	15360.36601
0.184806	15360.71636
0.184826	15361.07121
0.184845	15361.43548
0.184866	15361.81336
0.184886	15362.17323
0.184905	15362.53168
0.184925	15362.88734
0.184944	15363.2512
0.184965	15363.62207
0.184984	15363.9617
0.185003	15364.30382
0.185024	15364.65335
0.185043	15364.99702
0.185062	15365.33074
0.185082	15365.67968
0.185102	15366.03184
0.185122	15366.4093
0.185142	15366.77451
0.185162	15367.12709
0.185182	15367.48785
0.185201	15367.84782
0.185221	15368.18833
0.185241	15368.53619
0.185261	15368.89148
0.185281	15369.23668
0.1853	15369.57247
0.18532	15369.91579
0.185339	15370.26507
0.18536	15370.60115
0.185379	15370.93443
0.185399	15371.28481
0.185419	15371.64609
0.185439	15371.9926
0.185459	15372.32637
0.185479	15372.65773
0.185499	15372.99848
0.185518	15373.33664
0.185538	15373.68044
0.185557	15374.02617
0.185577	15374.38745
0.185597	15374.75057
0.185617	15375.11396
0.185637	15375.47578
0.185658	15375.80565
0.185677	15376.13077
0.185697	15376.46189
0.185717	15376.78366
0.185737	15377.12779
0.185756	15377.46188
0.185776	15377.80747
0.185796	15378.1267
0.185816	15378.45789
0.185836	15378.81424
0.185856	15379.15454
0.185876	15379.48895
0.185895	15379.81939
0.185915	15380.15633
0.185935	15380.49262
0.185955	15380.829
0.185974	15381.13975
0.185994	15381.45435
0.186014	15381.78561
0.186035	15382.12574
0.186054	15382.45703
0.186074	15382.78491
0.186094	15383.10231
0.186114	15383.41927
0.186134	15383.75129
0.186154	15384.09214
0.186174	15384.42266
0.186194	15384.73605
0.186214	15385.05837
0.186234	15385.38344
0.186254	15385.72147
0.186274	15386.0866
0.186294	15386.42741
0.186314	15386.75473
0.186335	15387.09148
0.186355	15387.43637
0.186375	15387.78122
0.186396	15388.12226
0.186415	15388.44471
0.186435	15388.78151
0.186455	15389.11319
0.186476	15389.45782
0.186495	15389.79404
0.186516	15390.11782
0.186536	15390.44139
0.186556	15390.76177
0.186576	15391.09405
0.186596	15391.42011
0.186616	15391.73097
0.186636	15392.0593
0.186657	15392.39162
0.186676	15392.71392
0.186696	15393.03751
0.186716	15393.35618
0.186736	15393.677
0.186756	15393.99554
0.186776	15394.31416
0.186796	15394.63628
0.186816	15394.95108
0.186836	15395.25692
0.186856	15395.57728
0.186876	15395.91239
0.186897	15396.24513
0.186917	15396.57204
0.186937	15396.90799
0.186958	15397.24233
0.186978	15397.58338
0.186998	15397.92102
0.187019	15398.24289
0.187039	15398.55338
0.187059	15398.88283
0.18708	15399.23514
0.1871	15399.56284
0.18712	15399.87352
0.18714	15400.20038
0.187161	15400.52366
0.187181	15400.8621
0.187201	15401.1834
0.187222	15401.51536
0.187242	15401.82787
0.187262	15402.13037
0.187282	15402.46053
0.187303	15402.81238
0.187324	15403.15668
0.187344	15403.49313
0.187364	15403.8139
0.187385	15404.14189
0.187405	15404.46764
0.187426	15404.80272
0.187446	15405.13241
0.187466	15405.45261
0.187486	15405.7664
0.187506	15406.09716
0.187527	15406.41629
0.187548	15406.7468
0.187568	15407.10624
0.187589	15407.44329
0.187609	15407.75328
0.18763	15408.09011
0.18765	15408.41544
0.18767	15408.72824
0.187691	15409.0482
0.187711	15409.36388
0.187731	15409.65336
0.187751	15409.95787
0.187772	15410.26367
0.187792	15410.58749
0.187813	15410.91676
0.187833	15411.2459
0.187853	15411.55467
0.187874	15411.86173
0.187894	15412.17351
0.187914	15412.49336
0.187935	15412.82972
0.187955	15413.14709
0.187975	15413.45876
0.187996	15413.79147
0.188017	15414.13098
0.188037	15414.4419
0.188058	15414.74007
0.188078	15415.03531
0.188098	15415.34503
0.188118	15415.67256
0.188139	15416.00532
0.188159	15416.31963
0.18818	15416.62554
0.1882	15416.93865
0.18822	15417.24702
0.188241	15417.56356
0.188262	15417.88408
0.188282	15418.20193
0.188303	15418.52195
0.188323	15418.84113
0.188343	15419.14163
0.188364	15419.45497
0.188385	15419.77422
0.188405	15420.08601
0.188426	15420.39961
0.188447	15420.73169
0.188467	15421.06303
0.188488	15421.39347
0.188508	15421.70492
0.188529	15422.02718
0.188549	15422.34778
0.18857	15422.6653
0.18859	15423.02717
0.188611	15423.34555
0.188631	15423.66118
0.188652	15423.9919
0.188673	15424.3245
0.188694	15424.67014
0.188715	15424.99075
0.188736	15425.2919
0.188756	15425.59302
0.188776	15425.89942
0.188797	15426.20611
0.188817	15426.51156
0.188838	15426.81611
0.188859	15427.1232
0.18888	15427.43622
0.1889	15427.7507
0.188921	15428.06741
0.188941	15428.36755
0.188962	15428.67768
0.188982	15428.98794
0.189003	15429.3032
0.189024	15429.6238
0.189045	15429.95247
0.189065	15430.2792
0.189087	15430.58978
0.189107	15430.89654
0.189128	15431.20991
0.189148	15431.49822
0.189168	15431.78775
0.189189	15432.08456
0.189209	15432.37872
0.18923	15432.69883
0.189251	15433.01698
0.189272	15433.34526
0.189293	15433.6652
0.189314	15433.98519
0.189335	15434.30281
0.189355	15434.62215
0.189376	15434.94007
0.189397	15435.26655
0.189418	15435.60915
0.18944	15435.96167
0.189461	15436.31
0.189482	15436.63896
0.189503	15436.95288
0.189524	15437.27036
0.189545	15437.59489
0.189566	15437.9053
0.189587	15438.22548
0.189608	15438.5385
0.189629	15438.86123
0.18965	15439.17451
0.189671	15439.49676
0.189692	15439.8209
0.189714	15440.15809
0.189735	15440.48669
0.189756	15440.82151
0.189777	15441.14092
0.189798	15441.46397
0.18982	15441.80349
0.189841	15442.14027
0.189862	15442.46352
0.189883	15442.7674
0.189904	15443.08073
0.189925	15443.40279
0.189946	15443.71125
0.189967	15444.0184
0.189989	15444.32948
0.190009	15444.6524
0.19003	15444.96611
0.190051	15445.27434
0.190072	15445.58914
0.190094	15445.92007
0.190115	15446.24836
0.190136	15446.56805
0.190158	15446.89587
0.190179	15447.18306
0.1902	15447.48572
0.190221	15447.80334
0.190242	15448.11983
0.190263	15448.42584
0.190284	15448.73285
0.190305	15449.03856
0.190326	15449.34309
0.190347	15449.64397
0.190368	15449.9268
0.190389	15450.20318
0.190411	15450.4961
0.190431	15450.78628
0.190452	15451.0821
0.190474	15451.4051
0.190496	15451.71901
0.190517	15452.03331
0.190538	15452.34189
0.190559	15452.63905
0.19058	15452.91564
0.190601	15453.20598
0.190623	15453.52418
0.190644	15453.84713
0.190665	15454.1349
0.190686	15454.38985
0.190706	15454.6792
0.190727	15454.9742
0.190749	15455.26339
0.19077	15455.54195
0.190791	15455.83286
0.190812	15456.1351
0.190834	15456.44416
0.190855	15456.74503
0.190877	15457.04982
0.190898	15457.36212
0.19092	15457.66993
0.190941	15457.98245
0.190962	15458.29438
0.190984	15458.62177
0.191005	15458.94847
0.191026	15459.26423
0.191048	15459.57432
0.191069	15459.88846
0.19109	15460.19846
0.191112	15460.50943
0.191133	15460.82592
0.191155	15461.12557
0.191177	15461.44375
0.191199	15461.75615
0.19122	15462.06503
0.191242	15462.37744
0.191264	15462.68003
0.191285	15462.98096
0.191307	15463.28219
0.191328	15463.59823
0.19135	15463.90204
0.191372	15464.21159
0.191393	15464.50279
0.191414	15464.81249
0.191436	15465.12081
0.191458	15465.44331
0.19148	15465.76794
0.191502	15466.07413
0.191524	15466.37286
0.191546	15466.66873
0.191567	15466.96912
0.191589	15467.27143
0.191611	15467.57338
0.191633	15467.87633
0.191655	15468.19051
0.191676	15468.50066
0.191698	15468.80632
0.19172	15469.11757
0.191742	15469.43
0.191764	15469.72392
0.191786	15470.01426
0.191807	15470.31145
0.19183	15470.62633
0.191851	15470.93398
0.191873	15471.22703
0.191895	15471.53265
0.191917	15471.85335
0.191939	15472.17564
0.191961	15472.49387
0.191983	15472.80765
0.192004	15473.11089
0.192026	15473.41631
0.192048	15473.70342
0.19207	15474.02092
0.192092	15474.32456
0.192114	15474.62159
0.192136	15474.92011
0.192158	15475.21331
0.192179	15475.49346
0.192201	15475.76988
0.192223	15476.08732
0.192245	15476.39713
0.192267	15476.69941
0.192289	15477.0098
0.192311	15477.31923
0.192333	15477.62193
0.192356	15477.93248
0.192378	15478.23502
0.192399	15478.5187
0.192421	15478.79403
0.192444	15479.07965
0.192466	15479.36516
0.192488	15479.6611
0.19251	15479.95507
0.192533	15480.24294
0.192554	15480.53129
0.192576	15480.82942
0.192598	15481.13331
0.192621	15481.41421
0.192642	15481.67101
0.192665	15481.93608
0.192686	15482.21227
0.192708	15482.50031
0.192731	15482.79558
0.192753	15483.09621
0.192776	15483.38894
0.192798	15483.68598
0.19282	15483.97103
0.192842	15484.25689
0.192864	15484.51586
0.192886	15484.78507
0.192908	15485.06746
0.19293	15485.36072
0.192953	15485.65089
0.192975	15485.94621
0.192998	15486.2375
0.19302	15486.51656
0.193042	15486.80596
0.193064	15487.07138
0.193086	15487.34885
0.193108	15487.62895
0.193131	15487.92303
0.193153	15488.22403
0.193176	15488.53067
0.193198	15488.8344
0.193221	15489.1395
0.193243	15489.42906
0.193265	15489.70062
0.193287	15489.9736
0.193309	15490.2432
0.193331	15490.51452
0.193354	15490.78972
0.193376	15491.09542
0.193399	15491.39553
0.193421	15491.67188
0.193444	15491.95031
0.193466	15492.23367
0.193488	15492.51011
0.193511	15492.78826
0.193534	15493.08128
0.193556	15493.38521
0.193579	15493.67717
0.193601	15493.97314
0.193624	15494.26839
0.193647	15494.55714
0.19367	15494.85631
0.193692	15495.1474
0.193715	15495.4489
0.193738	15495.74568
0.19376	15496.05059
0.193784	15496.3559
0.193806	15496.64577
0.193829	15496.92451
0.193851	15497.20323
0.193874	15497.47645
0.193897	15497.75633
0.193919	15498.02276
0.193942	15498.2992
0.193965	15498.59502
0.193987	15498.88032
0.19401	15499.16029
0.194032	15499.43473
0.194055	15499.69941
0.194078	15499.97592
0.1941	15500.25808
0.194123	15500.54214
0.194146	15500.81498
0.194169	15501.09484
0.194191	15501.37608
0.194214	15501.66493
0.194237	15501.95544
0.194261	15502.22742
0.194283	15502.50188
0.194306	15502.77753
0.194328	15503.04845
0.194351	15503.31712
0.194374	15503.59147
0.194396	15503.85786
0.194419	15504.13382
0.194441	15504.42258
0.194464	15504.70008
0.194487	15504.9895
0.194511	15505.29277
0.194533	15505.57982
0.194556	15505.86401
0.194579	15506.1509
0.194602	15506.42936
0.194625	15506.70664
0.194648	15506.98304
0.19467	15507.24987
0.194693	15507.51713
0.194716	15507.78888
0.194739	15508.06836
0.194762	15508.36275
0.194785	15508.66862
0.194808	15508.95802
0.194831	15509.24773
0.194854	15509.54643
0.194877	15509.83777
0.1949	15510.11198
0.194923	15510.39011
0.194946	15510.67397
0.19497	15510.96671
0.194993	15511.24041
0.195016	15511.5245
0.195039	15511.79255
0.195062	15512.06633
0.195085	15512.35575
0.195109	15512.65267
0.195132	15512.94823
0.195155	15513.23668
0.195178	15513.52502
0.195202	15513.81874
0.195225	15514.11072
0.195248	15514.39125
0.195271	15514.66396
0.195294	15514.92552
0.195318	15515.19565
0.195341	15515.47198
0.195364	15515.74208
0.195387	15516.02124
0.19541	15516.30547
0.195434	15516.59083
0.195457	15516.86652
0.195481	15517.13862
0.195504	15517.42983
0.195528	15517.72261
0.195551	15518.00809
0.195574	15518.29147
0.195598	15518.56068
0.195621	15518.84721
0.195645	15519.12036
0.195668	15519.38826
0.195691	15519.66711
0.195715	15519.93992
0.195739	15520.21306
0.195762	15520.49053
0.195786	15520.75584
0.195809	15521.01405
0.195832	15521.28803
0.195856	15521.58719
0.195879	15521.87754
0.195903	15522.16915
0.195926	15522.43704
0.195949	15522.7012
0.195973	15522.97869
0.195996	15523.26369
0.19602	15523.55351
0.196044	15523.83554
0.196067	15524.10737
0.196091	15524.38086
0.196114	15524.67162
0.196138	15524.96433
0.196162	15525.26513
0.196186	15525.58128
0.19621	15525.88172
0.196234	15526.17507
0.196257	15526.44978
0.196281	15526.73094
0.196305	15527.01606
0.196328	15527.29322
0.196352	15527.5797
0.196376	15527.85846
0.1964	15528.13316
0.196424	15528.38973
0.196448	15528.65913
0.196472	15528.932
0.196496	15529.21282
0.19652	15529.4985
0.196544	15529.77891
0.196569	15530.05906
0.196593	15530.33992
0.196616	15530.62425
0.19664	15530.88336
0.196664	15531.16581
0.196688	15531.44533
0.196713	15531.71433
0.196736	15531.97244
0.19676	15532.20826
0.196784	15532.45804
0.196808	15532.71104
0.196831	15532.96594
0.196855	15533.2313
0.196879	15533.49353
0.196903	15533.75807
0.196927	15534.03212
0.196951	15534.28197
0.196974	15534.52444
0.196998	15534.7773
0.197022	15535.029
0.197046	15535.2887
0.19707	15535.53882
0.197094	15535.79224
0.197118	15536.0479
0.197142	15536.31858
0.197166	15536.59291
0.19719	15536.8554
0.197214	15537.11054
0.197238	15537.36385
0.197262	15537.62509
0.197286	15537.87831
0.19731	15538.13999
0.197334	15538.40538
0.197358	15538.67392
0.197383	15538.95842
0.197407	15539.22196
0.197431	15539.46432
0.197455	15539.69613
0.197479	15539.93981
0.197503	15540.18631
0.197527	15540.43712
0.197551	15540.68699
0.197576	15540.94686
0.1976	15541.20399
0.197623	15541.46182
0.197648	15541.71494
0.197672	15541.96581
0.197696	15542.21146
0.197719	15542.46045
0.197744	15542.71477
0.197768	15542.97529
0.197792	15543.2299
0.197817	15543.50986
0.197841	15543.79161
0.197865	15544.05645
0.197889	15544.31993
0.197913	15544.55609
0.197937	15544.81635
0.197962	15545.05911
0.197986	15545.32467
0.198011	15545.58705
0.198034	15545.86334
0.198059	15546.12993
0.198083	15546.3939
0.198107	15546.65229
0.198131	15546.91145
0.198155	15547.17704
0.19818	15547.46424
0.198205	15547.73022
0.198229	15547.98939
0.198253	15548.24983
0.198277	15548.50846
0.198302	15548.7816
0.198327	15549.04421
0.198351	15549.31503
0.198375	15549.56908
0.1984	15549.83161
0.198424	15550.09048
0.198449	15550.35613
0.198473	15550.61632
0.198498	15550.87744
0.198523	15551.15396
0.198547	15551.43343
0.198572	15551.70119
0.198596	15551.9361
0.198621	15552.17775
0.198645	15552.41753
0.198669	15552.65599
0.198694	15552.88149
0.198718	15553.12515
0.198743	15553.38488
0.198767	15553.64303
0.198792	15553.88912
0.198817	15554.12648
0.198841	15554.37158
0.198866	15554.62756
0.19889	15554.87504
0.198915	15555.11907
0.19894	15555.35797
0.198965	15555.5926
0.19899	15555.83249
0.199014	15556.06951
0.199039	15556.305
0.199063	15556.53055
0.199088	15556.76729
0.199112	15557.02332
0.199137	15557.27265
0.199161	15557.49903
0.199186	15557.73453
0.199211	15557.98659
0.199236	15558.23586
0.199261	15558.47835
0.199285	15558.73711
0.19931	15558.97632
0.199335	15559.21292
0.199359	15559.44368
0.199384	15559.66621
0.199408	15559.88899
0.199433	15560.12817
0.199458	15560.36038
0.199483	15560.59123
0.199508	15560.81965
0.199533	15561.06289
0.199558	15561.29949
0.199583	15561.54301
0.199608	15561.79442
0.199633	15562.02722
0.199657	15562.2698
0.199683	15562.5296
0.199708	15562.7893
0.199733	15563.04363
0.199759	15563.29364
0.199783	15563.53918
0.199808	15563.78592
0.199833	15564.04119
0.199859	15564.29215
0.199883	15564.52283
0.199908	15564.75711
0.199933	15565.00918
0.199959	15565.26758
0.199984	15565.54159
0.200009	15565.79423
0.200034	15566.05778
0.200059	15566.32336
0.200084	15566.57818
0.200109	15566.82849
0.200135	15567.08016
0.20016	15567.33326
0.200185	15567.58758
0.200211	15567.85425
0.200237	15568.11387
0.200262	15568.37731
0.200288	15568.65967
0.200314	15568.92253
0.200339	15569.16383
0.200364	15569.40751
0.200389	15569.64701
0.200414	15569.88157
0.200439	15570.12238
0.200465	15570.36722
0.20049	15570.62439
0.200516	15570.87283
0.200542	15571.12687
0.200567	15571.37688
0.200593	15571.62295
0.200618	15571.86449
0.200644	15572.10216
0.200669	15572.34858
0.200694	15572.60494
0.20072	15572.87958
0.200746	15573.15288
0.200772	15573.42469
0.200798	15573.67777
0.200823	15573.93055
0.200848	15574.18822
0.200874	15574.44409
0.2009	15574.69126
0.200925	15574.9333
0.20095	15575.17027
0.200976	15575.40439
0.201001	15575.63991
0.201027	15575.87573
0.201052	15576.11736
0.201078	15576.35731
0.201104	15576.60307
0.201129	15576.82886
0.201155	15577.05145
0.201181	15577.27658
0.201206	15577.49614
0.201232	15577.71934
0.201258	15577.94628
0.201283	15578.18802
0.201309	15578.43587
0.201335	15578.67022
0.201361	15578.90213
0.201386	15579.1359
0.201413	15579.3721
0.201439	15579.61431
0.201465	15579.85694
0.20149	15580.1054
0.201516	15580.35628
0.201542	15580.62325
0.201569	15580.88663
0.201595	15581.13838
0.201621	15581.37125
0.201647	15581.60518
0.201673	15581.8493
0.2017	15582.10228
0.201726	15582.33035
0.201751	15582.55823
0.201777	15582.81118
0.201803	15583.05129
0.201829	15583.28744
0.201854	15583.50096
0.20188	15583.71689
0.201906	15583.9181
0.201932	15584.15087
0.201958	15584.38702
0.201984	15584.62737
0.20201	15584.86272
0.202037	15585.10079
0.202062	15585.33033
0.202088	15585.56811
0.202114	15585.79502
0.20214	15586.02133
0.202166	15586.24187
0.202192	15586.46271
0.202219	15586.70305
0.202245	15586.95811
0.202271	15587.19621
0.202297	15587.42746
0.202323	15587.66726
0.202349	15587.89728
0.202376	15588.13809
0.202402	15588.36689
0.202428	15588.57613
0.202454	15588.79867
0.20248	15589.02301
0.202506	15589.24763
0.202532	15589.47663
0.202558	15589.69712
0.202584	15589.92355
0.20261	15590.14853
0.202637	15590.3679
0.202663	15590.59349
0.20269	15590.83235
0.202716	15591.05782
0.202742	15591.29857
0.202769	15591.52928
0.202795	15591.74743
0.202822	15591.97049
0.202848	15592.16623
0.202874	15592.38429
0.202901	15592.60034
0.202927	15592.81862
0.202954	15593.04817
0.20298	15593.2853
0.203006	15593.49274
0.203033	15593.70545
0.203059	15593.91946
0.203086	15594.13057
0.203112	15594.36315
0.203139	15594.60039
0.203166	15594.8436
0.203192	15595.07916
0.203219	15595.31632
0.203245	15595.53852
0.203272	15595.7693
0.203299	15595.99861
0.203325	15596.23721
0.203352	15596.46808
0.203378	15596.69138
0.203405	15596.91676
0.203431	15597.13394
0.203458	15597.33391
0.203484	15597.53223
0.203511	15597.74402
0.203538	15597.96256
0.203565	15598.21018
0.203592	15598.45319
0.203619	15598.69146
0.203646	15598.88844
0.203673	15599.09637
0.203699	15599.31078
0.203726	15599.53854
0.203753	15599.75363
0.20378	15599.976
0.203806	15600.20033
0.203833	15600.41648
0.20386	15600.64225
0.203887	15600.85703
0.203914	15601.09696
0.203941	15601.34465
0.203968	15601.61238
0.203995	15601.83894
0.204023	15602.075
0.20405	15602.2964
0.204077	15602.51875
0.204104	15602.74179
0.204132	15602.96991
0.204158	15603.19852
0.204186	15603.43396
0.204213	15603.66563
0.20424	15603.88907
0.204267	15604.11133
0.204294	15604.33107
0.204321	15604.555
0.204348	15604.76672
0.204375	15604.9812
0.204401	15605.16745
0.204429	15605.379
0.204456	15605.59065
0.204483	15605.80997
0.20451	15606.01676
0.204537	15606.2356
0.204564	15606.45367
0.204592	15606.67937
0.204619	15606.91287
0.204647	15607.13246
0.204674	15607.35235
0.204701	15607.56101
0.204729	15607.76078
0.204756	15607.97348
0.204784	15608.19416
0.204811	15608.39778
0.204838	15608.60447
0.204865	15608.81196
0.204893	15609.01962
0.20492	15609.21225
0.204948	15609.40115
0.204976	15609.59479
0.205003	15609.80417
0.205031	15610.01299
0.205058	15610.22776
0.205086	15610.43724
0.205113	15610.6437
0.205141	15610.84655
0.205168	15611.05074
0.205196	15611.25608
0.205224	15611.45434
0.205252	15611.65
0.205279	15611.85585
0.205306	15612.05119
0.205334	15612.24693
0.205361	15612.44663
0.205388	15612.63479
0.205416	15612.81238
0.205443	15613.00417
0.205471	15613.20015
0.205499	15613.39354
0.205527	15613.58804
0.205554	15613.78878
0.205582	15613.98353
0.20561	15614.17651
0.205637	15614.36608
0.205665	15614.55873
0.205693	15614.76946
0.205721	15615.00244
0.205749	15615.21344
0.205777	15615.42598
0.205805	15615.64025
0.205832	15615.84866
0.20586	15616.03796
0.205888	15616.23196
0.205916	15616.43797
0.205944	15616.63491
0.205972	15616.82388
0.206	15617.03764
0.206028	15617.24057
0.206056	15617.42868
0.206083	15617.62053
0.206111	15617.80508
0.206139	15617.99333
0.206167	15618.18239
0.206195	15618.36871
0.206223	15618.54526
0.206251	15618.73764
0.206279	15618.92717
0.206308	15619.12795
0.206335	15619.32732
0.206364	15619.5357
0.206392	15619.75293
0.206421	15619.95667
0.206449	15620.16691
0.206477	15620.36112
0.206505	15620.54807
0.206532	15620.72271
0.206561	15620.92085
0.206589	15621.13097
0.206618	15621.33359
0.206646	15621.54188
0.206675	15621.75694
0.206703	15621.96261
0.206731	15622.15873
0.206759	15622.33904
0.206787	15622.50689
0.206815	15622.69101
0.206843	15622.86923
0.206871	15623.03284
0.206899	15623.20751
0.206927	15623.38422
0.206956	15623.58351
0.206985	15623.80503
0.207013	15624.0043
0.207041	15624.19685
0.207069	15624.38233
0.207097	15624.55962
0.207125	15624.72309
0.207154	15624.89261
0.207182	15625.0784
0.207211	15625.26524
0.207239	15625.44708
0.207267	15625.64128
0.207296	15625.83482
0.207324	15626.02593
0.207352	15626.20953
0.207381	15626.39206
0.207409	15626.58312
0.207438	15626.7805
0.207467	15626.97656
0.207495	15627.16744
0.207523	15627.3441
0.207552	15627.52118
0.20758	15627.6935
0.207609	15627.86896
0.207638	15628.0377
0.207666	15628.19726
0.207695	15628.35261
0.207723	15628.51752
0.207751	15628.67487
0.20778	15628.87917
0.207809	15629.07951
0.207838	15629.28248
0.207867	15629.47331
0.207895	15629.65224
0.207924	15629.81792
0.207952	15630.0047
0.207981	15630.1956
0.20801	15630.37563
0.208038	15630.54999
0.208067	15630.72703
0.208095	15630.90593
0.208124	15631.08403
0.208153	15631.28203
0.208182	15631.44314
0.20821	15631.56726
0.208238	15631.71291
0.208267	15631.86599
0.208295	15632.01402
0.208324	15632.18421
0.208352	15632.3633
0.208381	15632.53955
0.20841	15632.70325
0.208439	15632.86426
0.208467	15633.01893
0.208496	15633.18105
0.208524	15633.34382
0.208553	15633.49538
0.208582	15633.64954
0.208611	15633.81961
0.208639	15634.01714
0.208668	15634.20366
0.208697	15634.37884
0.208726	15634.54121
0.208755	15634.71431
0.208784	15634.89008
0.208813	15635.05735
0.208841	15635.21598
0.20887	15635.38258
0.208899	15635.54114
0.208928	15635.69154
0.208957	15635.85385
0.208986	15636.0199
0.209015	15636.19019
0.209044	15636.35659
0.209073	15636.51401
0.209102	15636.67914
0.209131	15636.84269
0.20916	15637.02454
0.20919	15637.2053
0.209218	15637.37622
0.209247	15637.53036
0.209276	15637.68713
0.209306	15637.86674
0.209335	15638.06518
0.209364	15638.24526
0.209394	15638.42713
0.209423	15638.60237
0.209453	15638.77077
0.209482	15638.9345
0.209511	15639.11162
0.20954	15639.28167
0.209569	15639.4527
0.209598	15639.63355
0.209628	15639.81836
0.209657	15640.00271
0.209686	15640.1852
0.209716	15640.33782
0.209745	15640.5126
0.209775	15640.67244
0.209805	15640.85353
0.209834	15641.03156
0.209864	15641.18431
0.209894	15641.35056
0.209923	15641.53307
0.209953	15641.7343
0.209982	15641.92423
0.210011	15642.09844
0.210041	15642.26414
0.210071	15642.43765
0.2101	15642.6245
0.21013	15642.80274
0.210159	15642.97227
0.210189	15643.13695
0.210219	15643.30411
0.210249	15643.4632
0.210279	15643.64062
0.210308	15643.80928
0.210338	15643.97543
0.210368	15644.13277
0.210397	15644.29186
0.210427	15644.47427
0.210457	15644.65858
0.210487	15644.83905
0.210517	15645.00322
0.210546	15645.16512
0.210576	15645.33242
0.210606	15645.50759
0.210636	15645.68384
0.210665	15645.84474
0.210695	15646.00483
0.210725	15646.17085
0.210755	15646.31271
0.210784	15646.46735
0.210815	15646.62957
0.210845	15646.79828
0.210875	15646.97644
0.210905	15647.14809
0.210935	15647.31243
0.210965	15647.46856
0.210996	15647.64245
0.211026	15647.81249
0.211055	15647.96527
0.211086	15648.13286
0.211116	15648.30514
0.211146	15648.47198
0.211176	15648.63918
0.211207	15648.80479
0.211237	15648.97434
0.211268	15649.14156
0.211298	15649.3036
0.211328	15649.47333
0.211358	15649.64079
0.211388	15649.79343
0.211419	15649.94134
0.211449	15650.09062
0.211479	15650.25839
0.211509	15650.4251
0.21154	15650.57627
0.21157	15650.72371
0.2116	15650.88204
0.21163	15651.04708
0.21166	15651.21132
0.211691	15651.35806
0.211721	15651.49341
0.211751	15651.64896
0.211781	15651.81573
0.211813	15651.96456
0.211842	15652.11061
0.211873	15652.25969
0.211903	15652.40679
0.211933	15652.54557
0.211963	15652.69378
0.211994	15652.86118
0.212024	15653.02048
0.212055	15653.13727
0.212085	15653.28331
0.212115	15653.4349
0.212146	15653.584
0.212177	15653.72943
0.212207	15653.88985
0.212238	15654.04204
0.212269	15654.19224
0.212299	15654.33991
0.21233	15654.50313
0.21236	15654.65486
0.212391	15654.81423
0.212422	15654.96919
0.212452	15655.09975
0.212483	15655.24846
0.212514	15655.40816
0.212544	15655.55838
0.212575	15655.70805
0.212606	15655.86436
0.212637	15656.01629
0.212668	15656.16784
0.212698	15656.32189
0.212729	15656.47722
0.21276	15656.63159
0.212791	15656.77812
0.212822	15656.93504
0.212853	15657.09039
0.212884	15657.25047
0.212915	15657.40386
0.212946	15657.54256
0.212976	15657.68179
0.213008	15657.84148
0.213039	15657.99208
0.21307	15658.14042
0.213101	15658.27515
0.213131	15658.39354
0.213162	15658.53805
0.213193	15658.68647
0.213224	15658.85256
0.213255	15658.99517
0.213287	15659.12141
0.213318	15659.24281
0.213349	15659.3908
0.21338	15659.53963
0.213411	15659.66613
0.213443	15659.7897
0.213474	15659.92981
0.213505	15660.07739
0.213537	15660.21176
0.213568	15660.34118
0.213599	15660.46938
0.213631	15660.60857
0.213662	15660.74197
0.213693	15660.86862
0.213724	15661.00691
0.213756	15661.14933
0.213787	15661.28221
0.213818	15661.41207
0.21385	15661.5571
0.213881	15661.7022
0.213913	15661.84287
0.213944	15661.96576
0.213976	15662.1006
0.214008	15662.23263
0.214039	15662.40354
0.214071	15662.57971
0.214102	15662.73697
0.214134	15662.87912
0.214166	15663.00456
0.214197	15663.13989
0.214229	15663.29501
0.214261	15663.44712
0.214292	15663.58794
0.214324	15663.73371
0.214355	15663.87751
0.214387	15664.01966
0.214419	15664.15796
0.214451	15664.30033
0.214483	15664.45385
0.214515	15664.60301
0.214547	15664.75699
0.214579	15664.89937
0.214611	15665.04682
0.214643	15665.18186
0.214675	15665.31567
0.214707	15665.44685
0.214739	15665.58592
0.214771	15665.72702
0.214803	15665.86558
0.214835	15665.99693
0.214867	15666.13298
0.214899	15666.27202
0.214931	15666.39443
0.214964	15666.52971
0.214995	15666.63514
0.215027	15666.76059
0.215058	15666.87331
0.215091	15666.97955
0.215122	15667.0937
0.215155	15667.22309
0.215187	15667.33883
0.215219	15667.44678
0.21525	15667.53447
0.215282	15667.63127
0.215314	15667.75475
0.215346	15667.8705
0.215379	15667.99178
0.21541	15668.12127
0.215442	15668.24596
0.215474	15668.35339
0.215507	15668.47129
0.215538	15668.58252
0.215571	15668.72542
0.215603	15668.85051
0.215635	15668.96476
0.215667	15669.08999
0.2157	15669.2444
0.215732	15669.3678
0.215763	15669.45741
0.215795	15669.55734
0.215827	15669.65678
0.21586	15669.78786
0.215892	15669.90491
0.215925	15670.02693
0.215957	15670.15161
0.215989	15670.28135
0.216022	15670.41771
0.216053	15670.53166
0.216086	15670.65071
0.216119	15670.76372
0.216152	15670.88611
0.216184	15670.9934
0.216217	15671.1061
0.21625	15671.22765
0.216283	15671.36181
0.216315	15671.4801
0.216348	15671.60334
0.21638	15671.73852
0.216413	15671.85529
0.216446	15671.97629
0.216479	15672.0926
0.216511	15672.19754
0.216544	15672.30577
0.216577	15672.40888
0.21661	15672.50928
0.216643	15672.62888
0.216676	15672.74351
0.216709	15672.85351
0.216742	15672.97042
0.216775	15673.09051
0.216808	15673.20923
0.216841	15673.32651
0.216873	15673.44443
0.216906	15673.53522
0.216939	15673.64454
0.216972	15673.76835
0.217005	15673.87401
0.217038	15673.99147
0.217071	15674.11983
0.217104	15674.24849
0.217137	15674.34303
0.21717	15674.44337
0.217203	15674.57294
0.217236	15674.73424
0.21727	15674.84413
0.217303	15674.94837
0.217335	15675.06232
0.217369	15675.18532
0.217401	15675.29932
0.217434	15675.39571
0.217467	15675.49194
0.217501	15675.58937
0.217533	15675.70104
0.217566	15675.7855
0.2176	15675.87642
0.217633	15675.97789
0.217666	15676.08098
0.2177	15676.17026
0.217732	15676.26221
0.217766	15676.36013
0.2178	15676.46446
0.217833	15676.55039
0.217866	15676.65207
0.217899	15676.75151
0.217933	15676.83352
0.217966	15676.92362
0.217999	15677.00587
0.218032	15677.09469
0.218065	15677.1755
0.218098	15677.26079
0.218132	15677.36585
0.218165	15677.46582
0.218198	15677.56388
0.218232	15677.62952
0.218265	15677.71958
0.218299	15677.82312
0.218333	15677.92937
0.218366	15678.0208
0.218399	15678.09872
0.218433	15678.18392
0.218466	15678.27622
0.2185	15678.36774
0.218533	15678.46725
0.218567	15678.56664
0.218601	15678.6757
0.218634	15678.77052
0.218667	15678.85665
0.218701	15678.94174
0.218734	15679.04005
0.218768	15679.12672
0.218801	15679.21031
0.218834	15679.28998
0.218868	15679.36773
0.218902	15679.47763
0.218935	15679.58646
0.218969	15679.68663
0.219003	15679.76497
0.219037	15679.85842
0.219071	15679.96088
0.219105	15680.04305
0.219138	15680.11993
0.219172	15680.192
0.219205	15680.26499
0.219239	15680.34978
0.219272	15680.43004
0.219306	15680.50065
0.21934	15680.58405
0.219374	15680.65571
0.219407	15680.74362
0.219441	15680.80879
0.219475	15680.88353
0.219509	15680.96811
0.219543	15681.07743
0.219576	15681.17131
0.21961	15681.24015
0.219644	15681.31007
0.219678	15681.3911
0.219712	15681.47852
0.219746	15681.56147
0.21978	15681.63257
0.219814	15681.69903
0.219848	15681.77505
0.219883	15681.86092
0.219917	15681.96786
0.21995	15682.04271
0.219985	15682.12307
0.220018	15682.19585
0.220053	15682.2733
0.220086	15682.35528
0.220121	15682.43737
0.220155	15682.52004
0.220189	15682.58906
0.220223	15682.70626
0.220258	15682.84503
0.220292	15682.97258
0.220327	15683.06379
0.220361	15683.15029
0.220395	15683.23801
0.22043	15683.33398
0.220464	15683.43444
0.220499	15683.51518
0.220533	15683.59158
0.220567	15683.68365
0.220602	15683.78209
0.220636	15683.86507
0.220671	15683.95153
0.220705	15684.02232
0.22074	15684.09682
0.220775	15684.17239
0.220808	15684.24876
0.220843	15684.3251
0.220877	15684.39614
0.220912	15684.4849
0.220946	15684.56815
0.220981	15684.66363
0.221015	15684.73415
0.22105	15684.78641
0.221084	15684.8337
0.221119	15684.89158
0.221153	15684.94912
0.221188	15685.00901
0.221222	15685.09332
0.221257	15685.16295
0.221292	15685.25168
0.221327	15685.33886
0.221362	15685.4219
0.221396	15685.47504
0.221431	15685.52849
0.221465	15685.59392
0.2215	15685.66096
0.221534	15685.71475
0.221569	15685.77772
0.221604	15685.82908
0.221638	15685.88996
0.221673	15685.94187
0.221707	15685.9827
0.221743	15686.04206
0.221777	15686.10648
0.221812	15686.17454
0.221847	15686.23075
0.221882	15686.29022
0.221916	15686.33603
0.221951	15686.37511
0.221985	15686.40579
0.22202	15686.45268
0.222055	15686.52787
0.22209	15686.59827
0.222125	15686.66793
0.22216	15686.7406
0.222195	15686.80887
0.222229	15686.87799
0.222265	15686.93976
0.2223	15686.97215
0.222335	15687.01969
0.22237	15687.09305
0.222405	15687.15058
0.22244	15687.21306
0.222475	15687.26809
0.22251	15687.31267
0.222545	15687.3607
0.222581	15687.40988
0.222616	15687.45816
0.222651	15687.52062
0.222686	15687.56621
0.222721	15687.60388
0.222755	15687.65092
0.22279	15687.69836
0.222825	15687.76714
0.222861	15687.8478
0.222896	15687.93492
0.222932	15688.00475
0.222968	15688.07421
0.223003	15688.12403
0.223038	15688.17766
0.223074	15688.23508
0.223109	15688.28528
0.223144	15688.32867
0.223179	15688.37769
0.223214	15688.43584
0.22325	15688.47403
0.223285	15688.53195
0.223321	15688.59333
0.223356	15688.65907
0.223393	15688.76407
0.223428	15688.84348
0.223464	15688.91844
0.2235	15688.98369
0.223535	15689.02925
0.22357	15689.05167
0.223606	15689.10437
0.223641	15689.15517
0.223677	15689.20674
0.223712	15689.25907
0.223748	15689.30928
0.223783	15689.37502
0.223819	15689.43364
0.223854	15689.47897
0.223889	15689.54592
0.223925	15689.61231
0.223961	15689.67393
0.223996	15689.73821
0.224032	15689.78544
0.224068	15689.82543
0.224104	15689.86957
0.22414	15689.92055
0.224176	15689.9816
0.224211	15690.03757
0.224247	15690.08823
0.224283	15690.14842
0.224319	15690.21149
0.224355	15690.28296
0.22439	15690.34017
0.224426	15690.38648
0.224462	15690.43589
0.224498	15690.48358
0.224534	15690.53078
0.22457	15690.58783
0.224606	15690.64367
0.224642	15690.69876
0.224677	15690.73742
0.224714	15690.76577
0.224749	15690.79994
0.224786	15690.83736
0.224821	15690.88436
0.224857	15690.92696
0.224893	15690.97612
0.224928	15691.02083
0.224964	15691.06072
0.225	15691.08965
0.225036	15691.11863
0.225072	15691.15785
0.225109	15691.2146
0.225145	15691.28563
0.225182	15691.36244
0.225218	15691.41951
0.225254	15691.4396
0.22529	15691.46492
0.225327	15691.51318
0.225363	15691.55737
0.225399	15691.57991
0.225436	15691.61048
0.225471	15691.64589
0.225508	15691.70396
0.225544	15691.74131
0.22558	15691.77279
0.225616	15691.80184
0.225652	15691.81067
0.225688	15691.82128
0.225724	15691.8151
0.22576	15691.82362
0.225796	15691.82911
0.225832	15691.84101
0.225867	15691.8632
0.225904	15691.89277
0.22594	15691.92869
0.225976	15691.96694
0.226012	15692.00359
0.226049	15692.04883
0.226085	15692.10823
0.226122	15692.15854
0.226158	15692.19754
0.226194	15692.2353
0.226231	15692.26771
0.226267	15692.2919
0.226303	15692.32129
0.226339	15692.3475
0.226376	15692.36659
0.226412	15692.39778
0.226448	15692.40841
0.226484	15692.41875
0.226521	15692.42491
0.226557	15692.44867
0.226593	15692.47963
0.22663	15692.49673
0.226667	15692.52253
0.226703	15692.55561
0.226739	15692.57469
0.226776	15692.5964
0.226813	15692.63231
0.226849	15692.65928
0.226886	15692.70867
0.226923	15692.75102
0.22696	15692.80291
0.226997	15692.83758
0.227034	15692.86197
0.22707	15692.88906
0.227107	15692.90794
0.227144	15692.92524
0.227181	15692.93775
0.227217	15692.94653
0.227254	15692.97648
0.227291	15693.0355
0.227328	15693.07906
0.227365	15693.11963
0.227402	15693.15041
0.227439	15693.15692
0.227476	15693.18411
0.227513	15693.20818
0.227549	15693.22167
0.227586	15693.23971
0.227623	15693.28341
0.22766	15693.32948
0.227697	15693.35995
0.227734	15693.38827
0.227771	15693.42001
0.227807	15693.45006
0.227844	15693.4699
0.227881	15693.50361
0.227919	15693.53978
0.227956	15693.58318
0.227993	15693.62247
0.228031	15693.65701
0.228069	15693.68196
0.228106	15693.72644
0.228143	15693.76763
0.228181	15693.79955
0.228217	15693.79436
0.228254	15693.78508
0.228292	15693.78942
0.228329	15693.7958
0.228366	15693.81826
0.228403	15693.82477
0.22844	15693.84305
0.228477	15693.86382
0.228514	15693.87975
0.228552	15693.87741
0.228589	15693.87107
0.228626	15693.86838
0.228664	15693.86811
0.228701	15693.88418
0.228738	15693.88826
0.228776	15693.8721
0.228813	15693.85634
0.22885	15693.85188
0.228887	15693.85263
0.228925	15693.85801
0.228962	15693.87142
0.228999	15693.88067
0.229037	15693.87762
0.229074	15693.8991
0.229112	15693.91414
0.229149	15693.92501
0.229187	15693.9392
0.229224	15693.95539
0.229262	15693.96839
0.229299	15693.9831
0.229337	15693.98221
0.229374	15693.99566
0.229411	15693.99587
0.229449	15694.00669
0.229487	15694.02455
0.229524	15694.049
0.229562	15694.07825
0.2296	15694.08476
0.229637	15694.07538
0.229674	15694.08325
0.229712	15694.08916
0.229749	15694.10427
0.229787	15694.12158
0.229824	15694.13122
0.229863	15694.15891
0.2299	15694.18857
0.229937	15694.2052
0.229975	15694.2262
0.230013	15694.25024
0.230051	15694.2726
0.230088	15694.29512
0.230126	15694.31339
0.230164	15694.32198
0.230201	15694.31875
0.230239	15694.32109
0.230277	15694.31952
0.230314	15694.33111
0.230352	15694.32908
0.23039	15694.32686
0.230427	15694.32053
0.230466	15694.3184
0.230503	15694.34847
0.230541	15694.37014
0.230579	15694.38427
0.230617	15694.39913
0.230655	15694.3931
0.230692	15694.39014
0.23073	15694.40317
0.230768	15694.41312
0.230806	15694.43111
0.230844	15694.44983
0.230883	15694.46644
0.230921	15694.47707
0.230959	15694.48533
0.230997	15694.50211
0.231035	15694.50072
0.231073	15694.49059
0.231111	15694.48603
0.231149	15694.49045
0.231187	15694.48631
0.231225	15694.49256
0.231263	15694.51507
0.231301	15694.52673
0.231339	15694.52386
0.231378	15694.52162
0.231416	15694.5243
0.231454	15694.53031
0.231492	15694.53324
0.23153	15694.51254
0.231568	15694.47999
0.231606	15694.44162
0.231644	15694.40833
0.231682	15694.3842
0.23172	15694.36856
0.231758	15694.35823
0.231796	15694.36442
0.231834	15694.37629
0.231872	15694.35795
0.23191	15694.34159
0.231948	15694.32412
0.231986	15694.31286
0.232024	15694.28826
0.232063	15694.29448
0.232102	15694.29869
0.23214	15694.29925
0.232179	15694.29448
0.232217	15694.29123
0.232255	15694.28795
0.232293	15694.25884
0.232331	15694.24984
0.232369	15694.22691
0.232407	15694.20761
0.232445	15694.188
0.232483	15694.18011
0.232521	15694.17405
0.23256	15694.15932
0.232598	15694.12878
0.232636	15694.10561
0.232674	15694.07009
0.232713	15694.07208
0.232752	15694.0788
0.23279	15694.06398
0.232829	15694.053
0.232868	15694.03921
0.232907	15694.03824
0.232945	15694.03738
0.232984	15694.04629
0.233022	15694.03978
0.233061	15694.03477
0.233099	15694.01974
0.233137	15694.00643
0.233176	15693.99249
0.233215	15693.97441
0.233253	15693.96868
0.233291	15693.95714
0.23333	15693.94953
0.233368	15693.94045
0.233406	15693.92953
0.233445	15693.92938
0.233484	15693.93452
0.233523	15693.92764
0.233562	15693.90557
0.2336	15693.88523
0.233639	15693.86199
0.233677	15693.84089
0.233716	15693.81968
0.233754	15693.79234
0.233793	15693.77036
0.233832	15693.74177
0.23387	15693.71552
0.233909	15693.69092
0.233947	15693.65859
0.233987	15693.7076
0.234026	15693.71298
0.234065	15693.70543
0.234103	15693.70269
0.234142	15693.69918
0.234182	15693.69295
0.234221	15693.67807
0.23426	15693.66933
0.234299	15693.66353
0.234339	15693.67109
0.234378	15693.68121
0.234417	15693.67606
0.234456	15693.66653
0.234495	15693.65942
0.234535	15693.65251
0.234574	15693.64069
0.234613	15693.63304
0.234653	15693.62582
0.234692	15693.61745
0.234731	15693.60329
0.234771	15693.59529
0.23481	15693.59151
0.23485	15693.57772
0.234889	15693.5516
0.234929	15693.51426
0.234968	15693.48958
0.235008	15693.47181
0.235047	15693.45289
0.235086	15693.43751
0.235126	15693.41618
0.235166	15693.40041
0.235205	15693.40512
0.235245	15693.3932
0.235285	15693.37285
0.235325	15693.34815
0.235365	15693.32525
0.235404	15693.29515
0.235444	15693.26951
0.235484	15693.23995
0.235523	15693.21745
0.235562	15693.18819
0.235602	15693.14713
0.235642	15693.1234
0.235682	15693.09483
0.235722	15693.05936
0.235762	15693.0161
0.235801	15692.97596
0.235841	15692.9665
0.235881	15692.93396
0.23592	15692.89475
0.23596	15692.85292
0.236	15692.81993
0.23604	15692.78814
0.23608	15692.77767
0.23612	15692.7622
0.23616	15692.74314
0.2362	15692.72178
0.23624	15692.6754
0.23628	15692.63114
0.236319	15692.58181
0.236359	15692.53187
0.236399	15692.48609
0.236439	15692.44735
0.236479	15692.40637
0.236519	15692.36343
0.236559	15692.32289
0.236599	15692.28061
0.236639	15692.23449
0.236679	15692.19369
0.236719	15692.16132
0.23676	15692.13278
0.2368	15692.10052
0.23684	15692.05691
0.23688	15691.99791
0.236919	15691.91094
0.236959	15691.83876
0.236999	15691.77493
0.237039	15691.72005
0.237079	15691.67036
0.237119	15691.61788
0.237159	15691.55636
0.237199	15691.50854
0.237239	15691.46188
0.237279	15691.41398
0.23732	15691.36078
0.237361	15691.31444
0.2374	15691.27508
0.23744	15691.21436
0.23748	15691.14219
0.23752	15691.0443
0.23756	15690.98946
0.2376	15690.93075
0.237641	15690.87073
0.237681	15690.79571
0.237721	15690.71723
0.23776	15690.63781
0.237801	15690.56398
0.237841	15690.48939
0.237881	15690.45308
0.237922	15690.41052
0.237962	15690.36468
0.238003	15690.31981
0.238044	15690.25155
0.238084	15690.19276
0.238125	15690.15185
0.238166	15690.11509
0.238207	15690.0701
0.238247	15690.01967
0.238288	15689.96085
0.238328	15689.89735
0.238369	15689.84312
0.23841	15689.78874
0.23845	15689.72533
0.23849	15689.65402
0.238531	15689.57872
0.238571	15689.51871
0.238612	15689.47454
0.238653	15689.42509
0.238694	15689.38018
0.238735	15689.33789
0.238776	15689.28955
0.238816	15689.22988
0.238857	15689.17092
0.238898	15689.11272
0.238938	15689.0564
0.238979	15689.00199
0.239019	15688.94789
0.239061	15688.89713
0.239101	15688.81669
0.239142	15688.7386
0.239183	15688.65827
0.239224	15688.58203
0.239265	15688.52629
0.239305	15688.4647
0.239346	15688.39317
0.239387	15688.3065
0.239427	15688.22794
0.239468	15688.14343
0.239509	15688.06855
0.23955	15688.00653
0.239591	15687.93711
0.239632	15687.8767
0.239674	15687.81614
0.239715	15687.74937
0.239756	15687.6797
0.239797	15687.60912
0.239838	15687.52506
0.239878	15687.46024
0.239919	15687.39942
0.239961	15687.33371
0.240002	15687.26281
0.240042	15687.1796
0.240083	15687.08348
0.240125	15686.99352
0.240166	15686.94001
0.240207	15686.8629
0.240248	15686.7661
0.240289	15686.67477
0.24033	15686.59721
0.240372	15686.52246
0.240413	15686.4459
0.240454	15686.37995
0.240495	15686.31407
0.240536	15686.22813
0.240577	15686.14844
0.240618	15686.07378
0.24066	15686.00115
0.240701	15685.94205
0.240743	15685.90083
0.240784	15685.85108
0.240826	15685.79222
0.240867	15685.72151
0.240908	15685.63442
0.24095	15685.56373
0.240992	15685.49075
0.241033	15685.42972
0.241075	15685.36524
0.241116	15685.29231
0.241157	15685.2232
0.241199	15685.14763
0.24124	15685.05478
0.241281	15684.97918
0.241323	15684.90873
0.241364	15684.81036
0.241405	15684.71701
0.241446	15684.63589
0.241488	15684.55027
0.241529	15684.46808
0.24157	15684.40175
0.241612	15684.32377
0.241654	15684.2514
0.241696	15684.20501
0.241738	15684.14326
0.24178	15684.0798
0.241821	15684.01921
0.241863	15683.95318
0.241905	15683.88408
0.241946	15683.81763
0.241988	15683.70701
0.24203	15683.60555
0.242071	15683.51529
0.242113	15683.44743
0.242155	15683.37949
0.242197	15683.30624
0.242239	15683.2336
0.242281	15683.16149
0.242323	15683.07922
0.242364	15682.99721
0.242406	15682.90886
0.242447	15682.81322
0.242489	15682.71741
0.242531	15682.62779
0.242573	15682.55053
0.242615	15682.48331
0.242656	15682.40088
0.242698	15682.30804
0.24274	15682.22129
0.242782	15682.13997
0.242825	15682.05149
0.242867	15681.97712
0.242908	15681.90041
0.242951	15681.82096
0.242992	15681.74992
0.243035	15681.6747
0.243076	15681.59162
0.243118	15681.51656
0.24316	15681.40933
0.243202	15681.30512
0.243244	15681.21795
0.243286	15681.15025
0.243329	15681.0997
0.24337	15681.00153
0.243412	15680.90788
0.243454	15680.81555
0.243497	15680.73499
0.243539	15680.65565
0.243581	15680.57806
0.243624	15680.51881
0.243666	15680.44704
0.243708	15680.36028
0.24375	15680.25696
0.243793	15680.16879
0.243835	15680.06513
0.243877	15679.96481
0.243919	15679.85946
0.243961	15679.75776
0.244004	15679.67167
0.244046	15679.57787
0.244088	15679.48136
0.244131	15679.37701
0.244173	15679.28113
0.244215	15679.187
0.244258	15679.09655
0.2443	15679.02309
0.244343	15678.94258
0.244385	15678.85095
0.244427	15678.73144
0.244469	15678.60921
0.244511	15678.50048
0.244554	15678.39935
0.244596	15678.28593
0.244639	15678.16566
0.244681	15678.06515
0.244724	15677.96442
0.244766	15677.8666
0.244809	15677.75689
0.244851	15677.66207
0.244893	15677.5582
0.244936	15677.45395
0.244978	15677.34664
0.245021	15677.25094
0.245064	15677.16031
0.245107	15677.07517
0.245149	15676.97779
0.245191	15676.87528
0.245234	15676.76486
0.245277	15676.66694
0.24532	15676.57315
0.245363	15676.46516
0.245405	15676.34107
0.245447	15676.20407
0.24549	15676.08848
0.245532	15675.97773
0.245575	15675.88563
0.245618	15675.81061
0.245661	15675.70285
0.245703	15675.57677
0.245746	15675.45346
0.245789	15675.33873
0.245832	15675.24964
0.245875	15675.14832
0.245918	15675.04634
0.245961	15674.93889
0.246004	15674.79759
0.246047	15674.68984
0.24609	15674.61667
0.246133	15674.51919
0.246176	15674.41688
0.246218	15674.30188
0.246261	15674.20567
0.246304	15674.12066
0.246347	15674.00307
0.246391	15673.89499
0.246434	15673.7997
0.246477	15673.70564
0.246519	15673.60765
0.246562	15673.47671
0.246605	15673.35007
0.246648	15673.22919
0.246691	15673.11391
0.246735	15672.99973
0.246778	15672.90742
0.246821	15672.8022
0.246864	15672.69356
0.246907	15672.58537
0.246952	15672.49638
0.246995	15672.40764
0.247038	15672.28803
0.247081	15672.18246
0.247125	15672.06895
0.247168	15671.93717
0.247211	15671.81071
0.247254	15671.68873
0.247298	15671.56156
0.247341	15671.43205
0.247384	15671.31147
0.247428	15671.20396
0.247471	15671.10462
0.247516	15671.01743
0.247559	15670.92171
0.247602	15670.79288
0.247645	15670.67241
0.247689	15670.5398
0.247732	15670.41629
0.247776	15670.30569
0.24782	15670.19469
0.247863	15670.07794
0.247907	15669.95835
0.24795	15669.82824
0.247993	15669.70352
0.248037	15669.59669
0.248081	15669.48525
0.248124	15669.37096
0.248167	15669.23543
0.248211	15669.10714
0.248255	15668.98709
0.248299	15668.86616
0.248341	15668.74865
0.248385	15668.63053
0.248429	15668.52514
0.248473	15668.41927
0.248517	15668.30152
0.24856	15668.16332
0.248604	15668.02205
0.248647	15667.90015
0.248692	15667.78763
0.248736	15667.65871
0.248779	15667.52824
0.248823	15667.4037
0.248866	15667.27423
0.24891	15667.14542
0.248954	15667.01707
0.248998	15666.88565
0.249041	15666.75923
0.249086	15666.64787
0.24913	15666.53066
0.249174	15666.40346
0.249218	15666.27908
0.249262	15666.15114
0.249306	15666.02302
0.249349	15665.88364
0.249393	15665.77597
0.249438	15665.65365
0.249482	15665.51556
0.249525	15665.38707
0.249569	15665.25794
0.249614	15665.12728
0.249658	15664.99548
0.249701	15664.86561
0.249745	15664.73615
0.249789	15664.59063
0.249834	15664.46942
0.249878	15664.33566
0.249922	15664.20205
0.249966	15664.07236
0.25001	15663.94247
0.250054	15663.80338
0.250099	15663.66568
0.250143	15663.53887
0.250187	15663.41611
0.250231	15663.2798
0.250275	15663.1518
0.25032	15663.02327
0.250364	15662.89364
0.250408	15662.76613
0.250453	15662.64148
0.250497	15662.5037
0.250541	15662.36368
0.250585	15662.21781
0.25063	15662.06018
0.250674	15661.92714
0.250718	15661.78013
0.250762	15661.62729
0.250806	15661.47876
0.250851	15661.33269
0.250895	15661.19868
0.25094	15661.07571
0.250985	15660.96455
0.251029	15660.83722
0.251073	15660.67137
0.251118	15660.53276
0.251162	15660.41256
0.251207	15660.29862
0.251252	15660.17083
0.251296	15660.03808
0.251341	15659.90014
0.251385	15659.76518
0.251429	15659.62199
0.251473	15659.47059
0.251518	15659.34782
0.251563	15659.21305
0.251607	15659.07421
0.251652	15658.93945
0.251697	15658.80668
0.251741	15658.65797
0.251786	15658.52343
0.25183	15658.39299
0.251875	15658.27785
0.251921	15658.1569
0.251966	15658.01175
0.25201	15657.86536
0.252055	15657.72101
0.252099	15657.58456
0.252144	15657.42119
0.252189	15657.26934
0.252233	15657.10118
0.252278	15656.93546
0.252323	15656.77022
0.252367	15656.61352
0.252412	15656.44514
0.252456	15656.25758
0.252501	15656.0831
0.252546	15655.92103
0.252591	15655.77321
0.252635	15655.61269
0.25268	15655.46346
0.252725	15655.32384
0.25277	15655.20911
0.252815	15655.08988
0.252861	15654.9629
0.252905	15654.81893
0.25295	15654.66468
0.252995	15654.4979
0.25304	15654.31877
0.253085	15654.16979
0.25313	15654.01062
0.253175	15653.86443
0.25322	15653.71157
0.253265	15653.56605
0.25331	15653.41597
0.253355	15653.26475
0.2534	15653.10884
0.253445	15652.96346
0.25349	15652.83567
0.253536	15652.68944
0.253581	15652.54631
0.253626	15652.39078
0.253672	15652.24459
0.253717	15652.11427
0.253762	15651.98046
0.253807	15651.82508
0.253853	15651.68239
0.253898	15651.53528
0.253944	15651.3912
0.253989	15651.22882
0.254034	15651.04739
0.254079	15650.87583
0.254124	15650.71655
0.25417	15650.54831
0.254214	15650.38995
0.25426	15650.23673
0.254305	15650.07751
0.254351	15649.91143
0.254396	15649.73928
0.254441	15649.58296
0.254487	15649.43649
0.254532	15649.27946
0.254577	15649.11052
0.254623	15648.94134
0.254669	15648.7975
0.254715	15648.64572
0.254761	15648.48717
0.254806	15648.31249
0.254852	15648.15212
0.254898	15647.98745
0.254943	15647.80557
0.254988	15647.61066
0.255033	15647.41637
0.255079	15647.24297
0.255125	15647.10759
0.25517	15646.97444
0.255215	15646.82349
0.255261	15646.66486
0.255306	15646.50752
0.255352	15646.36179
0.255398	15646.22895
0.255443	15646.08224
0.255489	15645.91199
0.255535	15645.73065
0.25558	15645.56494
0.255626	15645.4204
0.255672	15645.27084
0.255718	15645.11368
0.255764	15644.9583
0.25581	15644.82301
0.255856	15644.67681
0.255902	15644.50583
0.255948	15644.32632
0.255994	15644.1614
0.256039	15643.99481
0.256085	15643.82825
0.256132	15643.65939
0.256177	15643.486
0.256224	15643.31144
0.25627	15643.1355
0.256316	15642.96401
0.256362	15642.80052
0.256408	15642.63328
0.256455	15642.46462
0.256501	15642.28407
0.256547	15642.10826
0.256594	15641.94617
0.25664	15641.78391
0.256686	15641.63242
0.256733	15641.47108
0.256779	15641.34447
0.256826	15641.21641
0.256873	15641.0777
0.25692	15640.91859
0.256966	15640.76934
0.257013	15640.62173
0.25706	15640.46982
0.257106	15640.31638
0.257153	15640.15261
0.2572	15640.00007
0.257247	15639.84732
0.257293	15639.69259
0.257339	15639.51384
0.257385	15639.32895
0.257432	15639.1238
0.257479	15638.93968
0.257525	15638.75611
0.257572	15638.58394
0.257619	15638.40479
0.257666	15638.23962
0.257713	15638.08516
0.257759	15637.92042
0.257806	15637.75067
0.257853	15637.58353
0.257899	15637.41688
0.257946	15637.25273
0.257993	15637.07802
0.25804	15636.89922
0.258087	15636.7215
0.258134	15636.55761
0.258182	15636.39373
0.258228	15636.22064
0.258275	15636.03791
0.258322	15635.85691
0.258369	15635.68739
0.258416	15635.50125
0.258462	15635.30473
0.258509	15635.11885
0.258556	15634.92894
0.258603	15634.75186
0.25865	15634.55625
0.258696	15634.35987
0.258744	15634.16612
0.25879	15633.97179
0.258837	15633.77453
0.258885	15633.59867
0.258932	15633.44346
0.25898	15633.26947
0.259027	15633.07435
0.259075	15632.8757
0.259122	15632.67042
0.25917	15632.50395
0.259217	15632.33393
0.259264	15632.14694
0.259312	15631.96703
0.259359	15631.79624
0.259406	15631.61688
0.259453	15631.42443
0.259501	15631.24007
0.259548	15631.05595
0.259596	15630.86862
0.259643	15630.68119
0.25969	15630.48742
0.259737	15630.28805
0.259785	15630.09131
0.259832	15629.90156
0.25988	15629.72225
0.259927	15629.55157
0.259975	15629.36234
0.260023	15629.17449
0.260071	15628.98968
0.260118	15628.80536
0.260166	15628.62736
0.260213	15628.43841
0.260261	15628.23477
0.260309	15628.03752
0.260356	15627.83235
0.260404	15627.62901
0.260452	15627.44014
0.2605	15627.25032
0.260548	15627.07215
0.260595	15626.87946
0.260643	15626.68916
0.260691	15626.49046
0.26074	15626.29309
0.260787	15626.08161
0.260835	15625.87719
0.260883	15625.69388
0.260931	15625.47226
0.260979	15625.24694
0.261027	15625.02179
0.261075	15624.80943
0.261122	15624.58385
0.26117	15624.37791
0.261218	15624.16874
0.261265	15623.94888
0.261313	15623.72799
0.261362	15623.51806
0.261409	15623.28869
0.261458	15623.06864
0.261506	15622.88721
0.261554	15622.70476
0.261602	15622.52206
0.261651	15622.31369
0.261699	15622.10142
0.261747	15621.88878
0.261796	15621.68842
0.261844	15621.48781
0.261892	15621.28879
0.261941	15621.09146
0.261989	15620.87753
0.262038	15620.66792
0.262086	15620.46094
0.262135	15620.26905
0.262183	15620.06169
0.262232	15619.84511
0.26228	15619.6269
0.262329	15619.40888
0.262377	15619.21101
0.262426	15618.99424
0.262474	15618.77784
0.262523	15618.55364
0.262572	15618.35722
0.262621	15618.13385
0.26267	15617.91535
0.262719	15617.70266
0.262768	15617.48638
0.262816	15617.25711
0.262866	15617.04671
0.262915	15616.84377
0.262964	15616.63513
0.263013	15616.43456
0.263062	15616.20532
0.263111	15615.97874
0.263159	15615.75639
0.263208	15615.53461
0.263257	15615.32357
0.263308	15615.13429
0.263357	15614.9471
0.263407	15614.75644
0.263456	15614.52484
0.263505	15614.28451
0.263555	15614.06767
0.263604	15613.86546
0.263653	15613.63184
0.263702	15613.37925
0.263752	15613.16727
0.263802	15612.95789
0.263851	15612.75727
0.263901	15612.53205
0.26395	15612.27108
0.263999	15612.04042
0.264049	15611.80491
0.264098	15611.5799
0.264147	15611.36143
0.264197	15611.12796
0.264247	15610.90278
0.264296	15610.67065
0.264346	15610.43377
0.264396	15610.19939
0.264446	15609.98292
0.264496	15609.76328
0.264546	15609.52632
0.264596	15609.27237
0.264646	15609.00988
0.264696	15608.75025
0.264746	15608.51179
0.264796	15608.26961
0.264846	15608.03345
0.264896	15607.7939
0.264946	15607.54886
0.264996	15607.28622
0.265047	15607.02465
0.265097	15606.78152
0.265147	15606.53044
0.265197	15606.27981
0.265248	15606.03083
0.265298	15605.78478
0.265348	15605.53411
0.265398	15605.23302
0.265448	15604.94787
0.265498	15604.66694
0.265548	15604.37512
0.265598	15604.10046
0.265649	15603.83441
0.2657	15603.55338
0.26575	15603.29416
0.2658	15603.02239
0.265851	15602.7423
0.265902	15602.48469
0.265953	15602.19588
0.266004	15601.90071
0.266054	15601.63302
0.266105	15601.35283
0.266156	15601.06387
0.266207	15600.79094
0.266258	15600.51099
0.266309	15600.2379
0.26636	15599.95534
0.266411	15599.66744
0.266462	15599.36681
0.266513	15599.08327
0.266564	15598.82293
0.266615	15598.56522
0.266667	15598.28262
0.266718	15598.00307
0.266769	15597.71613
0.26682	15597.44131
0.266872	15597.16987
0.266923	15596.89708
0.266975	15596.61607
0.267026	15596.32657
0.267077	15596.03231
0.267129	15595.73601
0.26718	15595.44101
0.267232	15595.14977
0.267283	15594.86242
0.267335	15594.5891
0.267386	15594.30288
0.267438	15594.01199
0.26749	15593.70469
0.267541	15593.39681
0.267593	15593.10193
0.267646	15592.81815
0.267698	15592.54222
0.267749	15592.26749
0.267801	15591.9845
0.267853	15591.67863
0.267905	15591.35829
0.267956	15591.00658
0.268008	15590.6754
0.26806	15590.39034
0.268112	15590.09554
0.268164	15589.79084
0.268216	15589.50281
0.268268	15589.21098
0.26832	15588.91729
0.268373	15588.61627
0.268424	15588.29685
0.268477	15588.00186
0.268529	15587.69656
0.268582	15587.39174
0.268634	15587.08717
0.268687	15586.77564
0.26874	15586.47727
0.268793	15586.07245
0.26884	15585.88629
0.268888	15585.66926
0.268935	15585.45797
0.268983	15585.24935
0.26903	15585.01697
0.269077	15584.80073
0.269125	15584.6011
0.269172	15584.39756
0.26922	15584.18651
0.269268	15584.00517
0.269315	15583.82817
0.269363	15583.63033
0.26941	15583.42792
0.269458	15583.23067
0.269505	15583.02463
0.269553	15582.80671
0.269601	15582.59166
0.269648	15582.39436
0.269696	15582.21179
0.269744	15582.02319
0.269791	15581.78457
0.269839	15581.56367
0.269887	15581.38263
0.269935	15581.16635
0.269982	15580.94983
0.270031	15580.72841
0.270079	15580.52644
0.270127	15580.31776
0.270175	15580.10986
0.270222	15579.87345
0.27027	15579.65638
0.270318	15579.44261
0.270365	15579.20845
0.270414	15579.01684
0.270462	15578.82204
0.27051	15578.62185
0.270558	15578.41174
0.270606	15578.20681
0.270655	15578.02801
0.270703	15577.84037
0.270752	15577.64875
0.270801	15577.47827
0.27085	15577.28173
0.270898	15577.06788
0.270946	15576.85289
0.270994	15576.6408
0.271043	15576.40876
0.271091	15576.17357
0.27114	15575.95557
0.271189	15575.75266
0.271238	15575.51766
0.271286	15575.30607
0.271336	15575.12687
0.271385	15574.92386
0.271433	15574.69634
0.271482	15574.44766
0.271531	15574.21376
0.27158	15573.99134
0.271629	15573.76947
0.271678	15573.53917
0.271728	15573.32777
0.271777	15573.11008
0.271826	15572.88789
0.271874	15572.62991
0.271924	15572.3939
0.271974	15572.19611
0.272023	15571.97111
0.272072	15571.74081
0.272121	15571.49104
0.27217	15571.25327
0.272219	15571.01519
0.272268	15570.79449
0.272317	15570.56719
0.272367	15570.3054
0.272416	15570.07422
0.272466	15569.86209
0.272515	15569.61701
0.272565	15569.3979
0.272615	15569.18111
0.272664	15568.95397
0.272714	15568.69106
0.272764	15568.43067
0.272813	15568.19984
0.272863	15567.96064
0.272913	15567.70351
0.272963	15567.47125
0.273013	15567.22692
0.273063	15566.98153
0.273113	15566.75133
0.273163	15566.51204
0.273214	15566.27454
0.273264	15566.04006
0.273313	15565.75216
0.273363	15565.47505
0.273413	15565.20974
0.273463	15564.93635
0.273513	15564.66739
0.273564	15564.43213
0.273614	15564.19255
0.273664	15563.94261
0.273715	15563.68013
0.273766	15563.43302
0.273816	15563.14157
0.273866	15562.88426
0.273917	15562.62042
0.273968	15562.34677
0.274018	15562.07864
0.274069	15561.80951
0.274119	15561.54149
0.274168	15561.15765
0.274218	15560.84616
0.274268	15560.54191
0.274319	15560.24826
0.274369	15559.95562
0.27442	15559.6734
0.27447	15559.38102
0.27452	15559.07234
0.27457	15558.76581
0.27462	15558.45993
0.27467	15558.14465
0.27472	15557.85908
0.27477	15557.57599
0.27482	15557.27773
0.27487	15556.98056
0.27492	15556.65952
0.27497	15556.35801
0.27502	15556.07091
0.275071	15555.80468
0.275121	15555.53564
0.275171	15555.25703
0.275221	15554.9629
0.275271	15554.7174
0.275322	15554.44893
0.275373	15554.18796
0.275423	15553.92948
0.275474	15553.64801
0.275524	15553.3733
0.275574	15553.10313
0.275625	15552.83406
0.275676	15552.57856
0.275727	15552.32347
0.275778	15552.05641
0.275828	15551.78929
0.275879	15551.52077
0.275931	15551.26276
0.275982	15551.03289
0.276033	15550.80499
0.276085	15550.54343
0.276136	15550.29888
0.276187	15550.03794
0.276238	15549.75826
0.276288	15549.49588
0.27634	15549.21699
0.276391	15548.95479
0.276442	15548.67871
0.276493	15548.43014
0.276545	15548.20879
0.276597	15547.95369
0.276647	15547.58604
0.276698	15547.26772
0.276748	15546.99909
0.276798	15546.68004
0.276849	15546.38426
0.276901	15546.09458
0.276951	15545.78283
0.277003	15545.47936
0.277054	15545.20545
0.277105	15544.91946
0.277155	15544.60714
0.277207	15544.31537
0.277257	15544.0462
0.277308	15543.78125
0.277359	15543.47707
0.277411	15543.23292
0.277462	15542.98934
0.277513	15542.69955
0.277564	15542.464
0.277616	15542.22163
0.277668	15541.95614
0.277719	15541.69581
0.27777	15541.45103
0.277822	15541.22465
0.277874	15540.98092
0.277926	15540.71709
0.277978	15540.50125
0.27803	15540.25967
0.278081	15539.91612
0.278133	15539.67763
0.278184	15539.41376
0.278236	15539.13192
0.278289	15538.86793
0.278341	15538.60918
0.278393	15538.33253
0.278445	15537.99782
0.278497	15537.72228
0.278549	15537.4738
0.278601	15537.16574
0.278653	15536.83142
0.278705	15536.51972
0.278757	15536.27624
0.27881	15536.03445
0.278863	15535.74215
0.278916	15535.43084
0.278968	15535.12004
0.279021	15534.83108
0.279073	15534.52052
0.279126	15534.23456
0.279178	15533.91704
0.27923	15533.62649
0.279283	15533.30821
0.279335	15532.97695
0.279387	15532.6721
0.27944	15532.37512
0.279494	15532.08019
0.279546	15531.79383
0.2796	15531.45359
0.279653	15531.12448
0.279705	15530.8088
0.279758	15530.47746
0.279811	15530.13972
0.279864	15529.82791
0.279918	15529.53907
0.279971	15529.24523
0.280025	15528.88042
0.280078	15528.54574
0.280132	15528.24587
0.280185	15527.92779
0.280239	15527.58809
0.280292	15527.25436
0.280345	15526.94041
0.280399	15526.64578
0.280453	15526.34259
0.280506	15525.98061
0.28056	15525.69078
0.280614	15525.41137
0.280668	15525.0727
0.280722	15524.7177
0.280777	15524.39999
0.280831	15524.11086
0.280884	15523.82647
0.280938	15523.48184
0.280992	15523.16688
0.281047	15522.85883
0.281101	15522.54544
0.281155	15522.21738
0.28121	15521.86007
0.281264	15521.54592
0.281317	15521.20632
0.281373	15520.92298
0.281427	15520.62944
0.281482	15520.28734
0.281537	15519.90238
0.281592	15519.59758
0.281646	15519.24156
0.2817	15518.87563
0.281756	15518.62665
0.28181	15518.23026
0.281864	15517.84196
0.281919	15517.50524
0.281973	15517.06394
0.282028	15516.66703
0.282082	15516.2896
0.282138	15515.96976
0.282193	15515.62615
0.282247	15515.25763
0.282301	15514.88919
0.282355	15514.51652
0.28241	15514.15762
0.282464	15513.78686
0.28252	15513.45666
0.282575	15513.12959
0.282631	15512.77435
0.282685	15512.40394
0.282739	15511.99182
0.282795	15511.65736
0.28285	15511.31519
0.282905	15510.95957
0.282959	15510.57486
0.283017	15510.26393
0.283071	15509.85752
0.283127	15509.507
0.283182	15509.15377
0.283239	15508.78167
0.283294	15508.41966
0.28335	15508.04048
0.283405	15507.69415
0.283461	15507.31001
0.283517	15506.9543
0.283574	15506.62095
0.283629	15506.26193
0.283687	15505.94594
0.283742	15505.56072
0.283799	15505.22409
0.283855	15504.88137
0.283912	15504.5198
0.283968	15504.15523
0.284026	15503.79412
0.284082	15503.43098
0.284139	15503.07812
0.284196	15502.71372
0.284254	15502.35249
0.284311	15501.95253
0.284368	15501.55913
0.284425	15501.13802
0.284482	15500.74447
0.284539	15500.32004
0.284595	15499.89779
0.284653	15499.50633
0.28471	15499.1662
0.284768	15498.80012
0.284827	15498.47626
0.284885	15498.10186
0.284942	15497.63699
0.285	15497.26691
0.285058	15496.82431
0.285114	15496.34466
0.285173	15495.93767
0.285233	15495.5843
0.28529	15495.15063
0.285347	15494.7886
0.285407	15494.3758
0.285466	15494.00023
0.285524	15493.5018
0.285581	15493.04742
0.28564	15492.62925
0.2857	15492.29421
0.285759	15491.9422
0.285819	15491.5605
0.285879	15491.23836
0.285942	15490.97296
0.286001	15490.57859
0.286061	15490.18678
0.28612	15489.68053
0.286178	15489.09774
0.286236	15488.60318
0.286297	15488.27538
0.286358	15487.83263
0.286417	15487.37684
0.286478	15486.92458
0.286538	15486.49426
0.286599	15486.0053
0.286658	15485.54028
0.286719	15485.12468
0.28678	15484.64778
0.286841	15484.177
0.286902	15483.73068
0.286963	15483.30321
0.287025	15482.85847
0.287086	15482.40187
0.287149	15481.92833
0.287211	15481.4938
0.287272	15481.01024
0.287333	15480.41354
0.287393	15479.89269
0.287455	15479.46025
0.287517	15478.99416
0.287581	15478.53202
0.287645	15478.17177
0.287707	15477.62488
0.28777	15476.99633
0.287834	15476.4938
0.287896	15475.76834
0.287958	15475.17564
0.288021	15474.61788
0.288082	15473.98153
0.288145	15473.47172
0.288206	15472.86903
0.288268	15472.38762
0.288332	15471.93143
0.288395	15471.4467
0.288457	15470.9951
0.28852	15470.51708
0.288583	15469.94549
0.288646	15469.40405
0.288709	15468.83879
0.288772	15468.18709
0.288835	15467.4369
0.288896	15466.67785
0.288959	15466.00909
0.289021	15465.33886
0.289084	15464.69073
0.289146	15464.04192
0.289213	15463.42303
0.289277	15463.00364
0.289341	15462.48946
0.289404	15461.97289
0.289466	15461.25974
0.289533	15460.60834
0.289597	15460.02832
0.289662	15459.39141
0.289727	15458.84711
0.28979	15458.28225
0.289857	15457.70513
0.289922	15457.21989
0.289991	15456.71047
0.290058	15456.21975
0.290127	15455.70138
0.290195	15455.17996
0.290263	15454.68258
0.290327	15453.96138
0.290392	15453.42707
0.290457	15452.90055
0.290521	15452.08985
0.290586	15451.40002
0.290654	15450.67941
0.290722	15450.07581
0.290792	15449.47434
0.290862	15448.86893
0.290929	15448.23866
0.290997	15447.57647
0.291066	15446.761
0.291133	15446.05738
0.291201	15445.26906
0.291272	15444.53898
0.291341	15443.97227
0.291409	15443.34676
0.291476	15442.48278
0.291547	15441.746
0.291615	15441.10352
0.291686	15440.56925
0.291755	15439.71934
0.291825	15438.96048
0.291897	15438.43811
0.291967	15437.54546
0.29204	15436.8741
0.292109	15436.24754
0.29218	15435.35495
0.292248	15434.26916
0.292318	15433.52118
0.29239	15432.73889
0.292462	15431.91725
0.292535	15431.02464
0.292605	15430.31214
0.292678	15429.42544
0.292751	15428.75335
0.292822	15427.90778
0.292894	15427.00648
0.292964	15426.05164
0.293036	15425.27208
0.293107	15424.51987
0.293181	15423.97251
0.293251	15422.82392
0.29332	15421.98227
0.293395	15421.14651
0.293467	15420.23764
0.293534	15419.03059
0.293605	15418.13817
0.293677	15417.26326
0.293748	15416.3
0.293822	15415.56552
0.293895	15414.4206
0.293972	15413.76512
0.294045	15412.88812
0.294125	15411.98534
0.294198	15411.23037
0.294275	15410.33563
0.294347	15409.28946
0.294424	15408.46216
0.2945	15407.7707
0.294571	15406.64164
0.294647	15405.65461
0.294724	15404.62275
0.294795	15404.01016
0.294876	15402.94867
0.294952	15402.22525
0.29503	15401.14886
0.29511	15400.27334
0.295193	15399.72154
0.295272	15399.01335
0.295349	15397.90724
0.295431	15397.02704
0.295503	15396.49674
0.295584	15395.96244
0.295655	15395.12165
0.295733	15394.21408
0.295802	15393.48564
0.295886	15393.11328
0.295961	15391.63639
0.296025	15390.12652
0.296099	15388.94269
0.296176	15387.57711
0.296243	15386.44013
0.296326	15385.45396
0.296404	15384.68034
0.296481	15384.05357
0.29656	15382.73393
0.296638	15381.92428
0.29672	15381.17934
0.296774	15379.58358
0.296841	15377.84324
0.296914	15376.25842
0.297025	15376.09321
0.297129	15376.13045
0.297223	15374.05014
0.297308	15371.33589
0.297435	15366.63057
0.297541	15358.76498
0.297684	15347.00723
